class,11x,11y,11z,12x,12y,12z,13x,13y,13z,14x,14y,14z,15x,15y,15z,16x,16y,16z,23x,23y,23z,24x,24y,24z,lshoulder,rshoulder,lelbow,relbow
turn_left,0.61531055,0.523663878,-0.031603098,0.409097105,0.504465699,-0.058594413,0.737884879,0.526729345,-0.192507163,0.277850926,0.490031809,-0.08143276,0.804474056,0.386996686,-0.505902767,0.140058249,0.468493193,-0.292762756,0.583211839,0.905595183,0.00521697,0.455737889,0.90362817,-0.00389104,111,120,66,3
turn_left,0.615100026,0.522800028,-0.014901537,0.411655426,0.505031466,-0.050548442,0.745210052,0.533515513,-0.20845446,0.28010571,0.489267945,-0.085578308,0.771387696,0.36884743,-0.54585743,0.14105092,0.462432802,-0.313657135,0.583184242,0.905594826,0.007785858,0.455737501,0.903691411,-0.006366215,109,120,86,4
turn_left,0.615070403,0.522627056,-0.003880221,0.413343132,0.505031049,-0.042173125,0.747784019,0.533125937,-0.205836728,0.280655593,0.4892461,-0.066102363,0.775535464,0.356404185,-0.523571014,0.141163379,0.461524189,-0.263761759,0.583090484,0.905282438,0.01326065,0.455731153,0.903683603,-0.011829797,109,120,86,4
turn_left,0.615067124,0.522457719,-0.0045516,0.414187968,0.505011618,-0.041530542,0.748811126,0.532942295,-0.204452127,0.280698478,0.489223361,-0.056566052,0.776990771,0.351635844,-0.520650268,0.140991792,0.460193098,-0.239118487,0.582993209,0.904408276,0.015200377,0.455709636,0.902811348,-0.013756605,110,120,86,5
turn_left,0.614970326,0.522426546,-0.021171719,0.414581835,0.505043507,-0.042797953,0.749431968,0.540012419,-0.253678709,0.280693144,0.488926411,-0.057541423,0.767761469,0.355478108,-0.587776542,0.140918583,0.459315687,-0.239726946,0.582990885,0.904330611,0.014852317,0.455751359,0.902803361,-0.013412344,107,120,92,5
turn_left,0.614952266,0.522398114,-0.026240736,0.41481787,0.505028903,-0.042433407,0.750614464,0.542212665,-0.282730013,0.281025261,0.488923818,-0.060131393,0.760949254,0.356497377,-0.63622731,0.142068833,0.459464729,-0.248508185,0.582988858,0.903752863,0.01453042,0.455747426,0.902430594,-0.013101457,107,120,95,5
turn_left,0.615122557,0.522395372,-0.039187025,0.415386587,0.505947411,-0.034753803,0.753369987,0.54381448,-0.339137733,0.281596929,0.48783654,-0.058161754,0.737296939,0.35787037,-0.716038585,0.141947776,0.45431295,-0.2422961,0.583001673,0.903774202,0.009331808,0.455713421,0.902206004,-0.007957425,107,121,104,6
turn_left,0.615196884,0.522101343,-0.040168785,0.415655941,0.507109523,-0.028727582,0.753810763,0.545552015,-0.32902801,0.282550633,0.487350881,-0.047620688,0.725910723,0.358698517,-0.687094986,0.142165452,0.452108204,-0.234012172,0.582982361,0.903939545,0.006406774,0.455663204,0.902188301,-0.005018475,106,121,108,6
turn_left,0.615194619,0.521865606,-0.028605491,0.415644407,0.507380545,-0.030009031,0.75436312,0.545478165,-0.297755569,0.282898515,0.486764431,-0.04649023,0.72964251,0.358905822,-0.65295732,0.142294392,0.450852722,-0.238575697,0.583070159,0.903968096,0.00683523,0.455864042,0.902281404,-0.005409831,106,121,107,5
turn_left,0.61522609,0.521583974,-0.029732633,0.415755212,0.507576823,-0.030866433,0.754705548,0.54517144,-0.289881021,0.283133805,0.48635304,-0.048068069,0.737050056,0.35829705,-0.643609285,0.142381564,0.450291932,-0.251485169,0.583168864,0.904048026,0.006266819,0.455951929,0.902304947,-0.004823201,106,122,105,5
turn_left,0.615167558,0.521614015,-0.022492623,0.415757567,0.507613838,-0.025292266,0.754158795,0.54425019,-0.28639251,0.28332448,0.486251682,-0.04071606,0.743457854,0.358648956,-0.633323193,0.142499,0.450671881,-0.23399353,0.58315444,0.904056251,0.005889573,0.455951929,0.902306259,-0.00447194,106,122,103,5
turn_left,0.615093529,0.521606565,-0.019265583,0.415802091,0.507515967,-0.02535071,0.753964067,0.542939544,-0.253026515,0.283414543,0.486255616,-0.036624007,0.750930309,0.358596385,-0.593165398,0.142435789,0.451007992,-0.225971818,0.583013117,0.904028296,0.005811621,0.45594269,0.902266681,-0.004384872,107,122,100,5
turn_left,0.615178466,0.521570981,-0.013430404,0.415853024,0.507624149,-0.033890221,0.753808439,0.540172338,-0.231822968,0.283410907,0.48625204,-0.07601089,0.759345233,0.355382383,-0.55532372,0.142360315,0.452067196,-0.288051128,0.583181083,0.903952479,0.009978165,0.455994755,0.902264714,-0.008589529,107,122,96,4
turn_left,0.6151582,0.521568835,-0.014438582,0.415972292,0.507559001,-0.037391253,0.753719032,0.540076911,-0.229885027,0.283569574,0.4863621,-0.059741043,0.761333823,0.355614513,-0.559305906,0.142481074,0.45339781,-0.24843511,0.583183706,0.903820217,0.011102642,0.456000865,0.90213567,-0.009646005,108,122,95,4
turn_left,0.615235507,0.521283925,-0.028368836,0.416050345,0.507532001,-0.036468126,0.753685117,0.540542305,-0.296608061,0.283655703,0.486518711,-0.052194744,0.73978883,0.35592097,-0.662440419,0.143631428,0.454826355,-0.240877435,0.583209395,0.903722465,0.008252561,0.45600763,0.902086616,-0.006806401,107,122,102,4
turn_left,0.615933299,0.521237075,-0.058561735,0.416335046,0.507616103,-0.034754597,0.754407406,0.543065488,-0.365956694,0.283938497,0.486396909,-0.048367277,0.712375879,0.359956115,-0.739119053,0.143677399,0.454883426,-0.232399657,0.583211541,0.903721631,0.001905977,0.455967575,0.901973665,-0.000491543,106,122,112,4
turn_left,0.616233051,0.52106595,-0.057216186,0.416604906,0.507664561,-0.025485154,0.754842639,0.543944955,-0.369639367,0.284249306,0.486042023,-0.042885438,0.702912986,0.362503588,-0.742468536,0.143656105,0.454577774,-0.219219163,0.583212018,0.903778136,-0.00172539,0.455967039,0.901917219,0.003004679,106,122,115,3
turn_left,0.61673671,0.521017432,-0.063300803,0.417101324,0.507670283,-0.025780484,0.75544399,0.54474014,-0.369265378,0.284722567,0.485926241,-0.038878504,0.702693403,0.364669621,-0.740674853,0.14348954,0.454275727,-0.214985773,0.583254516,0.903560281,-0.002400628,0.455985248,0.90175736,0.003744949,106,122,116,3
turn_left,0.616636038,0.520468354,-0.057810627,0.417118371,0.507822871,-0.035069309,0.754726648,0.543171585,-0.344228983,0.284690022,0.485992521,-0.047212347,0.70964998,0.363657802,-0.706349254,0.143712491,0.455141932,-0.233771324,0.583315134,0.903577089,-0.002020558,0.456024081,0.901852787,0.003383469,106,122,113,3
turn_left,0.616287231,0.519951582,-0.054994781,0.417138994,0.507814169,-0.047345988,0.753933787,0.541743398,-0.332095057,0.284743905,0.486399144,-0.068059772,0.714121521,0.36132586,-0.701873958,0.144103259,0.456057489,-0.263747334,0.583282828,0.903262317,-2.63E-05,0.455964029,0.901733816,0.001474595,106,122,111,3
turn_left,0.615866184,0.519944966,-0.049679033,0.417138427,0.507884264,-0.047681965,0.752866864,0.541275382,-0.292931855,0.284325719,0.486563295,-0.061618108,0.732357383,0.36123237,-0.648224354,0.143689275,0.456676543,-0.250310481,0.583447754,0.903185487,0.003387443,0.456082642,0.901736259,-0.001784703,106,122,105,3
turn_left,0.61563623,0.520237982,-0.012975389,0.416415691,0.509589791,-0.024557734,0.751012444,0.537196577,-0.233802155,0.282488734,0.486909717,-0.030577879,0.759210527,0.35886097,-0.561318517,0.142851695,0.458566755,-0.215184122,0.583472371,0.903393805,0.003689802,0.456087351,0.901842952,-0.002155591,107,122,95,2
turn_left,0.615535021,0.520199537,-0.016914815,0.415857702,0.509855926,-0.031843923,0.750989258,0.527269661,-0.173553959,0.281303018,0.487776458,-0.034092441,0.776487052,0.350584,-0.438728631,0.142087936,0.459427357,-0.220332786,0.583368242,0.903396964,0.005510784,0.456026793,0.901842654,-0.003972399,111,122,85,2
turn_left,0.615551829,0.52014792,-0.010863191,0.415437937,0.509985864,-0.034777917,0.751060963,0.525293767,-0.164489284,0.279967964,0.488583297,-0.03507603,0.783013344,0.349956453,-0.447680861,0.141820252,0.460791081,-0.223078251,0.583351552,0.903339088,0.009958991,0.45597893,0.901845038,-0.008370103,112,122,82,2
turn_left,0.615322948,0.520513296,-0.014468009,0.415695369,0.509933591,-0.034547053,0.750745893,0.530238092,-0.245414093,0.280022144,0.488266945,-0.036102213,0.777228951,0.350150287,-0.624730945,0.141752496,0.460814476,-0.220041901,0.583331645,0.903299272,0.009858537,0.455997139,0.901845396,-0.008272757,110,122,86,2
turn_left,0.615288258,0.520480335,-0.029845148,0.41603598,0.509913743,-0.037652664,0.750794291,0.533558249,-0.268329084,0.280346453,0.488272935,-0.04109145,0.765372694,0.35035795,-0.620082498,0.141811579,0.460229278,-0.23001942,0.583283067,0.903215826,0.008688739,0.455993325,0.901746809,-0.007144948,109,122,91,2
turn_left,0.615671635,0.520527542,-0.065532312,0.416178703,0.50985688,-0.035053365,0.752604544,0.53622663,-0.373759747,0.281756461,0.486516058,-0.041278891,0.707935691,0.352943093,-0.734139979,0.142412499,0.455352038,-0.224250123,0.583257556,0.903235197,0.003001798,0.455967098,0.9017452,-0.001565061,108,123,110,3
turn_left,0.616427183,0.520551026,-0.077656321,0.416918904,0.509836018,-0.030454421,0.754929185,0.539326489,-0.395083249,0.283877313,0.485789925,-0.036986373,0.696003973,0.358270496,-0.76507026,0.142971322,0.453785747,-0.216404706,0.583209693,0.903316796,-0.002256889,0.455936134,0.90170902,0.0036111,108,123,116,3
turn_left,0.616535544,0.520560861,-0.07497789,0.417320728,0.50983119,-0.029310888,0.756118655,0.540334344,-0.377907962,0.284962356,0.485570699,-0.03440126,0.699372053,0.35941118,-0.745196581,0.144400209,0.45370096,-0.215441316,0.583207607,0.903249502,-0.002983481,0.455967009,0.901589572,0.004358639,107,123,115,2
turn_left,0.616544247,0.52038461,-0.068310216,0.417331785,0.509821892,-0.029309426,0.757258832,0.540666938,-0.351540297,0.284464389,0.485487819,-0.033082902,0.706382155,0.359440744,-0.706609964,0.144449607,0.453712881,-0.214586571,0.583263457,0.903319359,-0.002711696,0.456012189,0.901634872,0.004089443,107,123,114,2
turn_left,0.616066277,0.520382583,-0.043983851,0.41685766,0.509821594,-0.029474776,0.755772829,0.540559649,-0.294190109,0.282115847,0.487987697,-0.031015018,0.731018901,0.358508229,-0.637764394,0.143385202,0.458060473,-0.212663025,0.583563268,0.903011382,0.001075233,0.456624925,0.901505888,0.000384455,107,122,106,3
turn_left,0.615922928,0.520707786,-0.05127614,0.415733874,0.510678828,-0.032768261,0.755739272,0.543739915,-0.343092114,0.281607568,0.487801999,-0.036073007,0.721122503,0.363280654,-0.714621663,0.143307343,0.457442492,-0.213486359,0.583533883,0.903315425,0.001074819,0.456614792,0.901906967,0.000376009,106,123,110,3
turn_left,0.614382386,0.520990491,-0.0276595,0.414287508,0.510790169,-0.026906541,0.753003478,0.544000208,-0.275185168,0.280014485,0.487926036,-0.033866189,0.748097003,0.362235427,-0.628963292,0.143024415,0.457138032,-0.211387917,0.583533645,0.903220594,0.001718777,0.456601322,0.901824713,-0.000313517,106,123,101,3
turn_left,0.613063276,0.5212484,-0.020467255,0.413292557,0.510845721,-0.028491145,0.750459433,0.543151319,-0.231325433,0.279889226,0.488007814,-0.033534266,0.757510245,0.361439258,-0.55559063,0.142819107,0.456979126,-0.212110445,0.583400607,0.902468383,0.004838478,0.456487983,0.901607454,-0.003386975,106,123,97,3
turn_left,0.613005638,0.52121824,-0.022258205,0.412692606,0.510798693,-0.042392157,0.749800146,0.532288432,-0.156812564,0.27977249,0.488468856,-0.050706975,0.786592066,0.356251627,-0.407404482,0.142153516,0.45703119,-0.238721296,0.583278775,0.902335942,0.006241444,0.456472307,0.90159601,-0.00479423,110,123,83,3
turn_left,0.613002837,0.521277606,-0.010772135,0.411777824,0.510052919,-0.05189677,0.749242187,0.528814614,-0.119086243,0.278622389,0.488778859,-0.068956137,0.803443432,0.359596074,-0.360575795,0.14157638,0.457025886,-0.264372677,0.583375156,0.902128994,0.009116649,0.456648976,0.901715577,-0.007620576,111,122,75,4
turn_left,0.613008857,0.521275878,-0.011239138,0.411421835,0.509818494,-0.049862146,0.748542666,0.528223574,-0.115784191,0.277639568,0.489140987,-0.064909324,0.812772095,0.365640581,-0.351371884,0.140505806,0.457151711,-0.261974007,0.583383977,0.901810348,0.00894792,0.456652969,0.901625335,-0.007458025,111,122,71,4
turn_left,0.613015056,0.521539629,-0.003889941,0.410908282,0.509818673,-0.04379015,0.748198092,0.530787945,-0.156695738,0.27771759,0.489314258,-0.095678695,0.824335456,0.39062795,-0.440545946,0.140123457,0.458226889,-0.330008239,0.583362937,0.902274311,0.007612612,0.456582159,0.901942313,-0.006364984,110,122,65,4
turn_left,0.613037586,0.522056758,0.003982935,0.410921335,0.510270238,-0.040603086,0.748374581,0.531380832,-0.095094517,0.277151763,0.489160001,-0.08256878,0.823141754,0.3857207,-0.310524404,0.139577836,0.458128631,-0.305141896,0.583345234,0.902596772,0.007267465,0.456395,0.902199924,-0.006050736,110,122,67,4
turn_left,0.613011837,0.521974325,-0.001629511,0.410966218,0.511469066,-0.040554062,0.746877909,0.535216093,-0.132593066,0.277400136,0.488680989,-0.082243599,0.812589169,0.388089061,-0.387084544,0.139564902,0.457036614,-0.286314845,0.583248973,0.902652502,0.007215192,0.456279188,0.902235329,-0.005985673,108,123,72,3
turn_left,0.613087058,0.521977246,-0.002670997,0.411000878,0.511863351,-0.036166746,0.746427178,0.536850691,-0.123062111,0.278127491,0.488081872,-0.065448359,0.806446373,0.385696739,-0.36112684,0.139550358,0.453612655,-0.26375109,0.583236814,0.902664006,0.007167923,0.456114203,0.902235448,-0.005931876,108,123,75,4
turn_left,0.612591565,0.522038519,-0.013989521,0.411148459,0.511713505,-0.039885532,0.746472716,0.539884686,-0.24783881,0.277492583,0.485324413,-0.063175991,0.76548475,0.365807325,-0.602999389,0.139023632,0.446401507,-0.241651535,0.583235621,0.902547598,0.008081992,0.456271172,0.90223527,-0.006769777,107,124,91,5
turn_left,0.612866342,0.522163868,-0.048667375,0.411392033,0.511896431,-0.048055191,0.7481879,0.545153677,-0.352814913,0.277143806,0.483875781,-0.065363728,0.730856657,0.364873588,-0.754590869,0.138124555,0.443487644,-0.241983503,0.583234549,0.902506649,0.007195284,0.45628196,0.901946664,-0.005830517,105,125,105,4
turn_left,0.613275945,0.522247016,-0.06331031,0.411926806,0.512436628,-0.054880194,0.749367058,0.547889292,-0.373691231,0.277175575,0.483584255,-0.07037551,0.716099799,0.365118116,-0.759782195,0.137640253,0.441889167,-0.242310017,0.583283067,0.902735054,0.007184125,0.456340551,0.901994348,-0.005816572,104,125,111,5
turn_left,0.613370657,0.522469461,-0.060633164,0.412302792,0.512499988,-0.055525385,0.751641154,0.553778708,-0.374255031,0.277319252,0.483081639,-0.070542589,0.71257484,0.371201545,-0.775868952,0.137391657,0.442004025,-0.240512058,0.58332479,0.902742803,0.007170246,0.456355274,0.90209949,-0.005794255,103,125,115,4
turn_left,0.613378346,0.522321463,-0.06841372,0.412349284,0.512053668,-0.054255821,0.752547979,0.555342793,-0.372900039,0.277310669,0.483016819,-0.068487987,0.71270895,0.371441364,-0.763506234,0.13667044,0.442314923,-0.238217264,0.583058596,0.902732611,0.005645155,0.456149906,0.902023435,-0.004239379,103,125,116,4
turn_left,0.613354325,0.522309721,-0.061004907,0.412441015,0.512052715,-0.0537467,0.752344489,0.554702044,-0.339915305,0.277648002,0.483033597,-0.066217892,0.722866833,0.369947016,-0.720020652,0.137181282,0.442493975,-0.240131453,0.58307606,0.902742565,0.005071594,0.456183761,0.902058482,-0.00363849,103,125,112,4
turn_left,0.612943292,0.522517204,-0.05420927,0.412483752,0.512163222,-0.052024674,0.751184583,0.554243743,-0.281491816,0.277775347,0.483791053,-0.054200687,0.742966473,0.367195666,-0.616630673,0.137186155,0.443938553,-0.228533909,0.583243906,0.90269953,0.006406941,0.456372887,0.902189791,-0.004960712,103,125,105,4
turn_left,0.612952828,0.522529721,-0.046360888,0.412437588,0.512162745,-0.052577097,0.75033325,0.545816243,-0.211533636,0.275437146,0.487064093,-0.054503907,0.779148221,0.365722358,-0.506308079,0.134867996,0.456411988,-0.233477548,0.58339262,0.902698219,0.007511534,0.456641525,0.902254343,-0.006054935,105,124,91,2
turn_left,0.613101602,0.52252996,-0.031179056,0.412391663,0.512140274,-0.050564103,0.750048935,0.542160988,-0.188761741,0.272861123,0.488820702,-0.052072059,0.789259732,0.365545362,-0.47447148,0.133043408,0.463562518,-0.237076253,0.58340323,0.903211057,0.007847875,0.456625283,0.902638972,-0.006407322,107,123,86,1
turn_left,0.613106668,0.522638381,-0.00481934,0.412048995,0.511763573,-0.043646503,0.748777688,0.53482151,-0.144516677,0.273267806,0.492594659,-0.07712917,0.805378795,0.372129619,-0.397457004,0.13560912,0.480571896,-0.314252377,0.583395422,0.903166592,0.009096367,0.456625462,0.902642548,-0.007681962,109,122,76,357
turn_left,0.613282681,0.522490919,0.006869835,0.41203922,0.511782527,-0.039439663,0.748113275,0.535098314,-0.118235946,0.273370624,0.495638281,-0.055859577,0.804091632,0.374930173,-0.378004044,0.1362672,0.48888883,-0.270531833,0.583401084,0.903269768,0.010799618,0.456583351,0.902802348,-0.009329386,109,121,76,356
turn_left,0.613288581,0.522059023,-0.000448007,0.412160248,0.51168865,-0.039694391,0.748019516,0.534732163,-0.145494714,0.273470998,0.497056454,-0.056455612,0.799081683,0.373382002,-0.416511953,0.137106612,0.49414894,-0.270339102,0.583374381,0.903263927,0.012291312,0.456369072,0.902779281,-0.010790173,109,120,78,355
turn_left,0.613187194,0.522260368,-0.003844647,0.412329048,0.511288345,-0.03943903,0.747263551,0.53778851,-0.201866895,0.27336359,0.498810351,-0.060034782,0.784862399,0.372854233,-0.554836094,0.137799814,0.498558611,-0.278349549,0.583053768,0.902927339,0.015466233,0.45594421,0.902371466,-0.014003809,108,119,84,355
turn_left,0.612993836,0.522750556,-0.001084497,0.412487924,0.51092267,-0.030531997,0.746885955,0.540283144,-0.230155468,0.273057759,0.500520527,-0.050222147,0.771441877,0.370685607,-0.59072274,0.138156205,0.502276242,-0.259164363,0.583067536,0.902859747,0.015490739,0.45594579,0.90186131,-0.014040914,107,119,89,355
turn_left,0.613166273,0.523962736,-0.031509172,0.412591696,0.511093259,-0.037090369,0.747940004,0.545488179,-0.326704174,0.272842884,0.501169264,-0.060540654,0.735812247,0.369741321,-0.714741886,0.139041409,0.502992749,-0.275208026,0.583078623,0.902965724,0.014736007,0.455887973,0.901707768,-0.013252215,106,119,103,355
turn_left,0.613378346,0.524031401,-0.033704612,0.412833512,0.511234164,-0.036209155,0.748617172,0.547421336,-0.336019576,0.272874653,0.501862347,-0.065858319,0.719357967,0.368534893,-0.710837483,0.140994206,0.503764927,-0.283518016,0.583118439,0.903300285,0.014281237,0.455850303,0.901750565,-0.012789954,105,118,109,355
turn_left,0.613476038,0.523969173,-0.032973982,0.412840605,0.511233568,-0.029963857,0.749359369,0.548541605,-0.32079348,0.272478938,0.501673639,-0.040917698,0.718688965,0.368140221,-0.674643397,0.141020045,0.502274334,-0.213262394,0.583172321,0.90329963,0.013094778,0.455858767,0.901660323,-0.011676026,105,119,110,356
turn_left,0.613425791,0.523951471,-0.045861717,0.412761927,0.51123184,-0.04152628,0.749702096,0.548479736,-0.334195673,0.271650851,0.501650214,-0.043418001,0.72283107,0.367540002,-0.709255934,0.140832022,0.501378119,-0.228009656,0.583180487,0.903308213,0.011929519,0.455859125,0.90161705,-0.010476923,105,119,109,356
turn_left,0.613298416,0.523860574,-0.044596214,0.412760824,0.510771036,-0.044193052,0.749854684,0.54837507,-0.311844051,0.271236867,0.501824141,-0.067516424,0.727248967,0.363123059,-0.670898497,0.140815482,0.500315368,-0.285490602,0.583217978,0.903494477,0.010877319,0.455862701,0.901867926,-0.009392137,105,118,107,357
turn_left,0.610516846,0.523644865,-0.042226605,0.410996109,0.510911226,-0.044174213,0.747317731,0.544959962,-0.26681298,0.271456718,0.500096858,-0.050933737,0.743036866,0.361622691,-0.614208758,0.139205739,0.489484936,-0.246513337,0.58333987,0.902762473,0.010314258,0.456252486,0.901854336,-0.008770101,106,119,100,0
turn_left,0.60833317,0.523645163,-0.041228943,0.409598649,0.512257159,-0.044031698,0.740327716,0.544818342,-0.255815268,0.271259516,0.500025451,-0.037349038,0.751393914,0.361935198,-0.601971328,0.135758743,0.484913886,-0.22310546,0.583343029,0.902613819,0.010303335,0.456344515,0.902028024,-0.008763144,105,120,96,1
turn_left,0.607153416,0.523635805,-0.036678486,0.408050239,0.512582064,-0.053183328,0.739389539,0.538990557,-0.228906006,0.270484686,0.500036955,-0.046442173,0.761848927,0.360769302,-0.557241023,0.132320344,0.482761919,-0.23034057,0.583332777,0.902568519,0.01216123,0.45635885,0.902205169,-0.010641774,107,120,89,2
turn_left,0.607015908,0.523636878,-0.022902805,0.406457961,0.512604654,-0.052874506,0.739346206,0.537786186,-0.133585691,0.27010721,0.500333965,-0.061315514,0.798497021,0.37185514,-0.375268608,0.131578296,0.482585311,-0.256479621,0.583319008,0.902569413,0.011966492,0.456255287,0.902292669,-0.010449874,107,120,76,2
turn_left,0.607117414,0.523381114,-0.01329047,0.405457199,0.512956679,-0.052946251,0.7405985,0.531071544,-0.112269163,0.268262684,0.500541985,-0.071147487,0.820067048,0.37157011,-0.335061729,0.130470544,0.482562572,-0.262939155,0.583358169,0.902577102,0.012057474,0.456376404,0.902648687,-0.010587746,110,120,67,2
turn_left,0.606947124,0.522984803,-0.02772944,0.404138327,0.513204455,-0.079034463,0.749250352,0.52627939,-0.085746571,0.268304139,0.500568688,-0.09509176,0.849400043,0.384803802,-0.260790884,0.130421802,0.482681066,-0.264655083,0.583357215,0.903322875,0.011540236,0.456284434,0.903593302,-0.010227729,112,120,56,2
turn_left,0.60699898,0.523082316,-0.019159961,0.403983593,0.513240099,-0.076200485,0.749110579,0.526640475,-0.120822906,0.268342704,0.500549614,-0.087228678,0.832894325,0.396412581,-0.361117423,0.130391091,0.483069599,-0.264442116,0.583365083,0.903369308,0.011522854,0.45632109,0.903872192,-0.010216014,112,120,59,2
turn_left,0.607040584,0.523084939,-0.017883094,0.403724521,0.513237655,-0.073050819,0.749218822,0.526988983,-0.100041911,0.267575562,0.499326646,-0.092341349,0.830851555,0.383795321,-0.316860795,0.129630506,0.483051091,-0.273351014,0.583485425,0.903384387,0.011737776,0.456348121,0.904267967,-0.010451584,112,121,62,1
turn_left,0.607036114,0.523094296,-0.024130512,0.404659033,0.513140261,-0.069856748,0.746855974,0.530549705,-0.210774869,0.267578393,0.498200774,-0.088565461,0.788773417,0.374364644,-0.548778296,0.129468814,0.480684161,-0.273123562,0.583449244,0.903382659,0.01138688,0.456394911,0.904301047,-0.010077385,111,121,78,1
turn_left,0.606967211,0.523153663,-0.028989226,0.405946076,0.513233423,-0.054479856,0.745056629,0.533967793,-0.271708786,0.268434942,0.496254027,-0.064871386,0.768041074,0.371539116,-0.638825297,0.129555061,0.478482217,-0.244664103,0.583490729,0.903941929,0.008734679,0.456522375,0.904868364,-0.007438437,109,122,86,0
turn_left,0.607607365,0.522526622,-0.033742089,0.407442242,0.513416886,-0.04470063,0.747735143,0.536084831,-0.302784294,0.269536912,0.495305568,-0.043366782,0.71703285,0.363230377,-0.660177171,0.130565926,0.473553926,-0.232164189,0.583377182,0.904130042,0.008399596,0.456471115,0.904875398,-0.007048069,109,122,106,1
turn_left,0.609037042,0.522021055,-0.041488189,0.408968151,0.51367867,-0.032500811,0.749489307,0.539038837,-0.329902887,0.270729542,0.494457841,-0.031076271,0.703176856,0.362677097,-0.692251146,0.131101817,0.471008837,-0.21413748,0.583400071,0.904501915,0.006326629,0.456464469,0.905150712,-0.004906188,108,122,112,2
turn_left,0.609477222,0.522115886,-0.054344632,0.409909874,0.51436913,-0.035127785,0.749419987,0.542094648,-0.346701562,0.271617174,0.493048966,-0.038147323,0.689728796,0.363206685,-0.721559703,0.131508917,0.468549132,-0.219324544,0.583399951,0.904685736,0.006017081,0.456408113,0.90529567,-0.00455411,106,123,117,1
turn_left,0.609625459,0.522005022,-0.05575306,0.410304219,0.514416397,-0.037067942,0.749562502,0.544391096,-0.341906607,0.271668673,0.492775381,-0.042082798,0.701153338,0.363433719,-0.711219907,0.131664187,0.469066113,-0.224495202,0.583408892,0.904687881,0.005665868,0.456370294,0.905263722,-0.004190716,106,123,114,1
turn_left,0.608787715,0.522644222,-0.052593946,0.410170704,0.514434397,-0.053603929,0.748568058,0.545380175,-0.310677409,0.270935953,0.492676616,-0.055927526,0.705507398,0.359233499,-0.672525287,0.131518692,0.469387829,-0.238840178,0.583515763,0.904302776,0.005683307,0.456734598,0.905187905,-0.004213605,105,123,112,1
turn_left,0.608792841,0.522689581,-0.034484293,0.409824133,0.514210999,-0.056676585,0.746962011,0.543865561,-0.181099415,0.270322621,0.492833048,-0.066014417,0.773422599,0.359677255,-0.465110123,0.131106511,0.472158134,-0.260730296,0.583521426,0.904221416,0.006418841,0.456873715,0.905183673,-0.004957706,106,123,91,360
turn_left,0.608796537,0.52289027,-0.014316268,0.409742743,0.514009833,-0.054340851,0.746721625,0.542227387,-0.152792245,0.269674867,0.493018687,-0.065561078,0.790402055,0.361200809,-0.414319575,0.129271641,0.473421842,-0.259248197,0.583517671,0.904191852,0.008700658,0.456991345,0.905247808,-0.007289308,106,123,84,359
turn_left,0.609168112,0.522940934,-0.017147657,0.409486353,0.513978839,-0.06549786,0.74978596,0.537335157,-0.113604985,0.268580347,0.493478626,-0.090870447,0.825943589,0.368068218,-0.338906378,0.127666086,0.474409968,-0.285229176,0.583728313,0.904198527,0.008683858,0.457015812,0.905241609,-0.007284842,109,123,72,359
turn_left,0.609733939,0.523225725,-0.057076968,0.40860638,0.513960063,-0.10349039,0.754289389,0.53325665,-0.12681739,0.26798448,0.493549377,-0.124983147,0.847798169,0.385354578,-0.32708472,0.126496702,0.476079494,-0.308919638,0.58378756,0.904195845,0.00707902,0.457026422,0.90519017,-0.005848848,111,123,62,359
turn_left,0.609838724,0.523437321,-0.06111636,0.407693237,0.513801455,-0.101087272,0.756259084,0.530894101,-0.126711726,0.267608345,0.493641645,-0.122050129,0.854410768,0.390851319,-0.323820263,0.125500247,0.47775206,-0.302495062,0.583791494,0.904194415,0.005675204,0.457011372,0.905177891,-0.004575925,112,123,58,358
turn_left,0.609944046,0.523695529,-0.05743023,0.407198101,0.513647556,-0.092001937,0.756069839,0.530636549,-0.112301961,0.266792715,0.493655175,-0.110606506,0.851617694,0.395382434,-0.307827711,0.125098512,0.47887516,-0.29382953,0.583777785,0.904248774,0.005103101,0.456989586,0.905257106,-0.004059763,112,123,57,358
turn_left,0.609937549,0.524606824,-0.007187513,0.407199949,0.514006555,-0.055957265,0.752394617,0.537089944,-0.10920541,0.266499162,0.493680269,-0.075123623,0.835115314,0.39514935,-0.343853891,0.125294626,0.478895605,-0.263661265,0.583764672,0.905088723,0.006375935,0.456876695,0.906181931,-0.005290392,110,123,65,358
turn_left,0.609297812,0.524906754,-0.009490581,0.407290787,0.514141202,-0.057909966,0.74832809,0.54324019,-0.200843722,0.266506225,0.493624121,-0.071653076,0.785893083,0.379970819,-0.52888459,0.126349941,0.478586823,-0.257501274,0.583745241,0.904665887,0.00783328,0.456916392,0.906120121,-0.006557269,107,123,85,358
turn_left,0.608753383,0.525220156,-0.017086597,0.407663107,0.514130712,-0.048503108,0.746166646,0.54458487,-0.265901566,0.266578615,0.493601143,-0.060671501,0.766940951,0.375615686,-0.638872862,0.12705721,0.478565544,-0.249162391,0.5837363,0.904693305,0.005885811,0.456946373,0.906140625,-0.00456173,106,123,91,358
turn_left,0.608349264,0.525727868,-0.025013998,0.407824218,0.514132142,-0.051236451,0.746130228,0.546540797,-0.26572898,0.266695321,0.493607998,-0.060997076,0.758706629,0.367113978,-0.624830782,0.127788439,0.478573859,-0.242245764,0.583684742,0.904370904,0.0080362,0.456967682,0.906017423,-0.006578003,106,123,95,358
turn_left,0.608351946,0.525700271,-0.035302456,0.408334404,0.514010668,-0.043031193,0.746191502,0.546860993,-0.332322747,0.266990989,0.493594736,-0.044953465,0.725502372,0.365037292,-0.725823998,0.128602892,0.478562653,-0.216791585,0.583615601,0.904213667,0.00780808,0.456961811,0.905584872,-0.00631107,106,123,105,358
turn_left,0.608383656,0.525689602,-0.03394752,0.408699661,0.514021695,-0.029126894,0.746213317,0.547847927,-0.323364556,0.26727438,0.493557364,-0.027633077,0.714049578,0.365191817,-0.693808913,0.129230857,0.478530794,-0.198872522,0.583613813,0.904251754,0.00783629,0.457065284,0.905583441,-0.006337735,105,123,109,358
turn_left,0.608396232,0.525650144,-0.051435679,0.408704132,0.514020741,-0.034448735,0.746174335,0.54893285,-0.355927765,0.267563522,0.493558109,-0.035939787,0.71197176,0.365676492,-0.754933715,0.129938126,0.478235871,-0.209411666,0.583617508,0.904196799,0.00627341,0.457141697,0.905632257,-0.004703828,105,123,110,358
turn_left,0.608381629,0.525231481,-0.050568588,0.408852428,0.514028728,-0.026428541,0.746208549,0.549101949,-0.342611969,0.267787308,0.493568808,-0.029233355,0.716643989,0.365709931,-0.730153799,0.130194202,0.478267074,-0.202834815,0.583609819,0.904132664,0.00423272,0.457192123,0.905468583,-0.002699257,105,123,109,358
turn_left,0.607733011,0.525266588,-0.049577225,0.408982694,0.5143646,-0.030401792,0.74464637,0.549009323,-0.313908458,0.267794073,0.494050235,-0.02514722,0.721748888,0.360917598,-0.689491868,0.130232587,0.478395969,-0.194307297,0.583652079,0.904082239,0.004569199,0.457377613,0.905523658,-0.003008528,105,123,107,358
turn_left,0.607922375,0.525205791,-0.048585247,0.409142911,0.514652312,-0.026804781,0.747121871,0.552905381,-0.346201062,0.2697905,0.494031996,-0.023572989,0.710870326,0.367562354,-0.737139821,0.131593332,0.477195531,-0.196341738,0.583611012,0.904106379,0.003959778,0.457178831,0.905493975,-0.002411018,104,123,112,359
turn_left,0.607649267,0.52571404,-0.044696011,0.409144968,0.5147807,-0.02912429,0.747124791,0.552694917,-0.339108407,0.269605249,0.49403128,-0.027120342,0.715114117,0.364078671,-0.697954059,0.13158989,0.4769575,-0.198575467,0.583609581,0.904309571,0.004232412,0.457181782,0.905622602,-0.002674927,104,123,111,359
turn_left,0.607543886,0.52581048,-0.044494588,0.409132898,0.514784753,-0.043448605,0.747146666,0.552598834,-0.321350574,0.269654185,0.494002402,-0.037640892,0.722691,0.363123029,-0.693203568,0.131691813,0.476807445,-0.221671909,0.583653986,0.904381752,0.005262589,0.457371652,0.905652463,-0.003695168,104,123,108,359
turn_left,0.607493937,0.525655925,-0.044994157,0.408669382,0.514701128,-0.038695194,0.747185111,0.552858233,-0.343610287,0.269551575,0.494003326,-0.034929249,0.709782064,0.364650726,-0.742462158,0.131694466,0.476695955,-0.212135077,0.583499372,0.904433012,0.00488113,0.457273483,0.905727208,-0.00333377,104,123,112,359
turn_left,0.607489944,0.525251746,-0.03836637,0.408677191,0.514102638,-0.012076464,0.747262836,0.554143608,-0.33650887,0.27004236,0.493999898,-0.013120773,0.706741869,0.368683308,-0.726105094,0.131797329,0.476667702,-0.183086067,0.583503842,0.904333949,0.002183253,0.457286686,0.905473948,-0.000772072,103,123,114,359
turn_left,0.607488751,0.525224745,-0.02837876,0.408575386,0.51400578,-0.017959414,0.747366309,0.55449605,-0.332461983,0.269493312,0.494142175,-0.018244736,0.712570906,0.36931181,-0.715106547,0.131780311,0.476724148,-0.187103018,0.583503604,0.904402196,0.004195753,0.457314581,0.905768216,-0.002756271,103,123,112,359
turn_left,0.607458293,0.525223017,-0.029404443,0.4083983,0.514025807,-0.019435648,0.746865034,0.554424703,-0.326262653,0.268915951,0.494499564,-0.019992415,0.715329766,0.369395107,-0.712139606,0.131727591,0.477209002,-0.189373985,0.583509982,0.904393375,0.005142629,0.457350791,0.905805588,-0.003653613,103,123,112,359
turn_left,0.606140971,0.525346458,-0.019633131,0.407315075,0.514078856,-0.021269834,0.746083617,0.553935826,-0.273468971,0.265057355,0.495375991,-0.037517633,0.742296457,0.368270367,-0.661003411,0.128834739,0.479443282,-0.221739262,0.583493829,0.904352307,0.005244591,0.457329422,0.905816972,-0.003794491,103,123,103,359
turn_left,0.605724692,0.525944173,-0.019581374,0.406729519,0.514017642,-0.034522891,0.744237304,0.553424239,-0.235761851,0.263271987,0.495989293,-0.048975058,0.755889535,0.369654119,-0.588217854,0.127630621,0.480850756,-0.231449798,0.583317637,0.904166579,0.007085229,0.457098395,0.905727923,-0.005623542,103,122,98,359
turn_left,0.605722785,0.526306152,-0.015073185,0.405568421,0.513733923,-0.038030002,0.742649555,0.553348243,-0.166814074,0.262419581,0.496220261,-0.05125884,0.784861445,0.385116518,-0.450124651,0.126349658,0.481710583,-0.236947149,0.583277643,0.903705239,0.008755701,0.456837237,0.905636549,-0.007305094,103,122,87,359
turn_left,0.605726957,0.526930749,-0.001464409,0.404099941,0.513702452,-0.050119631,0.741485059,0.553264916,-0.105606534,0.260923803,0.496329367,-0.067538403,0.797222376,0.393155485,-0.354779452,0.125593245,0.483819991,-0.265479445,0.58322829,0.903773189,0.011817695,0.456584036,0.905684352,-0.010351554,103,122,82,358
turn_left,0.605725288,0.528236568,0.003210437,0.40339452,0.513868988,-0.048397455,0.741563976,0.552894592,-0.133499384,0.260991365,0.496496677,-0.063523702,0.809416473,0.407244623,-0.416432768,0.12541312,0.484778494,-0.257010698,0.582896948,0.903897703,0.011598323,0.456149876,0.905839741,-0.010195582,104,122,75,358
turn_left,0.605735898,0.52846086,-0.000517721,0.402960241,0.513868511,-0.047299556,0.741627753,0.552857161,-0.14168416,0.261082232,0.496623397,-0.061343707,0.811115742,0.410104424,-0.428390741,0.125222653,0.485273391,-0.252104551,0.58251822,0.903879762,0.011563668,0.455225229,0.905848384,-0.01014198,104,122,74,358
turn_left,0.605720401,0.52894032,0.001995795,0.402940094,0.513888061,-0.046526633,0.741682827,0.552867293,-0.124762103,0.261164844,0.496755421,-0.061087459,0.811922371,0.40960905,-0.394984633,0.124890529,0.485447288,-0.251741588,0.582507312,0.903863609,0.01145508,0.455215216,0.905845881,-0.010047696,104,122,74,358
turn_left,0.605670035,0.529085577,0.025987491,0.402978033,0.513921142,-0.022898531,0.74121362,0.553331912,-0.130902588,0.261230409,0.496893734,-0.047649968,0.802510083,0.406502724,-0.425542027,0.124687769,0.485629261,-0.231243894,0.582713664,0.904436111,0.01141973,0.455622911,0.906741381,-0.010001825,104,122,77,358
turn_left,0.605323672,0.529107749,0.024673481,0.403942406,0.514007151,-0.025963854,0.741049051,0.554847002,-0.210320354,0.263430208,0.496792287,-0.046141662,0.772286654,0.396164328,-0.578511715,0.126202658,0.485607207,-0.219669774,0.582805037,0.904705942,0.011974225,0.45569855,0.906883478,-0.010523864,104,122,90,358
turn_left,0.604744077,0.528809726,0.016214872,0.404208243,0.514009058,-0.027639419,0.741329551,0.554734647,-0.212354735,0.264236063,0.496617883,-0.049545705,0.758156896,0.377551526,-0.556466401,0.127418518,0.485026211,-0.230785221,0.582959771,0.9047665,0.011899151,0.456276178,0.907188773,-0.010467121,104,122,95,358
turn_left,0.60443747,0.528034091,0.012219721,0.404216856,0.514013529,-0.028709937,0.741943896,0.554128647,-0.203603074,0.265645355,0.496617973,-0.04384952,0.743766546,0.366354465,-0.507108629,0.128623784,0.484398842,-0.224982783,0.58300668,0.904753566,0.012924287,0.456467301,0.907190919,-0.011510779,104,122,100,358
turn_left,0.604622126,0.527626276,-0.004300054,0.404360682,0.514282107,-0.022683684,0.743365645,0.554608643,-0.295895308,0.266414702,0.496533841,-0.030913388,0.717591166,0.368359923,-0.676049352,0.129115179,0.484007835,-0.210333794,0.582919955,0.905136287,0.010646113,0.456455469,0.907230198,-0.009264675,104,122,109,358
turn_left,0.604829133,0.526814044,-0.0186265,0.404433727,0.514502406,-0.021385495,0.744614065,0.555603445,-0.321483999,0.266789377,0.496282041,-0.023849061,0.710910439,0.369250298,-0.710308552,0.129349574,0.483317822,-0.197438836,0.582924426,0.90515244,0.009105534,0.456458986,0.907204986,-0.007684415,103,122,112,358
turn_left,0.604848266,0.526477277,-0.018463431,0.404863745,0.514506459,-0.017142385,0.745448351,0.555568516,-0.304332763,0.267469466,0.496283531,-0.021355892,0.715426743,0.370181203,-0.682894647,0.129438579,0.483303219,-0.199063331,0.582907557,0.90523988,0.006896193,0.45645991,0.907161176,-0.005512514,103,122,111,358
turn_left,0.604833484,0.526371419,-0.015501874,0.40495348,0.514509082,-0.01487121,0.745941222,0.555507064,-0.280565828,0.26750803,0.496318936,-0.017952997,0.719205797,0.370369017,-0.643831432,0.129584596,0.483236521,-0.192495033,0.582900167,0.905251145,0.006716463,0.456442297,0.90716511,-0.005327367,103,122,110,358
turn_left,0.604586661,0.526744306,-0.014467542,0.405077547,0.514509976,-0.01933958,0.745592177,0.555466115,-0.26666829,0.26750353,0.496553272,-0.031005546,0.739531159,0.370412171,-0.627031684,0.129605025,0.483276367,-0.221810862,0.582937956,0.905250669,0.00674554,0.456611305,0.90716809,-0.005353658,103,122,103,358
turn_left,0.604678631,0.526964545,-0.006148715,0.405218065,0.515010595,-0.020110216,0.744937599,0.555066884,-0.146456569,0.26658386,0.496869028,-0.032550581,0.775167763,0.372794956,-0.422907501,0.128148749,0.485268027,-0.225768447,0.582957387,0.905246854,0.006767184,0.456607044,0.907171011,-0.005384185,103,122,92,357
turn_left,0.605001807,0.52705121,0.002903514,0.405326515,0.51501292,-0.019669592,0.742934287,0.554961085,-0.155416578,0.265717387,0.496864587,-0.029562209,0.788851619,0.389772087,-0.4667705,0.126910374,0.486099035,-0.221577838,0.582924366,0.905246377,0.006769767,0.4564372,0.907131195,-0.005392455,103,122,86,357
turn_left,0.605463624,0.527191997,0.000129402,0.40523243,0.514899671,-0.035361923,0.742974758,0.552224696,-0.15973793,0.263951302,0.496897191,-0.0575657,0.81450665,0.412968457,-0.473416954,0.125112191,0.487495303,-0.252011269,0.582893908,0.905240476,0.006422424,0.456306696,0.907029927,-0.005115164,104,122,73,357
turn_left,0.605716884,0.527357459,-0.001755582,0.40473628,0.51478219,-0.035360362,0.742983878,0.550644696,-0.166109413,0.26355201,0.496931851,-0.054588519,0.819403946,0.4223046,-0.479304612,0.124705397,0.488126189,-0.244272873,0.58284539,0.905113757,0.005995494,0.456236839,0.906986237,-0.004745996,105,122,69,356
turn_left,0.60571444,0.527645946,-8.95E-05,0.404379517,0.514778912,-0.034822877,0.742497921,0.550685167,-0.169481367,0.263422102,0.497025073,-0.052445669,0.816987216,0.428052455,-0.49382177,0.124540165,0.48853457,-0.242004186,0.582842827,0.905115545,0.005963854,0.456226975,0.907015026,-0.004729002,105,122,68,356
turn_left,0.605713964,0.528286636,0.010455015,0.404589027,0.515119135,-0.034463745,0.740326345,0.552939177,-0.16703108,0.264696181,0.497035414,-0.051615961,0.806413054,0.421507329,-0.502537727,0.125626236,0.488337517,-0.240671486,0.582850039,0.905138075,0.007110611,0.456094176,0.907399595,-0.005848079,104,122,74,356
turn_left,0.605709136,0.528555751,0.010294923,0.40529424,0.515080452,-0.034347128,0.739240408,0.55321753,-0.17249079,0.267249197,0.496576369,-0.050716151,0.803499043,0.420520276,-0.50446713,0.127470568,0.487513572,-0.241218567,0.583013535,0.905662179,0.0071176,0.45634222,0.908010662,-0.005857555,103,122,75,356
turn_left,0.605883777,0.528759718,-0.011199743,0.405072778,0.515093029,-0.053112525,0.739272714,0.55340898,-0.085173063,0.265842676,0.496823937,-0.07154943,0.829360485,0.444616288,-0.307578892,0.126767725,0.488121122,-0.27092424,0.582666814,0.905709803,0.006147491,0.456205666,0.908036649,-0.004970839,103,122,61,356
turn_left,0.604544103,0.528634071,-0.010078394,0.405077547,0.515438378,-0.049407858,0.739319324,0.557035625,-0.21488449,0.265866876,0.496846259,-0.068775505,0.754975915,0.392516285,-0.579502106,0.127985969,0.487454832,-0.260944992,0.582692027,0.905700803,0.008571151,0.456418127,0.908049166,-0.007230619,102,122,96,356
turn_left,0.604013562,0.528651893,-0.006995931,0.404984474,0.515438437,-0.048034288,0.739021778,0.557142615,-0.159969121,0.264381588,0.497358829,-0.06537056,0.761245549,0.390382916,-0.464853823,0.127701551,0.488083035,-0.255274594,0.582719028,0.905672014,0.008829863,0.456541926,0.90815556,-0.007477402,102,122,94,357
turn_left,0.604221463,0.528652906,-0.0091615,0.405036271,0.515463769,-0.052346207,0.739994645,0.556713641,-0.149530232,0.263020694,0.497951686,-0.069071941,0.802526593,0.391396046,-0.438088,0.126112968,0.490090966,-0.2652044,0.582826793,0.905686736,0.008881995,0.456534386,0.908155799,-0.007518423,103,122,81,356
turn_left,0.60447228,0.528690994,-0.021514382,0.404576719,0.515536666,-0.064738363,0.741190314,0.554690123,-0.097382888,0.261935592,0.498486936,-0.087595686,0.834825039,0.411146492,-0.310509324,0.125446945,0.491032988,-0.277940273,0.582550108,0.905687213,0.007379405,0.456266791,0.90815717,-0.006168934,104,122,68,356
turn_left,0.604484975,0.528768241,-0.01893032,0.403475434,0.515608549,-0.068558231,0.74070245,0.554744959,-0.071969032,0.260001361,0.498733521,-0.093676202,0.834488571,0.437271178,-0.289341271,0.124578297,0.491748959,-0.283531129,0.582357407,0.905508935,0.007375762,0.456172943,0.908160031,-0.006168968,103,122,62,356
turn_left,0.603797436,0.528877914,-0.023635684,0.401776254,0.515611947,-0.085571006,0.738904774,0.554947317,-0.048043232,0.258423269,0.498802006,-0.108991638,0.839955211,0.456443697,-0.240598604,0.123183154,0.492329508,-0.302453399,0.582311809,0.905226886,0.007392167,0.45616883,0.908150852,-0.006201312,103,122,55,356
turn_left,0.603802085,0.529074967,-0.024358468,0.401692063,0.515774488,-0.078787647,0.73784399,0.557526946,-0.0598571,0.258578628,0.498758286,-0.102835931,0.836276233,0.462953061,-0.269883782,0.122860707,0.492358267,-0.294421911,0.582276464,0.90524292,0.005881057,0.456035674,0.908202231,-0.004795502,102,123,56,356
turn_left,0.603791535,0.529186189,-0.023232842,0.401715189,0.51587677,-0.070274428,0.734878182,0.560292244,-0.075471148,0.258675307,0.498776048,-0.094482981,0.831490517,0.462531,-0.313035429,0.122938193,0.492815852,-0.293904454,0.582274914,0.90527612,0.005583578,0.45604825,0.908556402,-0.004506222,101,123,59,356
turn_left,0.603656769,0.52922672,-0.022676177,0.401724815,0.515857637,-0.069107041,0.734140813,0.561307132,-0.073953874,0.262856156,0.49869886,-0.093505852,0.829220414,0.457304358,-0.30597499,0.12500605,0.492160738,-0.289329052,0.582233131,0.905271947,0.005498671,0.45604533,0.908626497,-0.004414205,100,122,61,356
turn_left,0.603334069,0.529237509,0.004575218,0.401843458,0.514952123,-0.06861183,0.733386993,0.563513398,-0.078593351,0.265278161,0.49742803,-0.105341315,0.804871202,0.435877234,-0.375706285,0.127911478,0.488128871,-0.318347335,0.582143724,0.905262589,0.012157988,0.455935866,0.908569157,-0.010941282,99,122,76,357
turn_left,0.603047431,0.528870761,0.007911226,0.402467191,0.514572561,-0.059278436,0.733392358,0.563625515,-0.130668193,0.265722483,0.496932805,-0.089628547,0.782197773,0.407792747,-0.461359739,0.129479781,0.486108512,-0.293532819,0.58213985,0.905209422,0.012597586,0.455932677,0.908399642,-0.011345947,99,122,88,357
turn_left,0.60291326,0.528284192,0.005910571,0.403327554,0.513941407,-0.057752669,0.733485699,0.564913094,-0.168974549,0.265685499,0.496666491,-0.079043195,0.769203544,0.401953638,-0.512865663,0.129926622,0.484534144,-0.268181652,0.582116365,0.904982984,0.012631299,0.455914825,0.9077456,-0.011357853,98,122,93,358
turn_left,0.602834046,0.528216422,0.005819732,0.403592497,0.514244139,-0.05704958,0.733809173,0.564900935,-0.198052809,0.26558584,0.496676177,-0.078636572,0.761845052,0.392279238,-0.573796868,0.130031303,0.482913822,-0.264773905,0.582117617,0.904711425,0.012894106,0.455912292,0.907014012,-0.011614942,98,122,96,359
turn_left,0.602820337,0.527526259,-0.006153959,0.404374301,0.514445543,-0.043907665,0.736650646,0.564822793,-0.274104774,0.265621841,0.497154385,-0.05162517,0.727588058,0.383153617,-0.654980898,0.130052477,0.482631624,-0.215446711,0.582223833,0.904336274,0.012453467,0.456149966,0.906546056,-0.011127993,99,122,108,359
turn_left,0.602836788,0.527115643,-0.007568891,0.404977322,0.514478803,-0.032573767,0.737706184,0.565801322,-0.269506544,0.265564799,0.497208297,-0.040290341,0.720203757,0.382316381,-0.633776486,0.13001819,0.481812298,-0.199620008,0.582209289,0.904278159,0.011697711,0.456151634,0.906302214,-0.010392738,99,122,111,359
turn_left,0.602905691,0.525781929,-0.012922714,0.40524739,0.514493644,-0.028323939,0.739358723,0.565737903,-0.301067084,0.266118497,0.497392595,-0.035194367,0.708933532,0.383250087,-0.691490114,0.130299866,0.481612563,-0.199516207,0.582168519,0.904274583,0.010093348,0.456143618,0.906235099,-0.008785454,99,122,116,360
turn_left,0.602697909,0.524960339,-0.008360262,0.405264616,0.514548302,-0.022714445,0.739605784,0.56569171,-0.265769899,0.266090721,0.497549713,-0.023476116,0.719867766,0.382506698,-0.630312085,0.130320743,0.48159647,-0.181094974,0.582148254,0.904404104,0.010012651,0.456144154,0.906230152,-0.008701264,98,122,113,360
turn_left,0.602364659,0.524971485,0.002640662,0.4052535,0.514377952,-0.019961672,0.739576399,0.565652192,-0.246565416,0.266265482,0.497725457,-0.022710301,0.725713491,0.378771573,-0.596659541,0.130444065,0.481636137,-0.180660248,0.582121372,0.904452741,0.009985039,0.456167132,0.906225741,-0.008676846,98,122,111,360
turn_left,0.601357341,0.525128484,0.006445116,0.40520972,0.51452738,-0.023310928,0.73880291,0.565625548,-0.217981607,0.266630381,0.497759521,-0.023437928,0.731555879,0.37801975,-0.564082444,0.13077946,0.481669515,-0.182635576,0.582097709,0.90435034,0.010048995,0.456177473,0.906185567,-0.008747075,98,122,109,360
turn_left,0.60092032,0.525516152,0.007319457,0.405064583,0.514500499,-0.030873466,0.737151504,0.565595627,-0.143573791,0.266715914,0.498093337,-0.037505828,0.765353799,0.387938589,-0.447623879,0.130773544,0.483488381,-0.216948584,0.582081437,0.904346228,0.010650193,0.45617789,0.90621829,-0.009321664,98,122,97,359
turn_left,0.60092324,0.526627958,0.009429119,0.404888391,0.514794171,-0.03174071,0.735447049,0.564119875,-0.155701295,0.266721427,0.498378277,-0.055118322,0.79148519,0.410371363,-0.482451022,0.130523428,0.48514539,-0.243280008,0.58207804,0.904520571,0.010064506,0.456171572,0.906763017,-0.00882605,99,122,86,359
turn_left,0.600952446,0.527125001,0.009141942,0.404824078,0.515065849,-0.034937803,0.734331906,0.563371122,-0.166214317,0.266715676,0.498885959,-0.064767942,0.799571037,0.423499852,-0.491549313,0.130113006,0.485470265,-0.257851958,0.582090974,0.904593825,0.009831543,0.456179142,0.907000303,-0.008621264,99,122,80,359
turn_left,0.60172379,0.527177989,-0.014164714,0.404823959,0.514840603,-0.052307028,0.737120748,0.559997022,-0.077187724,0.26664564,0.498728961,-0.076417431,0.829321027,0.434725463,-0.267631441,0.129365757,0.484326661,-0.264770359,0.581940889,0.90468204,0.00710524,0.456015259,0.907022178,-0.006049429,101,122,67,359
turn_left,0.602568924,0.527453661,-0.028165307,0.404280812,0.514744222,-0.080452099,0.740055263,0.55203557,-0.057370663,0.265267968,0.494235069,-0.105069622,0.840839088,0.430808604,-0.232990026,0.126641244,0.480448931,-0.304808855,0.581751347,0.904984832,0.006073781,0.45563364,0.907314658,-0.005130373,104,123,60,357
turn_left,0.602658391,0.527461946,-0.032797735,0.403486341,0.514417291,-0.096626051,0.740362167,0.549404383,-0.069442548,0.26192683,0.490862519,-0.125287324,0.838132262,0.430018038,-0.259564847,0.123847939,0.47504285,-0.319678962,0.581504703,0.904936731,0.006104513,0.455287278,0.907298267,-0.005150847,105,124,60,357
turn_left,0.603088737,0.527484775,-0.005815362,0.403767169,0.514177859,-0.079574771,0.740195572,0.549961627,-0.09521275,0.261963785,0.490680218,-0.108240768,0.825710952,0.420232892,-0.284756958,0.123885117,0.472198457,-0.317885488,0.58162117,0.904948592,0.009141769,0.455235958,0.907168686,-0.008059153,105,124,66,358
turn_left,0.603444278,0.527625561,0.01454217,0.403823078,0.513956368,-0.061098218,0.739994287,0.550380766,-0.104114197,0.261999875,0.490653425,-0.094235793,0.821092904,0.41202274,-0.34648186,0.12413796,0.471019089,-0.309686959,0.58169359,0.905066609,0.010061758,0.45523423,0.907175958,-0.008968381,105,124,69,359
turn_left,0.60343951,0.527510226,0.013064191,0.40403676,0.514080167,-0.058197368,0.74036783,0.549044728,-0.175066426,0.261958182,0.489966214,-0.093320981,0.777658582,0.379802346,-0.515672982,0.124140576,0.469389856,-0.293215841,0.581680775,0.904966474,0.010505253,0.455231249,0.907121122,-0.009443092,105,124,87,359
turn_left,0.603435338,0.52740705,0.012408508,0.404202551,0.514167726,-0.05657934,0.740620255,0.548224807,-0.186036766,0.261930317,0.489506096,-0.093197256,0.767352581,0.371553779,-0.529130399,0.124124303,0.468434364,-0.286762178,0.581667244,0.904899478,0.01083673,0.455227196,0.907083333,-0.009794511,105,125,90,359
turn_left,0.605270624,0.527480543,0.011197961,0.404468387,0.514584959,-0.05516398,0.741151035,0.548648834,-0.172950327,0.263255328,0.500388563,-0.148090854,0.808414638,0.405561566,-0.488316298,0.128715351,0.500104308,-0.416960299,0.581588566,0.905044019,0.011668074,0.454850674,0.907074392,-0.010667721,105,121,74,354
turn_left,0.605251789,0.527507961,0.010345257,0.404766172,0.514593065,-0.046624795,0.740935683,0.551714182,-0.184592173,0.263249844,0.502369642,-0.091931626,0.789098859,0.395672828,-0.524507344,0.129371554,0.501660943,-0.316764474,0.581450045,0.904937804,0.011968244,0.454736531,0.907027423,-0.010898322,104,120,83,355
turn_left,0.6054371,0.528095543,0.014528972,0.404981226,0.514658153,-0.048557747,0.740761459,0.551751316,-0.14238961,0.263295949,0.504163384,-0.091802537,0.795604706,0.397876143,-0.431268394,0.129724413,0.504370332,-0.309951842,0.581446528,0.904873967,0.017368486,0.454733759,0.907016397,-0.016123695,104,120,80,356
turn_left,0.60599792,0.528128028,0.01406482,0.405317307,0.514906168,-0.041201197,0.741180301,0.551467717,-0.143469498,0.263776839,0.50414288,-0.108425453,0.815268815,0.409816295,-0.436425924,0.129870057,0.505401313,-0.350640595,0.581330657,0.904849827,0.01377959,0.45456934,0.906589746,-0.012719801,105,120,72,355
turn_left,0.60664916,0.528191864,0.004605049,0.405691445,0.515394509,-0.0480083,0.74169606,0.551075101,-0.136424586,0.26435563,0.504287004,-0.113269672,0.822956562,0.416922301,-0.406772137,0.130295113,0.50597769,-0.33968991,0.58123219,0.904762983,0.013316731,0.45453018,0.9063766,-0.012274089,105,120,68,355
turn_left,0.607341409,0.528239489,0.006649335,0.405846447,0.515672982,-0.045424663,0.742122769,0.550278306,-0.17886287,0.264097869,0.504379809,-0.11113064,0.818920493,0.413614005,-0.511058867,0.130360872,0.504493475,-0.337701142,0.581261098,0.904771686,0.013458381,0.454481363,0.906318545,-0.012405178,105,120,70,355
turn_left,0.607323885,0.529115438,0.011010162,0.405852854,0.515489221,-0.033376832,0.741157591,0.553852737,-0.175718218,0.26410085,0.504311383,-0.078608811,0.799020588,0.404329896,-0.491151333,0.130349174,0.503410935,-0.284303546,0.581325889,0.904478848,0.01343206,0.454542339,0.906172633,-0.012382315,104,120,79,356
turn_left,0.607353151,0.529879451,0.010536469,0.406020015,0.51550287,-0.03516268,0.741150022,0.556557596,-0.175391167,0.264143258,0.504222512,-0.06638708,0.787200391,0.395934612,-0.4921965,0.13034229,0.502701342,-0.25164935,0.581323326,0.904383123,0.013568321,0.454508483,0.905882657,-0.012478935,103,120,85,356
turn_left,0.607347667,0.53037113,-0.011310034,0.407161951,0.515810907,-0.036468793,0.743594766,0.557155728,-0.280975699,0.264141023,0.504211545,-0.06033396,0.754442334,0.381874025,-0.676733851,0.130225167,0.502156973,-0.237030476,0.58136332,0.904355645,0.012495441,0.454565138,0.905840993,-0.011308117,104,120,98,356
turn_left,0.607344747,0.530377448,-0.02057633,0.408211887,0.515813589,-0.037319202,0.7457515,0.557100713,-0.289786279,0.264369607,0.50427109,-0.043332495,0.741594434,0.373236805,-0.664603651,0.130217478,0.501780212,-0.212669536,0.581375539,0.904188395,0.012632246,0.454648823,0.905653358,-0.011387868,104,120,102,356
turn_left,0.608096719,0.530137122,-0.029649813,0.409261525,0.515493453,-0.037739865,0.747954011,0.559760451,-0.319848478,0.26468876,0.504351974,-0.039864335,0.725797355,0.376329482,-0.71232748,0.130202994,0.501579463,-0.206350014,0.581430078,0.904063225,0.012377707,0.454728425,0.904979765,-0.01104931,104,120,109,357
turn_left,0.608566582,0.530139625,-0.038944818,0.409512103,0.515108824,-0.04247361,0.750761092,0.562220454,-0.33599475,0.264699191,0.504249513,-0.042481381,0.724580824,0.376972497,-0.740000725,0.130194947,0.501435578,-0.207286388,0.581489861,0.903601408,0.012263469,0.4547382,0.904577553,-0.01087108,104,120,111,357
turn_left,0.608309627,0.530230761,-0.033435412,0.40929684,0.515139759,-0.047673736,0.750521362,0.56223464,-0.289911002,0.264654309,0.504265189,-0.04637111,0.73246944,0.377131999,-0.657568097,0.130287975,0.500783324,-0.214287162,0.581519246,0.903598547,0.014818777,0.454934686,0.904878736,-0.013289186,104,120,108,357
turn_left,0.607994676,0.530324697,-0.01795521,0.409135431,0.515182793,-0.046959862,0.749937952,0.562203944,-0.274804056,0.264481634,0.50424546,-0.047054701,0.739047289,0.377941817,-0.638215303,0.130415782,0.500613451,-0.216172531,0.581656158,0.903592467,0.017659798,0.455154717,0.905312479,-0.016144712,104,120,106,357
turn_left,0.607603133,0.530322254,-0.003526713,0.408146381,0.515688479,-0.051519722,0.746684313,0.562683463,-0.148822978,0.263441384,0.505116463,-0.064349964,0.768066287,0.382904887,-0.440826476,0.130446374,0.501679003,-0.248553663,0.58165884,0.903582692,0.018651169,0.455126226,0.905372083,-0.01714479,103,120,96,357
turn_left,0.607567072,0.530283868,0.002980033,0.407802105,0.515899062,-0.0508999,0.745014787,0.562596977,-0.150279641,0.263437212,0.506542087,-0.086655356,0.782673895,0.389602393,-0.446630806,0.131188422,0.503831625,-0.306602567,0.581659853,0.903468788,0.018951647,0.45503664,0.905355692,-0.017459,102,119,91,357
turn_left,0.607559562,0.530311584,0.003844214,0.406998217,0.516244292,-0.054415643,0.744576156,0.560905039,-0.139420733,0.264085412,0.507415354,-0.114613727,0.811068654,0.418409497,-0.427634299,0.132175833,0.506351411,-0.354074925,0.581658781,0.903731406,0.018685564,0.455034077,0.905913234,-0.017252315,103,119,78,357
turn_left,0.607552886,0.530305982,0.002996479,0.406348467,0.516389966,-0.05400154,0.744071722,0.55944854,-0.120751359,0.264620066,0.508010685,-0.126289025,0.821912169,0.428521335,-0.370541751,0.132698596,0.508941531,-0.367012292,0.581603348,0.903837383,0.017851273,0.454971403,0.905966163,-0.016555047,103,119,71,356
turn_left,0.607556105,0.530284464,-0.001090561,0.406320423,0.516546488,-0.056086302,0.743652642,0.558847964,-0.111597739,0.266146243,0.509021401,-0.120951034,0.82481879,0.432893872,-0.348522127,0.134440139,0.509269297,-0.347881019,0.581565619,0.903816581,0.016530443,0.454935223,0.905963659,-0.015305455,103,119,69,357
turn_left,0.607453227,0.530385852,-0.00163945,0.405713379,0.516637921,-0.056210797,0.743518472,0.558677316,-0.127010852,0.266498864,0.509867728,-0.126543209,0.82030499,0.429757416,-0.393357396,0.134765476,0.509775996,-0.369289875,0.58151418,0.903972387,0.01566352,0.454611599,0.906125903,-0.014495018,103,118,71,357
turn_left,0.607221842,0.530445158,0.0128197,0.405640453,0.516266227,-0.055881709,0.741835475,0.560418665,-0.114994481,0.265881717,0.509834111,-0.119384125,0.812574506,0.42724818,-0.386864126,0.13444826,0.509569228,-0.339404076,0.581542611,0.903908849,0.017572718,0.454654396,0.906150579,-0.016265785,102,118,75,357
turn_left,0.606848121,0.530216157,0.010408611,0.40562129,0.51604712,-0.051330119,0.740867794,0.560390413,-0.14014706,0.264574587,0.509822905,-0.087970056,0.795778155,0.411761105,-0.452126801,0.133275867,0.509374082,-0.2792494,0.581579804,0.903879464,0.017503796,0.454663455,0.906155169,-0.01619597,102,118,82,358
turn_left,0.606796622,0.530178189,-0.012984991,0.406097889,0.51626122,-0.050987709,0.742352068,0.559891462,-0.24599728,0.263497293,0.508515477,-0.066560313,0.764935434,0.386356801,-0.623410523,0.132184371,0.5073722,-0.253538251,0.581675529,0.90331769,0.015132152,0.454830498,0.905948639,-0.013682964,103,119,95,357
turn_left,0.606718779,0.52997148,-0.014069821,0.406374127,0.516927481,-0.048074573,0.74299562,0.559150875,-0.247765705,0.262984931,0.507808149,-0.053025745,0.747540832,0.377304971,-0.603519917,0.131817088,0.50571996,-0.230679303,0.581675708,0.903180242,0.015127653,0.454860926,0.905861139,-0.013670052,103,119,101,357
turn_left,0.606786072,0.529781699,-0.023631137,0.406465471,0.516910195,-0.048106648,0.743725598,0.559146583,-0.302189976,0.26242584,0.507575095,-0.048660241,0.71934855,0.376480043,-0.688029468,0.131588429,0.504916847,-0.217398807,0.581679463,0.903034151,0.015022804,0.454926878,0.90564096,-0.013543233,103,120,110,357
turn_left,0.60688293,0.529243231,-0.024259424,0.406831086,0.516899943,-0.035122801,0.743919849,0.559096336,-0.318443388,0.262433708,0.507119536,-0.040972527,0.711051166,0.377015412,-0.703349531,0.131328464,0.503833115,-0.209842831,0.581758142,0.902802765,0.013200226,0.454940706,0.905165136,-0.011745686,103,120,113,358
turn_left,0.607100487,0.529054463,-0.022482285,0.406905115,0.516957581,-0.019122776,0.74461621,0.559084773,-0.299115598,0.261774093,0.5066154,-0.019097101,0.710887074,0.378836304,-0.659166455,0.131013721,0.50349009,-0.174995303,0.581877589,0.902796507,0.012845762,0.454911858,0.905141175,-0.011422383,103,120,113,357
turn_left,0.607383966,0.528904259,-0.028172072,0.406968832,0.51740855,-0.021762438,0.74470979,0.559071481,-0.319996834,0.261783451,0.506595254,-0.029868547,0.7114833,0.376329273,-0.704054415,0.130909383,0.503228426,-0.193947122,0.582131028,0.902808309,0.012819609,0.455243409,0.905175924,-0.011381922,103,120,113,357
turn_left,0.606737256,0.528704524,-0.009876021,0.406894356,0.517321169,-0.025266528,0.744708657,0.55902344,-0.22377567,0.261739761,0.506815553,-0.036582358,0.712019563,0.373419702,-0.554193139,0.1309506,0.503426135,-0.208963186,0.582134962,0.902599454,0.014197523,0.455452025,0.905025184,-0.012733589,103,120,112,357
turn_left,0.605661929,0.528698444,0.009104108,0.405858815,0.516457379,-0.040020712,0.743775606,0.559363425,-0.131410241,0.26165846,0.508280516,-0.098240539,0.763087511,0.374310911,-0.412925661,0.131619841,0.505336821,-0.337742269,0.58213836,0.902588844,0.017098006,0.455498517,0.905056,-0.015691467,103,119,97,358
turn_left,0.605666697,0.528379977,-0.024222916,0.406022072,0.516474485,-0.04248672,0.744375587,0.557549536,-0.288609803,0.261206448,0.508324087,-0.076503292,0.731256366,0.373336524,-0.666251898,0.130680114,0.505689859,-0.263821185,0.582144856,0.902283072,0.015726862,0.45563072,0.904502928,-0.014223399,103,119,106,358
turn_left,0.605459869,0.528374016,-0.022539079,0.405961215,0.516504705,-0.045126628,0.743508935,0.557504594,-0.234986097,0.260234475,0.508037746,-0.073449925,0.743118286,0.37403518,-0.603759408,0.129835591,0.50366199,-0.261833549,0.582022548,0.901547432,0.015114265,0.45550853,0.903972328,-0.013620663,103,120,102,359
turn_left,0.605491221,0.528327882,-0.023557102,0.405981839,0.517260671,-0.045083497,0.742645442,0.558134317,-0.272792041,0.259717464,0.507517278,-0.062910944,0.728101134,0.374675065,-0.659612179,0.128612369,0.501913667,-0.235427111,0.582022905,0.901084185,0.013979241,0.455517381,0.903442025,-0.012470808,103,120,107,359
turn_left,0.605660319,0.528159261,-0.030296043,0.406105578,0.51753211,-0.044536162,0.742742479,0.559032738,-0.314351857,0.258818537,0.506997406,-0.058679424,0.719691396,0.375114799,-0.710873187,0.127277359,0.500420392,-0.226670906,0.582024872,0.901085317,0.01336159,0.455527693,0.903411865,-0.011861281,102,120,110,359
turn_left,0.605675578,0.52812022,-0.041115254,0.406152546,0.517752349,-0.053873431,0.74275142,0.563806355,-0.323426187,0.257924378,0.506923199,-0.060903519,0.718998909,0.377200216,-0.718748033,0.124928452,0.499685436,-0.225567788,0.581981778,0.900932908,0.013448348,0.455456108,0.903092504,-0.01193817,101,121,112,359
turn_left,0.605729043,0.528045475,-0.038302734,0.406241804,0.517734826,-0.052559067,0.742592156,0.564112961,-0.302298069,0.257848442,0.506801128,-0.049906962,0.720260918,0.377712995,-0.681327403,0.124842703,0.498805702,-0.206595853,0.581922531,0.900547922,0.013758843,0.455411196,0.902479351,-0.012241598,101,121,112,359
turn_left,0.605172753,0.528175116,-0.036506541,0.405926764,0.517784059,-0.059946328,0.7420398,0.564449847,-0.248401001,0.255134612,0.506871045,-0.075027652,0.7426489,0.379721135,-0.631120026,0.122842573,0.499504715,-0.262170434,0.581934333,0.899009049,0.013494583,0.455416381,0.901670754,-0.011987304,101,121,105,359
turn_left,0.604978919,0.528290033,-0.024625726,0.405379683,0.518277049,-0.066620961,0.74116838,0.564375281,-0.203425616,0.252759159,0.507012725,-0.087848373,0.754626811,0.381242335,-0.555695474,0.122284487,0.499593914,-0.281967074,0.5819363,0.898616135,0.014145663,0.455300093,0.901420176,-0.012653892,101,121,101,359
turn_left,0.604975045,0.528349876,0.000476262,0.405205667,0.518374979,-0.067159042,0.738883078,0.563773036,-0.129268974,0.252942801,0.507727027,-0.104206525,0.78083688,0.403100133,-0.417369187,0.122596003,0.501860321,-0.300949425,0.582018495,0.898637652,0.016317867,0.455283165,0.90152967,-0.014903461,100,121,90,359
turn_left,0.604990661,0.528409541,0.006072887,0.405083954,0.518388569,-0.068502009,0.738231778,0.562331855,-0.127136678,0.253380597,0.508361578,-0.117790058,0.795254529,0.40958634,-0.414357811,0.122777499,0.50370729,-0.32551387,0.582009494,0.898692369,0.017170193,0.455041975,0.901524425,-0.015807059,101,121,84,358
turn_left,0.605180621,0.528455436,-0.005339931,0.404579699,0.518393815,-0.071472958,0.737770438,0.562346995,-0.132155314,0.255387008,0.508799493,-0.126890004,0.814874172,0.441534162,-0.412198603,0.124315239,0.506097198,-0.349437565,0.582005858,0.898704708,0.015299018,0.45501247,0.901523769,-0.014031191,101,121,72,358
turn_left,0.605188727,0.528510213,-0.005622448,0.404318243,0.518296957,-0.069789268,0.736867905,0.562592506,-0.099453263,0.256175131,0.509178698,-0.116925381,0.817620158,0.456716925,-0.353797466,0.125565395,0.508050799,-0.328184366,0.581989169,0.898656785,0.014530239,0.455004364,0.901545346,-0.013303215,100,120,67,357
turn_left,0.605456412,0.528447211,-0.004090537,0.404318899,0.518056154,-0.069138102,0.736683905,0.562625706,-0.134362862,0.257951438,0.509178936,-0.111907676,0.811074138,0.44495523,-0.43316555,0.126492709,0.508852601,-0.325583577,0.581988752,0.898666561,0.014124587,0.454911649,0.901542008,-0.012914417,100,120,72,357
turn_left,0.605468929,0.52853179,-0.001534786,0.404129028,0.51804775,-0.068899885,0.736159861,0.562928379,-0.144968033,0.258024246,0.509181917,-0.119003259,0.806124091,0.439025193,-0.450658023,0.126497388,0.509192705,-0.336737037,0.581985533,0.898700714,0.014102715,0.454598039,0.901515722,-0.012897536,100,120,75,357
turn_left,0.605396569,0.528437614,-0.011004823,0.404738516,0.517532945,-0.071264543,0.736311138,0.563704789,-0.150464401,0.257520258,0.508365214,-0.106805339,0.79448545,0.414743245,-0.461785734,0.126442865,0.507635474,-0.314282,0.582001746,0.898674667,0.014356536,0.454624951,0.901417375,-0.013061702,100,120,84,357
turn_left,0.605369985,0.528428614,0.000894865,0.404972017,0.517455339,-0.061479937,0.736968696,0.565894961,-0.155156583,0.257493258,0.50779748,-0.079110473,0.781826019,0.404702574,-0.465320766,0.126455009,0.506822944,-0.265749276,0.581992269,0.898720562,0.015375751,0.454634279,0.901432335,-0.01403522,99,120,90,357
turn_left,0.605335593,0.528521299,-0.0045292,0.405060291,0.517470419,-0.057449766,0.740014017,0.565868437,-0.240804002,0.257457972,0.507854402,-0.06521906,0.744922757,0.388986975,-0.595616043,0.126476109,0.506980717,-0.234033197,0.581975698,0.898744345,0.016469497,0.454645157,0.901431203,-0.015087212,100,120,104,357
turn_left,0.605350375,0.52856344,-0.024048753,0.405395269,0.51739341,-0.068756446,0.742002428,0.566198468,-0.274335802,0.257550597,0.507856131,-0.07129366,0.732431054,0.387184948,-0.64814508,0.12688145,0.506964147,-0.250493526,0.581981301,0.898892045,0.01687343,0.454914033,0.901509047,-0.015422913,100,120,108,357
turn_left,0.605355978,0.528425515,-0.026639571,0.405579507,0.517389536,-0.065692849,0.742421031,0.566727638,-0.296637952,0.257549793,0.50778228,-0.065261848,0.718150735,0.386286944,-0.677079916,0.126805142,0.506950438,-0.233412832,0.581988096,0.89939481,0.016860332,0.454914004,0.901573539,-0.015411456,100,120,113,357
turn_left,0.605366409,0.528155208,-0.031546302,0.405860335,0.51742065,-0.059735853,0.74237138,0.566978693,-0.308204234,0.257816762,0.507736981,-0.058262926,0.716078877,0.386312038,-0.689237595,0.127343863,0.50677371,-0.2245408,0.581995189,0.899399042,0.016803345,0.454915196,0.901500165,-0.015333472,100,120,114,357
turn_left,0.605343819,0.528045893,-0.036369734,0.405923992,0.517536283,-0.06409622,0.742492318,0.56696701,-0.283652812,0.257817686,0.508925855,-0.058791518,0.724505007,0.384792864,-0.655979156,0.127346471,0.507619441,-0.225164369,0.582026005,0.899187386,0.016792653,0.454931259,0.900977373,-0.015300264,100,120,111,357
turn_left,0.605282784,0.528182924,-0.035731379,0.405925423,0.517943442,-0.057555087,0.742544532,0.566896379,-0.269783795,0.257824361,0.509590924,-0.059850641,0.729626894,0.384746015,-0.628630936,0.127331287,0.508011758,-0.233128399,0.582040131,0.899154246,0.01631701,0.454960912,0.900894105,-0.014817236,100,120,110,357
turn_left,0.604428589,0.528191447,-0.026115254,0.405181974,0.518128812,-0.058107276,0.742175043,0.565814018,-0.223466873,0.25726074,0.509843707,-0.074808612,0.748696983,0.384470314,-0.574690461,0.12689127,0.508430362,-0.266889304,0.582041502,0.899255455,0.015812624,0.454951197,0.900937617,-0.014343972,100,120,103,357
turn_left,0.603886962,0.528186023,-0.022102851,0.404197514,0.518128753,-0.059324093,0.740948379,0.565744102,-0.18693909,0.255976319,0.510195553,-0.08602275,0.76246798,0.38461256,-0.506812572,0.125089049,0.508678317,-0.281259835,0.582009256,0.899220586,0.015752098,0.454929829,0.900918126,-0.014306913,100,120,99,358
turn_left,0.603512347,0.528017581,-0.019250108,0.40408197,0.51817137,-0.059359409,0.740056515,0.565284669,-0.178758562,0.255987406,0.510575354,-0.086549148,0.773159146,0.385975331,-0.489991277,0.124917962,0.509210527,-0.280707002,0.581981063,0.899221361,0.015241171,0.454886109,0.900772095,-0.013844369,100,120,95,358
turn_left,0.603558779,0.528124094,-0.014291203,0.404075712,0.518486321,-0.06306307,0.739034295,0.563063383,-0.156875387,0.257177353,0.510625601,-0.095556848,0.796711981,0.406818718,-0.449179351,0.124988079,0.509511113,-0.287121594,0.582040429,0.899230838,0.015479149,0.454900801,0.900788128,-0.014110072,101,120,84,357
turn_left,0.603546739,0.528199553,-0.007598509,0.403853416,0.518513501,-0.059660189,0.735701561,0.562837839,-0.161028326,0.257573724,0.51092577,-0.093792386,0.800262749,0.426053792,-0.481330872,0.125225574,0.50969857,-0.284238428,0.582097232,0.89931941,0.014023589,0.455186784,0.900869191,-0.012742857,100,120,79,358
turn_left,0.603523612,0.528134465,-0.00810969,0.403853506,0.51841855,-0.059616964,0.734285951,0.563014686,-0.156624183,0.258054167,0.510928214,-0.093100816,0.802441895,0.430551082,-0.454563081,0.125238389,0.509695351,-0.2832506,0.582043052,0.899175942,0.012431131,0.45519644,0.900802314,-0.01121955,99,120,78,358
turn_left,0.603292465,0.528039992,0.005981326,0.403842866,0.517993391,-0.059150867,0.734143317,0.566396832,-0.112141825,0.257495463,0.509692609,-0.092856161,0.794959784,0.426190227,-0.386086524,0.124968007,0.50923425,-0.282644361,0.581960142,0.899036944,0.013312772,0.455156475,0.900806725,-0.012114788,98,120,83,357
turn_left,0.603209436,0.527898014,-0.001224093,0.404273123,0.517638743,-0.059804846,0.734238446,0.569059372,-0.127687141,0.257877678,0.509006321,-0.092266724,0.794730067,0.425144076,-0.423153788,0.125133455,0.50860858,-0.281294286,0.58184135,0.898935735,0.013130426,0.455137968,0.90065068,-0.011919184,97,120,85,357
turn_left,0.603407621,0.528109848,-0.007777316,0.404219061,0.518229663,-0.063705854,0.73399955,0.569142938,-0.116056368,0.259546816,0.509405553,-0.098035954,0.809515953,0.449524701,-0.380946159,0.126857236,0.511480212,-0.295908123,0.581844985,0.899223566,0.012716204,0.455137551,0.901337087,-0.01149978,97,120,75,356
turn_left,0.603436589,0.527597308,-0.015794547,0.40462327,0.518197,-0.048309121,0.735215962,0.569963098,-0.268496364,0.259048283,0.508593619,-0.046136625,0.735883951,0.41609633,-0.631528974,0.126733989,0.5090729,-0.202740312,0.581842303,0.899297535,0.012435053,0.45518738,0.901304305,-0.011183122,97,120,108,356
turn_left,0.603462636,0.527592421,-0.020809308,0.404907405,0.518196702,-0.046579532,0.736792922,0.569901407,-0.268865883,0.258903354,0.508108795,-0.044822283,0.728711963,0.39382726,-0.625529468,0.126743406,0.508220077,-0.206644416,0.58194083,0.899735093,0.012248531,0.455253541,0.901315808,-0.010951906,98,120,110,356
turn_left,0.603029847,0.527592659,-0.015717087,0.404866368,0.518565118,-0.047304608,0.737310112,0.569537818,-0.247997835,0.258892268,0.510185778,-0.050154109,0.740828812,0.390785128,-0.576111913,0.127275854,0.508825123,-0.235504434,0.581946552,0.899846196,0.013027144,0.455299139,0.901321411,-0.011679305,98,120,106,357
turn_left,0.602565408,0.527440906,-0.006013999,0.404626787,0.519190907,-0.060495697,0.737314522,0.569512129,-0.182201833,0.25897032,0.51221478,-0.100457549,0.741762102,0.392796546,-0.49437508,0.129827529,0.512419641,-0.315900862,0.581941247,0.899669826,0.016477617,0.455298036,0.901289821,-0.015061137,98,120,106,357
turn_left,0.601990998,0.527148664,-0.005032921,0.404026896,0.519374847,-0.069970831,0.736649394,0.569349825,-0.127583757,0.258968472,0.512898028,-0.104974583,0.771993756,0.397774398,-0.411682039,0.129766688,0.517671764,-0.31040293,0.581893981,0.899498403,0.017525161,0.455297709,0.90128392,-0.016095504,98,119,96,355
turn_left,0.602053046,0.527171969,-0.008258154,0.403937012,0.519391418,-0.069256678,0.735896647,0.567729235,-0.144198328,0.260261685,0.513129771,-0.105415978,0.798900962,0.422774047,-0.435226142,0.129706323,0.520078361,-0.32211253,0.581849456,0.899494708,0.014073913,0.455020815,0.901252508,-0.01279107,98,119,83,354
turn_left,0.602276921,0.527433574,-0.010630792,0.403710932,0.519425273,-0.073508605,0.735695004,0.567171752,-0.115874015,0.260766149,0.513219833,-0.10278438,0.809633911,0.434366435,-0.379837483,0.12977314,0.520928979,-0.309049398,0.581822991,0.899612069,0.014096531,0.454861164,0.901502013,-0.01281147,98,119,77,354
turn_left,0.602461696,0.527616858,-0.012363751,0.403563976,0.519454896,-0.074463278,0.735493004,0.566769242,-0.11363896,0.261010408,0.513322055,-0.101267397,0.811949849,0.438237101,-0.377914608,0.129801467,0.521372855,-0.30344677,0.581804574,0.899689078,0.014097783,0.454754174,0.901677191,-0.01281136,98,119,76,354
turn_left,0.602394223,0.527720153,-0.01209595,0.402980387,0.519458592,-0.077305332,0.734494925,0.568646014,-0.101484872,0.259986758,0.513470292,-0.105796203,0.807756245,0.444155306,-0.367265582,0.129769132,0.521188855,-0.31029591,0.581752896,0.899808347,0.01420856,0.454681307,0.901860595,-0.012906088,98,119,77,354
turn_left,0.602337599,0.527863145,-0.003906786,0.402087688,0.519810498,-0.076258101,0.732974768,0.569722593,-0.107874416,0.259616613,0.513850451,-0.113025822,0.804391384,0.443231016,-0.387332857,0.129984185,0.520953,-0.328134239,0.581752717,0.899930418,0.014803956,0.454696119,0.902393639,-0.013506114,97,119,78,354
turn_left,0.602331817,0.527972102,0.001494309,0.402232558,0.519836962,-0.066310972,0.73299849,0.569759011,-0.138057917,0.259595275,0.51384747,-0.104647003,0.793812871,0.421532661,-0.444777012,0.129958197,0.519260883,-0.313918173,0.581726432,0.89993155,0.015171665,0.454675734,0.902352512,-0.013890037,97,119,85,355
turn_left,0.602330625,0.528627276,0.000283451,0.402837515,0.519755423,-0.066291817,0.73480922,0.571011603,-0.167460009,0.258644402,0.511989474,-0.097720854,0.774284363,0.411231935,-0.493624777,0.12916711,0.516450286,-0.28877601,0.581633329,0.899986863,0.015673133,0.454612076,0.902373612,-0.014360713,97,120,94,355
turn_left,0.60252434,0.529488146,-0.021894688,0.403622955,0.519317389,-0.068010703,0.739171982,0.570294201,-0.239129394,0.258352339,0.510841906,-0.096134916,0.762529731,0.39354673,-0.599274695,0.128414124,0.512790143,-0.284693331,0.581629753,0.899986684,0.015345862,0.454440981,0.902299106,-0.013987487,99,120,99,356
turn_left,0.602705181,0.530320227,-0.021200825,0.404400498,0.519217074,-0.06740433,0.741770923,0.570448875,-0.238787934,0.258294463,0.510416389,-0.088765197,0.753385007,0.389768988,-0.60172677,0.128275648,0.511088073,-0.273885787,0.581593633,0.899983048,0.015346644,0.454381317,0.902221143,-0.013984859,100,120,102,356
turn_left,0.603248537,0.530321777,-0.033645172,0.405366987,0.51921773,-0.078385837,0.7430287,0.571460783,-0.278501868,0.258260727,0.509891748,-0.083617203,0.733951986,0.39102295,-0.653592229,0.127918333,0.509831667,-0.245157287,0.581667542,0.900457799,0.017199317,0.454385817,0.902236819,-0.015632082,100,120,109,356
turn_left,0.603911042,0.530106902,-0.030619234,0.406354278,0.518367469,-0.068125784,0.74342972,0.573127747,-0.279054821,0.258357167,0.509304702,-0.059761874,0.723294854,0.393551975,-0.649411559,0.127875626,0.509112,-0.222077012,0.581677675,0.900606573,0.017271336,0.454391479,0.902224541,-0.015695633,99,120,114,357
turn_left,0.604563951,0.529896259,-0.03030167,0.407354832,0.518242538,-0.059927575,0.743667483,0.573112845,-0.294366211,0.258959323,0.508426309,-0.053760041,0.721584141,0.394884616,-0.678770721,0.128084883,0.50785023,-0.219672158,0.581659198,0.900551796,0.01685496,0.454343498,0.901473582,-0.015262047,99,120,114,356
turn_left,0.604859829,0.529573739,-0.044325579,0.407711029,0.518012464,-0.070572689,0.743677735,0.574219644,-0.314046562,0.258941829,0.508187175,-0.056899287,0.722939789,0.395985544,-0.707503676,0.127704874,0.507736206,-0.233191326,0.581669688,0.900560021,0.017497266,0.45434159,0.901343167,-0.015865017,99,120,114,356
turn_left,0.604829013,0.529570162,-0.041321691,0.40740186,0.518578708,-0.079484701,0.743566394,0.573866189,-0.295221955,0.258363813,0.509316146,-0.074128844,0.726747632,0.393341422,-0.669383347,0.127618402,0.507920921,-0.259898603,0.581674933,0.900431037,0.017505212,0.454439461,0.90134424,-0.01586638,99,120,113,357
turn_left,0.604470372,0.529662848,-0.03499547,0.407034695,0.519081473,-0.076309524,0.743032038,0.572428107,-0.231038049,0.258187979,0.510221183,-0.08067771,0.738069057,0.390110284,-0.564794421,0.127632394,0.50841713,-0.273670912,0.581672192,0.899927735,0.016801281,0.454486221,0.901219189,-0.015197468,99,120,109,357
turn_left,0.60385406,0.529656172,-0.018730229,0.406617463,0.519073308,-0.076078922,0.740726054,0.572143614,-0.161241144,0.258503139,0.510651231,-0.108370841,0.767359853,0.395271361,-0.467012703,0.12977466,0.510830998,-0.334442854,0.581680536,0.899900377,0.017129565,0.454522312,0.901198983,-0.015546957,99,120,99,357
turn_left,0.603403509,0.529262364,-0.012927155,0.406257093,0.519072711,-0.077073976,0.737618208,0.571345091,-0.131872728,0.259022772,0.510989606,-0.11033766,0.778485119,0.398675412,-0.428678691,0.131508216,0.512904823,-0.330649406,0.581681967,0.899593472,0.017254109,0.454523504,0.901018679,-0.015661109,98,120,94,356
turn_left,0.603493989,0.529259741,-0.020225285,0.40542683,0.519495964,-0.086833373,0.737245858,0.571167409,-0.137478337,0.259258449,0.511064589,-0.125930592,0.809888661,0.430119574,-0.428548872,0.131442934,0.515650511,-0.347014606,0.581680834,0.899820209,0.016629471,0.454354376,0.901385009,-0.015084405,98,120,80,355
turn_left,0.603591383,0.529257178,-0.021305667,0.40495795,0.519580543,-0.090581909,0.736818075,0.571156681,-0.123780742,0.259344041,0.511341751,-0.127494171,0.815941811,0.440871328,-0.404064327,0.131363735,0.517231047,-0.342954308,0.581706405,0.899840534,0.016662529,0.454369634,0.901601374,-0.015110107,98,120,76,354
turn_left,0.603651881,0.52962327,-0.017559409,0.404865891,0.519584119,-0.082380615,0.736555457,0.571024179,-0.145877942,0.260170281,0.512242258,-0.122618951,0.808461368,0.437608391,-0.450097978,0.13136591,0.517560899,-0.330326706,0.581744134,0.900400281,0.016299557,0.454374939,0.902363658,-0.014765543,98,119,79,355
turn_left,0.603678584,0.529730141,-0.014820447,0.404836833,0.519316256,-0.080706395,0.735464275,0.571248114,-0.145760685,0.260744542,0.512588143,-0.118749939,0.804205298,0.435025245,-0.453184754,0.131482497,0.517506361,-0.325350821,0.581777215,0.900370955,0.01664092,0.454378992,0.902444005,-0.015081729,98,119,81,355
turn_left,0.603731155,0.529721975,-0.019221947,0.404857457,0.519191504,-0.083214387,0.735484779,0.571058631,-0.150484011,0.260467768,0.512671709,-0.11272534,0.802952468,0.42320478,-0.462813228,0.130594984,0.516717196,-0.30582723,0.581722438,0.900425017,0.016884753,0.454380661,0.902444541,-0.015283609,98,119,83,356
turn_left,0.603734016,0.530837536,-0.023600891,0.404909074,0.519220591,-0.096372433,0.735555828,0.571781099,-0.153390303,0.259005964,0.512261748,-0.114027306,0.788031399,0.4143067,-0.465594769,0.128139764,0.515538871,-0.299805909,0.581724763,0.900665939,0.019686559,0.454405248,0.902555585,-0.018005501,98,119,89,356
turn_left,0.603742838,0.531229317,-0.023573788,0.405500233,0.519211471,-0.094303295,0.736205459,0.571979105,-0.158641338,0.258863807,0.511320055,-0.110133074,0.773677945,0.409006327,-0.46624589,0.127850384,0.513803542,-0.288270652,0.58168745,0.900669098,0.020243283,0.454407394,0.902525663,-0.018540833,98,120,94,356
turn_left,0.603990912,0.530329585,-0.021480409,0.405495882,0.518927276,-0.093132317,0.736346364,0.57074219,-0.132566333,0.261218429,0.511900008,-0.12955907,0.802231491,0.424393594,-0.423844278,0.129987523,0.515038073,-0.359677196,0.58161664,0.900643289,0.020098023,0.454267263,0.902198017,-0.018400559,98,119,83,356
turn_left,0.604386926,0.530699551,-0.045427773,0.407600313,0.518794417,-0.092422634,0.740426421,0.57012707,-0.252819657,0.261192411,0.510541677,-0.091082111,0.752886176,0.397011489,-0.6079759,0.129962608,0.508622825,-0.265036255,0.5816167,0.900677025,0.020065233,0.45453763,0.902217448,-0.018364677,99,119,102,358
turn_left,0.604585469,0.53125304,-0.05810336,0.407659352,0.518759429,-0.095799401,0.741750121,0.569782674,-0.284645289,0.259668291,0.509134591,-0.093540557,0.747533262,0.39046964,-0.658411503,0.128790289,0.505783439,-0.268693626,0.581612706,0.90067333,0.019964619,0.45457834,0.902186453,-0.018248053,100,120,104,358
turn_left,0.604689479,0.531545818,-0.05531811,0.40765205,0.518775761,-0.096874975,0.740944803,0.569764137,-0.231757969,0.259033561,0.507773638,-0.094598189,0.750576973,0.393527657,-0.529660523,0.128098533,0.505348444,-0.272305518,0.581611812,0.900805116,0.022013094,0.454537302,0.90230763,-0.020265762,100,121,103,357
turn_left,0.60477525,0.531755865,-0.053086232,0.407648653,0.518787205,-0.09721344,0.740367472,0.569740713,-0.210527971,0.25860548,0.506908059,-0.095603846,0.752897501,0.395358145,-0.501058042,0.127631724,0.505073428,-0.272834599,0.581610322,0.900901556,0.023151256,0.454500139,0.902386963,-0.021390868,100,121,102,356
turn_left,0.604913175,0.531798303,-0.035339892,0.407637745,0.518977523,-0.095793009,0.739411712,0.569730222,-0.181172118,0.259531856,0.507325828,-0.095941968,0.7662251,0.399883389,-0.498252213,0.127925485,0.505335152,-0.276505053,0.581615448,0.900994956,0.023049327,0.454499006,0.90238595,-0.021294054,100,121,97,356
turn_left,0.604926527,0.532247961,-0.022747124,0.407627165,0.519279838,-0.09029384,0.739405751,0.569727957,-0.164035648,0.259857893,0.508332729,-0.096556216,0.766795993,0.400413841,-0.468180984,0.129437342,0.50700146,-0.281208098,0.58159852,0.901929736,0.022688609,0.454381138,0.902646899,-0.020957349,100,120,96,356
turn_left,0.604938447,0.53229326,-0.020815725,0.408453792,0.519277394,-0.084134057,0.739905596,0.570006251,-0.190331176,0.260153353,0.507403731,-0.093114704,0.765330255,0.400057316,-0.525876105,0.129512548,0.507082224,-0.278782874,0.581614375,0.902376175,0.022221623,0.454496533,0.902659595,-0.020521265,100,121,97,356
turn_left,0.605036438,0.532274365,-0.038951539,0.408816814,0.518923342,-0.087389283,0.740898013,0.569522619,-0.236602157,0.260150731,0.506881654,-0.093796238,0.76203835,0.398838848,-0.595105052,0.129025802,0.507109821,-0.280121744,0.581711173,0.902378142,0.020122565,0.454631865,0.902789354,-0.018354325,100,121,98,355
turn_left,0.605061412,0.532289147,-0.042109407,0.408984572,0.518758297,-0.085392214,0.741240919,0.570338845,-0.273384243,0.259909064,0.50669992,-0.088400312,0.742888808,0.395174563,-0.641068518,0.128956199,0.504606187,-0.271380574,0.5815534,0.90225625,0.018547077,0.45468393,0.902758062,-0.016830333,100,121,105,356
turn_left,0.605992973,0.532238305,-0.053547304,0.41046223,0.518733919,-0.082804732,0.741719246,0.570805252,-0.335450083,0.260387301,0.506369948,-0.081721574,0.715643644,0.39217028,-0.737827301,0.128671885,0.502845109,-0.256999433,0.581544936,0.902276397,0.017063864,0.454685271,0.902747154,-0.015422843,100,121,114,357
turn_left,0.606996775,0.53215605,-0.05504369,0.411652744,0.518731773,-0.084038623,0.74310708,0.57373029,-0.328109384,0.260845363,0.506047428,-0.082249485,0.70502907,0.394560218,-0.722517967,0.128308281,0.501574159,-0.250489295,0.581542492,0.902587116,0.017678423,0.454732746,0.90285176,-0.016023405,99,121,119,357
turn_left,0.607315242,0.532104433,-0.064882681,0.4121508,0.518165231,-0.082224354,0.743248522,0.575133204,-0.350287199,0.260723442,0.505437553,-0.080110542,0.699762702,0.39881143,-0.743668914,0.128141075,0.499718219,-0.241900295,0.581566334,0.902508199,0.015527504,0.454832733,0.902828276,-0.013917709,99,121,121,358
turn_left,0.607851386,0.531987429,-0.068512395,0.412237555,0.518048823,-0.080116495,0.743321955,0.576469421,-0.347916991,0.260685742,0.505064607,-0.079961792,0.705605745,0.399332047,-0.741572261,0.12812461,0.499621183,-0.247318074,0.581563354,0.902473211,0.012660159,0.454835951,0.902465165,-0.011094464,98,121,120,357
turn_left,0.608080745,0.531960666,-0.065356433,0.412266731,0.518027663,-0.079262942,0.743371367,0.576673925,-0.322223216,0.260550231,0.504976869,-0.073930264,0.710323691,0.394941121,-0.698752403,0.128125414,0.499739289,-0.24242568,0.581565797,0.902632713,0.0137959,0.454852492,0.902477205,-0.012240223,98,121,119,357
turn_left,0.607974172,0.531999528,-0.063383147,0.412154287,0.518011034,-0.086412951,0.743580461,0.573046148,-0.281434149,0.259897828,0.505022764,-0.078525305,0.728643119,0.389927179,-0.631804883,0.128185079,0.499831617,-0.257136375,0.581603169,0.902608812,0.015625298,0.455028117,0.90249151,-0.01400538,99,121,112,357
turn_left,0.607650042,0.531998575,-0.04868678,0.411837488,0.518016994,-0.083224438,0.743544042,0.571500063,-0.24588874,0.25987944,0.505743384,-0.078362823,0.744570017,0.390078902,-0.604326844,0.129479975,0.499975294,-0.261682272,0.581809938,0.902516961,0.015568185,0.455169678,0.902607083,-0.013927962,100,121,106,358
turn_left,0.607352436,0.531858742,-0.033507638,0.410430491,0.518048704,-0.069425039,0.740921319,0.569672406,-0.186875731,0.259750456,0.507527173,-0.074287675,0.769013762,0.392574012,-0.50101912,0.129954383,0.502950013,-0.266121358,0.581808746,0.902536452,0.014229302,0.455171049,0.902836025,-0.012599086,100,120,97,358
turn_left,0.607094586,0.531865239,-0.030583218,0.409124762,0.517882645,-0.070152402,0.738591135,0.569008529,-0.184635833,0.258662671,0.509440362,-0.092461988,0.781153023,0.396622181,-0.510817945,0.129953787,0.505807936,-0.296527117,0.581782997,0.902061522,0.014123085,0.45510751,0.902730942,-0.012506205,99,120,92,358
turn_left,0.607087851,0.531750619,-0.03238279,0.408194304,0.517479658,-0.078139029,0.738354445,0.566833258,-0.15456301,0.258349866,0.509783626,-0.105220594,0.80260247,0.423945814,-0.443545997,0.128846854,0.511954308,-0.309678018,0.581832588,0.901929319,0.014120825,0.45511812,0.902771592,-0.012504468,100,120,81,356
turn_left,0.60698998,0.531397521,-0.031023066,0.407648981,0.516956449,-0.077954993,0.737122834,0.566508174,-0.14232868,0.258262753,0.509852171,-0.10670539,0.808339298,0.434757262,-0.421769142,0.128846258,0.515206933,-0.310761333,0.58181864,0.90153712,0.013236841,0.455114931,0.90269506,-0.01168456,100,119,77,355
turn_left,0.606716752,0.531382024,-0.021867696,0.407256663,0.516553342,-0.078036979,0.736350358,0.566570818,-0.13228029,0.258265048,0.510007739,-0.105504312,0.803701997,0.435564876,-0.413902342,0.128892228,0.516265213,-0.309550464,0.581755519,0.901638448,0.013335091,0.455050319,0.902823567,-0.0117869,100,119,78,355
turn_left,0.606181026,0.531276107,-0.017125623,0.406857967,0.516550303,-0.077462122,0.73593986,0.566548765,-0.138883173,0.257778853,0.510430396,-0.103842095,0.7999475,0.432243377,-0.429489553,0.12889415,0.515868664,-0.304350793,0.581771195,0.901837945,0.013500119,0.455013216,0.902840972,-0.011951452,99,119,80,355
turn_left,0.605865777,0.530961454,-0.013042544,0.406859964,0.516467392,-0.071926609,0.735571861,0.566570282,-0.141127154,0.260273784,0.510994494,-0.091951407,0.795790911,0.418393582,-0.437753618,0.131829113,0.515670002,-0.299322546,0.581766605,0.901563644,0.014032731,0.455066532,0.902650774,-0.01245077,99,119,83,356
turn_left,0.60568881,0.530841947,-0.010984437,0.406991959,0.516388297,-0.070855454,0.735411465,0.566659391,-0.15365389,0.260871768,0.511502445,-0.091094628,0.79036355,0.409607142,-0.460565656,0.132709399,0.515084326,-0.298939258,0.581776798,0.901454389,0.014383097,0.455134869,0.902437866,-0.012811502,99,118,86,356
turn_left,0.605685294,0.530857563,-0.012269409,0.407453597,0.516907334,-0.070806421,0.737562835,0.565760672,-0.211490124,0.261070549,0.511726916,-0.08314769,0.763301432,0.391853899,-0.556236863,0.13306354,0.513876557,-0.279597938,0.581766248,0.901385009,0.014524689,0.455136448,0.902204275,-0.012950866,100,118,96,357
turn_left,0.605677426,0.530852199,-0.024640614,0.408217907,0.517498732,-0.071019925,0.738614917,0.565357149,-0.246149465,0.262532949,0.512166202,-0.074602984,0.748005688,0.386666834,-0.598844469,0.133832425,0.513708889,-0.26215452,0.581752896,0.900981069,0.015464673,0.455145031,0.901616096,-0.013832579,100,118,102,357
turn_left,0.605920672,0.530729473,-0.042043537,0.40874362,0.517501235,-0.074982494,0.739028096,0.565998733,-0.287317038,0.262476861,0.51216203,-0.073512673,0.72847873,0.388007641,-0.651456654,0.133660063,0.512727618,-0.249397188,0.581999898,0.901088834,0.017624693,0.455478489,0.901657522,-0.015964039,100,118,108,358
turn_left,0.606280684,0.530719757,-0.05039062,0.409423441,0.517560422,-0.074997202,0.739397287,0.567757607,-0.311641097,0.262848496,0.512164414,-0.066718787,0.72163254,0.388918489,-0.69201529,0.133642823,0.512464583,-0.24123387,0.582052529,0.901459098,0.017672054,0.455483973,0.901791632,-0.016013034,100,118,111,358
turn_left,0.606495738,0.530708551,-0.057562631,0.40994364,0.517662823,-0.072136804,0.740285993,0.567766964,-0.333293855,0.262922287,0.512066662,-0.061526079,0.712821662,0.387454599,-0.718626916,0.133608803,0.511977077,-0.234892055,0.582006335,0.901447058,0.016683806,0.455456823,0.901487172,-0.015069483,100,118,114,358
turn_left,0.606512725,0.531026661,-0.052741297,0.409827471,0.517663658,-0.077857107,0.741035521,0.567071915,-0.286437482,0.262131572,0.512054861,-0.07625182,0.73119837,0.38705501,-0.702269256,0.133086652,0.511457562,-0.260436118,0.582008004,0.901246369,0.016639115,0.455458105,0.901373804,-0.015011899,100,119,108,358
turn_left,0.606221497,0.529572845,-0.040141389,0.409559548,0.518163502,-0.077498727,0.741333663,0.560650826,-0.272994697,0.265227646,0.518543005,-0.109866202,0.734383047,0.378864676,-0.652092755,0.135090977,0.529127836,-0.365591824,0.582515299,0.9012447,0.018076094,0.455664307,0.901608169,-0.016398668,102,116,105,356
turn_left,0.606206238,0.528991342,-0.03571979,0.409257412,0.51851064,-0.077471673,0.742195189,0.559314907,-0.268015176,0.266609758,0.521769226,-0.115333185,0.734791994,0.377505302,-0.631363571,0.135891184,0.536645591,-0.361536145,0.58270371,0.901227832,0.019247441,0.455765724,0.901739717,-0.017556872,102,115,105,355
turn_left,0.606458604,0.52857542,-0.035376213,0.408891052,0.518821478,-0.067053154,0.742720187,0.559575379,-0.277179301,0.266634554,0.523157239,-0.110423304,0.713293731,0.378741145,-0.630147099,0.136754155,0.536252022,-0.336807698,0.582680762,0.901227057,0.0193465,0.45549804,0.901746571,-0.017663762,102,115,112,356
turn_left,0.606558919,0.528086662,-0.02704235,0.408872306,0.519334972,-0.050646733,0.743485332,0.559854567,-0.284773529,0.26674962,0.523845851,-0.091645584,0.704043269,0.379366398,-0.64774698,0.137173027,0.534866214,-0.318681866,0.582674026,0.901214361,0.019456673,0.455499351,0.901909649,-0.017793342,102,115,115,357
turn_left,0.607117295,0.528268576,-0.027584195,0.408892632,0.519614458,-0.053582452,0.743764102,0.561489403,-0.306930482,0.267764151,0.524255037,-0.105346754,0.688205779,0.395587146,-0.67440474,0.137986094,0.533645511,-0.339675844,0.58249402,0.901299357,0.020392194,0.454972088,0.902130008,-0.018758077,102,114,122,358
turn_left,0.607319236,0.528385162,-0.025375396,0.409026921,0.520027101,-0.053280402,0.743772388,0.561986744,-0.303392291,0.268748403,0.525072932,-0.103331044,0.687031567,0.400463194,-0.670089841,0.138603047,0.533532917,-0.330445319,0.582492828,0.902094126,0.020894513,0.454968303,0.903472483,-0.019298278,102,114,123,358
turn_left,0.607428849,0.527603388,-0.025271436,0.409052521,0.519852936,-0.053543605,0.743777335,0.563999832,-0.294792205,0.26839301,0.525216162,-0.073070996,0.693009198,0.396851093,-0.659620106,0.137661472,0.533927619,-0.255699188,0.582880855,0.902043343,0.021133635,0.455354363,0.903309047,-0.01956455,101,114,122,358
turn_left,0.607429981,0.527330279,-0.027925337,0.409052283,0.519756675,-0.063411482,0.743877053,0.564462245,-0.29049176,0.268152893,0.525676906,-0.075975403,0.702647865,0.394868076,-0.661001623,0.137242064,0.534673691,-0.26864931,0.582820058,0.902078032,0.021497477,0.455293477,0.903164566,-0.019913204,100,114,119,358
turn_left,0.607091367,0.527326405,-0.021112615,0.408805698,0.519750953,-0.063888952,0.743653774,0.564359665,-0.205332011,0.266663522,0.525486588,-0.076958202,0.744475603,0.394756913,-0.536287427,0.135834366,0.534293413,-0.275392175,0.582887948,0.901865304,0.021179793,0.455366075,0.902947962,-0.019574944,100,114,105,358
turn_left,0.606631041,0.527452052,-0.005490411,0.408532232,0.519690394,-0.064798199,0.742835879,0.564110935,-0.167537868,0.266646892,0.525351763,-0.087208927,0.76018846,0.393411487,-0.482606888,0.135560423,0.533998847,-0.303706706,0.582898796,0.901835382,0.021810025,0.455448717,0.903073251,-0.020205462,100,114,99,359
turn_left,0.60628283,0.528061688,-0.009334589,0.407749116,0.519714355,-0.068969853,0.738628507,0.564205289,-0.155125588,0.267068565,0.525241733,-0.10649316,0.782825947,0.402465224,-0.461206496,0.135836512,0.533881247,-0.339941919,0.582914174,0.901391625,0.02136191,0.455465138,0.90294683,-0.019747695,100,114,90,358
turn_left,0.606252253,0.528386772,-0.010200648,0.407471418,0.519856572,-0.067745224,0.737460494,0.564172745,-0.142926618,0.267060876,0.525158167,-0.104294918,0.790048361,0.407455742,-0.441274077,0.1358895,0.533677995,-0.33180958,0.582907259,0.901196778,0.020034963,0.455467522,0.902787149,-0.018410111,99,114,87,358
turn_left,0.606542945,0.528495252,-0.015617927,0.407041937,0.51988405,-0.08498238,0.738124371,0.560124755,-0.141421095,0.26713866,0.525099993,-0.114288852,0.807147622,0.414883614,-0.427084506,0.135884687,0.533482492,-0.334932119,0.582912624,0.901192069,0.019890454,0.455469936,0.902874768,-0.018260639,101,114,78,358
turn_left,0.606732428,0.528494,-0.002845796,0.407035023,0.520108521,-0.070879966,0.738808453,0.557100415,-0.119952939,0.26772958,0.52506578,-0.113503918,0.812096775,0.4154208,-0.395940632,0.136116177,0.533334911,-0.32994312,0.582881868,0.901408076,0.019817496,0.455264986,0.90297091,-0.018201282,102,114,75,358
turn_left,0.606868863,0.528616369,-0.004566577,0.406947613,0.519758284,-0.072756305,0.738893867,0.556906879,-0.132723704,0.267635018,0.525018811,-0.118207656,0.805811763,0.414533228,-0.420622259,0.136161238,0.533219874,-0.353079826,0.582882345,0.901484549,0.019061748,0.455269635,0.903049469,-0.017484989,102,114,77,359
turn_left,0.606868863,0.528854251,-0.004791129,0.406943977,0.519155085,-0.078316338,0.738736808,0.557130635,-0.140606314,0.267223775,0.524998367,-0.122303344,0.799496531,0.413462132,-0.436926275,0.136129856,0.533162117,-0.355159819,0.582866549,0.901256204,0.019264102,0.455286354,0.903033435,-0.017677691,102,114,79,359
turn_left,0.606909692,0.529804647,-0.000132639,0.407348543,0.519019663,-0.073388509,0.738833904,0.560949147,-0.147380516,0.266138226,0.524820924,-0.118615821,0.790192366,0.402736187,-0.474107027,0.136105627,0.53183502,-0.349882156,0.582687497,0.900826752,0.020613439,0.455139726,0.902268648,-0.018974636,101,114,85,359
turn_left,0.606911063,0.529836833,-0.000414059,0.407678902,0.518940568,-0.07952866,0.739763081,0.563434005,-0.176461086,0.264752477,0.524637103,-0.116459705,0.77803725,0.39822042,-0.521067679,0.135389343,0.530483246,-0.343081683,0.582688928,0.900801957,0.02411746,0.455140024,0.902263105,-0.022387743,101,114,91,360
turn_left,0.606846631,0.529832184,-0.000247549,0.40797168,0.518862009,-0.079200119,0.740243852,0.563697398,-0.171932802,0.263918579,0.524390101,-0.087952666,0.767814636,0.394639492,-0.510057926,0.134929687,0.529414535,-0.275181413,0.582686365,0.900624931,0.024639372,0.455248982,0.902161896,-0.022919033,101,115,95,360
turn_left,0.60737282,0.529814482,-0.026276603,0.408348501,0.519236445,-0.078885585,0.743672609,0.56117183,-0.277679265,0.263459682,0.524477243,-0.090069011,0.73029685,0.384278715,-0.6456635,0.134892374,0.52940309,-0.291563183,0.582702458,0.900836706,0.024543561,0.455220044,0.902231991,-0.022825737,102,115,107,360
turn_left,0.608377814,0.530610502,-0.04179303,0.409021318,0.519754648,-0.078681111,0.745898843,0.559397936,-0.323883086,0.263514549,0.524860203,-0.08926519,0.693305612,0.385636955,-0.698340535,0.134994328,0.529381573,-0.263943523,0.582634687,0.900940478,0.024201682,0.455151945,0.902405441,-0.022525962,104,115,119,360
turn_left,0.608648658,0.530651152,-0.041870631,0.40961653,0.520610631,-0.068151064,0.747752964,0.558978379,-0.317680538,0.26375562,0.524909317,-0.085771874,0.684707403,0.386130154,-0.68028897,0.135360062,0.529583752,-0.272256285,0.582604289,0.901349783,0.023224819,0.455121696,0.902830958,-0.021618042,104,115,122,360
turn_left,0.608793557,0.530456841,-0.038055345,0.40962252,0.520140827,-0.05863582,0.747990251,0.559277713,-0.290975988,0.26434806,0.525034487,-0.076462463,0.698396385,0.386958003,-0.639709771,0.136370748,0.530193746,-0.274683416,0.582609057,0.901260138,0.022988932,0.455126345,0.902728379,-0.021384925,104,115,118,360
turn_left,0.608781457,0.529798806,-0.03610184,0.409356058,0.520015717,-0.055946559,0.74792695,0.559124351,-0.276525795,0.264646471,0.525020897,-0.07772202,0.705381989,0.38521108,-0.616697311,0.136510104,0.53052032,-0.280504048,0.582768321,0.901249528,0.022749033,0.455174834,0.90269345,-0.021164469,104,115,116,360
turn_left,0.608423293,0.528974116,-0.029985178,0.409301758,0.520012081,-0.059481252,0.747859359,0.5534302,-0.213389397,0.265216947,0.524963617,-0.08184965,0.72366643,0.370108217,-0.532959282,0.136537507,0.530572057,-0.309218705,0.582740963,0.900942862,0.022743635,0.45534569,0.902688146,-0.02114008,105,115,107,359
turn_left,0.608259499,0.528049052,-0.019200765,0.408927202,0.520082593,-0.060149033,0.747644305,0.550345123,-0.195169523,0.265268713,0.524574995,-0.102408186,0.743764579,0.368475258,-0.521142185,0.136550263,0.530569613,-0.357283086,0.582731843,0.9008044,0.022685491,0.455495179,0.902663887,-0.021080367,106,115,100,359
turn_left,0.608740449,0.527346253,-0.012621084,0.407765388,0.520592511,-0.06074341,0.747117281,0.53640753,-0.158076867,0.264979571,0.524948776,-0.098084018,0.778149068,0.359903961,-0.443676889,0.135751024,0.533598185,-0.355275333,0.582756221,0.900385261,0.022962846,0.455496937,0.902481735,-0.021338169,111,115,84,358
turn_left,0.609552741,0.526748896,-0.01336938,0.407090962,0.521660388,-0.062728658,0.747059584,0.533201396,-0.152024016,0.264178425,0.52505976,-0.104012407,0.790222108,0.36126405,-0.429917425,0.135417178,0.534860671,-0.349649161,0.582734525,0.90008235,0.022280082,0.45512408,0.902194321,-0.020598089,111,115,79,357
turn_left,0.609977126,0.52639699,-0.012904564,0.406617224,0.522392392,-0.062847346,0.746092439,0.530451775,-0.138289243,0.264000803,0.525067985,-0.10331513,0.794226944,0.364409417,-0.406710058,0.134982616,0.536069691,-0.34276849,0.582780004,0.899549365,0.021495977,0.455120176,0.90173012,-0.019798378,112,116,76,356
turn_left,0.609359145,0.526272535,-0.013216677,0.40660271,0.522386849,-0.062860966,0.744122088,0.531315863,-0.16080144,0.26400423,0.524913013,-0.093739897,0.784938514,0.36457774,-0.452803791,0.134382591,0.5343557,-0.322626263,0.582644224,0.899572313,0.021073405,0.455112934,0.901723683,-0.019375797,112,116,78,357
turn_left,0.608541489,0.526083469,-0.031582795,0.406567186,0.522234619,-0.062914148,0.744113326,0.533197343,-0.223855287,0.263884157,0.525653005,-0.070147112,0.76079762,0.364534795,-0.56437403,0.133833259,0.535697997,-0.273914427,0.582702279,0.898882508,0.018255558,0.455362231,0.90118897,-0.016484883,111,116,87,357
turn_left,0.607812166,0.526044309,-0.033068787,0.406265587,0.522202373,-0.064892262,0.744095981,0.536556005,-0.219000131,0.263916969,0.525896966,-0.07157065,0.758678973,0.365636259,-0.547390103,0.13383618,0.536379158,-0.277535707,0.582706273,0.898434639,0.018291745,0.455449998,0.900914729,-0.016525628,110,116,90,357
turn_left,0.607759178,0.526043296,-0.03102709,0.405773252,0.522175312,-0.064918339,0.743234813,0.54199475,-0.18960394,0.261685997,0.526319861,-0.072463892,0.767470598,0.366968185,-0.500367761,0.133009598,0.536879182,-0.290803492,0.582613587,0.898009002,0.018153686,0.455142587,0.900237262,-0.016379936,108,116,89,357
turn_left,0.607773125,0.525980234,-0.030103991,0.405469179,0.522081554,-0.068320826,0.742703199,0.543256879,-0.17810367,0.261697769,0.52647382,-0.090826266,0.775477231,0.367284179,-0.4867571,0.13296172,0.537422419,-0.329245597,0.582495153,0.897475064,0.018150996,0.454960734,0.899622142,-0.01637812,107,116,87,357
turn_left,0.607763886,0.52602905,-0.023203634,0.405471861,0.522072196,-0.06886401,0.740678906,0.546223581,-0.143087193,0.261755913,0.526518703,-0.088850729,0.784297407,0.384126633,-0.422473192,0.13296698,0.538339674,-0.30320999,0.582131743,0.896973908,0.019147785,0.454422414,0.898132682,-0.017327337,106,116,84,357
turn_left,0.607763946,0.526105702,-0.021079741,0.40550071,0.522063673,-0.06913197,0.739577174,0.549739897,-0.139313728,0.26250869,0.526505113,-0.086350575,0.786613822,0.393348783,-0.423876375,0.132969052,0.538904607,-0.292217076,0.58201158,0.896835625,0.019173384,0.454353511,0.897658467,-0.017350731,104,116,83,356
turn_left,0.607744575,0.526392102,-0.021145077,0.405450046,0.521900296,-0.071403369,0.739619374,0.550334215,-0.148482412,0.262310684,0.526877224,-0.08499001,0.783505857,0.392160833,-0.44018808,0.132972196,0.538946688,-0.290694386,0.581930518,0.896775842,0.019504294,0.454286635,0.897613108,-0.017660383,104,115,85,357
turn_left,0.607653856,0.526477993,-0.027619084,0.405380398,0.52188617,-0.082656637,0.739677191,0.550470769,-0.163608074,0.261967629,0.527096331,-0.110693514,0.783239722,0.38683477,-0.468539476,0.132870734,0.538945019,-0.339806914,0.58193773,0.896971643,0.019704407,0.454302609,0.897736192,-0.017846797,104,115,85,357
turn_left,0.607556105,0.526480317,-0.027315047,0.405441374,0.521947682,-0.081646435,0.740845561,0.550319791,-0.199097872,0.262347251,0.527111232,-0.107248329,0.760077536,0.380369604,-0.541738391,0.133133188,0.53888011,-0.337744027,0.581939399,0.89696908,0.019695733,0.454389662,0.897732079,-0.017841306,104,115,94,357
turn_left,0.607542336,0.526509404,-0.026135046,0.405548662,0.522057772,-0.080889739,0.742523372,0.549785316,-0.220788956,0.262470692,0.527110636,-0.10677214,0.744260728,0.372223467,-0.566807508,0.133466691,0.538648546,-0.33598125,0.581899524,0.896967947,0.019871835,0.454354376,0.897802532,-0.018036107,105,115,99,357
turn_left,0.608035207,0.5263412,-0.036859974,0.40579623,0.522774518,-0.079878509,0.745137811,0.54816258,-0.291508079,0.262484789,0.5276739,-0.119648241,0.711382091,0.371002227,-0.645958662,0.13350746,0.538850367,-0.355802447,0.581946969,0.897092998,0.02021833,0.454343021,0.897870243,-0.018419171,106,115,110,357
turn_left,0.608336985,0.525741339,-0.038059376,0.406180143,0.522844195,-0.074852318,0.745571136,0.548170745,-0.303562045,0.262704492,0.527663529,-0.094923533,0.697962463,0.372742742,-0.673300862,0.133526474,0.53855449,-0.278444648,0.581949413,0.897093892,0.020250116,0.454345405,0.897876203,-0.018458566,106,115,114,357
turn_left,0.608493745,0.525165319,-0.044598624,0.40648523,0.522667825,-0.074444592,0.746703148,0.548089862,-0.320478737,0.262841702,0.527551532,-0.083667815,0.695917487,0.372780263,-0.68860805,0.13354075,0.538012207,-0.251452267,0.581820071,0.897177696,0.020172004,0.454309553,0.89787823,-0.018404663,106,115,116,357
turn_left,0.608407438,0.524841189,-0.042476609,0.406568855,0.522200167,-0.071331665,0.746774137,0.548114836,-0.284411341,0.26316011,0.526427686,-0.084279105,0.70943892,0.372718722,-0.63913101,0.133648247,0.537146389,-0.295949042,0.581843078,0.897301674,0.020175461,0.454443932,0.897919297,-0.01840798,106,116,112,357
turn_left,0.60838604,0.524157047,-0.044449516,0.406790346,0.521843255,-0.0713204,0.746732831,0.547156036,-0.27118206,0.264509588,0.525907099,-0.086522095,0.715510309,0.367734522,-0.618073881,0.133954793,0.536244988,-0.321192503,0.581864536,0.897285104,0.020130999,0.454819977,0.897922814,-0.018348206,106,115,109,357
turn_left,0.608284593,0.52390039,-0.021089055,0.406927735,0.521773458,-0.062706262,0.745782971,0.545170128,-0.190412015,0.264552355,0.525243998,-0.08736749,0.743607402,0.368018508,-0.516453385,0.133959681,0.534089327,-0.323269606,0.581852376,0.89715445,0.020132149,0.454834998,0.897845268,-0.018349666,106,116,99,358
turn_left,0.60821116,0.523861229,-0.011149375,0.406932682,0.521762192,-0.056205191,0.745640874,0.544384181,-0.171347529,0.264526665,0.524109304,-0.071237907,0.757625401,0.366063565,-0.478248268,0.133596972,0.532240748,-0.279749781,0.581639171,0.897093415,0.020137968,0.454798698,0.897627175,-0.018361105,106,116,95,357
turn_left,0.608207405,0.523766458,-0.010078513,0.406781018,0.521709621,-0.057411887,0.744371176,0.54348743,-0.140538067,0.265587032,0.523165762,-0.074642755,0.77834636,0.366865009,-0.423354447,0.133608118,0.530643463,-0.286810577,0.581579149,0.897077382,0.019825445,0.454704285,0.897610426,-0.018075537,106,116,87,357
turn_left,0.608282983,0.523962319,-0.010798349,0.406408697,0.52219373,-0.060522757,0.743899941,0.543209314,-0.138247669,0.266052365,0.523126125,-0.095400319,0.786881089,0.37050122,-0.414863527,0.133754596,0.530138373,-0.327353686,0.58157742,0.897081137,0.019774964,0.454618216,0.897546828,-0.018033622,107,116,84,357
turn_left,0.608328581,0.524055958,-0.011807799,0.406399488,0.522193789,-0.068261221,0.743074,0.542297065,-0.141354874,0.265203238,0.523004293,-0.095324501,0.787849426,0.372267544,-0.421813011,0.132490858,0.52850312,-0.307006955,0.581573546,0.897147596,0.019580558,0.454610288,0.897540212,-0.017838862,107,116,83,358
turn_left,0.608327389,0.524105668,-0.009852259,0.406399816,0.521989048,-0.067389719,0.742848337,0.542372763,-0.138537139,0.264948428,0.522888303,-0.090298727,0.783418596,0.373349518,-0.43089366,0.132506907,0.526582539,-0.300974429,0.581525505,0.897171021,0.019553507,0.454608738,0.897517562,-0.017818112,107,116,84,359
turn_left,0.608317494,0.524215281,-0.010171933,0.406538814,0.521351337,-0.066192552,0.742529988,0.542395234,-0.146578282,0.265148878,0.52219218,-0.09475784,0.779119074,0.371719062,-0.441147804,0.133610755,0.525569856,-0.326400101,0.581431806,0.897144616,0.01967654,0.454594523,0.897498071,-0.01793872,107,116,86,359
turn_left,0.607868969,0.524257421,-0.012219064,0.406535536,0.521098137,-0.066770509,0.743630648,0.543259084,-0.182928354,0.263635665,0.522238791,-0.083212301,0.756393611,0.368123353,-0.507887125,0.133707777,0.525435209,-0.292851746,0.581467271,0.897176623,0.019584544,0.454672337,0.897685468,-0.01785801,107,117,94,359
turn_left,0.607548296,0.524290681,-0.014200581,0.406531811,0.520902753,-0.067358747,0.74432224,0.543860078,-0.193619058,0.262503117,0.522274315,-0.079032801,0.748869896,0.366082072,-0.519637048,0.133753389,0.525335908,-0.284097731,0.581495404,0.897202671,0.019490352,0.454735816,0.897822082,-0.017773762,107,117,97,359
turn_left,0.607883334,0.524284899,-0.050240267,0.406669438,0.521097898,-0.071172059,0.74529171,0.544153094,-0.305943519,0.262202591,0.522678256,-0.079474643,0.705557227,0.368082345,-0.663782358,0.13375698,0.525387824,-0.262967557,0.581569672,0.897222817,0.019228049,0.454720497,0.897996962,-0.017508915,107,117,111,359
turn_left,0.608183265,0.524180114,-0.066080622,0.40697822,0.521229208,-0.073456295,0.746080577,0.544208348,-0.334981233,0.262157142,0.522696912,-0.079915628,0.698298335,0.369867146,-0.70762217,0.133741736,0.525431991,-0.253956586,0.581612229,0.897071004,0.017832838,0.454748392,0.898004353,-0.016151156,107,117,114,359
turn_left,0.608105302,0.524181128,-0.055804867,0.406979501,0.521198392,-0.073468402,0.74589467,0.544034243,-0.281306773,0.262123734,0.522759855,-0.073407099,0.70916301,0.369518638,-0.622623742,0.133764625,0.525468886,-0.254279494,0.58176744,0.897111773,0.017938156,0.454897493,0.898028076,-0.016257463,107,117,110,359
turn_left,0.607946336,0.524208784,-0.053859711,0.407003224,0.52096647,-0.07328929,0.745385766,0.54368329,-0.282042533,0.261113971,0.522706389,-0.074461326,0.714733422,0.368875206,-0.640958071,0.133024544,0.525502443,-0.261580586,0.581769824,0.897112906,0.017078508,0.454907596,0.898030937,-0.015387687,107,117,108,359
turn_left,0.607844114,0.524210691,-0.021962101,0.406996578,0.520967305,-0.057629246,0.745152175,0.544568896,-0.187148109,0.262803644,0.522691488,-0.060301572,0.744145989,0.370559424,-0.499058187,0.133157492,0.526472569,-0.256836027,0.581765056,0.89702642,0.017138217,0.454918623,0.897757351,-0.015446057,106,116,99,359
turn_left,0.607888222,0.524905264,-0.023650423,0.407091916,0.52121383,-0.068112761,0.74584353,0.545297861,-0.213592649,0.262397826,0.522839606,-0.072521403,0.743402719,0.369882554,-0.559315085,0.133106798,0.526476324,-0.264081657,0.581808686,0.897213399,0.018907784,0.454888999,0.898571432,-0.01716017,107,116,99,359
turn_left,0.607782722,0.524925292,-0.037464395,0.407093048,0.521005154,-0.081913941,0.745335937,0.545268118,-0.239963561,0.262293726,0.523086131,-0.077995509,0.739179432,0.368498534,-0.592728734,0.133107588,0.52655375,-0.266733646,0.581884742,0.897299647,0.019637881,0.45493871,0.898591936,-0.017855968,106,116,100,359
turn_left,0.607799053,0.524961054,-0.043717109,0.407087564,0.52101326,-0.079881445,0.745448351,0.545105934,-0.289231449,0.262011141,0.523230255,-0.07589265,0.717312217,0.368505031,-0.648401618,0.133151352,0.526564777,-0.256317347,0.581890166,0.897679746,0.019508753,0.454939753,0.898983181,-0.017743874,107,116,107,359
turn_left,0.607829869,0.524955153,-0.051766396,0.407097906,0.521052003,-0.07916031,0.745500863,0.545077503,-0.294184268,0.261959344,0.523227572,-0.077055648,0.708690524,0.368563861,-0.640212119,0.133144632,0.526575148,-0.259355783,0.581963778,0.89833951,0.019129165,0.454955667,0.899825454,-0.017383423,107,116,110,359
turn_left,0.607898116,0.524950564,-0.058668394,0.407114446,0.521053672,-0.079296872,0.745476186,0.545069396,-0.307414114,0.261982143,0.523387313,-0.077128798,0.707528949,0.370651126,-0.667406976,0.133164614,0.526555777,-0.259380281,0.581974447,0.898662686,0.019046733,0.454964012,0.899936318,-0.017295837,106,116,111,360
turn_left,0.607628703,0.52499193,-0.043964513,0.407080024,0.52095592,-0.06179253,0.74547112,0.544577599,-0.302425295,0.262091905,0.523386896,-0.07039015,0.709688842,0.369175524,-0.649783552,0.133167893,0.527253985,-0.257618189,0.582041264,0.898668885,0.01847606,0.455152333,0.900019288,-0.016787509,107,116,110,359
turn_left,0.607190788,0.525144875,-0.039820921,0.406860679,0.520948112,-0.06238652,0.745327592,0.544660568,-0.245977044,0.262475133,0.523567021,-0.070983991,0.731755614,0.367138207,-0.576723039,0.133116126,0.527671158,-0.260215193,0.582058549,0.89863044,0.018620797,0.455190986,0.900024533,-0.016911309,107,116,102,359
turn_left,0.606874645,0.525384188,-0.038138412,0.406717241,0.520856261,-0.063365161,0.744535089,0.545152843,-0.229256719,0.262478411,0.523799121,-0.06806545,0.746686101,0.367705613,-0.561780214,0.132716209,0.52787894,-0.259914786,0.582064033,0.898582041,0.017973486,0.455213934,0.900005102,-0.016275607,107,116,97,359
turn_left,0.607073426,0.525406241,-0.0295176,0.406170905,0.520921588,-0.070817299,0.741568685,0.547535956,-0.156859681,0.262186468,0.524089456,-0.090543553,0.780288577,0.380511016,-0.451991469,0.132706359,0.529133081,-0.314123452,0.582066894,0.898223042,0.018577032,0.45506826,0.89952302,-0.016810656,105,116,86,359
turn_left,0.607296765,0.525411367,-0.024740979,0.405884981,0.521643758,-0.070492662,0.740184367,0.54772675,-0.136283964,0.262809336,0.524154365,-0.089929901,0.799195886,0.398780614,-0.414528042,0.133059874,0.531105816,-0.306220412,0.582083106,0.898187697,0.017461106,0.454998672,0.89947015,-0.015747216,105,116,78,358
turn_left,0.607457221,0.52553302,-0.023240324,0.405569851,0.522562683,-0.069843173,0.739374459,0.5477795,-0.140510187,0.26281333,0.52439785,-0.090339109,0.803910434,0.403407425,-0.42163533,0.133046865,0.532493651,-0.303678334,0.58209759,0.898136139,0.016322728,0.454990685,0.899494171,-0.01466585,105,116,75,357
turn_left,0.607424617,0.525776446,-0.022506792,0.405109823,0.522562146,-0.069800414,0.737340629,0.550689816,-0.148770452,0.26270172,0.524446666,-0.090457544,0.796155572,0.407735944,-0.449498028,0.133005098,0.532582462,-0.309098691,0.582099974,0.89812541,0.015855748,0.454734564,0.899527609,-0.014194285,103,116,78,357
turn_left,0.607039511,0.526138246,-0.01758882,0.404784143,0.52254051,-0.073810972,0.73545301,0.55426085,-0.138434559,0.262858331,0.524502516,-0.103740275,0.791916966,0.406388819,-0.427839577,0.132922068,0.533050418,-0.328177512,0.582049072,0.898017585,0.017942311,0.454507351,0.899369657,-0.016214024,102,116,81,357
turn_left,0.606828511,0.527390182,-0.017959645,0.404778332,0.522506475,-0.07133992,0.7355932,0.555392206,-0.175253794,0.263152331,0.524827182,-0.100604855,0.782867789,0.396803647,-0.526989758,0.133685023,0.533035874,-0.327305257,0.582051158,0.898101568,0.017935649,0.454494238,0.899627745,-0.01620711,102,116,86,357
turn_left,0.606443405,0.527786076,-0.021291103,0.404762745,0.522504389,-0.07475248,0.736626923,0.555773377,-0.200350091,0.263164103,0.524914086,-0.098749243,0.762963653,0.389182091,-0.558195412,0.133995295,0.53266114,-0.32110557,0.58197546,0.897854447,0.0179458,0.454463392,0.899154484,-0.016213402,102,116,93,358
turn_left,0.606425643,0.527802289,-0.031228378,0.404954016,0.522555709,-0.074913666,0.739694238,0.555374444,-0.237994224,0.263181776,0.524928808,-0.09792015,0.748800814,0.376772463,-0.599207282,0.13405022,0.532112896,-0.317664325,0.58197546,0.897856593,0.0176851,0.454521984,0.899230361,-0.015956115,103,116,99,358
turn_left,0.607053638,0.527695298,-0.044170339,0.405380577,0.522439837,-0.078864798,0.743283868,0.555327356,-0.28370896,0.262328595,0.524925649,-0.09187828,0.72409755,0.376986504,-0.646563292,0.133815482,0.531303346,-0.275855571,0.581954241,0.898044586,0.018096521,0.454503477,0.8992365,-0.016363321,104,116,108,358
turn_left,0.60733521,0.527448416,-0.05145359,0.405791104,0.522551239,-0.079451256,0.743670523,0.555028975,-0.299861819,0.262323916,0.524910927,-0.084211841,0.714621484,0.37676546,-0.666849256,0.133864194,0.530949533,-0.2570467,0.581939518,0.898126185,0.018484991,0.45450297,0.899123847,-0.016738094,104,116,111,358
turn_left,0.607399523,0.526959717,-0.051446717,0.405853271,0.522529125,-0.079324022,0.743842244,0.552969933,-0.298737049,0.26227808,0.524888158,-0.083095163,0.712529421,0.375669867,-0.667469442,0.133670762,0.53047663,-0.263588369,0.58193934,0.898747087,0.01882452,0.454501927,0.899525344,-0.017074099,104,116,111,358
turn_left,0.607377827,0.526839554,-0.051424246,0.405855179,0.522156954,-0.079468161,0.74377811,0.551795661,-0.298666179,0.262167692,0.524742246,-0.07743407,0.714160562,0.375386328,-0.677544355,0.133614451,0.530407786,-0.252445459,0.581930697,0.898715854,0.018963713,0.454568326,0.899661064,-0.017208984,105,116,110,359
turn_left,0.607117057,0.526920378,-0.051002335,0.405833721,0.521807373,-0.07100521,0.74430114,0.552214324,-0.279861003,0.263364941,0.524796605,-0.062357746,0.715195239,0.373701721,-0.648163378,0.133679628,0.530445158,-0.257026136,0.581906796,0.897833824,0.017525507,0.454577863,0.899262369,-0.015739899,105,116,110,359
turn_left,0.606753349,0.527057827,-0.049793769,0.405840695,0.521775663,-0.069294706,0.744743764,0.552192092,-0.279047489,0.264177918,0.524932027,-0.064556763,0.721043944,0.369756341,-0.626404941,0.133667752,0.53046298,-0.261066616,0.581933796,0.897851646,0.015316631,0.454732984,0.89926517,-0.01358253,105,116,108,359
turn_left,0.606037974,0.527245641,-0.026278034,0.40556854,0.522151589,-0.07007201,0.743545592,0.552357674,-0.182073936,0.262410134,0.525135458,-0.076698497,0.748380244,0.372144073,-0.496975899,0.133271009,0.531026661,-0.283274949,0.581931472,0.897867203,0.015959224,0.454755843,0.899266541,-0.014245192,105,116,99,359
turn_left,0.605642736,0.527295649,-0.019637857,0.405214131,0.522177815,-0.06961339,0.742075682,0.553119063,-0.181693137,0.261806995,0.525403619,-0.076625027,0.75959456,0.372268766,-0.512503147,0.133216217,0.532188952,-0.283002317,0.581721187,0.897866666,0.016133063,0.454627514,0.899248838,-0.014442034,104,116,95,358
turn_left,0.605642378,0.527283907,-0.014030626,0.404649556,0.522598207,-0.069581911,0.737722814,0.554915369,-0.143764913,0.262136281,0.525719225,-0.083878301,0.777281642,0.38336426,-0.436678499,0.133563757,0.534217894,-0.304206163,0.581776023,0.8982144,0.016471516,0.454648256,0.899425924,-0.014787875,103,116,89,357
turn_left,0.605686545,0.527224123,-0.016867859,0.40468806,0.522671521,-0.067071252,0.735215127,0.555677652,-0.170813367,0.264470935,0.525770128,-0.094931662,0.783869505,0.39299351,-0.484190702,0.135000736,0.535538733,-0.329780042,0.581926405,0.898216903,0.015508798,0.454719484,0.899425209,-0.013853887,102,116,86,357
turn_left,0.605638623,0.527197123,-0.015249116,0.404608011,0.522618353,-0.068342291,0.733923137,0.5560413,-0.143542886,0.264455676,0.526042581,-0.101346791,0.787440419,0.396317214,-0.430679172,0.134990856,0.536073565,-0.325755954,0.581934154,0.898176372,0.016230443,0.454717696,0.89937222,-0.01457863,101,116,84,357
turn_left,0.605305195,0.527191639,-0.015829828,0.404193103,0.522450864,-0.073879734,0.73335427,0.558094859,-0.146400794,0.264356554,0.526085556,-0.099660233,0.782162011,0.397085071,-0.437676251,0.135002956,0.53676188,-0.31805867,0.581942976,0.897987008,0.016287509,0.454684973,0.899335921,-0.014619268,100,116,87,357
turn_left,0.605051637,0.526993275,-0.017403221,0.404078096,0.522449434,-0.072439022,0.73404032,0.556755364,-0.159220368,0.265119135,0.525943518,-0.101266727,0.779673219,0.384151071,-0.452049434,0.134996057,0.536725461,-0.338369787,0.58188796,0.897987306,0.016365703,0.454629481,0.899351001,-0.014694455,101,115,88,357
turn_left,0.604857147,0.526890099,-0.023124106,0.404077351,0.522029102,-0.061794579,0.736105382,0.553409874,-0.221355945,0.26523912,0.525949597,-0.075675413,0.753824949,0.372081876,-0.561677277,0.135143429,0.536520898,-0.293651372,0.581882834,0.898045897,0.014925683,0.454698652,0.899444759,-0.013210306,103,115,96,357
turn_left,0.604810476,0.527332544,-0.023410076,0.403888047,0.522046626,-0.070433162,0.73598516,0.555621088,-0.164369121,0.264846057,0.525997698,-0.08201462,0.766507506,0.382630616,-0.462621033,0.134704694,0.536500394,-0.299099952,0.581883013,0.898060203,0.015295836,0.454714149,0.899475455,-0.013582374,102,115,92,357
turn_left,0.60535115,0.528197944,-0.021836076,0.403848559,0.522709072,-0.077716157,0.736026704,0.555974722,-0.1701231,0.265599757,0.526447833,-0.125025809,0.79042685,0.39982897,-0.491797268,0.134680122,0.536743402,-0.369024843,0.58184588,0.898353159,0.015828505,0.454181612,0.899699092,-0.014172649,102,115,83,357
turn_left,0.606149018,0.52855593,-0.020734096,0.403924048,0.523346126,-0.077804714,0.736024022,0.556212664,-0.167829826,0.265830785,0.526490867,-0.121251896,0.792160869,0.40378651,-0.485422462,0.134670049,0.536646664,-0.357038349,0.581649899,0.898355544,0.015863417,0.453299612,0.89965409,-0.014228029,102,115,82,357
turn_left,0.606558561,0.528580785,-0.020337921,0.405163437,0.523349404,-0.077772267,0.736419976,0.557611108,-0.167004377,0.265625805,0.52644068,-0.104993857,0.791607261,0.40286389,-0.486791283,0.134714931,0.534116149,-0.31553331,0.581544995,0.898281693,0.01641841,0.453166306,0.899435222,-0.014751906,102,115,83,358
turn_left,0.606678128,0.528687418,-0.021564256,0.406493515,0.523154616,-0.077602737,0.736877501,0.558471859,-0.173257336,0.265603632,0.526445389,-0.097695135,0.782349348,0.398551315,-0.500071585,0.134715766,0.532245457,-0.300262392,0.581504107,0.898325682,0.016549453,0.453164279,0.899401724,-0.01486727,102,115,87,359
turn_left,0.6067729,0.528881133,-0.028392231,0.407195091,0.523336768,-0.073545113,0.740257144,0.558276296,-0.253242642,0.264537215,0.526496708,-0.083089344,0.754597664,0.383715898,-0.634891033,0.134554684,0.530252516,-0.278077304,0.581530809,0.898392379,0.016059253,0.453279436,0.89947778,-0.014355426,103,116,98,360
turn_left,0.607137561,0.528900564,-0.039853424,0.408077538,0.523335695,-0.07387282,0.741953135,0.558314323,-0.267745882,0.264505953,0.526360035,-0.078204677,0.738858044,0.381393284,-0.63372004,0.134552166,0.52990973,-0.269147217,0.581554532,0.898086011,0.016084187,0.453409195,0.89943397,-0.014381011,103,116,103,360
turn_left,0.608011782,0.528858781,-0.060387574,0.409512222,0.5233289,-0.074904464,0.744369686,0.55830735,-0.327476442,0.264802396,0.526259065,-0.079940669,0.722159684,0.381569237,-0.712368906,0.134541914,0.529504597,-0.260355651,0.581555009,0.898082972,0.016043996,0.453409672,0.899150133,-0.014334748,103,116,109,360
turn_left,0.608468175,0.528463423,-0.060760785,0.409520775,0.52330476,-0.074952982,0.746841013,0.557906747,-0.324358344,0.264715135,0.52622062,-0.080724642,0.721869469,0.382013112,-0.706254303,0.134519726,0.529345214,-0.268265784,0.581834257,0.898094535,0.015510161,0.453670025,0.899142265,-0.013821481,104,116,110,360
turn_left,0.608409762,0.527638793,-0.054934751,0.409454405,0.52316457,-0.068765908,0.746835709,0.556538999,-0.298134148,0.264807135,0.526216269,-0.071460985,0.728173256,0.379541814,-0.684450507,0.134398147,0.529586971,-0.266069949,0.581843019,0.89806962,0.015004185,0.454024851,0.899106562,-0.013343739,104,116,108,360
turn_left,0.608130157,0.527278602,-0.053632926,0.40937987,0.522737503,-0.066801406,0.746795535,0.554174006,-0.28512913,0.264930248,0.52617985,-0.070522696,0.73205483,0.376284212,-0.666518807,0.134225622,0.529597104,-0.264318049,0.581868589,0.897708893,0.014314746,0.454212099,0.898833454,-0.012653714,105,116,106,360
turn_left,0.607608914,0.527469277,-0.036107682,0.408720344,0.522706747,-0.067756906,0.745286047,0.554580271,-0.202792257,0.263643831,0.526234686,-0.072889432,0.75274384,0.377173007,-0.536884248,0.133288443,0.530364394,-0.279164702,0.581912637,0.897709668,0.014649762,0.454436153,0.898899078,-0.012976648,104,116,99,360
turn_left,0.607334137,0.527472079,-0.030695412,0.408141226,0.522504151,-0.068034552,0.743838549,0.554597616,-0.178382725,0.262885153,0.526227772,-0.079437628,0.765901148,0.377407074,-0.486148655,0.132610679,0.530552745,-0.28967607,0.581873417,0.897695005,0.014657281,0.454402685,0.898882926,-0.012986571,104,116,94,360
turn_left,0.60731709,0.527472556,-0.030789468,0.407390982,0.522509694,-0.071940079,0.73921001,0.55541116,-0.172392592,0.262766749,0.526331782,-0.098905437,0.784321666,0.396070033,-0.474159777,0.132578045,0.531489491,-0.320997775,0.581890941,0.897555113,0.01449686,0.454344571,0.898620009,-0.012835386,103,116,86,359
turn_left,0.607312322,0.527464032,-0.029536743,0.407046258,0.522510827,-0.07399331,0.737233639,0.555918455,-0.158316225,0.262875259,0.526508331,-0.102210142,0.78930068,0.408037096,-0.452840716,0.13260664,0.532443643,-0.319071651,0.581889033,0.89757359,0.014432552,0.454340786,0.898618102,-0.012779499,102,116,83,359
turn_left,0.607247949,0.527643681,-0.027663345,0.406963408,0.52244854,-0.074079707,0.73547256,0.557910502,-0.158449173,0.262785733,0.526518106,-0.100323603,0.788418889,0.410670787,-0.455631673,0.132447511,0.532533169,-0.314153194,0.581846893,0.897588074,0.014440502,0.454334915,0.898617387,-0.012787677,101,116,84,359
turn_left,0.606995165,0.527866781,-0.025862938,0.406906188,0.52230984,-0.073713347,0.734566927,0.558600605,-0.160991833,0.262786299,0.526596844,-0.09971454,0.787883639,0.40935418,-0.460841477,0.131990165,0.532589853,-0.313190013,0.581759393,0.897692561,0.014244093,0.454205602,0.898620725,-0.012608834,101,116,84,359
turn_left,0.606909394,0.527993619,-0.02597028,0.406867206,0.52226311,-0.07729128,0.735437632,0.557866216,-0.16971004,0.262791216,0.526280403,-0.099746391,0.787268639,0.391370475,-0.478575617,0.13207534,0.531389952,-0.31028536,0.581761956,0.89769876,0.01455641,0.454337358,0.898790717,-0.012910144,101,116,86,359
turn_left,0.606902719,0.528034806,-0.031888083,0.406815857,0.522401273,-0.080646478,0.736388624,0.556952834,-0.199855119,0.261646301,0.526174486,-0.100284889,0.778447747,0.381813824,-0.530665338,0.131906569,0.530056059,-0.308576763,0.581893086,0.897684395,0.014662175,0.454644829,0.898793876,-0.013015921,102,116,89,360
turn_left,0.606847107,0.527788758,-0.030501891,0.406870753,0.522524774,-0.068677358,0.738624036,0.553297579,-0.223684713,0.261003941,0.526197731,-0.078998849,0.755857885,0.371928215,-0.57161057,0.131898552,0.528542876,-0.272938192,0.58194983,0.897598088,0.014666237,0.454686165,0.898946404,-0.013019837,104,116,96,0
turn_left,0.606908441,0.527430952,-0.042477824,0.40698415,0.522579551,-0.069571801,0.740523517,0.551807761,-0.256820738,0.261018068,0.526184976,-0.078693449,0.741671503,0.368866056,-0.614596844,0.132279426,0.527677655,-0.272708148,0.581997991,0.89754945,0.014606115,0.454688013,0.898791671,-0.012942533,104,116,100,1
turn_left,0.607591212,0.527046382,-0.048288886,0.407795995,0.523426175,-0.071087748,0.743028522,0.551530063,-0.28984794,0.261030108,0.526206672,-0.080015317,0.724432945,0.370719582,-0.65160799,0.132291883,0.526741564,-0.270002514,0.5822047,0.897901595,0.015079351,0.454697669,0.898889661,-0.013387531,105,116,106,1
turn_left,0.608025372,0.526829064,-0.052798308,0.40823859,0.523441553,-0.066045307,0.745197594,0.551586211,-0.317844659,0.261084944,0.52612114,-0.070117153,0.718959749,0.371979296,-0.697534919,0.132252112,0.525292099,-0.249118567,0.582193077,0.89841783,0.014619434,0.454558939,0.898891389,-0.012917283,105,116,109,1
turn_left,0.608054101,0.526743174,-0.052634068,0.408230305,0.523419738,-0.073404983,0.746061265,0.55101341,-0.288535893,0.259303987,0.526117861,-0.07444723,0.721840739,0.372483552,-0.644216418,0.13058883,0.525004029,-0.256446451,0.582194209,0.898706138,0.015369518,0.45455426,0.899087727,-0.013655236,105,117,108,2
turn_left,0.608033955,0.526613951,-0.051549148,0.408221304,0.523248851,-0.074951962,0.746106982,0.549387515,-0.281640559,0.258957237,0.525889814,-0.074597456,0.724730611,0.371193856,-0.638314664,0.129818186,0.524133921,-0.262007296,0.582149863,0.898594201,0.015279464,0.454495609,0.899075568,-0.013567239,106,117,106,2
turn_left,0.607712984,0.527110517,-0.040772915,0.407739013,0.523248613,-0.072440118,0.745891631,0.549530149,-0.243144482,0.260159373,0.525995195,-0.077853136,0.740057886,0.374177128,-0.601058424,0.130157113,0.525757551,-0.288379163,0.582100987,0.898330033,0.01530997,0.454495519,0.899072766,-0.013593068,106,116,101,1
turn_left,0.607546687,0.527294219,-0.039728541,0.407608688,0.522988021,-0.072216406,0.74549669,0.549632132,-0.240944415,0.261716306,0.526138783,-0.090168364,0.747972548,0.375656664,-0.600449324,0.130577102,0.526936054,-0.308598578,0.582099617,0.898020566,0.015323237,0.454497397,0.898946941,-0.013606844,106,116,98,1
turn_left,0.607468188,0.527996778,-0.031086411,0.40666467,0.522833824,-0.071963996,0.743233442,0.551461101,-0.182570681,0.260867059,0.526145995,-0.090923943,0.769766092,0.381898016,-0.490461409,0.129858524,0.527334929,-0.304669976,0.582045674,0.89796102,0.015334761,0.454362154,0.898896575,-0.01362392,105,116,91,1
turn_left,0.607307494,0.528403521,-0.031886443,0.40648517,0.522802114,-0.078535773,0.740847647,0.553060532,-0.174926057,0.260617673,0.525906801,-0.101030827,0.77794081,0.389768302,-0.480572134,0.129478246,0.527489364,-0.313861102,0.582045496,0.897961259,0.015399811,0.454365641,0.899146974,-0.013679624,104,116,88,1
turn_left,0.607299924,0.528717101,-0.022260901,0.406486213,0.52278918,-0.071555562,0.737971187,0.554052532,-0.16693382,0.261686623,0.52590704,-0.09834516,0.786966026,0.40182513,-0.471444696,0.129490912,0.527937293,-0.307732105,0.582059145,0.898460567,0.015182251,0.454273462,0.899405897,-0.013497082,103,116,83,0
turn_left,0.607293487,0.528863788,-0.033028722,0.406443506,0.522784054,-0.0749387,0.736566544,0.556966364,-0.18428196,0.261683077,0.526001811,-0.098502569,0.786111832,0.403031081,-0.504451156,0.129451096,0.528699458,-0.305487365,0.581989169,0.898464203,0.014508751,0.454147041,0.899379373,-0.01285384,102,116,84,0
turn_left,0.607362688,0.528780401,-0.034050483,0.406489789,0.523230016,-0.075680718,0.739603579,0.55697763,-0.233017489,0.261805445,0.526280284,-0.094923593,0.748214006,0.394524634,-0.588479877,0.130644545,0.528701246,-0.295435786,0.581987977,0.898232281,0.014952786,0.454116046,0.899232209,-0.013281946,103,116,99,0
turn_left,0.607044101,0.528878689,-0.025294874,0.406387627,0.523242354,-0.074334085,0.739614606,0.557111859,-0.198400214,0.261490345,0.526259661,-0.095138863,0.751806796,0.388933003,-0.525519729,0.130480632,0.528863788,-0.297390163,0.58199966,0.898232222,0.014955541,0.454180628,0.899245381,-0.013292435,103,116,98,0
turn_left,0.606906056,0.529200852,-0.024594113,0.406246901,0.523335755,-0.082438454,0.739406466,0.55709672,-0.175806493,0.261116564,0.526449382,-0.104394272,0.763470411,0.388569891,-0.490748733,0.130404383,0.529907465,-0.313562632,0.581981361,0.898325801,0.016495394,0.454157412,0.899245262,-0.014877381,103,116,94,360
turn_left,0.606936991,0.529737651,-0.025000801,0.406179011,0.523273766,-0.083548173,0.738551855,0.557912529,-0.162042201,0.263323069,0.527360559,-0.123290718,0.790843844,0.406136453,-0.469948947,0.132985264,0.531915784,-0.358745486,0.581925929,0.898334622,0.016469765,0.45411548,0.899247408,-0.014861372,103,116,83,360
turn_left,0.606954217,0.530004203,-0.02488428,0.406112969,0.523139656,-0.084270261,0.737955928,0.558019996,-0.140446529,0.265876114,0.527647316,-0.121392287,0.799228311,0.415447593,-0.432210982,0.135567755,0.53363055,-0.347908556,0.581985831,0.898374498,0.016388921,0.454198778,0.899477005,-0.014790019,103,115,79,359
turn_left,0.607130229,0.530456781,-0.032291107,0.406106085,0.523127198,-0.092464738,0.737683892,0.559255064,-0.151676506,0.264514625,0.527584314,-0.121298611,0.796640992,0.415102392,-0.460545957,0.134555489,0.533670664,-0.33925724,0.581985116,0.8987149,0.016378999,0.454100847,0.899630606,-0.014780511,102,115,80,359
turn_left,0.607175529,0.530639708,-0.032279659,0.405961365,0.523244262,-0.091418438,0.737430334,0.560867012,-0.152317256,0.263811886,0.527784586,-0.118686162,0.793296278,0.414338589,-0.481279552,0.13355425,0.53392911,-0.337066203,0.581985295,0.898713708,0.016382668,0.453998178,0.899610519,-0.014788987,102,115,82,359
turn_left,0.607182801,0.530641913,-0.025834018,0.40627408,0.523414195,-0.091324747,0.737440586,0.560911894,-0.157966018,0.262243778,0.527406871,-0.117211029,0.784133434,0.405708671,-0.475045055,0.133350641,0.531951845,-0.322549284,0.581944883,0.898575902,0.018463746,0.453971535,0.899539948,-0.016778328,102,116,86,360
turn_left,0.607240975,0.530652702,-0.022585217,0.406818539,0.523724496,-0.083348528,0.738438666,0.560884595,-0.179173023,0.261750758,0.527190864,-0.102922402,0.773287535,0.393521577,-0.52056253,0.133288518,0.530538023,-0.303629875,0.581951261,0.898785174,0.018646033,0.453993559,0.899603724,-0.0169705,102,116,91,360
turn_left,0.607688606,0.530719161,-0.039908212,0.408766896,0.523408353,-0.076667085,0.742257059,0.560519874,-0.28799367,0.262168407,0.527166903,-0.08374954,0.739080787,0.384281188,-0.66677773,0.133246824,0.529339552,-0.271977812,0.581869006,0.899379134,0.017803293,0.453914315,0.899612546,-0.016101651,103,116,104,1
turn_left,0.608310759,0.530720055,-0.050690811,0.409816831,0.523029387,-0.074510448,0.745329678,0.559081256,-0.315572172,0.262268841,0.526872516,-0.081260353,0.724352717,0.379341573,-0.704456687,0.133470178,0.528441012,-0.265535831,0.581917405,0.899647474,0.016775105,0.453958273,0.900217593,-0.015074571,104,116,108,1
turn_left,0.609099507,0.53068459,-0.06728898,0.410531759,0.522982717,-0.074637204,0.747053981,0.5597561,-0.346021682,0.261853755,0.526048422,-0.082727924,0.711549878,0.37987566,-0.727133274,0.13296397,0.526933491,-0.258039296,0.581827283,0.899650216,0.015682502,0.45361805,0.900043547,-0.014021365,104,116,113,1
turn_left,0.609563649,0.530551076,-0.067261204,0.411134541,0.5228706,-0.071622305,0.747735798,0.559749484,-0.349331439,0.261772215,0.525816917,-0.078873329,0.709674954,0.380637795,-0.73698312,0.132648557,0.525405347,-0.252960175,0.581849396,0.899726331,0.014533915,0.453612715,0.899961352,-0.012896961,104,116,114,1
turn_left,0.609583735,0.530385196,-0.062110115,0.411112547,0.523180842,-0.071742944,0.748470068,0.559085906,-0.320152849,0.261902273,0.525428891,-0.080947928,0.720075011,0.37953189,-0.705578685,0.132629305,0.5254457,-0.262477845,0.58190614,0.899200082,0.013967534,0.453614056,0.89919883,-0.012355191,104,116,111,1
turn_left,0.609552562,0.530356765,-0.059785254,0.410932869,0.523355782,-0.079968952,0.748303533,0.559002995,-0.304920852,0.261854887,0.525464773,-0.088121876,0.725382507,0.379709631,-0.672614098,0.132596582,0.525519252,-0.276202619,0.58177191,0.898882926,0.014912091,0.45354113,0.89873147,-0.013260579,104,116,109,1
turn_left,0.608950913,0.530399382,-0.026665121,0.409676939,0.52351898,-0.079747632,0.745911717,0.559000194,-0.222279876,0.26172787,0.526031673,-0.12553139,0.74843353,0.380053103,-0.575458288,0.132605761,0.527432799,-0.369944245,0.581771135,0.898430228,0.01710091,0.453374565,0.898449898,-0.015402915,104,116,101,0
turn_left,0.608229995,0.530373752,-0.017198708,0.40880686,0.523322761,-0.079537593,0.74378562,0.559865952,-0.189391255,0.261375755,0.526665628,-0.118273735,0.759404957,0.387713969,-0.523337483,0.132595301,0.528746068,-0.345118254,0.581730783,0.897870421,0.017384669,0.453477085,0.897845626,-0.015723396,103,116,97,0
turn_left,0.607798815,0.53056407,-0.016726723,0.407388151,0.523314178,-0.079470769,0.74076879,0.560734034,-0.171636045,0.260980785,0.527383685,-0.120844282,0.774190545,0.398442894,-0.491240919,0.132521346,0.52992636,-0.353323817,0.581607997,0.897812486,0.017685158,0.452991664,0.897839665,-0.016033169,102,116,91,0
turn_left,0.60772264,0.530663133,-0.017956693,0.406862319,0.523275793,-0.077059604,0.739684224,0.561148226,-0.187309548,0.260607183,0.527433932,-0.117556773,0.781223595,0.401215971,-0.519846797,0.1324341,0.530414999,-0.343664885,0.581747293,0.89797914,0.01755481,0.452989817,0.898008347,-0.015938751,102,116,88,0
turn_left,0.607665896,0.53104037,-0.020257404,0.406856447,0.523300946,-0.085139617,0.737597644,0.564543843,-0.185790032,0.260714024,0.527441382,-0.116363227,0.782962143,0.409475386,-0.521181941,0.132420376,0.530454695,-0.332560211,0.581723094,0.897980154,0.017895136,0.452893257,0.898000538,-0.01626325,101,116,88,0
turn_left,0.607629418,0.531223953,-0.016340949,0.406856239,0.523303926,-0.084049538,0.736848712,0.567357361,-0.175539181,0.260795236,0.52731657,-0.112489596,0.782319188,0.411152333,-0.506273746,0.132430479,0.530486107,-0.330890894,0.581632972,0.89824605,0.018231619,0.45257777,0.898238301,-0.016591718,100,116,89,0
turn_left,0.607679963,0.531342447,-0.018030496,0.407680601,0.52327013,-0.082699127,0.738046885,0.56724906,-0.202413633,0.260858834,0.525916278,-0.103263356,0.781943917,0.403289497,-0.569118261,0.132454559,0.529477477,-0.300586969,0.581595361,0.898238957,0.018198062,0.452559173,0.898083806,-0.01656918,100,116,90,359
turn_left,0.607722104,0.531156957,-0.019083176,0.408680737,0.523210883,-0.081030995,0.739185452,0.565891385,-0.221288279,0.261215687,0.524115741,-0.097497575,0.775393367,0.3977997,-0.593948245,0.132450074,0.527619779,-0.289390534,0.581584871,0.898011327,0.018085657,0.452556282,0.89781934,-0.016453059,101,117,93,359
turn_left,0.608430982,0.530808151,-0.051267814,0.410020739,0.522627473,-0.082015134,0.743153691,0.565355957,-0.296373904,0.261425257,0.523813963,-0.096353777,0.74265027,0.392628312,-0.678042471,0.132489935,0.526028693,-0.284736514,0.581636369,0.897787094,0.016766019,0.452708632,0.89765799,-0.015106061,102,117,105,359
turn_left,0.609297872,0.530807078,-0.056237441,0.410533279,0.522616267,-0.078496031,0.745239198,0.563858628,-0.322198093,0.261843741,0.523648381,-0.089657225,0.729712307,0.387797803,-0.716925502,0.132608742,0.525371253,-0.273741663,0.581747353,0.897781432,0.015307317,0.452784449,0.897660911,-0.013651403,102,117,109,360
turn_left,0.609980047,0.530638874,-0.057119042,0.411398351,0.52256006,-0.072896317,0.746751249,0.563991129,-0.333005279,0.263151705,0.523634136,-0.076458499,0.716280282,0.38637194,-0.72171551,0.13384591,0.52526623,-0.254085004,0.581771553,0.897806108,0.014896678,0.452777624,0.897569239,-0.013241725,103,116,113,360
turn_left,0.610071599,0.530207157,-0.053894319,0.41160363,0.522635341,-0.073029146,0.747200727,0.563657761,-0.309830159,0.26686576,0.524148047,-0.079208016,0.722449243,0.38358289,-0.689566433,0.134863362,0.525633693,-0.265280962,0.581733823,0.897806227,0.014902823,0.452697754,0.897157073,-0.013247488,103,116,112,360
turn_left,0.610067725,0.52982378,-0.043335456,0.411608994,0.522702396,-0.072633877,0.747275472,0.563380837,-0.269487292,0.266846716,0.524354935,-0.075181231,0.727150321,0.383247107,-0.624608696,0.134898931,0.52615416,-0.267995656,0.581621408,0.897898793,0.015657235,0.452694327,0.897159755,-0.013967092,103,116,110,360
turn_left,0.60951668,0.52985245,-0.019160151,0.410276502,0.522655308,-0.072139457,0.746385038,0.563301146,-0.218492389,0.265395015,0.524451017,-0.117969058,0.751163602,0.383202851,-0.573390186,0.135163158,0.52736342,-0.368467569,0.581579506,0.897809625,0.017180411,0.452647746,0.897078335,-0.015615608,102,116,102,359
turn_left,0.609505951,0.529426455,-0.022300033,0.4096466,0.52294004,-0.060015012,0.745729029,0.565631628,-0.265435845,0.263507545,0.524467826,-0.07618691,0.729617655,0.384452969,-0.633432806,0.133838564,0.52521044,-0.258363247,0.581577122,0.897776306,0.016556377,0.452645779,0.896498144,-0.01501776,101,116,110,0
turn_left,0.609414935,0.529187024,-0.022683796,0.409056991,0.523062289,-0.045454733,0.745741904,0.569484949,-0.290148318,0.262718588,0.525754571,-0.046929903,0.714887142,0.388894349,-0.651734054,0.133813053,0.526630938,-0.219852641,0.581562519,0.897755027,0.016296212,0.452674925,0.896390498,-0.014767192,100,116,116,1
turn_left,0.609324276,0.528955758,-0.024986532,0.408819854,0.523064315,-0.044052739,0.745721161,0.571502626,-0.285821736,0.26266259,0.526952565,-0.033916935,0.711206973,0.392184943,-0.633717179,0.13379471,0.527305424,-0.194410294,0.581549287,0.897843421,0.016292963,0.452672154,0.896350622,-0.014763405,99,116,118,1
turn_left,0.608862281,0.528909862,-0.02485856,0.4085114,0.522749245,-0.042071592,0.744578302,0.571346164,-0.255172938,0.266346961,0.526933968,-0.037073974,0.714985967,0.388753265,-0.583715856,0.136213675,0.527971208,-0.216595978,0.581482649,0.897478342,0.015649956,0.452697456,0.895451605,-0.014114104,99,115,117,1
turn_left,0.608302891,0.528885007,-0.023690153,0.407733738,0.522767246,-0.043741371,0.744162738,0.571098864,-0.232477397,0.267065853,0.527075887,-0.045924816,0.718395054,0.388671845,-0.56050545,0.136933953,0.529286206,-0.223306686,0.581361532,0.897450864,0.01530988,0.452645957,0.895392478,-0.013723807,99,115,115,1
turn_left,0.607525229,0.528656363,-0.020143257,0.407493442,0.522783101,-0.0436038,0.743575156,0.568301022,-0.224486277,0.268553883,0.527256846,-0.046483524,0.726821482,0.386147827,-0.572168231,0.137672558,0.530755758,-0.263799012,0.581346154,0.896708488,0.014965768,0.452609241,0.894812465,-0.013351925,100,115,112,0
turn_left,0.606880784,0.528652251,-0.011013757,0.40692988,0.522858858,-0.043962207,0.742556751,0.562355876,-0.180760875,0.268449545,0.528177023,-0.07743641,0.752249599,0.384673506,-0.494054735,0.138120383,0.533975899,-0.313692629,0.581307888,0.896694779,0.015303716,0.452646673,0.894771993,-0.013727386,102,114,101,360
turn_left,0.606495023,0.528508723,-0.01353206,0.40610081,0.522864401,-0.05387491,0.739087343,0.5602265,-0.149672687,0.268027067,0.529831529,-0.077972494,0.77940321,0.391308784,-0.436143637,0.138082683,0.538234413,-0.299771845,0.581329942,0.896585107,0.015303904,0.452736139,0.894768715,-0.013726098,102,114,90,359
turn_left,0.606225193,0.528184056,-0.015029497,0.405506223,0.522863448,-0.060412742,0.736669183,0.557685614,-0.156272799,0.267986894,0.531108499,-0.086141884,0.789205015,0.397475541,-0.451787174,0.138468266,0.541128337,-0.312039405,0.581388593,0.896630347,0.015583903,0.452783972,0.894833446,-0.013981866,102,114,85,359
turn_left,0.605698407,0.528177321,-0.012572987,0.403791815,0.522840142,-0.062108614,0.733163059,0.557424843,-0.136952117,0.266928166,0.532383025,-0.101897143,0.790412784,0.409255147,-0.414794117,0.136745736,0.542623639,-0.331441551,0.581386268,0.89625138,0.015584024,0.452706009,0.894715369,-0.013986397,101,113,82,359
turn_left,0.605266273,0.528140426,-0.011675742,0.403020471,0.523025393,-0.066807054,0.731200755,0.557124436,-0.131096691,0.266276211,0.533128798,-0.108185649,0.789116919,0.410433978,-0.407861322,0.13653712,0.543544888,-0.338723004,0.581377268,0.89619118,0.01563542,0.452726215,0.894918203,-0.014051132,101,113,81,360
turn_left,0.604667783,0.527659297,-0.01201267,0.402766287,0.522982597,-0.066609278,0.730624318,0.557218254,-0.139059275,0.264094383,0.533117175,-0.093743384,0.783801973,0.409021854,-0.428385079,0.135706842,0.543441832,-0.31064406,0.581211269,0.895709097,0.015552258,0.452582419,0.894904375,-0.013945214,101,113,83,360
turn_left,0.604095042,0.52701807,-0.014112795,0.402793169,0.523040533,-0.065598898,0.730754733,0.557294905,-0.151642799,0.263940275,0.533064008,-0.083648928,0.780374467,0.408263862,-0.446137428,0.134934649,0.543262541,-0.29381007,0.581019938,0.895334303,0.014006687,0.452481985,0.894611061,-0.012424456,100,113,85,360
turn_left,0.603755951,0.526495457,-0.018329091,0.402799904,0.523058772,-0.066387266,0.731942654,0.554441273,-0.159385368,0.263943166,0.533041656,-0.083561912,0.775056064,0.383199811,-0.4694677,0.134823605,0.543186486,-0.29377076,0.580944896,0.8953318,0.013885586,0.452552974,0.894616723,-0.012317424,102,113,88,360
turn_left,0.603504241,0.526487529,-0.031523537,0.402666658,0.523663223,-0.06613531,0.733850598,0.55321157,-0.250037134,0.263956696,0.5332219,-0.079773895,0.748075545,0.37083143,-0.619028032,0.134852841,0.543031991,-0.282709032,0.580941617,0.895330787,0.012794355,0.452742636,0.894820452,-0.011253983,102,114,97,360
turn_left,0.603380144,0.526338518,-0.030845845,0.402677834,0.524112105,-0.063634925,0.734841228,0.552692175,-0.245616317,0.264058053,0.533268213,-0.077366151,0.735413969,0.366847485,-0.59976387,0.134852737,0.54312247,-0.27805841,0.580955386,0.895516574,0.012620518,0.452976644,0.895328581,-0.01110149,103,114,101,359
turn_left,0.603423893,0.52613622,-0.048542667,0.40274325,0.524770081,-0.064637788,0.734865129,0.552331805,-0.287930399,0.26422286,0.53384316,-0.073918238,0.717940986,0.369699299,-0.65114069,0.135128379,0.543328226,-0.267641068,0.580970943,0.895729363,0.012250252,0.453123719,0.895426631,-0.01072585,103,114,107,360
turn_left,0.603424072,0.525948226,-0.053571604,0.402728319,0.525039554,-0.067207113,0.734879851,0.552392304,-0.305126905,0.264164239,0.534045815,-0.074166097,0.712216735,0.371656448,-0.678392231,0.13513051,0.543389559,-0.266215324,0.580969155,0.895713687,0.012208031,0.453120649,0.895427048,-0.010682477,103,114,109,360
turn_left,0.603146911,0.525530398,-0.048900276,0.402736992,0.524939179,-0.056238841,0.734616935,0.552140653,-0.272553027,0.264144421,0.534644365,-0.054506075,0.714220166,0.372806162,-0.622361779,0.135240853,0.544336677,-0.245305032,0.580904841,0.89549309,0.011320981,0.453115314,0.894802928,-0.009762261,103,114,108,360
turn_left,0.602644563,0.52552402,-0.046327617,0.402719587,0.524930656,-0.056522083,0.735233366,0.552329302,-0.267135322,0.264150411,0.535533369,-0.057929855,0.720536709,0.371926606,-0.616165996,0.135456219,0.545626462,-0.253698558,0.580762744,0.895273566,0.010885863,0.453088105,0.894671619,-0.009319201,103,113,106,360
turn_left,0.602227926,0.525587082,-0.04081662,0.402470767,0.524919271,-0.05918007,0.735356212,0.553263903,-0.219759509,0.264151752,0.535885513,-0.066705756,0.740800202,0.374376744,-0.549753129,0.135210335,0.547315359,-0.270722181,0.580599248,0.894956827,0.010895177,0.452994108,0.894432783,-0.009329275,103,113,100,359
turn_left,0.601632476,0.525661886,-0.031533744,0.402165234,0.524928331,-0.066844225,0.735589445,0.552985847,-0.174591988,0.263986528,0.535981417,-0.084846295,0.75053221,0.373956412,-0.467633665,0.134707332,0.548001945,-0.292523891,0.580595136,0.894622624,0.012519415,0.453024298,0.894427657,-0.01098592,103,113,97,359
turn_left,0.601455986,0.525682449,-0.026544923,0.401889145,0.524959445,-0.066093922,0.735585988,0.553047895,-0.175577626,0.263421208,0.536337674,-0.084441051,0.760629833,0.375690013,-0.487881988,0.133267075,0.549041986,-0.296202809,0.58054471,0.894536972,0.01243449,0.452854961,0.894395173,-0.010926702,103,113,93,359
turn_left,0.601167202,0.525844336,-0.02216034,0.40138036,0.525012374,-0.080582455,0.73489368,0.554234803,-0.143486112,0.263343692,0.536493599,-0.103610672,0.775174916,0.386362344,-0.42995587,0.132716581,0.549545884,-0.320000261,0.580527663,0.894545972,0.014861192,0.452844948,0.89477247,-0.013300816,102,113,88,359
turn_left,0.601155281,0.526276648,-0.016980009,0.401375443,0.525068223,-0.081469476,0.734567881,0.554480195,-0.134502351,0.263708621,0.536569834,-0.10815464,0.78206867,0.389328748,-0.413882434,0.132703111,0.55024302,-0.324347436,0.580536664,0.894553363,0.015682543,0.45292902,0.895129502,-0.01414111,102,113,86,359
turn_left,0.60128361,0.52704674,-0.014869971,0.401258886,0.525713682,-0.082453392,0.733719766,0.555306375,-0.130346417,0.263791442,0.536642075,-0.107834756,0.787596703,0.398830235,-0.412574857,0.132702023,0.550308466,-0.321539164,0.580464363,0.89511323,0.016502667,0.452692032,0.896069229,-0.014941489,102,113,83,359
turn_left,0.601418614,0.527839065,-0.015927695,0.401097357,0.525761008,-0.084943518,0.733543456,0.556843519,-0.132431462,0.263940692,0.536817312,-0.12084955,0.787884831,0.405926973,-0.410115331,0.132709846,0.551037848,-0.343764991,0.580471456,0.89502579,0.016614838,0.452722549,0.89609164,-0.01507967,102,113,83,358
turn_left,0.601472974,0.529003203,-0.015053128,0.401083857,0.525767744,-0.083546132,0.733009875,0.558324277,-0.136673063,0.264249921,0.536812484,-0.118094787,0.786381841,0.406122863,-0.421207905,0.13278392,0.551387787,-0.339751244,0.580466568,0.89569217,0.016584415,0.452642381,0.896530926,-0.015053767,102,113,83,358
turn_left,0.601544023,0.529168606,-0.015407925,0.401409775,0.525118768,-0.081976712,0.735803008,0.559931993,-0.165254623,0.263508171,0.53683567,-0.107225105,0.778891206,0.40018037,-0.493920892,0.132765442,0.551363289,-0.318762898,0.580364406,0.895533502,0.016588928,0.452642024,0.896329343,-0.01507282,102,113,88,359
turn_left,0.601586163,0.529124498,-0.015853707,0.401685894,0.5251472,-0.075532131,0.738886416,0.559905171,-0.206136301,0.264426291,0.536828816,-0.106880449,0.754529715,0.384719342,-0.551535249,0.1347453,0.550692618,-0.327506423,0.580407858,0.895553887,0.0165662,0.452662051,0.896293104,-0.015050679,103,113,98,359
turn_left,0.601963401,0.529384971,-0.016171984,0.401739746,0.52512598,-0.08159142,0.738368928,0.56130451,-0.178564161,0.262660503,0.53373009,-0.113882706,0.773378432,0.401597649,-0.503955603,0.13327077,0.542464137,-0.332338125,0.580405235,0.895687401,0.016844327,0.452656031,0.896296203,-0.015353141,102,114,91,360
turn_left,0.602268815,0.529394448,-0.015400844,0.401817888,0.525004745,-0.08263208,0.73779285,0.562256753,-0.159715593,0.265952647,0.533063352,-0.126896679,0.792412758,0.423799902,-0.469797194,0.134326369,0.54223907,-0.362825811,0.580455184,0.896042585,0.016904974,0.452658892,0.896767855,-0.015408596,102,114,82,359
turn_left,0.603112817,0.52968955,-0.018341018,0.40216136,0.524719298,-0.08775001,0.737760186,0.564195096,-0.135001495,0.267528176,0.532145381,-0.127120331,0.80701524,0.437001616,-0.415503323,0.135065272,0.54180038,-0.354257882,0.580453753,0.896734297,0.016862733,0.452509552,0.897230864,-0.015363823,101,114,76,359
turn_left,0.603692293,0.530080318,-0.017976752,0.401827663,0.524637043,-0.087354407,0.735767007,0.566140771,-0.160521328,0.266237199,0.532178044,-0.135188952,0.804010093,0.438060552,-0.497835159,0.135014266,0.54167974,-0.381378472,0.580420732,0.896870732,0.016623672,0.452390909,0.897798657,-0.015160215,100,114,77,359
turn_left,0.603705585,0.530259609,-0.015906487,0.401789427,0.524649203,-0.086514845,0.733199954,0.567095637,-0.177242488,0.266089708,0.532184839,-0.147822469,0.800940633,0.438228786,-0.533936799,0.135020882,0.541496158,-0.406452358,0.580399632,0.897410572,0.01655639,0.452450037,0.898250341,-0.015120094,99,114,78,359
turn_left,0.603843808,0.530494153,-0.019801047,0.40168649,0.525170743,-0.088750377,0.732574582,0.567618549,-0.190149397,0.265588701,0.531348586,-0.14398393,0.798478246,0.434250802,-0.53970021,0.134918228,0.540277362,-0.387457669,0.580400109,0.898163557,0.016545316,0.452346087,0.899100006,-0.015109261,99,114,80,359
turn_left,0.60387069,0.530842125,-0.016221417,0.401938617,0.525401235,-0.087042704,0.732526541,0.570651889,-0.186218888,0.264656901,0.530653358,-0.121894635,0.78557992,0.418174565,-0.531331778,0.134839565,0.535195947,-0.337999552,0.580394864,0.898354709,0.016881432,0.452281058,0.899166286,-0.015441014,98,115,88,0
turn_left,0.603874564,0.530966461,-0.01618389,0.402816862,0.525493801,-0.084268406,0.734233797,0.570505023,-0.184360638,0.263809621,0.529130578,-0.112987518,0.774606764,0.400193423,-0.520825028,0.134828821,0.531890094,-0.313314259,0.580482304,0.898499668,0.017056677,0.452424228,0.899341047,-0.015617223,98,115,94,0
turn_left,0.6039325,0.531543672,-0.025005993,0.40466705,0.525568724,-0.072120585,0.739375293,0.568541884,-0.238293007,0.263790846,0.526576877,-0.096111521,0.754009545,0.381523341,-0.589828312,0.134900004,0.529613376,-0.295554847,0.58046186,0.899368882,0.015699664,0.452440023,0.899818063,-0.014256892,100,116,101,359
turn_left,0.604681015,0.531484544,-0.046724327,0.406301022,0.525146127,-0.070896871,0.742830992,0.568363726,-0.304625362,0.263662398,0.526332617,-0.080429874,0.725414991,0.378299832,-0.682081938,0.1350348,0.528513432,-0.271895349,0.580525041,0.899590254,0.015036985,0.452712238,0.900280297,-0.013551298,101,116,110,360
turn_left,0.60586369,0.531237543,-0.06102445,0.408047915,0.524793327,-0.071492195,0.743678212,0.568880677,-0.325312793,0.265068024,0.526064813,-0.077390417,0.719238341,0.383101493,-0.710280061,0.135831386,0.52813226,-0.265817195,0.580569029,0.899950624,0.01452757,0.452681452,0.900280774,-0.012965468,101,116,113,360
turn_left,0.606090426,0.530667543,-0.052759539,0.408223808,0.524834633,-0.073739111,0.746159256,0.561096847,-0.277362019,0.264467627,0.526115835,-0.083393887,0.723336101,0.377003014,-0.645188749,0.135905594,0.528025568,-0.283667386,0.580570579,0.899956822,0.014756726,0.452671945,0.900292754,-0.013152448,104,116,109,360
turn_left,0.606429994,0.530660212,-0.04876601,0.408210456,0.524861932,-0.075087123,0.745878577,0.555205941,-0.272116303,0.26394847,0.526188433,-0.086504534,0.726443946,0.370824069,-0.636908352,0.135838255,0.527766287,-0.287074208,0.580474675,0.899808109,0.015037252,0.452581972,0.90004915,-0.013418609,106,116,106,360
turn_left,0.606597602,0.528658509,-0.041101314,0.408169508,0.524883389,-0.074848153,0.745553195,0.542511821,-0.219588563,0.26395601,0.526248634,-0.086890019,0.737305164,0.352661937,-0.526275277,0.13578032,0.52795279,-0.288396001,0.58060658,0.898260117,0.015178831,0.452625424,0.899003208,-0.01356259,109,116,98,360
turn_left,0.606690466,0.528132975,-0.040556479,0.40813008,0.524881899,-0.074720457,0.745387793,0.537121117,-0.221782118,0.263928473,0.526269853,-0.087800726,0.748534083,0.354346901,-0.542504132,0.134975255,0.528147519,-0.290401101,0.580614686,0.897319019,0.013561072,0.452614397,0.8975721,-0.012085349,111,116,93,360
turn_left,0.60706687,0.527341485,-0.022179488,0.407533497,0.524247229,-0.075993083,0.745149493,0.531689048,-0.148070663,0.263930172,0.526678383,-0.105052903,0.775969386,0.357612789,-0.42254743,0.134974062,0.529586375,-0.332887262,0.580642223,0.896856666,0.014412681,0.45273757,0.897417903,-0.01293662,112,116,82,360
turn_left,0.607720673,0.526784122,-0.015565227,0.407236159,0.524078608,-0.076017782,0.745018959,0.532601118,-0.138240233,0.26392442,0.526717842,-0.110115752,0.785661697,0.360424429,-0.417993873,0.13500987,0.530084193,-0.345593154,0.580613852,0.896680534,0.015485726,0.452592224,0.897333682,-0.013956371,112,116,79,360
turn_left,0.608289599,0.526534438,-0.013882357,0.40717119,0.523734748,-0.08136709,0.744858384,0.531971157,-0.13667044,0.263681501,0.526744723,-0.110594951,0.788955271,0.362390727,-0.415676206,0.134736031,0.530378759,-0.337436676,0.580584645,0.896690726,0.016698845,0.452425331,0.897344828,-0.0151636,112,116,78,360
turn_left,0.608288944,0.527894855,-0.013397342,0.406555027,0.523729086,-0.081435397,0.744830012,0.532938838,-0.144093633,0.261782229,0.526781142,-0.110096619,0.785390019,0.3633416,-0.42575407,0.133165345,0.530450761,-0.336528718,0.580572724,0.896496356,0.017048063,0.452345997,0.897343278,-0.015540434,112,116,79,360
turn_left,0.608228326,0.528009117,-0.013085877,0.406472504,0.523684621,-0.079091258,0.744437397,0.534126222,-0.156429082,0.260504425,0.526813924,-0.109551452,0.782637239,0.361438423,-0.443611771,0.132529229,0.53050673,-0.330207884,0.580517411,0.896443486,0.01697379,0.452334553,0.897068381,-0.015498595,112,116,80,360
turn_left,0.608074963,0.528140366,-0.019163065,0.40663451,0.523818374,-0.069309406,0.74449265,0.535238683,-0.231847242,0.260523379,0.52684015,-0.095761485,0.757131815,0.359823436,-0.586577952,0.132534772,0.529675066,-0.298274815,0.580515027,0.896444976,0.015374635,0.452331871,0.897019923,-0.013929533,111,116,89,360
turn_left,0.607921481,0.52825582,-0.022727739,0.406649828,0.524053931,-0.063912496,0.74446249,0.535633326,-0.234632224,0.261598349,0.526860774,-0.090063706,0.739572167,0.356400102,-0.570346773,0.133145317,0.529528916,-0.291386157,0.580527186,0.896309435,0.014253275,0.4523592,0.896814227,-0.012820454,111,116,95,360
turn_left,0.608587086,0.528532565,-0.048717104,0.407692283,0.52417928,-0.061005224,0.745877206,0.538321316,-0.319949567,0.262573332,0.526787162,-0.084953614,0.707069516,0.359294236,-0.6779688,0.133510396,0.528906703,-0.272990763,0.580512106,0.896324456,0.012673423,0.452236086,0.896699071,-0.011229685,111,116,106,0
turn_left,0.608987689,0.528589725,-0.062263764,0.408503205,0.524389625,-0.061447181,0.74704957,0.540755808,-0.340097517,0.263111413,0.526650667,-0.086153679,0.699671328,0.36367017,-0.700393438,0.13370131,0.528393865,-0.272052884,0.58051455,0.896375656,0.010565749,0.452285826,0.896592498,-0.009198405,110,116,110,0
turn_left,0.609520555,0.528228343,-0.065051883,0.408880532,0.524627864,-0.062033318,0.746994853,0.54087317,-0.33374685,0.264108241,0.526705027,-0.087197185,0.69838661,0.363664508,-0.693512321,0.133787692,0.528415203,-0.275814474,0.580597103,0.896436334,0.010685781,0.452420712,0.896564722,-0.009312348,110,116,111,0
turn_left,0.609571517,0.528214037,-0.062929288,0.409024388,0.524689078,-0.05850631,0.747164249,0.540957272,-0.315377057,0.264138311,0.526522815,-0.081281625,0.704231441,0.363675147,-0.664681077,0.133792654,0.528028667,-0.271472424,0.580541074,0.896252334,0.010008797,0.452320486,0.895844281,-0.008622583,110,116,109,0
turn_left,0.609519899,0.527655661,-0.053077452,0.408940613,0.524327755,-0.055391192,0.747130513,0.541176379,-0.274183095,0.263655275,0.527024806,-0.070219122,0.713042378,0.361854881,-0.604544997,0.133829355,0.529314458,-0.271663308,0.580714107,0.896247208,0.010089115,0.452341944,0.895752728,-0.008703607,110,116,106,0
turn_left,0.609095395,0.527069986,-0.034404311,0.408928871,0.523244798,-0.050714791,0.747098625,0.541018069,-0.244241714,0.264049888,0.527088761,-0.069608316,0.724631667,0.359159499,-0.582910717,0.134621114,0.529722869,-0.27396062,0.58067143,0.895337939,0.010091127,0.452324629,0.895150304,-0.008709124,109,116,103,0
turn_left,0.608792782,0.52706635,-0.026498858,0.408869922,0.522448838,-0.052041084,0.744273782,0.540945172,-0.207836345,0.265772283,0.527139604,-0.070422858,0.758540392,0.359269112,-0.539945483,0.13518551,0.53182143,-0.285732657,0.580375314,0.894755721,0.010130896,0.452193677,0.894147575,-0.008753412,109,115,91,360
turn_left,0.608789921,0.527218282,-0.01600289,0.408859253,0.522454858,-0.049089216,0.742947638,0.53977561,-0.205996946,0.26636377,0.527335763,-0.075351842,0.774169564,0.359902889,-0.531207502,0.135543555,0.535024405,-0.305994272,0.580274463,0.895454347,0.009978465,0.452193201,0.894235373,-0.008651171,109,115,86,359
turn_left,0.608621895,0.52755028,-0.017132569,0.408600956,0.522390008,-0.061118972,0.742990792,0.540238082,-0.211728647,0.26266408,0.527358294,-0.082097292,0.765286088,0.360602915,-0.542729497,0.133149549,0.533147275,-0.303684086,0.580203593,0.895599127,0.012045581,0.452180088,0.894478738,-0.010716157,109,115,88,359
turn_left,0.608718753,0.527551115,-0.036847569,0.408700943,0.522350609,-0.06367489,0.744206548,0.540348232,-0.295368016,0.261980772,0.525565207,-0.082241483,0.733648539,0.36297816,-0.666451871,0.133102208,0.526769996,-0.282472998,0.580305696,0.895761073,0.012252243,0.452208191,0.894556105,-0.010889567,109,116,99,1
turn_left,0.608656824,0.527729869,-0.023770271,0.40868336,0.522671878,-0.059200384,0.744275451,0.540400565,-0.25768736,0.262020886,0.525391281,-0.080912918,0.734137177,0.360500365,-0.619379103,0.13313055,0.523963869,-0.278069049,0.580308616,0.895764351,0.012350494,0.452191412,0.894568443,-0.010990335,109,116,99,2
turn_left,0.608618796,0.527954936,-0.021977441,0.408591032,0.522631407,-0.059227247,0.744242549,0.541883528,-0.252115667,0.262055457,0.525240362,-0.083339177,0.741868854,0.364165485,-0.609375715,0.133069173,0.523287714,-0.284756958,0.580303729,0.8959288,0.012931364,0.452160507,0.894836247,-0.011563053,109,116,97,2
turn_left,0.608564675,0.528115153,-0.02004103,0.408322155,0.522685885,-0.059182681,0.744063675,0.542576671,-0.248094052,0.261377782,0.52518338,-0.082997032,0.749214351,0.365631461,-0.610375166,0.13242282,0.523314536,-0.281494915,0.580318987,0.895933807,0.013292352,0.45216316,0.895236731,-0.011927514,109,116,94,2
turn_left,0.608680129,0.528454602,-0.016826492,0.407785028,0.522541463,-0.053469408,0.743142605,0.542589009,-0.21894376,0.261362851,0.525191724,-0.081193596,0.770291448,0.367019087,-0.567753553,0.132122338,0.524184644,-0.281694502,0.580304623,0.896072805,0.012828504,0.452014595,0.895437896,-0.011524412,109,116,87,1
turn_left,0.608919144,0.528666317,-0.017767224,0.407423735,0.522091448,-0.06100022,0.743085265,0.542591691,-0.185537905,0.260789335,0.525194347,-0.087945551,0.782680929,0.367394924,-0.48654899,0.131413847,0.52486062,-0.297149301,0.580230117,0.896077573,0.013143202,0.451945543,0.895459175,-0.011811667,109,116,83,1
turn_left,0.609611392,0.528675079,-0.013574133,0.407436073,0.521464825,-0.051546741,0.742928147,0.541774511,-0.167397439,0.261122972,0.524816155,-0.087798931,0.794920325,0.377732575,-0.440377891,0.131348312,0.524967313,-0.296113938,0.580213845,0.896083474,0.011762781,0.45186609,0.895291984,-0.010536565,109,116,78,1
turn_left,0.609708488,0.528714061,-0.014089537,0.407344729,0.521152318,-0.051892452,0.742310107,0.541464388,-0.161377177,0.261144817,0.52453053,-0.084942482,0.797259927,0.385242492,-0.429908097,0.130738154,0.525037527,-0.284914792,0.580195546,0.896841466,0.012446426,0.451841027,0.895871103,-0.011182947,109,116,76,1
turn_left,0.609906077,0.528716981,-0.014424408,0.407338202,0.520942509,-0.052391075,0.742072523,0.541773438,-0.166423768,0.261122525,0.524532139,-0.090897143,0.794031858,0.386917859,-0.448808819,0.130534485,0.525237024,-0.297360808,0.580129743,0.897174835,0.01215509,0.451671988,0.895917892,-0.010913213,109,116,77,1
turn_left,0.609885097,0.528822124,-0.013006605,0.407133162,0.520947456,-0.05511735,0.741522431,0.542359114,-0.177459329,0.261337429,0.524970114,-0.094782345,0.790269136,0.385596842,-0.474591881,0.130587325,0.526165843,-0.30920893,0.580126345,0.898139894,0.014067422,0.451680899,0.896698952,-0.012764943,109,116,79,1
turn_left,0.609633565,0.528813004,-0.013374669,0.407135636,0.521005511,-0.058864266,0.741650224,0.542737782,-0.213992283,0.26207757,0.524963737,-0.111252025,0.774116814,0.375545233,-0.568353176,0.132622451,0.526187837,-0.350518882,0.58012116,0.898268104,0.015111158,0.451657057,0.896710813,-0.01376464,108,115,85,1
turn_left,0.609577119,0.52880168,-0.01347212,0.407176197,0.521140039,-0.055069484,0.74295795,0.543173254,-0.238286644,0.262076825,0.524871945,-0.108490407,0.763424933,0.370356858,-0.603363335,0.132906228,0.526236594,-0.333997041,0.580103457,0.898223341,0.014727453,0.451640695,0.896642923,-0.01342787,108,116,89,1
turn_left,0.609656334,0.528472781,-0.018865857,0.407963365,0.521719396,-0.048088096,0.743579507,0.543179214,-0.263750583,0.265715301,0.524900377,-0.075768456,0.728079438,0.366731822,-0.612503707,0.135763809,0.526300788,-0.278072625,0.580121994,0.898146033,0.01420965,0.451654673,0.896425486,-0.012871104,108,115,101,1
turn_left,0.609890878,0.527988672,-0.041812602,0.408664882,0.521860301,-0.048296176,0.74435395,0.542886674,-0.320924759,0.268416345,0.524861515,-0.087995455,0.718058705,0.366697222,-0.695607066,0.137098327,0.526473403,-0.283235103,0.580174983,0.898144841,0.013585648,0.451654285,0.896295309,-0.012258835,108,115,105,1
turn_left,0.609826207,0.52738601,-0.03963716,0.408669084,0.521901727,-0.0490207,0.744587779,0.54207474,-0.306540668,0.268307626,0.524464309,-0.088043831,0.713453412,0.365033448,-0.66303283,0.137023419,0.52528441,-0.282183379,0.580198109,0.898127794,0.013445398,0.451813757,0.896292269,-0.012139554,109,115,106,1
turn_left,0.609753966,0.527222574,-0.038291894,0.408735752,0.521892309,-0.049289491,0.744826496,0.541943133,-0.300123811,0.268170387,0.524384201,-0.082111597,0.717562616,0.365076154,-0.656445444,0.136969209,0.524941504,-0.266551465,0.580227017,0.898164988,0.01344246,0.451867431,0.896309316,-0.01213322,109,115,105,1
turn_left,0.609019876,0.527116179,-0.028168231,0.408312947,0.521421611,-0.037333809,0.745105863,0.541795492,-0.286210597,0.268064916,0.524386048,-0.074007109,0.721312821,0.360695213,-0.642810345,0.136912838,0.524974346,-0.270525247,0.580232561,0.898069203,0.010867318,0.451871783,0.896145105,-0.00968334,109,115,104,1
turn_left,0.60864979,0.527071297,-0.028386941,0.408308983,0.520853043,-0.04021778,0.745439231,0.541221261,-0.268175006,0.268001139,0.5244959,-0.072492436,0.728969693,0.360025138,-0.614509761,0.136949375,0.525313616,-0.268788964,0.58023572,0.897865176,0.010876963,0.452017397,0.896051824,-0.009678853,109,115,101,1
turn_left,0.608639121,0.52707088,-0.010615321,0.408193916,0.520774364,-0.036630005,0.745101452,0.539316177,-0.21068871,0.268857569,0.52439028,-0.088196173,0.762536883,0.354931146,-0.523497283,0.137362704,0.526275218,-0.328072339,0.580219865,0.897891223,0.010653665,0.452032089,0.896049261,-0.009470386,110,115,90,1
turn_left,0.608641505,0.527063549,-0.008808974,0.40804854,0.520699382,-0.038447082,0.744598091,0.538359642,-0.177114516,0.268910915,0.524519086,-0.088095337,0.775399148,0.355210215,-0.471607298,0.1373346,0.527221084,-0.31719777,0.580168545,0.89788419,0.011930437,0.45198822,0.896035612,-0.010654196,110,115,85,0
turn_left,0.609072864,0.527120471,-0.003371191,0.407806814,0.520829022,-0.03880325,0.744300425,0.537453771,-0.156261176,0.26954782,0.52482754,-0.123826183,0.79859966,0.368306905,-0.418721378,0.137924656,0.529888093,-0.393077344,0.580146134,0.897908509,0.013845818,0.451819897,0.896074593,-0.012602491,110,114,77,359
turn_left,0.609190106,0.527257323,-0.00096719,0.407262802,0.520855308,-0.03930385,0.741032422,0.540592968,-0.166277796,0.270104676,0.525453031,-0.121297933,0.799800277,0.388787597,-0.463496834,0.13838686,0.531979561,-0.361237109,0.580171227,0.897879362,0.016496439,0.451768219,0.896099508,-0.015123884,108,114,75,359
turn_left,0.609255314,0.527651608,0.004908555,0.40726319,0.521006942,-0.033307441,0.74045831,0.541176677,-0.179790825,0.270865709,0.525848389,-0.119309165,0.795434535,0.389071614,-0.48764497,0.138387889,0.532092214,-0.384666353,0.580160022,0.899083853,0.015608488,0.451632112,0.896401644,-0.014312781,108,114,76,359
turn_left,0.609187841,0.527790725,-0.000596999,0.40743342,0.52036792,-0.034660831,0.740915358,0.542472422,-0.209625155,0.270680219,0.524801195,-0.098717764,0.784382761,0.381649494,-0.558316827,0.138332233,0.531917334,-0.329848558,0.580111861,0.898819149,0.015137243,0.451657206,0.89624989,-0.013875914,108,114,81,359
turn_left,0.609042048,0.527850449,-0.004737417,0.407437235,0.520343065,-0.035307072,0.742384553,0.542738378,-0.219139069,0.26974982,0.52469933,-0.072842166,0.77216661,0.377555519,-0.564245462,0.138279155,0.531737864,-0.283051431,0.580099463,0.898521066,0.013682658,0.451666027,0.895726085,-0.01241478,108,114,86,359
turn_left,0.608806491,0.527854085,-0.009261345,0.407440096,0.52004081,-0.040978946,0.742395878,0.543185115,-0.219989613,0.268880218,0.5247069,-0.073416129,0.761257768,0.377327979,-0.564846933,0.138182744,0.531386316,-0.288940549,0.580099344,0.897272229,0.013807463,0.451718479,0.894880414,-0.012492989,108,114,90,359
turn_left,0.608709931,0.527733088,-0.027849253,0.407448143,0.519869804,-0.041224927,0.743621886,0.543119967,-0.263518035,0.268136322,0.525208831,-0.064170092,0.727101803,0.372227371,-0.601164401,0.13816601,0.531421065,-0.265562862,0.580209911,0.897159994,0.013131047,0.45184961,0.894624293,-0.01176427,108,114,102,359
turn_left,0.608529687,0.527701795,-0.035589665,0.40733704,0.519903541,-0.051301979,0.744271696,0.543392181,-0.290519327,0.26803875,0.526481688,-0.070978664,0.716649711,0.371987402,-0.63880074,0.138150066,0.531403482,-0.277097672,0.58022058,0.897154748,0.013134805,0.451871157,0.894626677,-0.011763433,108,114,106,1
turn_left,0.608595252,0.52734822,-0.060466629,0.407376915,0.519827008,-0.059623927,0.744961143,0.54372859,-0.335262865,0.268034667,0.526910961,-0.086228572,0.70509994,0.373200417,-0.690860212,0.137753934,0.531389177,-0.28388238,0.58035481,0.897025287,0.013044628,0.452049911,0.894619405,-0.011662414,108,114,110,1
turn_left,0.608554423,0.527271807,-0.055938445,0.407383829,0.520276546,-0.066262737,0.745817661,0.54373759,-0.317934096,0.265358806,0.526908696,-0.084628247,0.716806829,0.369258314,-0.684338629,0.135834157,0.531185269,-0.281329513,0.580361247,0.897242606,0.014329146,0.452128172,0.895040691,-0.012863773,108,114,106,1
turn_left,0.608346164,0.527513623,-0.030018264,0.40673247,0.520233929,-0.065672398,0.743562818,0.54506278,-0.196281821,0.265571386,0.52666837,-0.109403513,0.774933696,0.382522434,-0.512398124,0.136097327,0.531028867,-0.360055357,0.580332696,0.897735357,0.014413891,0.45208016,0.895260572,-0.012961974,107,114,86,1
turn_left,0.607687294,0.527595222,-0.011570528,0.406599462,0.520141959,-0.065540589,0.743056059,0.545052171,-0.205957532,0.264586478,0.526792943,-0.113842025,0.767685533,0.378321826,-0.537871838,0.135918453,0.531013429,-0.358780235,0.580336928,0.897161126,0.015123894,0.452242285,0.894888699,-0.013744448,107,114,89,1
turn_left,0.607239425,0.527935266,-0.006720596,0.40619269,0.520184457,-0.064079821,0.742693186,0.545501173,-0.211001873,0.26368767,0.526847124,-0.130295694,0.764333904,0.378006667,-0.547985435,0.135849908,0.530994296,-0.391089648,0.580354333,0.897123694,0.015499835,0.452244699,0.894904971,-0.014152224,107,114,90,1
turn_left,0.606801689,0.527942896,-0.011354585,0.405972064,0.520381153,-0.069981471,0.74291873,0.545527101,-0.214525297,0.263011396,0.527000189,-0.120942056,0.75951314,0.370702773,-0.561742902,0.135537833,0.530909956,-0.355187207,0.580365241,0.897021055,0.016043194,0.452246487,0.894907832,-0.014609572,107,115,92,1
turn_left,0.607184529,0.527999699,-0.038077269,0.406361729,0.520836115,-0.068256363,0.746015012,0.546820521,-0.295962155,0.26237753,0.526836634,-0.086387023,0.730281174,0.372519404,-0.662238598,0.135075346,0.530864835,-0.28237921,0.580364823,0.897622526,0.015004329,0.452172339,0.894928575,-0.013548356,108,115,103,1
turn_left,0.607236743,0.528001428,-0.036701351,0.406489313,0.521027267,-0.060194992,0.746698022,0.546840549,-0.291589618,0.262301534,0.526870549,-0.073086545,0.714766145,0.371527195,-0.646080196,0.135069221,0.530843198,-0.268250883,0.580338478,0.897697568,0.014133128,0.452129513,0.894968867,-0.012694833,108,115,108,1
turn_left,0.607652724,0.527999163,-0.037928808,0.406878561,0.521301985,-0.058266155,0.747204244,0.546839356,-0.293352544,0.263922304,0.526855588,-0.072389215,0.711869478,0.371529698,-0.64334321,0.135857254,0.530115426,-0.267765313,0.580325365,0.897703826,0.013893515,0.45212093,0.894971609,-0.012438138,108,115,109,1
turn_left,0.607850194,0.528000772,-0.038378906,0.407122195,0.521435082,-0.058853548,0.747774661,0.547042727,-0.288823068,0.263925701,0.526352465,-0.070418932,0.714025855,0.371539295,-0.64094156,0.13582541,0.529256403,-0.265174747,0.580346882,0.897701144,0.01423472,0.452160299,0.894984245,-0.012743862,108,115,109,1
turn_left,0.607840896,0.527905047,-0.036104936,0.407084644,0.520998955,-0.068035461,0.748070955,0.54723078,-0.233678147,0.261484623,0.526365936,-0.073976859,0.718315542,0.369775146,-0.549423158,0.133644015,0.528933406,-0.268976271,0.580346704,0.897633553,0.015503451,0.452286303,0.894991755,-0.013959831,108,115,107,1
turn_left,0.607632577,0.527975678,-0.02132793,0.406930149,0.520849347,-0.065011926,0.748037815,0.547622859,-0.211078569,0.26152271,0.526439548,-0.077213839,0.742295563,0.37009272,-0.539165556,0.133653849,0.528897822,-0.292406857,0.580282271,0.897026658,0.0158449,0.452290446,0.894698799,-0.014319223,108,115,100,1
turn_left,0.607574284,0.528154552,-0.018276097,0.406880856,0.520481884,-0.072839253,0.744895816,0.549408495,-0.169155702,0.262152314,0.52638036,-0.094807684,0.769359887,0.376168162,-0.477986574,0.133812115,0.528867006,-0.311267525,0.580259085,0.896324217,0.016843887,0.452258974,0.893681824,-0.015337065,107,115,91,1
turn_left,0.607461333,0.528320253,-0.018868063,0.406859934,0.520455122,-0.078131288,0.742670655,0.550230742,-0.168971121,0.264130622,0.526324034,-0.11202874,0.779940188,0.380741715,-0.47465834,0.13395533,0.528909981,-0.34207961,0.580238461,0.896297872,0.017208815,0.452320516,0.89370209,-0.015716122,106,115,87,1
turn_left,0.607466877,0.528726518,-0.010398552,0.406837553,0.520453095,-0.070020318,0.738999546,0.550628126,-0.182747215,0.264936596,0.526331306,-0.118144058,0.783939183,0.389039636,-0.504102111,0.134244084,0.529512465,-0.367569119,0.580255926,0.896298707,0.017200081,0.452325642,0.893691301,-0.015710853,105,115,84,1
turn_left,0.607505381,0.528730571,-0.000368299,0.406662703,0.520344615,-0.052818336,0.736994743,0.552790523,-0.190732449,0.26633507,0.527011514,-0.134947821,0.788092852,0.40378806,-0.563498378,0.135023519,0.53052336,-0.406915605,0.580235481,0.89632833,0.015929179,0.452228367,0.893655777,-0.014628321,104,114,82,1
turn_left,0.607626498,0.528854132,-0.003538283,0.406021982,0.520360351,-0.062924847,0.736269772,0.55384481,-0.177739456,0.266329646,0.527398705,-0.128589183,0.790633619,0.408329219,-0.507605433,0.135358274,0.530913353,-0.380251706,0.580235004,0.896239579,0.016545862,0.452203363,0.893496275,-0.015212685,104,114,81,1
turn_left,0.607526183,0.528958619,-0.004393364,0.406014204,0.52017653,-0.076461494,0.736911356,0.553832114,-0.16666624,0.266272902,0.527097881,-0.124572232,0.78651768,0.401855916,-0.469048977,0.135364145,0.530761838,-0.361461252,0.580221415,0.896229804,0.01848124,0.452230453,0.893498003,-0.017058307,104,114,83,1
turn_left,0.607525885,0.528964281,-0.010280516,0.405993789,0.52029717,-0.077371508,0.737302482,0.553753853,-0.177362755,0.266301334,0.527041018,-0.123918653,0.782899976,0.385133356,-0.493115276,0.13548027,0.530400038,-0.361458004,0.580228031,0.895615041,0.018547703,0.452274412,0.893231153,-0.017119883,104,114,86,1
turn_left,0.607448041,0.528591216,-0.010518972,0.406167269,0.520319223,-0.062380832,0.738945901,0.553158462,-0.210430592,0.267224491,0.527125001,-0.087397918,0.764100313,0.381541073,-0.562202811,0.136416227,0.530411422,-0.305687129,0.580223739,0.89511466,0.017369321,0.452345759,0.893105388,-0.015914202,104,114,92,1
turn_left,0.607375503,0.52841562,-0.011022504,0.406286091,0.520430744,-0.0569943,0.740662932,0.550836504,-0.230324984,0.267258853,0.527126729,-0.080446713,0.752835631,0.37237978,-0.590535164,0.136522159,0.530335009,-0.290276945,0.58027178,0.894515276,0.016411599,0.452504873,0.892719686,-0.014965763,105,114,96,1
turn_left,0.607596159,0.52807647,-0.026077202,0.40710783,0.521151006,-0.054661214,0.744532347,0.547919512,-0.269089878,0.267846912,0.527719676,-0.073122635,0.727061331,0.366786271,-0.613204181,0.136983261,0.530825257,-0.281850308,0.580346584,0.894754291,0.015536563,0.452587217,0.892715335,-0.014099541,107,114,104,1
turn_left,0.607893646,0.527995467,-0.031779807,0.407568038,0.521852851,-0.053193748,0.747125447,0.547934413,-0.281862468,0.2679784,0.52812916,-0.068576142,0.721266329,0.367733032,-0.630248785,0.137601614,0.5308128,-0.270006239,0.580375671,0.8948915,0.015313772,0.452620596,0.892590463,-0.013871782,108,114,106,1
turn_left,0.608013213,0.5279423,-0.042179175,0.40780744,0.521842241,-0.053712558,0.747618318,0.548100471,-0.289838642,0.268431216,0.528143108,-0.066469103,0.720555425,0.367839456,-0.640515983,0.137614504,0.530850828,-0.265916526,0.580098271,0.894880533,0.014589976,0.452412933,0.8920573,-0.013109172,108,114,107,1
turn_left,0.607993007,0.527941406,-0.039485924,0.407773346,0.521769702,-0.051433168,0.747533441,0.548134089,-0.271895707,0.268157721,0.529321313,-0.060896408,0.726690292,0.368405998,-0.616625905,0.137709767,0.531720638,-0.263706356,0.580104709,0.894681692,0.014290879,0.452390999,0.891853213,-0.01278946,108,114,105,2
turn_left,0.607827425,0.52754873,-0.03784246,0.407581031,0.521746695,-0.05195839,0.747632682,0.548166573,-0.267962247,0.266286314,0.530306995,-0.065091468,0.729958892,0.368513227,-0.607197642,0.137600198,0.532508612,-0.273568243,0.580129147,0.893398345,0.013723205,0.452393293,0.891147912,-0.012232859,107,114,104,2
turn_left,0.607640982,0.527581513,-0.030974621,0.407149166,0.521612465,-0.054858185,0.746851027,0.548029006,-0.247051954,0.266366571,0.530754089,-0.07827206,0.742133915,0.368891358,-0.603257895,0.138458908,0.533988059,-0.299387038,0.580061257,0.892107666,0.013778552,0.452442586,0.889925301,-0.012317088,108,114,100,2
turn_left,0.607610524,0.527695775,-0.028839922,0.40657863,0.521838725,-0.06904643,0.74462086,0.547998369,-0.210133195,0.266401947,0.530795217,-0.125555724,0.76968801,0.369936913,-0.536877751,0.137724429,0.534953058,-0.372161329,0.580059588,0.891874254,0.01413728,0.452347338,0.889439762,-0.01275449,107,114,90,2
turn_left,0.607608199,0.527794063,-0.028717762,0.406336963,0.522184432,-0.074394681,0.742364705,0.548241675,-0.197941333,0.266410291,0.530871749,-0.132777795,0.781756878,0.374075949,-0.520428836,0.136966124,0.535985172,-0.378067404,0.580061078,0.891882002,0.014513379,0.452077776,0.88944,-0.01316769,107,114,86,1
turn_left,0.607609391,0.528015912,-0.027224595,0.406028211,0.522323489,-0.074083075,0.740801871,0.547880709,-0.180029869,0.266268551,0.530970752,-0.13502726,0.795887709,0.388634622,-0.480590165,0.135779098,0.537236452,-0.390426725,0.580040216,0.891920626,0.014439868,0.451815665,0.889456689,-0.013115471,107,114,79,1
turn_left,0.607812941,0.528031945,-0.032085199,0.405856311,0.522489965,-0.080563106,0.739864886,0.547789872,-0.19020851,0.265928566,0.531011939,-0.144021913,0.799666703,0.401592791,-0.50290966,0.133766994,0.53770107,-0.386630356,0.580040812,0.891881227,0.014222847,0.451450974,0.88935101,-0.012934203,106,114,76,1
turn_left,0.607769072,0.528032899,-0.031640049,0.405695528,0.522269309,-0.079850301,0.739881337,0.547816217,-0.186723754,0.265227139,0.52698046,-0.131879419,0.791064501,0.395457864,-0.501681089,0.13330327,0.52982372,-0.347814709,0.579959929,0.893017173,0.014622959,0.451452732,0.890385926,-0.013300093,106,115,80,1
turn_left,0.607844234,0.528558433,-0.031363674,0.407007545,0.52198565,-0.07312417,0.742538035,0.549959362,-0.246466845,0.264859855,0.526138961,-0.100252375,0.770437777,0.390342623,-0.632577658,0.13334538,0.527963877,-0.300417632,0.579965174,0.892604887,0.014627405,0.451460421,0.890328646,-0.013301124,106,115,89,1
turn_left,0.607963085,0.528603852,-0.026953841,0.407096058,0.521817207,-0.074967757,0.742802262,0.553247988,-0.209931344,0.265153944,0.526072085,-0.111518458,0.770489752,0.384956658,-0.566536069,0.136182398,0.527874291,-0.351822197,0.579893053,0.89239347,0.017551389,0.451403797,0.890321076,-0.016062425,105,115,91,1
turn_left,0.608410239,0.529835939,-0.010185706,0.407085717,0.521694958,-0.071339615,0.740422487,0.554264903,-0.178229764,0.266598642,0.526064336,-0.119661763,0.784468412,0.39595595,-0.508873463,0.137894183,0.528067648,-0.370028526,0.579893708,0.892549157,0.018663749,0.451419681,0.890327215,-0.017194066,105,115,85,1
turn_left,0.608706117,0.53048414,-0.002669023,0.407211244,0.521626413,-0.068154253,0.740044236,0.554186165,-0.16314958,0.268759906,0.526028991,-0.118693754,0.795231164,0.40316689,-0.473928303,0.138929173,0.527853608,-0.362835467,0.579838812,0.892551124,0.02097569,0.451423168,0.890363395,-0.019510861,105,115,80,1
turn_left,0.609301507,0.530903161,-0.015474153,0.407205999,0.521577954,-0.075567193,0.739819646,0.554182887,-0.175548434,0.26785785,0.525365889,-0.118247285,0.796381891,0.40620929,-0.498024374,0.137991697,0.526686072,-0.355970114,0.579759598,0.89256233,0.020900358,0.451357603,0.890667081,-0.019392148,105,115,79,1
turn_left,0.609335244,0.5312832,-0.020204749,0.407114655,0.52134496,-0.081992939,0.739688158,0.554828703,-0.172109902,0.266537309,0.524617434,-0.121022061,0.796890676,0.407172292,-0.486590922,0.13655445,0.525779247,-0.355092466,0.579768062,0.892564774,0.020796683,0.451338679,0.890895724,-0.019313602,105,115,79,1
turn_left,0.609331965,0.531273603,-0.020300984,0.407105297,0.521178424,-0.080839701,0.740604699,0.555288672,-0.176895842,0.265928566,0.523938537,-0.113240875,0.796247959,0.399848014,-0.495637715,0.135917753,0.524334013,-0.331325769,0.579760551,0.89271009,0.020715693,0.451331377,0.891090691,-0.019242737,105,116,81,1
turn_left,0.609309912,0.531254888,-0.020329027,0.407100201,0.521079659,-0.080177769,0.741508126,0.555356562,-0.181463093,0.264301956,0.523175657,-0.106681325,0.790747046,0.388667941,-0.516129494,0.135438859,0.52299577,-0.319024801,0.579753041,0.89267379,0.020616798,0.451263338,0.890980184,-0.019145062,105,116,84,1
turn_left,0.609297872,0.531182528,-0.020545136,0.407164633,0.521031082,-0.080026433,0.741975188,0.556522191,-0.187622279,0.26376158,0.523075402,-0.098159745,0.779298723,0.386042386,-0.525789976,0.135019243,0.522108972,-0.305689305,0.579840124,0.89267379,0.020533482,0.451377004,0.891030073,-0.019052615,105,116,88,1
turn_left,0.609315753,0.531455636,-0.03894696,0.408131182,0.521073103,-0.073935293,0.745953798,0.556499481,-0.274436891,0.263525397,0.523076892,-0.085052624,0.755737484,0.377322853,-0.651133418,0.134876534,0.521363914,-0.281322777,0.579860985,0.892633975,0.017930616,0.451398909,0.891201437,-0.016389262,106,116,97,2
turn_left,0.609460652,0.531565905,-0.042277269,0.408829361,0.52109766,-0.062991485,0.747924566,0.556126416,-0.313067973,0.263543814,0.523086667,-0.076816007,0.735423267,0.374799639,-0.706876993,0.134871751,0.521285236,-0.269504398,0.57995826,0.893635631,0.015760811,0.451445669,0.891972661,-0.014228526,106,116,104,2
turn_left,0.609512329,0.531656623,-0.045574594,0.409149736,0.521070719,-0.063540705,0.748644829,0.556061864,-0.294517487,0.263973653,0.523099363,-0.074399821,0.731822789,0.374228328,-0.660237789,0.13507089,0.521608651,-0.267813385,0.579966903,0.893609226,0.0157809,0.451609045,0.891929328,-0.014249505,107,116,105,1
turn_left,0.608824134,0.531417847,-0.039550371,0.409144074,0.52105087,-0.060469102,0.748539388,0.555547178,-0.286041051,0.263978571,0.523034632,-0.07250008,0.739771426,0.373855412,-0.629000306,0.135239035,0.521666586,-0.271819949,0.579945445,0.893513143,0.015421997,0.451782882,0.891868353,-0.013898326,107,116,103,1
turn_left,0.60855335,0.531366944,-0.026815016,0.409006208,0.521018803,-0.061517052,0.748427272,0.555612564,-0.240595341,0.263975322,0.523041427,-0.076375954,0.741302609,0.374397367,-0.589214981,0.13556163,0.521686971,-0.278112143,0.579929054,0.893515646,0.016331062,0.451849699,0.892084837,-0.014757073,107,116,102,1
turn_left,0.608499169,0.531355023,-0.015163642,0.40890485,0.521013856,-0.061934702,0.746808231,0.556309998,-0.181724548,0.266467452,0.523271799,-0.111181915,0.767742276,0.37969768,-0.49995026,0.137924001,0.522693336,-0.365174621,0.579804361,0.893512487,0.017519515,0.451679289,0.891914368,-0.015978653,106,116,93,1
turn_left,0.609074116,0.531357288,-0.015208957,0.408848137,0.521107495,-0.063893311,0.74577409,0.555949092,-0.168329656,0.266493261,0.524220169,-0.11140126,0.802222908,0.403587222,-0.479067028,0.138086572,0.525039852,-0.346091449,0.579822958,0.893617272,0.017465016,0.451756299,0.891929746,-0.015941918,106,115,80,1
turn_left,0.609219074,0.531375587,-0.016243031,0.408629119,0.5210585,-0.06652014,0.745157242,0.555934191,-0.174748793,0.266476035,0.525011063,-0.113854311,0.811798692,0.416321218,-0.493371665,0.138069317,0.526441753,-0.342104018,0.579814434,0.893610537,0.017133841,0.451609522,0.891929686,-0.015635388,106,115,75,1
turn_left,0.609263182,0.531523287,-0.016895259,0.408389479,0.521098673,-0.067707136,0.744197488,0.556225538,-0.171556592,0.266493767,0.525907099,-0.117603675,0.811555028,0.424177289,-0.490635961,0.138866127,0.529830098,-0.359085917,0.579796791,0.893731833,0.016446237,0.451590359,0.891934037,-0.014990015,106,115,73,0
turn_left,0.609186292,0.531499028,-0.017550131,0.408379883,0.521098316,-0.073788673,0.740931869,0.560561776,-0.190602109,0.266879976,0.525901973,-0.120184973,0.805810928,0.418281615,-0.550584376,0.139005706,0.529771209,-0.358862877,0.579685569,0.894062817,0.017596018,0.45133242,0.892058134,-0.016076,103,115,78,0
turn_left,0.609047055,0.531504095,-0.015724529,0.408370733,0.521251738,-0.063911572,0.740652263,0.561554074,-0.201910451,0.267593712,0.525655925,-0.111578882,0.799901068,0.416449696,-0.577778101,0.139724866,0.529511094,-0.3517178,0.57959187,0.894716561,0.01739631,0.451149225,0.892255247,-0.015895005,103,115,81,0
turn_left,0.609033227,0.532111526,-0.022302333,0.408678055,0.521475255,-0.060520016,0.744468272,0.561428726,-0.247490212,0.266908884,0.524917245,-0.072945185,0.765295267,0.387967408,-0.609307289,0.138729364,0.526821971,-0.266572326,0.579697132,0.894867837,0.017378161,0.451435179,0.892610371,-0.01586758,104,115,95,1
turn_left,0.60946095,0.532416463,-0.042033412,0.409582913,0.522027075,-0.062401503,0.746261716,0.561330199,-0.305689514,0.267236531,0.524891555,-0.072698876,0.738237023,0.379471928,-0.685994267,0.138570756,0.52598685,-0.261759967,0.579826236,0.895119607,0.017372254,0.451509386,0.892974675,-0.015860213,105,115,104,1
turn_left,0.610507786,0.532437682,-0.058793314,0.410910845,0.522126615,-0.061186545,0.747408032,0.561270356,-0.340587795,0.268193275,0.524813771,-0.068615362,0.713658452,0.381045043,-0.715094924,0.138658136,0.525940061,-0.246933416,0.580008864,0.89585948,0.016812991,0.45162344,0.893499792,-0.015276782,105,115,112,1
turn_left,0.611301363,0.532439291,-0.064175203,0.411657989,0.522146821,-0.052704234,0.748812973,0.562324941,-0.353078008,0.268625736,0.524810612,-0.062267251,0.709445894,0.381228954,-0.735728145,0.138618261,0.525586784,-0.240410179,0.580085397,0.896268606,0.013936417,0.451572835,0.893520296,-0.01244968,105,115,115,1
turn_left,0.611291111,0.532378852,-0.057889462,0.411597073,0.522099078,-0.051707812,0.748702228,0.563796282,-0.32920447,0.268553615,0.524757028,-0.060930002,0.711104095,0.382119745,-0.707247555,0.138389498,0.523798466,-0.240573168,0.579950929,0.896355212,0.013976713,0.451534182,0.893500388,-0.012487216,104,115,115,1
turn_left,0.611283183,0.532369018,-0.054120831,0.411486298,0.522095978,-0.052513666,0.748675823,0.563833177,-0.312896848,0.26853928,0.52475363,-0.062209457,0.715051532,0.382425636,-0.682291269,0.138506129,0.523303747,-0.245773524,0.579831064,0.896292806,0.014004883,0.451476097,0.892814517,-0.012515667,104,115,113,2
turn_left,0.61044091,0.531368375,-0.039324552,0.411129385,0.521944642,-0.053169571,0.748649776,0.563261151,-0.241695046,0.267487049,0.524753749,-0.061470397,0.728682458,0.37593922,-0.587316692,0.138918057,0.523266613,-0.253954649,0.579747558,0.895826578,0.014031986,0.451456934,0.892413259,-0.012542985,104,115,109,2
turn_left,0.610108137,0.531194508,-0.032047033,0.41111654,0.52188164,-0.054012585,0.748459101,0.563191056,-0.220371038,0.265540719,0.524861515,-0.059969634,0.745868146,0.377117634,-0.569007695,0.138713181,0.523382008,-0.257748187,0.579694629,0.895383,0.014055265,0.451456308,0.892283082,-0.012565428,104,116,104,2
turn_left,0.6097821,0.531191766,-0.024595756,0.410445511,0.521805882,-0.059587818,0.744247079,0.562716365,-0.179143503,0.266422421,0.525328279,-0.084097169,0.781285346,0.387293905,-0.510021687,0.139230266,0.527845562,-0.305615485,0.579611897,0.894901454,0.014153525,0.451400459,0.891972601,-0.012691708,103,115,91,0
turn_left,0.60955596,0.531195819,-0.032607831,0.410432637,0.521736324,-0.057364952,0.744277358,0.562561929,-0.256607115,0.266783565,0.526263058,-0.070041999,0.752463341,0.384037346,-0.649299562,0.140074164,0.529642105,-0.275589168,0.579460979,0.894594848,0.01406842,0.451402426,0.891977608,-0.012584602,103,115,100,0
turn_left,0.609484136,0.530986786,-0.034392621,0.410420328,0.521727204,-0.049138196,0.744295001,0.562518835,-0.298733652,0.267849475,0.526457012,-0.05236128,0.71865809,0.38384524,-0.687665582,0.140206128,0.531941175,-0.237859011,0.579449177,0.89454484,0.013671169,0.4513987,0.89189285,-0.012173795,103,115,111,359
turn_left,0.609289765,0.53075248,-0.049496502,0.410349309,0.521608055,-0.055463344,0.744313419,0.562195539,-0.312513262,0.268043101,0.526701331,-0.055734359,0.716337085,0.382623702,-0.700326443,0.140330732,0.532808006,-0.244689196,0.579432368,0.894509256,0.013475649,0.451477289,0.891872048,-0.01197999,103,115,112,359
turn_left,0.608134389,0.530753195,-0.045412831,0.409720719,0.521597564,-0.058861904,0.744347572,0.562113643,-0.272138178,0.266246259,0.5271402,-0.056982595,0.726374984,0.377343863,-0.654574394,0.138119489,0.53337723,-0.253490299,0.579411924,0.893655241,0.013544604,0.451463372,0.891751826,-0.012029608,103,115,109,359
turn_left,0.607450664,0.53075248,-0.037492525,0.409064919,0.521624207,-0.064375177,0.744179308,0.561542273,-0.236207679,0.264090359,0.527408898,-0.062198889,0.744796157,0.377623618,-0.599455476,0.136081681,0.533904433,-0.269237727,0.579347074,0.893641472,0.013676867,0.451462358,0.891780019,-0.012164625,104,115,102,359
turn_left,0.607053757,0.530789077,-0.026325408,0.408150613,0.521862626,-0.06597326,0.739719272,0.561547339,-0.177116364,0.263867825,0.528499365,-0.086238191,0.775377512,0.390017211,-0.501403689,0.13577345,0.535283983,-0.312930971,0.579201341,0.893651664,0.013915218,0.451161206,0.891775668,-0.012419117,103,115,91,360
turn_left,0.607054949,0.53104043,-0.027146528,0.408073276,0.522166014,-0.073543757,0.737942576,0.561485469,-0.193983853,0.264378816,0.528746426,-0.107487641,0.793569624,0.398336589,-0.541739345,0.135758847,0.535969615,-0.343539417,0.579196513,0.894148111,0.014125472,0.451047599,0.89204973,-0.012624433,102,115,84,359
turn_left,0.607988596,0.531044364,-0.035166278,0.407827854,0.522243559,-0.099231951,0.739931107,0.558683634,-0.133260816,0.26451686,0.528788328,-0.134797841,0.827287197,0.418162018,-0.395196438,0.13571389,0.536235213,-0.363501102,0.579212666,0.894180238,0.014249757,0.451045454,0.892123163,-0.012771172,104,115,70,359
turn_left,0.609062135,0.531406522,-0.03873571,0.407621562,0.522617519,-0.098523006,0.740543604,0.558309615,-0.138812006,0.264540255,0.528793275,-0.131775141,0.830642998,0.432076871,-0.409566939,0.135676682,0.536392331,-0.355564713,0.579114318,0.89490515,0.014240962,0.450878769,0.892361283,-0.012768807,104,115,66,359
turn_left,0.609447539,0.531478226,-0.046379618,0.407197326,0.522617221,-0.114495412,0.740589797,0.558304667,-0.13547568,0.264472008,0.528679013,-0.149223775,0.831520379,0.435569793,-0.399312168,0.134972066,0.536319494,-0.37281546,0.57905674,0.89514786,0.014864793,0.450686693,0.89276284,-0.013399465,104,115,65,359
turn_left,0.609550595,0.531470001,-0.042474881,0.407197386,0.522377074,-0.105765618,0.741243243,0.557359934,-0.12878789,0.26545316,0.528062046,-0.135899603,0.826630235,0.428836614,-0.39634344,0.136313185,0.535952151,-0.35935241,0.579131186,0.895199418,0.015700253,0.450722843,0.892791569,-0.01422028,105,115,68,359
turn_left,0.609587073,0.531636536,-0.038858511,0.407142639,0.522331953,-0.096105985,0.74120605,0.557757795,-0.187954351,0.265586108,0.527947009,-0.131488353,0.817467213,0.429806739,-0.554011583,0.136924937,0.535824895,-0.37141791,0.579128206,0.895595253,0.015611658,0.450591564,0.893336654,-0.014130329,104,115,70,359
turn_left,0.609557688,0.531567395,-0.033124063,0.407470703,0.522313833,-0.072889104,0.73893261,0.56358391,-0.205130666,0.265960306,0.527555227,-0.077420205,0.79332155,0.419464797,-0.573541999,0.137738794,0.535599649,-0.288345814,0.579106867,0.895643294,0.015432015,0.450558364,0.893248558,-0.013909029,102,115,83,359
turn_left,0.6094293,0.532023787,-0.017299393,0.407859087,0.522517741,-0.060326375,0.74162066,0.563568413,-0.230519935,0.265636146,0.528468549,-0.074954815,0.759782672,0.39095068,-0.615584493,0.138030648,0.534273207,-0.287005067,0.57904613,0.89559269,0.015531671,0.45057717,0.893125117,-0.014011139,103,114,97,360
turn_left,0.609426856,0.532047808,-0.024410207,0.408514321,0.522674322,-0.063878439,0.743798018,0.563703656,-0.253207117,0.265463352,0.529054761,-0.072911315,0.743661821,0.382242322,-0.621335626,0.138133377,0.532785654,-0.27838397,0.579036534,0.895599663,0.015479836,0.450576872,0.893091381,-0.013942398,103,114,103,1
turn_left,0.609443426,0.532229543,-0.039301671,0.408688217,0.522875845,-0.064315647,0.745184302,0.564040244,-0.283069015,0.265352964,0.529507637,-0.075052887,0.732726157,0.381443173,-0.664487362,0.138310343,0.530870378,-0.27613318,0.579026103,0.895540595,0.015505902,0.45059815,0.893039644,-0.01395417,103,114,107,2
turn_left,0.610151947,0.532293677,-0.058139116,0.410160601,0.522875905,-0.064869821,0.746651292,0.567345798,-0.347145349,0.265657514,0.529849172,-0.070144333,0.713637412,0.383084506,-0.73877275,0.138529077,0.530094266,-0.241808936,0.578904808,0.895513713,0.015515007,0.450430959,0.892733037,-0.01395773,103,114,115,3
turn_left,0.6106444,0.532322764,-0.072994411,0.411033541,0.522922456,-0.066151828,0.748114884,0.569600642,-0.357581615,0.265734702,0.529885173,-0.070446283,0.704650521,0.384141892,-0.740257978,0.138884798,0.529754281,-0.243955776,0.57888037,0.895507216,0.014750173,0.450443685,0.892273605,-0.013196506,102,114,118,3
turn_left,0.61069113,0.531765163,-0.070724383,0.411128372,0.522710323,-0.066897884,0.748169959,0.569352686,-0.334442407,0.267008454,0.529767752,-0.06405209,0.711369455,0.384959966,-0.715577543,0.13938579,0.529926062,-0.248482227,0.578901589,0.895521939,0.013774021,0.451218784,0.892232239,-0.012237915,102,114,117,3
turn_left,0.610662639,0.531651258,-0.055004396,0.411129713,0.522630394,-0.06188599,0.748116732,0.568039775,-0.310139388,0.268097728,0.529592574,-0.062258147,0.717092156,0.383412808,-0.680832744,0.139741451,0.530081928,-0.25159803,0.578896523,0.895565033,0.01378274,0.451267421,0.892192006,-0.012245415,102,114,114,3
turn_left,0.609803319,0.53141129,-0.054893952,0.411095083,0.522173166,-0.064400688,0.747766793,0.566381276,-0.274272144,0.267110318,0.529443383,-0.065338194,0.726950645,0.376596123,-0.634096503,0.138332337,0.52979964,-0.254382074,0.578880608,0.895070672,0.013735333,0.451331556,0.891763687,-0.012183661,103,114,110,3
turn_left,0.60921663,0.531436384,-0.050918519,0.410757065,0.521708429,-0.066874944,0.747032404,0.565659106,-0.233028561,0.265773118,0.529187322,-0.065541312,0.744793177,0.37827298,-0.575271666,0.136647508,0.530045211,-0.269361198,0.578859329,0.894979119,0.013739263,0.451367617,0.89175874,-0.0121863,103,114,105,3
turn_left,0.609038591,0.531440675,-0.046749808,0.409424067,0.521743417,-0.076246724,0.741927266,0.564825594,-0.191161931,0.264813244,0.530011773,-0.085638076,0.77931869,0.389767975,-0.511232555,0.134947747,0.531407118,-0.309373319,0.578844965,0.894972444,0.013758433,0.45131579,0.89175421,-0.012204576,102,114,92,3
turn_left,0.609019995,0.531450033,-0.057578564,0.408348411,0.522247255,-0.097114012,0.739109397,0.564643204,-0.202018067,0.263606727,0.530672669,-0.117157124,0.791133642,0.403761089,-0.520700753,0.131989166,0.533135951,-0.340962946,0.578917384,0.895044982,0.013324879,0.451158524,0.891910136,-0.01174497,102,114,86,2
turn_left,0.60903579,0.532158434,-0.037693702,0.408092409,0.523048341,-0.094239131,0.737026572,0.561341822,-0.178413272,0.264991075,0.530692816,-0.120537423,0.801036358,0.419153035,-0.491103113,0.132212117,0.535095513,-0.346070737,0.578823447,0.895820856,0.013381814,0.450813353,0.892371476,-0.011833683,102,114,79,1
turn_left,0.609036326,0.532262146,-0.041756384,0.407765478,0.523149192,-0.098057359,0.7361027,0.558388948,-0.18082501,0.265423328,0.530738652,-0.127790466,0.805115879,0.421569318,-0.490076244,0.132284746,0.536042452,-0.351202309,0.578797936,0.895768046,0.013388525,0.450650603,0.892482936,-0.011837829,103,114,75,1
turn_left,0.608901143,0.532238185,-0.035127766,0.406932056,0.523429036,-0.094976202,0.735668778,0.558440804,-0.169807732,0.263358295,0.531190157,-0.11948707,0.799217582,0.418804735,-0.478792578,0.130038857,0.536005199,-0.337473869,0.578841686,0.896116138,0.014284067,0.450667441,0.893683553,-0.012707238,103,114,77,1
turn_left,0.608887136,0.532328904,-0.03311912,0.406709582,0.52361989,-0.093665272,0.734111786,0.560872912,-0.185771614,0.263098866,0.531511366,-0.115514435,0.79373014,0.416824341,-0.503703773,0.129460707,0.53639406,-0.33200416,0.578841567,0.896115422,0.015028834,0.450560331,0.893660724,-0.013434909,102,114,80,1
turn_left,0.608528316,0.532300055,-0.034242183,0.406472057,0.523607314,-0.092401288,0.736480415,0.559946597,-0.209782869,0.262538463,0.532059014,-0.113026723,0.778688788,0.389116257,-0.555797756,0.129644305,0.537641227,-0.33036682,0.578830421,0.895900071,0.015412879,0.450592369,0.893241763,-0.013843169,103,114,88,1
turn_left,0.608205438,0.531897962,-0.036969949,0.406426817,0.52358669,-0.092128314,0.738017797,0.559828997,-0.230912477,0.262541801,0.53237021,-0.099433258,0.76566112,0.384447485,-0.596561611,0.129775941,0.537805736,-0.306061804,0.578846812,0.894976377,0.015527954,0.45064497,0.892801106,-0.013944669,103,114,93,1
turn_left,0.607904315,0.531793952,-0.034895532,0.40602088,0.523588002,-0.091574676,0.736066461,0.559877574,-0.167897135,0.262935907,0.53235364,-0.107231066,0.779553473,0.399139583,-0.464417279,0.130042285,0.538457811,-0.338599324,0.578860283,0.894895613,0.01550809,0.450643718,0.892725646,-0.013921787,103,114,87,1
turn_left,0.607701838,0.531793475,-0.035164185,0.405987501,0.523766279,-0.088678442,0.736134112,0.559863925,-0.200013399,0.264094383,0.532750726,-0.107311808,0.779529989,0.398451805,-0.541601777,0.130510032,0.539678335,-0.334303617,0.578873038,0.895416439,0.015479596,0.450577915,0.892996132,-0.013889566,103,114,87,1
turn_left,0.60771805,0.531857193,-0.036672112,0.405980289,0.523860216,-0.093496554,0.736196101,0.558366418,-0.194642097,0.263942301,0.532845795,-0.121912315,0.795823812,0.405962586,-0.513656795,0.130257398,0.539943695,-0.339772344,0.57888186,0.89574635,0.015628416,0.45057708,0.893302321,-0.014039795,103,114,80,1
turn_left,0.607797742,0.531978846,-0.040341537,0.406055301,0.52386266,-0.101348385,0.736308932,0.556990445,-0.187483221,0.263933599,0.533646047,-0.140877128,0.803103447,0.410901994,-0.497365475,0.13020286,0.542865217,-0.365059704,0.578890443,0.895809054,0.015880095,0.45055145,0.893447697,-0.014298797,104,113,76,360
turn_left,0.607646346,0.532067835,-0.039988831,0.405969471,0.524108827,-0.099360332,0.735755026,0.558578193,-0.191245317,0.263983428,0.533665419,-0.133401811,0.799291193,0.411944896,-0.519290209,0.130245551,0.542852044,-0.356970847,0.579004884,0.896202147,0.015946703,0.450626284,0.893782914,-0.014370188,103,114,78,360
turn_left,0.607413948,0.532252014,-0.039555192,0.405781925,0.524118543,-0.095930077,0.735002995,0.559621811,-0.212638423,0.26384896,0.533689082,-0.129768997,0.79722333,0.411120355,-0.571875691,0.130276024,0.542782843,-0.350726068,0.5789029,0.896217167,0.015986497,0.450554848,0.893776238,-0.014419628,103,114,79,360
turn_left,0.607394755,0.532187998,-0.022922961,0.405916542,0.523969233,-0.067932189,0.736926019,0.559631526,-0.213284731,0.262940258,0.53358072,-0.082274899,0.777629137,0.396654487,-0.578256667,0.130308017,0.540774345,-0.286126375,0.578917801,0.896285117,0.016081747,0.450599968,0.893844545,-0.014518229,103,114,88,1
turn_left,0.607462764,0.531538248,-0.039265305,0.407326996,0.523487151,-0.070990726,0.741339087,0.559318125,-0.276748955,0.264767706,0.533476293,-0.07159555,0.74312079,0.383528054,-0.668673635,0.133356109,0.539830208,-0.270153552,0.578968167,0.896180034,0.016000848,0.451049417,0.893846154,-0.014403665,104,113,101,1
turn_left,0.608061373,0.531159818,-0.056029547,0.408191025,0.523117781,-0.067650817,0.745159447,0.55932796,-0.323978692,0.265070438,0.532696545,-0.058446467,0.718717039,0.384512633,-0.705767035,0.135612994,0.539121568,-0.240136504,0.578969538,0.896165073,0.01594072,0.451084316,0.893787801,-0.014328053,105,113,110,1
turn_left,0.608637393,0.53091532,-0.063581586,0.409053504,0.522914171,-0.063598484,0.74754411,0.559763849,-0.323725164,0.266182929,0.532265067,-0.054344922,0.711226344,0.385951638,-0.689166725,0.136648566,0.538289666,-0.23094523,0.57897079,0.896160424,0.015492993,0.451084137,0.893756986,-0.013850778,105,113,114,1
turn_left,0.609061778,0.530673027,-0.06211983,0.409303606,0.522732675,-0.06027443,0.749192595,0.559764683,-0.323183596,0.266255498,0.531676233,-0.055012636,0.715646803,0.38523531,-0.696074784,0.136649981,0.537409246,-0.240385771,0.578921854,0.896393776,0.014673742,0.451027155,0.89365989,-0.013054186,105,113,113,1
turn_left,0.608772278,0.530398607,-0.059901364,0.409151942,0.522683799,-0.068466067,0.748800635,0.559676051,-0.29182595,0.265759408,0.531366289,-0.061695606,0.725702047,0.382795513,-0.656906962,0.13656278,0.536845028,-0.24701044,0.578931451,0.895693839,0.014616502,0.451352745,0.893316448,-0.012984966,105,114,109,1
turn_left,0.608293951,0.530359805,-0.051181994,0.409143835,0.522556424,-0.063129477,0.748548567,0.559561193,-0.277719855,0.265287131,0.531327844,-0.063576899,0.727008879,0.377772272,-0.649060309,0.136530727,0.536261439,-0.257701635,0.578887999,0.895685077,0.013177467,0.451372921,0.893144667,-0.011652971,105,114,109,1
turn_left,0.608069062,0.530335367,-0.045292594,0.409128577,0.52247715,-0.064115599,0.748391032,0.559980392,-0.247221664,0.26480335,0.530896902,-0.066169336,0.740570664,0.378293008,-0.605457723,0.135963231,0.535456955,-0.262191713,0.578900874,0.895484805,0.013195616,0.451531321,0.892638147,-0.011670738,105,114,104,1
turn_left,0.608027339,0.530455053,-0.036872331,0.408803463,0.522482812,-0.064279333,0.744961798,0.560751975,-0.188754499,0.264798433,0.531003714,-0.068369269,0.77076757,0.387096494,-0.505846441,0.135927469,0.535434008,-0.286546648,0.578929901,0.895513117,0.01320556,0.451528639,0.892635524,-0.011681254,104,114,94,1
turn_left,0.60837543,0.530458391,-0.03742376,0.408724457,0.522672474,-0.093355201,0.743798137,0.559152007,-0.170018956,0.264798015,0.530748487,-0.126666665,0.80335772,0.403374612,-0.470093191,0.135212913,0.53487134,-0.349346012,0.579087198,0.895528972,0.014109517,0.451661527,0.89297545,-0.012545171,104,114,81,1
turn_left,0.608727217,0.53078872,-0.037629131,0.408369213,0.523037553,-0.097429626,0.743215084,0.55780679,-0.168810785,0.264786839,0.530652642,-0.130216151,0.810854316,0.413014829,-0.472701073,0.134981796,0.534794569,-0.353795439,0.579164505,0.89587456,0.014695084,0.45165953,0.893464684,-0.013115783,105,114,76,1
turn_left,0.608762443,0.530835927,-0.043136191,0.408163697,0.523128569,-0.096878327,0.742868304,0.55723089,-0.177567333,0.264618337,0.530423641,-0.129256859,0.811776459,0.420721382,-0.485123873,0.134280592,0.534682155,-0.350911766,0.579145312,0.895857394,0.01437701,0.451566935,0.89344269,-0.012825887,105,114,74,1
turn_left,0.608885825,0.531291544,-0.037226886,0.407654434,0.523400187,-0.095464334,0.740934372,0.557925045,-0.186499327,0.264322042,0.530335367,-0.122221492,0.805672169,0.427786946,-0.510053754,0.133991599,0.534680486,-0.341845721,0.579244852,0.89599961,0.014447862,0.45159632,0.89437753,-0.012902869,104,114,75,1
turn_left,0.608861566,0.531297803,-0.032417174,0.407505602,0.523466349,-0.08331351,0.740899324,0.559211433,-0.183127791,0.265008092,0.530068338,-0.092606649,0.799553216,0.412181377,-0.500927091,0.135068536,0.534674585,-0.31334582,0.579259813,0.895991862,0.014487344,0.451636404,0.894392669,-0.012934921,104,114,80,1
turn_left,0.608555675,0.53119272,-0.028293502,0.407222569,0.523432791,-0.078034684,0.740784705,0.559681475,-0.184043899,0.265798688,0.52981025,-0.090675153,0.788619161,0.398549676,-0.507243752,0.137121052,0.53478986,-0.312223583,0.579271734,0.895810783,0.014514977,0.45171088,0.894258916,-0.012970857,104,114,86,0
turn_left,0.608494699,0.530317545,-0.03355784,0.407350302,0.522729754,-0.060751051,0.743476033,0.557379901,-0.251010001,0.266960025,0.529780746,-0.054134149,0.750611782,0.375550151,-0.614015102,0.139502436,0.534873188,-0.258673787,0.579336047,0.895748198,0.013036696,0.452078521,0.894133329,-0.011468088,105,114,99,1
turn_left,0.608492792,0.530068636,-0.035369866,0.407738119,0.522097588,-0.062106114,0.745303869,0.557305217,-0.250884712,0.268353283,0.529748678,-0.058119874,0.738127112,0.373707354,-0.605644763,0.140890986,0.535032332,-0.264029235,0.579510272,0.895748436,0.013689836,0.452799499,0.894128919,-0.012062093,105,114,103,1
turn_left,0.608598709,0.529602468,-0.062004663,0.408008337,0.521682501,-0.060448598,0.747917056,0.557147801,-0.331766605,0.269160718,0.52970624,-0.051640153,0.716412842,0.376911789,-0.716786981,0.141046211,0.535035014,-0.240636379,0.579323411,0.89560622,0.012212777,0.452307224,0.893666446,-0.010611073,105,113,111,1
turn_left,0.608764768,0.529252112,-0.065807097,0.408190072,0.52164185,-0.061843783,0.749072373,0.557157874,-0.334580421,0.269152582,0.529697895,-0.053172924,0.712273121,0.379088312,-0.717732608,0.141050905,0.535071671,-0.242936656,0.579355419,0.895648301,0.012249699,0.452307791,0.893670797,-0.010647215,105,113,113,1
turn_left,0.608763576,0.529256523,-0.07234937,0.408400238,0.521619976,-0.073179111,0.749011397,0.556668341,-0.320142329,0.268773645,0.52951467,-0.062034577,0.720051944,0.37892285,-0.692989588,0.140795782,0.535060585,-0.252121627,0.579340994,0.89531219,0.012278134,0.452396244,0.893166304,-0.010673443,106,114,110,1
turn_left,0.608705819,0.529241025,-0.064893551,0.408394039,0.521601677,-0.067102663,0.7488693,0.555733979,-0.304853737,0.26806289,0.529546916,-0.060502291,0.725856364,0.37395677,-0.687573314,0.140374571,0.535071194,-0.256637752,0.579249501,0.895326972,0.012132813,0.452397048,0.892978549,-0.010546986,106,114,108,1
turn_left,0.608409822,0.529244959,-0.047570489,0.408189714,0.521603048,-0.076671399,0.747356296,0.555745065,-0.242204815,0.26497522,0.53058511,-0.074774943,0.743516088,0.374942929,-0.602857471,0.136149108,0.535062492,-0.27786395,0.579372048,0.895335197,0.013369548,0.452704519,0.893161237,-0.011761179,106,114,102,2
turn_left,0.608254552,0.529313326,-0.031607062,0.407927096,0.521728456,-0.078500651,0.745211482,0.556210279,-0.202655315,0.263731927,0.531069458,-0.082862094,0.757413924,0.37728554,-0.545217395,0.133273691,0.535063863,-0.293228805,0.579336166,0.89503324,0.01569197,0.452444017,0.892825544,-0.014086159,105,114,97,2
turn_left,0.608329535,0.529900193,-0.032877229,0.407655299,0.521985412,-0.09275762,0.741140008,0.556538403,-0.185613468,0.26248455,0.532065034,-0.121194698,0.785459399,0.393741727,-0.504282892,0.129260182,0.534988523,-0.339489311,0.579337001,0.895010233,0.017016347,0.452304184,0.892816007,-0.015470222,104,114,86,3
turn_left,0.608329058,0.530207276,-0.034505211,0.407672733,0.521989524,-0.077239662,0.742203236,0.556822419,-0.234362692,0.262235045,0.53273809,-0.094474129,0.75118947,0.386219919,-0.596705854,0.129574597,0.535250008,-0.301059037,0.579249978,0.895015538,0.01626057,0.452100217,0.892902434,-0.014747655,104,114,98,3
turn_left,0.608675897,0.530204177,-0.062789895,0.408493996,0.521861672,-0.077232108,0.745254159,0.557753325,-0.324310958,0.262394696,0.532947302,-0.078386843,0.719003916,0.386485994,-0.707851529,0.130001634,0.53570348,-0.263408065,0.579258502,0.895357728,0.016016517,0.452093214,0.893305838,-0.014471549,105,113,110,3
turn_left,0.609019995,0.53024298,-0.068778984,0.408861876,0.521845222,-0.077050284,0.747083843,0.558595777,-0.335256577,0.262343138,0.533018827,-0.075527743,0.708355486,0.387426853,-0.714163423,0.130097777,0.535889328,-0.253810376,0.579278767,0.895355582,0.015802048,0.452084959,0.893305659,-0.014247877,105,113,114,3
turn_left,0.609310627,0.530087352,-0.068958022,0.408851713,0.521914065,-0.074586526,0.747765839,0.558595657,-0.336998224,0.262372643,0.533067882,-0.07096716,0.711442769,0.387463719,-0.717402518,0.130225331,0.536028802,-0.251075536,0.579357386,0.895437598,0.015567577,0.452089489,0.893334091,-0.014001697,105,113,114,3
turn_left,0.609314263,0.52976352,-0.078176498,0.408847868,0.521867275,-0.078820668,0.748038232,0.558516502,-0.344762176,0.262434095,0.533279121,-0.071688451,0.713969469,0.386303753,-0.72960341,0.130312428,0.536172211,-0.256519049,0.579361796,0.895373464,0.014885199,0.452170908,0.893170655,-0.013305351,105,113,113,3
turn_left,0.608895481,0.52973634,-0.074278578,0.408645213,0.521910369,-0.07850489,0.747913778,0.557975829,-0.2946859,0.262014359,0.533369184,-0.072237611,0.71909517,0.379285485,-0.644301772,0.130017281,0.536256254,-0.262917519,0.579541802,0.895341098,0.014076735,0.452780724,0.893211246,-0.012482577,105,113,111,3
turn_left,0.608609319,0.52926594,-0.065085031,0.408596098,0.521915853,-0.075563826,0.747597337,0.556122601,-0.280269384,0.262027115,0.533564389,-0.073304728,0.726795077,0.373978496,-0.630520761,0.130149797,0.536410451,-0.273572087,0.579636931,0.895179093,0.013636058,0.453019232,0.892964959,-0.012071101,105,113,107,3
turn_left,0.608551443,0.529261649,-0.048972432,0.408217818,0.521916747,-0.074972674,0.747270048,0.556102574,-0.25589028,0.260609061,0.533562839,-0.075659737,0.746611536,0.37440294,-0.622625053,0.128271207,0.536503613,-0.277522355,0.579622984,0.894751847,0.013919048,0.452768177,0.892936468,-0.012347038,105,114,101,3
turn_left,0.608677447,0.529182494,-0.049102694,0.407672793,0.521970987,-0.091126546,0.74612391,0.554630816,-0.230882451,0.260537803,0.533519387,-0.114593945,0.777709663,0.374811292,-0.571528316,0.127857208,0.53651309,-0.329823971,0.579628766,0.893952131,0.014873584,0.452373803,0.892575085,-0.013314744,106,114,91,3
turn_left,0.608926475,0.529368758,-0.041881554,0.40744549,0.522531331,-0.089786835,0.745033324,0.552121997,-0.201333433,0.26155895,0.533609211,-0.116344273,0.788139939,0.378183305,-0.520509124,0.127982095,0.536566615,-0.336659819,0.579770446,0.894123375,0.015415566,0.452284575,0.892716467,-0.01386634,106,114,86,3
turn_left,0.609565258,0.52924037,-0.037500486,0.40726161,0.522825539,-0.090734258,0.744231105,0.549177527,-0.185004979,0.263702065,0.533611298,-0.139885098,0.803038776,0.394102186,-0.493254185,0.128280669,0.538002551,-0.37845394,0.579796255,0.894123912,0.015488833,0.452010006,0.892820179,-0.013954583,107,113,78,2
turn_left,0.609783173,0.529187679,-0.039311163,0.407162666,0.522855401,-0.095586434,0.743044734,0.54819113,-0.187470242,0.264240295,0.533600092,-0.139372483,0.805514634,0.402786434,-0.497059256,0.128369287,0.538196802,-0.365598589,0.579863429,0.89412868,0.015478658,0.451889336,0.892810762,-0.013947969,107,113,75,2
turn_left,0.609778464,0.529393494,-0.033260297,0.407222837,0.522874534,-0.090207309,0.74138701,0.553375483,-0.201786205,0.264193267,0.533713937,-0.130514055,0.796611667,0.405232579,-0.532474339,0.128488511,0.538602531,-0.349075854,0.579851687,0.894356608,0.015444206,0.451893806,0.892718971,-0.013939356,105,113,80,2
turn_left,0.609639704,0.529501617,-0.034507997,0.407069027,0.522889018,-0.091582164,0.739176691,0.558730006,-0.209655926,0.263284266,0.533717752,-0.125226632,0.790842712,0.404355615,-0.535312355,0.128531739,0.538470507,-0.341596365,0.579855084,0.894338608,0.01569901,0.451900542,0.89257437,-0.014159469,103,113,84,2
turn_left,0.609623611,0.530214906,-0.025735041,0.408157587,0.522805035,-0.08141052,0.741228938,0.558993042,-0.210374877,0.263112932,0.533461332,-0.107538506,0.782125652,0.392036945,-0.54657501,0.128617555,0.537780523,-0.31624034,0.579798102,0.894666135,0.016020615,0.451900095,0.892580152,-0.014543803,103,114,89,2
turn_left,0.609689593,0.530459225,-0.025752088,0.409439325,0.52275908,-0.074554734,0.742335021,0.559211731,-0.213469744,0.263651907,0.533098578,-0.086806677,0.770477772,0.389971524,-0.576896727,0.129949182,0.537116468,-0.289024472,0.57965374,0.894649684,0.016152624,0.451886743,0.892515838,-0.014661769,104,114,93,2
turn_left,0.609699249,0.530773103,-0.027867388,0.409957319,0.52277118,-0.068406865,0.744503856,0.55930829,-0.228518769,0.263608873,0.533097506,-0.072845504,0.761359036,0.389018506,-0.593968511,0.130791932,0.536326289,-0.273385316,0.579655528,0.894595683,0.015707927,0.451935947,0.892752469,-0.014185341,104,114,96,3
turn_left,0.611112654,0.532477081,-0.059641641,0.411269993,0.522805452,-0.06896694,0.747009277,0.563019931,-0.344407082,0.265550047,0.533061862,-0.072519049,0.727145493,0.388929754,-0.743903935,0.134527534,0.53630811,-0.258216858,0.579518437,0.894384146,0.014364816,0.451402843,0.892080188,-0.012808336,104,113,109,3
turn_left,0.612059832,0.53352356,-0.066742666,0.412928581,0.522846937,-0.061522849,0.748448968,0.56460768,-0.368151128,0.265605271,0.533107638,-0.064844206,0.704464674,0.391607165,-0.774171948,0.135182172,0.536232769,-0.236080095,0.579432368,0.894636869,0.011236011,0.451353222,0.892041743,-0.009761043,104,113,117,3
turn_left,0.612298012,0.53351754,-0.074837103,0.413849503,0.522926748,-0.061987411,0.748613477,0.56484127,-0.379699409,0.265953094,0.533105612,-0.068699345,0.698169768,0.393533766,-0.786470294,0.135634556,0.53623116,-0.237296313,0.579264939,0.894456983,0.010456769,0.451385409,0.891567886,-0.009027999,104,113,119,3
turn_left,0.612407088,0.533499777,-0.065606639,0.413754076,0.522920907,-0.054870583,0.749478102,0.564939141,-0.340512067,0.26602307,0.533189535,-0.065487005,0.710080504,0.392592877,-0.733827889,0.136242092,0.536380768,-0.249056742,0.579245865,0.894538939,0.010399638,0.451412976,0.891400635,-0.008973496,104,113,116,3
turn_left,0.612562358,0.533464253,-0.065234311,0.413704783,0.522813022,-0.057234932,0.749801457,0.565310538,-0.337558776,0.266486257,0.533032894,-0.068541579,0.716966391,0.3923648,-0.73633486,0.136657029,0.536366343,-0.255527586,0.579189479,0.894506395,0.010354078,0.451331079,0.891117275,-0.008924956,104,113,114,3
turn_left,0.61255765,0.53350538,-0.042647418,0.413073242,0.522806108,-0.056619279,0.750066638,0.565238833,-0.274069846,0.265679508,0.53303206,-0.064963892,0.720677733,0.388143748,-0.633563817,0.136265367,0.536269724,-0.2584427,0.579186499,0.894504547,0.010583959,0.451302916,0.891091466,-0.009155477,104,113,112,3
turn_left,0.611827135,0.533430994,-0.030295078,0.412419975,0.522719145,-0.059937257,0.747388363,0.565244138,-0.241078734,0.265655637,0.532471538,-0.082098491,0.750421464,0.388168722,-0.597901225,0.135560796,0.536317885,-0.289753467,0.579053044,0.894514024,0.010801138,0.451582372,0.89108336,-0.009456061,104,114,102,2
turn_left,0.61154747,0.533420324,-0.032148555,0.411262929,0.522740543,-0.072086297,0.743261635,0.56532377,-0.227544263,0.265574634,0.532470226,-0.102722287,0.782085896,0.397914529,-0.587412953,0.134657055,0.536846757,-0.323253483,0.579056084,0.894608438,0.010827229,0.451469719,0.890999794,-0.009474848,103,114,91,2
turn_left,0.611533225,0.533418834,-0.033048637,0.409890741,0.522736669,-0.080505297,0.742277026,0.565244615,-0.208098203,0.264999628,0.532476306,-0.106381372,0.794528604,0.405541271,-0.546161771,0.133620456,0.537823319,-0.330153108,0.579053223,0.89551264,0.011110282,0.451292098,0.891623437,-0.009755432,103,114,86,2
turn_left,0.611530721,0.533384502,-0.038006239,0.408722103,0.522736609,-0.094800681,0.742044091,0.563337207,-0.198570594,0.265121281,0.532851577,-0.144332454,0.81094408,0.412755966,-0.525927842,0.13332577,0.538661659,-0.389366001,0.578996241,0.895512283,0.011521371,0.450846344,0.891771853,-0.01015501,103,113,78,2
turn_left,0.611518621,0.533331692,-0.039835699,0.408245414,0.522700369,-0.102450356,0.741618991,0.56321013,-0.186418101,0.265101254,0.532783806,-0.145502388,0.811668038,0.417947173,-0.500014067,0.132831007,0.539071083,-0.376684278,0.579002261,0.896186113,0.011750143,0.450740397,0.892536163,-0.01040549,103,113,77,1
turn_left,0.611412525,0.533283889,-0.035796672,0.408070713,0.522565305,-0.098802999,0.740802228,0.563372791,-0.167012602,0.265220702,0.532848179,-0.13665165,0.809928119,0.419104606,-0.466310829,0.132798836,0.539157808,-0.370278299,0.57891804,0.89643687,0.01240873,0.450538635,0.892588437,-0.011066004,103,113,77,1
turn_left,0.610903502,0.533278227,-0.034236137,0.408116817,0.522473991,-0.09544237,0.739985049,0.565683305,-0.191538334,0.264704138,0.532769501,-0.119248137,0.808706462,0.418671757,-0.492969096,0.131834924,0.538968801,-0.339932114,0.578919291,0.896544814,0.012491719,0.450612009,0.892561197,-0.011149628,102,113,79,1
turn_left,0.610904217,0.533216059,-0.034389991,0.408118814,0.522569358,-0.094316117,0.738900781,0.565124631,-0.180918515,0.265536577,0.53350085,-0.117978193,0.806316674,0.423730344,-0.488686889,0.131833851,0.54039073,-0.339228153,0.578922629,0.896470189,0.01192735,0.450612873,0.892076552,-0.01062047,102,113,79,1
turn_left,0.610473573,0.533259213,-0.034653898,0.408129752,0.523643732,-0.093383245,0.73892343,0.56469214,-0.206033826,0.266759455,0.533729553,-0.136158377,0.791012168,0.403271228,-0.540419519,0.131943941,0.544534564,-0.380233318,0.578931928,0.897151351,0.013219955,0.451007128,0.892253339,-0.011978412,102,113,86,359
turn_left,0.610235393,0.533266485,-0.033026807,0.408125162,0.523638785,-0.092556715,0.739247382,0.564207733,-0.190271527,0.26681301,0.534079552,-0.128323942,0.789545298,0.396790534,-0.497778982,0.131744578,0.546137989,-0.368669212,0.578869581,0.897338092,0.014130985,0.45097059,0.892302692,-0.012857703,102,113,87,359
turn_left,0.609689891,0.533012986,-0.0334609,0.407769829,0.523900449,-0.100465097,0.738715529,0.56312114,-0.170148373,0.267254293,0.534551859,-0.15046379,0.796713769,0.404034257,-0.46139279,0.131887645,0.549028635,-0.405956179,0.578827083,0.896996677,0.014810379,0.450931937,0.892119706,-0.013507232,102,113,83,358
turn_left,0.60962975,0.532900989,-0.030600902,0.407725722,0.523993075,-0.099620387,0.738758564,0.560952306,-0.175553888,0.268079877,0.535122216,-0.153174549,0.801583111,0.409885496,-0.485548824,0.132321924,0.550386488,-0.415265501,0.57880044,0.896996081,0.014809705,0.450757205,0.892118514,-0.013507014,103,113,80,358
turn_left,0.60938549,0.532633185,-0.031086663,0.406962097,0.524275541,-0.098815076,0.738776147,0.558606803,-0.144018516,0.268018872,0.535235703,-0.149987608,0.810229778,0.411915481,-0.411433607,0.132324606,0.551122844,-0.396469623,0.57882148,0.896900594,0.014696528,0.450802475,0.892109871,-0.013404833,104,113,75,358
turn_left,0.609333336,0.532572508,-0.044804744,0.406567007,0.524488509,-0.105610296,0.738463044,0.557434797,-0.157471851,0.268527389,0.535388291,-0.153712466,0.812843025,0.41454953,-0.453237772,0.132706568,0.551305592,-0.395198315,0.578846276,0.896944463,0.014614137,0.450812101,0.892762303,-0.013298152,104,113,73,358
turn_left,0.609383821,0.532625139,-0.041926891,0.406814724,0.524485409,-0.104485095,0.7384758,0.557483494,-0.158275053,0.269026667,0.535573423,-0.153347135,0.809578419,0.414584786,-0.470929146,0.132806569,0.552102983,-0.401393741,0.578965664,0.897253692,0.014882291,0.451051384,0.893346488,-0.013559161,104,112,74,358
turn_left,0.609418511,0.532619536,-0.044405974,0.406983852,0.524495006,-0.109476104,0.738001108,0.558801472,-0.193681136,0.269102931,0.535835087,-0.159475908,0.809031129,0.414889932,-0.539033473,0.132626191,0.552372277,-0.405723393,0.578921497,0.897539318,0.016397579,0.451039702,0.894033253,-0.014952408,104,112,75,358
turn_left,0.609277546,0.532616436,-0.042256888,0.406821907,0.524453878,-0.099237211,0.739414871,0.559247971,-0.211620376,0.267717957,0.535840154,-0.127191722,0.782441974,0.392728925,-0.561277509,0.13256751,0.551310718,-0.352107763,0.578937292,0.897581816,0.016744381,0.451075792,0.894281983,-0.015307954,104,112,87,358
turn_left,0.609212518,0.53258121,-0.039420567,0.406824291,0.524471104,-0.08547885,0.740794778,0.559590101,-0.219070479,0.267297745,0.535830081,-0.100557961,0.768751264,0.386550605,-0.572093189,0.132719055,0.549850345,-0.318232059,0.579044104,0.897456825,0.016696775,0.451289356,0.894327581,-0.015250338,104,113,92,359
turn_left,0.609215975,0.532229304,-0.045886695,0.407477796,0.524378777,-0.080407493,0.743888497,0.559790611,-0.267675549,0.267350137,0.535586596,-0.075151585,0.741571784,0.37860173,-0.63514626,0.133950353,0.548306882,-0.275232852,0.57904309,0.897306681,0.015791913,0.45129481,0.894310355,-0.014242915,104,113,102,359
turn_left,0.60926199,0.532252431,-0.051251628,0.407977879,0.524367511,-0.075014062,0.746380687,0.55980134,-0.29806307,0.26747483,0.535371244,-0.07605996,0.730458379,0.378272891,-0.6752702,0.134827092,0.546895802,-0.271731257,0.57902056,0.897146225,0.014568177,0.45129481,0.893927157,-0.013058091,105,113,106,360
turn_left,0.61012876,0.532282054,-0.070366502,0.409385979,0.524368107,-0.067648694,0.747763574,0.560925901,-0.361618429,0.268096149,0.535404801,-0.068524554,0.704227209,0.380487978,-0.756296098,0.135534912,0.545792162,-0.237899899,0.579017043,0.897079229,0.012618549,0.451244265,0.893839955,-0.011109117,105,113,115,360
turn_left,0.610819697,0.532327294,-0.067528784,0.409801185,0.524447143,-0.059051476,0.748562992,0.560944855,-0.361215353,0.268084973,0.53536737,-0.058656305,0.695795655,0.382687211,-0.754913926,0.135561138,0.544452131,-0.225157067,0.579033852,0.897490621,0.011084044,0.451243401,0.893889427,-0.009603927,105,113,118,0
turn_left,0.611027181,0.532008469,-0.066760384,0.410372317,0.524431825,-0.055651478,0.74899286,0.560952485,-0.363227397,0.268378407,0.535204172,-0.055883534,0.69838798,0.383152515,-0.760811925,0.135689467,0.542918801,-0.227944255,0.579043269,0.89757663,0.010020671,0.45146957,0.893899322,-0.008566977,105,113,118,1
turn_left,0.611121833,0.531336725,-0.07409399,0.410690635,0.524368584,-0.057497054,0.74975419,0.56095773,-0.365205586,0.268349588,0.535058796,-0.056783475,0.704586148,0.384281099,-0.756062388,0.135676935,0.542192638,-0.232524604,0.579097629,0.897212386,0.008530522,0.451511204,0.893291175,-0.007086261,105,113,116,1
turn_left,0.611146271,0.531152368,-0.071135633,0.410767794,0.524127841,-0.05787874,0.749769092,0.560196579,-0.345278054,0.268380105,0.534753859,-0.056979198,0.710095406,0.384031385,-0.724409282,0.135671049,0.5419752,-0.240525767,0.578942657,0.89721781,0.008562502,0.451372534,0.892987072,-0.007119638,105,113,115,1
turn_left,0.610969186,0.530763745,-0.058429223,0.410318285,0.524054766,-0.057437651,0.749500394,0.559443653,-0.286897272,0.267770946,0.534728765,-0.054964222,0.724633694,0.378606141,-0.64606005,0.135623917,0.541829109,-0.250002533,0.578925371,0.896739066,0.00873761,0.451363504,0.892707169,-0.007265799,105,113,110,1
turn_left,0.610561132,0.53051877,-0.04472708,0.409931898,0.524010658,-0.058817476,0.749161661,0.559030294,-0.264886081,0.267772913,0.534713089,-0.059359152,0.740808964,0.377854675,-0.622395635,0.135527149,0.54159981,-0.258648962,0.578969836,0.896724999,0.008777146,0.451810837,0.892553747,-0.007287626,105,113,104,1
turn_left,0.610482574,0.530719876,-0.042183183,0.409760475,0.523866773,-0.084594443,0.747323215,0.558699965,-0.217251062,0.267519712,0.534630358,-0.116583303,0.773444593,0.378479183,-0.545768738,0.134652913,0.541470766,-0.3412292,0.578976274,0.896738946,0.011137866,0.451789677,0.892333448,-0.009798466,105,113,93,1
turn_left,0.610439956,0.530812562,-0.042919006,0.409530342,0.523774207,-0.086739138,0.746308148,0.558659017,-0.219443873,0.267061025,0.534528553,-0.13282676,0.783548594,0.379786402,-0.560572147,0.133647829,0.541110992,-0.375832766,0.578961313,0.896732867,0.011332262,0.451757193,0.892241478,-0.010031937,105,113,90,1
turn_left,0.610658765,0.530683279,-0.043613594,0.409528255,0.523651421,-0.094435945,0.744347692,0.555609763,-0.164009422,0.267754972,0.534394622,-0.126429409,0.803903878,0.389356136,-0.445350826,0.133859843,0.541117072,-0.359113634,0.578984737,0.896472573,0.011514661,0.451739311,0.891772926,-0.010165807,105,113,81,1
turn_left,0.61085093,0.530681789,-0.039376609,0.409477383,0.523517847,-0.094914973,0.743142843,0.554246187,-0.158645496,0.267692536,0.534170926,-0.134506002,0.807906508,0.398104459,-0.442003787,0.133609131,0.541096091,-0.370799065,0.578887224,0.896092772,0.012012804,0.451390415,0.891143441,-0.010654042,106,113,78,1
turn_left,0.610899329,0.530768514,-0.040203445,0.409231126,0.523113191,-0.092348121,0.740824878,0.554178536,-0.191416427,0.267398059,0.533842444,-0.128341645,0.804816246,0.406802386,-0.506761789,0.133006811,0.54059124,-0.358812153,0.57889545,0.896524668,0.011646604,0.451388448,0.891187847,-0.01032701,105,113,77,1
turn_left,0.610986114,0.531000972,-0.044248275,0.409168661,0.523220122,-0.093371168,0.73998785,0.554453254,-0.203480005,0.267397791,0.533764422,-0.123494186,0.804292381,0.408442289,-0.525679827,0.132894784,0.53999269,-0.348841906,0.579103589,0.896661878,0.011666756,0.451389968,0.891404331,-0.01033429,105,113,77,2
turn_left,0.610703111,0.530955195,-0.039924394,0.408256143,0.523198485,-0.092088528,0.740442395,0.556003511,-0.207113773,0.265847623,0.533738852,-0.133625418,0.803331554,0.394352347,-0.556712627,0.133052364,0.539394021,-0.385326207,0.579373777,0.896662056,0.01285097,0.451591104,0.891441882,-0.011587324,104,113,80,2
turn_left,0.6106534,0.530941784,-0.04020185,0.408240318,0.523097098,-0.087398276,0.741080642,0.558534503,-0.223267868,0.265857279,0.533424199,-0.102391601,0.785843134,0.393944472,-0.590052009,0.133745149,0.538547337,-0.316767991,0.57948488,0.897101104,0.012854156,0.452077955,0.89192903,-0.011587819,104,113,87,2
turn_left,0.6105299,0.530922174,-0.04044681,0.408609003,0.52275598,-0.060854178,0.74443543,0.558636725,-0.271024585,0.26583913,0.533212245,-0.055610925,0.741346538,0.384316266,-0.644678712,0.134567499,0.537829161,-0.252370685,0.579515576,0.897050083,0.011903362,0.452143013,0.892064154,-0.010549286,104,113,103,2
turn_left,0.610600054,0.530841649,-0.052378841,0.409282744,0.522289574,-0.06412144,0.746536851,0.559296012,-0.313349664,0.265948892,0.532999933,-0.059846945,0.726512432,0.384463817,-0.689909637,0.13601774,0.537580431,-0.253688425,0.579595923,0.897064865,0.011840239,0.452317059,0.892012537,-0.010461737,104,113,108,2
turn_left,0.610406458,0.530901432,-0.03455776,0.409412771,0.521962583,-0.051235717,0.746471822,0.560084999,-0.283987552,0.266412318,0.532591164,-0.049698677,0.738057494,0.384031177,-0.654486477,0.138184696,0.535926461,-0.255527914,0.579560041,0.896604121,0.011307977,0.452320009,0.891494751,-0.009930016,104,113,105,3
turn_left,0.610397458,0.531614423,-0.025158668,0.409398943,0.521960676,-0.052569337,0.745425344,0.560779691,-0.195200428,0.26673907,0.531471848,-0.071648434,0.785016,0.403965741,-0.516498029,0.138286084,0.535762072,-0.303116143,0.579487681,0.897653639,0.011417897,0.452045768,0.892010629,-0.010044928,104,113,88,2
turn_left,0.610200405,0.531967282,-0.025383076,0.409439623,0.52100873,-0.054025371,0.743947268,0.566056848,-0.19915764,0.266767591,0.5302701,-0.074586675,0.781250238,0.403587312,-0.537985861,0.138258979,0.535302341,-0.300426453,0.579482377,0.897542417,0.011658831,0.452092499,0.892001688,-0.010292798,102,113,91,1
turn_left,0.610209823,0.532202363,-0.027335981,0.410042226,0.520533264,-0.055573083,0.743781269,0.567591548,-0.206485674,0.267259657,0.528991163,-0.074355692,0.779358029,0.402888179,-0.551571131,0.138512403,0.535200775,-0.292395949,0.579350889,0.897563756,0.011634959,0.452011973,0.891975999,-0.010267738,102,114,93,1
turn_left,0.61035496,0.532232881,-0.02828159,0.410863817,0.520610988,-0.045768425,0.74573034,0.567461908,-0.267959535,0.268684328,0.528845131,-0.042265698,0.751745403,0.395238817,-0.639212668,0.140425414,0.534670234,-0.244291946,0.579470754,0.898358881,0.010655542,0.452184021,0.892624319,-0.009218575,102,113,103,1
turn_left,0.610670328,0.532678723,-0.035955016,0.411495745,0.520858109,-0.04422684,0.746864617,0.567563951,-0.299585044,0.270197958,0.528847277,-0.037466981,0.738930166,0.39192012,-0.685946107,0.142989948,0.534545541,-0.235593677,0.579557896,0.898498714,0.009001082,0.452273905,0.892664254,-0.007540418,102,113,107,1
turn_left,0.611061394,0.532747269,-0.057503104,0.411686271,0.520975351,-0.048226684,0.747598231,0.570687175,-0.343567461,0.27021116,0.528848231,-0.046684556,0.717547894,0.395695269,-0.732966065,0.143248007,0.534386754,-0.236812085,0.57953918,0.897963881,0.009033999,0.452201366,0.891717792,-0.007574848,102,113,115,1
turn_left,0.611651778,0.532818377,-0.073083371,0.411965847,0.521040797,-0.050528832,0.748643994,0.570956826,-0.36176306,0.270234913,0.528789282,-0.046858072,0.705901861,0.396592289,-0.744840622,0.143313736,0.534211099,-0.230698854,0.579563916,0.897988975,0.008161416,0.452206314,0.891763926,-0.006692324,102,113,119,1
turn_left,0.611946881,0.532757759,-0.08193896,0.412217081,0.520853996,-0.052383255,0.749424815,0.571022213,-0.36160323,0.270362914,0.528120279,-0.049907699,0.707423806,0.396676332,-0.742496908,0.143258959,0.533960283,-0.234321788,0.579470277,0.898036063,0.007328287,0.451973498,0.891742766,-0.005864867,102,114,119,0
turn_left,0.611965477,0.532786489,-0.078083128,0.412072599,0.520855725,-0.052992065,0.749772668,0.570975423,-0.351237327,0.269070178,0.528041005,-0.050019108,0.713159561,0.396544009,-0.734080672,0.142687678,0.533390701,-0.237467363,0.579470932,0.898144186,0.006898452,0.451951593,0.891858995,-0.005412161,102,114,117,0
turn_left,0.611327946,0.532701612,-0.059388526,0.411108881,0.521145046,-0.053661399,0.74972564,0.569461226,-0.304510325,0.268667936,0.529148757,-0.051348381,0.723404825,0.391660988,-0.674865544,0.141619757,0.533550024,-0.240861148,0.579471588,0.897897184,0.007346536,0.452036768,0.891779721,-0.005873211,103,114,113,1
turn_left,0.610613227,0.53264004,-0.052540768,0.410692841,0.52139926,-0.061874788,0.749134898,0.567992568,-0.278634995,0.265836537,0.52984798,-0.070388481,0.739829183,0.387892723,-0.65084517,0.138588652,0.533573925,-0.27513063,0.579471707,0.897506833,0.008260703,0.452078819,0.891742826,-0.006824776,103,114,107,2
turn_left,0.609912395,0.532577276,-0.046654381,0.410016119,0.521410823,-0.064217806,0.747582912,0.567975938,-0.256897986,0.264653981,0.529944301,-0.071744516,0.749987364,0.387940437,-0.622321248,0.136123046,0.533521116,-0.277836144,0.579434872,0.897376895,0.008329215,0.4520154,0.891634583,-0.006897926,103,114,104,2
turn_left,0.609663129,0.532665551,-0.046262555,0.409152597,0.521464586,-0.081735328,0.74469322,0.567538321,-0.241245657,0.264207661,0.530218601,-0.112451196,0.776943326,0.391854197,-0.603760839,0.133872658,0.534248531,-0.330215305,0.579371512,0.897474706,0.009469294,0.451861382,0.891681433,-0.008160291,102,114,94,2
turn_left,0.609646797,0.532699704,-0.041031525,0.408797175,0.521575272,-0.092691064,0.742708147,0.56524533,-0.155396879,0.264357597,0.530362308,-0.124315955,0.803031564,0.409747988,-0.428922892,0.133400097,0.535552144,-0.352524608,0.57930696,0.897194326,0.010103355,0.451784372,0.891150892,-0.008812824,102,114,83,1
turn_left,0.609630466,0.532761157,-0.039502263,0.408680439,0.521590054,-0.093156859,0.740996182,0.565150559,-0.145473167,0.264489263,0.530666947,-0.120407544,0.806847394,0.419523507,-0.424203455,0.133305341,0.53666842,-0.348593116,0.579259455,0.896983325,0.010722391,0.45134607,0.890954375,-0.009422711,102,114,80,1
turn_left,0.609651089,0.532900929,-0.041039735,0.408593506,0.521676481,-0.093897015,0.740265667,0.565070689,-0.176977992,0.264583647,0.530750453,-0.125218213,0.808125496,0.421876937,-0.485792696,0.133385032,0.537226677,-0.353207648,0.57916224,0.897354066,0.010748549,0.450969517,0.891306937,-0.009447617,102,114,78,1
turn_left,0.609578192,0.532904029,-0.042411134,0.408350617,0.521768987,-0.095646597,0.738924861,0.565875292,-0.197269812,0.262805313,0.531235039,-0.125021949,0.800611198,0.420139611,-0.520924985,0.13053146,0.537216365,-0.347623765,0.579096198,0.897352934,0.010865217,0.450746775,0.891325235,-0.00957275,101,114,81,1
turn_left,0.609340966,0.532914996,-0.029962847,0.407635123,0.521891177,-0.094205223,0.737662375,0.568368256,-0.185217366,0.261728734,0.531720817,-0.119862214,0.795918882,0.418534964,-0.509905338,0.129551694,0.537212491,-0.338703454,0.579050899,0.89735204,0.012598361,0.450604051,0.891729653,-0.011278732,100,114,84,1
turn_left,0.609328806,0.532648265,-0.029987659,0.407848686,0.521793067,-0.074153498,0.737880468,0.568396747,-0.213625237,0.262100667,0.531641901,-0.079406969,0.777503133,0.402879715,-0.586241841,0.131319836,0.536936462,-0.28712821,0.579043865,0.897349775,0.012593617,0.450661361,0.891730309,-0.011269289,100,114,92,2
turn_left,0.609340906,0.532509267,-0.030169789,0.408504784,0.521749794,-0.057881057,0.73895967,0.568423688,-0.236250907,0.263420343,0.531504989,-0.055254452,0.764398634,0.39904362,-0.620363712,0.132972926,0.536703467,-0.253005087,0.579025686,0.897042274,0.012178831,0.450699955,0.891614616,-0.010809315,100,114,97,2
turn_left,0.609915793,0.532617927,-0.03110514,0.409357786,0.521825731,-0.046183072,0.743033707,0.568408668,-0.300038576,0.263849914,0.531457007,-0.048919272,0.733058214,0.392798096,-0.692375779,0.134678185,0.536490798,-0.238835573,0.579019308,0.897262692,0.011758065,0.45075646,0.89160949,-0.010383865,101,114,108,2
turn_left,0.611258864,0.532702625,-0.052877568,0.410716921,0.521888196,-0.048374418,0.746709228,0.569837451,-0.33991152,0.264341891,0.531198621,-0.051894717,0.726029277,0.393601954,-0.730856121,0.135441452,0.535694897,-0.245139286,0.579143465,0.897181392,0.00983676,0.450843573,0.891342342,-0.008420011,102,114,112,2
turn_left,0.612035632,0.532703876,-0.054162495,0.411770731,0.522009969,-0.04270995,0.748827279,0.570236921,-0.337907463,0.26736322,0.531119466,-0.045057781,0.707204401,0.39389357,-0.722774148,0.139998376,0.535450876,-0.233360201,0.579103351,0.897294104,0.009176261,0.450696647,0.891285717,-0.007786526,102,113,119,2
turn_left,0.612635732,0.532761276,-0.07024911,0.412517488,0.522002816,-0.043395847,0.750729144,0.570548296,-0.364467889,0.267352134,0.530580819,-0.051688284,0.707688987,0.394760579,-0.753485322,0.139883175,0.534676909,-0.240620732,0.579100013,0.897286475,0.008692233,0.450826555,0.891179383,-0.007280473,102,114,119,2
turn_left,0.612621546,0.532806695,-0.065661177,0.412493885,0.522006273,-0.047148906,0.75044322,0.570539773,-0.331152439,0.267352283,0.530786157,-0.052194159,0.718814671,0.394721329,-0.715130329,0.139432281,0.534463942,-0.244061589,0.579038978,0.896769226,0.008816618,0.450754166,0.89082855,-0.007422132,102,114,116,2
turn_left,0.61255306,0.532895684,-0.063094065,0.412321568,0.52200979,-0.058851622,0.750382245,0.570307672,-0.319295794,0.266833246,0.530829191,-0.062984891,0.72351259,0.391381294,-0.698933959,0.137195364,0.534093857,-0.250114501,0.579034626,0.896361887,0.008875404,0.450824499,0.890503526,-0.007478958,103,114,114,2
turn_left,0.611704767,0.532901168,-0.053645611,0.410994619,0.522018552,-0.079569422,0.747487664,0.57029444,-0.259189785,0.266588151,0.53081584,-0.101996087,0.751837611,0.391048074,-0.617742419,0.13578926,0.534216523,-0.314393997,0.578982949,0.896355093,0.011191606,0.450824678,0.890522361,-0.009867808,102,114,104,2
turn_left,0.611010671,0.53276366,-0.036610596,0.409912288,0.522145927,-0.079518698,0.744510412,0.570288599,-0.230210513,0.265795648,0.530828536,-0.098906673,0.763182163,0.393327057,-0.589987576,0.13429299,0.534233093,-0.309177458,0.57895422,0.896365702,0.012861815,0.45081535,0.890655875,-0.011567842,101,114,100,2
turn_left,0.6106655,0.532965004,-0.036786787,0.409432948,0.522324622,-0.088965081,0.742517829,0.569726706,-0.214560747,0.264506996,0.530860901,-0.10979943,0.782641947,0.398636967,-0.541533828,0.132106721,0.534632564,-0.323239952,0.579001307,0.896626234,0.013574411,0.450816005,0.89094758,-0.012226352,101,114,92,2
turn_left,0.609622717,0.532885075,-0.038114592,0.409258306,0.522328138,-0.083096907,0.742426038,0.568286717,-0.233790323,0.263846338,0.531885028,-0.09748318,0.780844808,0.39609468,-0.575432003,0.130431697,0.536355078,-0.303413153,0.578908801,0.89586091,0.013447525,0.450750977,0.890772581,-0.012086725,102,114,92,2
turn_left,0.608486474,0.532446265,-0.038816422,0.407276958,0.523096859,-0.068493694,0.74247402,0.566511929,-0.276609361,0.26452747,0.533067465,-0.070518635,0.742551923,0.391904861,-0.640494585,0.130558968,0.537234962,-0.264786422,0.57890439,0.895840824,0.013408972,0.450783342,0.890709639,-0.012046416,102,114,104,2
turn_left,0.606708467,0.532350779,-0.03776462,0.40524596,0.524055302,-0.066605002,0.742441416,0.5641734,-0.26111263,0.264571011,0.534974873,-0.06798394,0.743493438,0.382182032,-0.598875701,0.130616784,0.537947416,-0.266883343,0.578839898,0.895805717,0.013352339,0.450745732,0.890652418,-0.011993537,103,113,103,3
turn_left,0.605909944,0.532354653,-0.035050325,0.403869569,0.524244666,-0.066434786,0.742192149,0.563899815,-0.224896699,0.263307035,0.535299003,-0.067250088,0.747979105,0.383170068,-0.569483638,0.129843384,0.538621604,-0.268156707,0.578790069,0.89557302,0.013226452,0.450746477,0.891004503,-0.011837072,103,113,101,3
turn_left,0.605682075,0.532232225,-0.035759859,0.40367946,0.52424705,-0.072676018,0.742180526,0.563564658,-0.217259765,0.262162983,0.53556186,-0.078693107,0.759512246,0.382968545,-0.551378369,0.129468411,0.539280176,-0.293911338,0.578749299,0.895479023,0.013361953,0.450746924,0.890975893,-0.011979813,103,113,97,3
turn_left,0.605705917,0.532034695,-0.033114746,0.403745115,0.524794698,-0.081822559,0.740747869,0.561723173,-0.156090647,0.262793899,0.536143124,-0.098313868,0.791622639,0.395224512,-0.440873951,0.129509017,0.540832281,-0.321688592,0.578755975,0.895350456,0.014078373,0.450747311,0.891150296,-0.012644556,103,113,85,3
turn_left,0.605864584,0.531738579,-0.033191077,0.403786838,0.525200069,-0.087238535,0.739746332,0.560058415,-0.167289883,0.2628313,0.536321819,-0.108531192,0.800396442,0.405042082,-0.465830564,0.129544944,0.542010188,-0.335620046,0.578700185,0.895352125,0.014059749,0.450687557,0.891305149,-0.012625122,104,113,81,2
turn_left,0.606491148,0.531714797,-0.033672739,0.403800666,0.525806963,-0.099390432,0.740168273,0.556243777,-0.142190531,0.262969524,0.536613047,-0.133538455,0.813931942,0.405596614,-0.398033649,0.129513472,0.54315573,-0.358213425,0.57872498,0.895612538,0.014880309,0.450583637,0.892055154,-0.013431912,105,113,74,2
turn_left,0.606901526,0.531651855,-0.036689661,0.403834283,0.525856316,-0.101653323,0.740199924,0.555752575,-0.148518369,0.263471067,0.536819696,-0.136307091,0.815842152,0.40818575,-0.419626951,0.129690289,0.543757856,-0.364585817,0.578721404,0.895797551,0.01486827,0.450412512,0.89309752,-0.013422998,105,113,73,1
turn_left,0.608267367,0.531636417,-0.035198756,0.404220581,0.525814652,-0.098715678,0.74023211,0.554636717,-0.16626063,0.263486922,0.536430061,-0.128041238,0.809906304,0.409076989,-0.463524252,0.129610211,0.543451905,-0.348956615,0.578723431,0.895959139,0.015286918,0.45029974,0.89340812,-0.013821351,105,113,74,1
turn_left,0.608772933,0.531177223,-0.040082879,0.404481083,0.525794864,-0.102218643,0.740228057,0.554797709,-0.169759229,0.263401687,0.536497533,-0.130235434,0.806671023,0.408756316,-0.466156393,0.128829464,0.543088615,-0.350060195,0.578720748,0.89600569,0.015443762,0.450292289,0.893484294,-0.013959117,105,113,76,2
turn_left,0.609620929,0.531172693,-0.039574619,0.404863536,0.525762081,-0.09863434,0.74142015,0.554286778,-0.209764287,0.262969047,0.536225736,-0.125893086,0.801236808,0.389487416,-0.554568291,0.128793105,0.542073131,-0.345535159,0.578757882,0.896007538,0.015769962,0.450388432,0.893485248,-0.014310169,106,113,80,2
turn_left,0.610186994,0.531169772,-0.039542593,0.4051539,0.525725007,-0.097481117,0.742281437,0.553943515,-0.219695359,0.262633622,0.536015749,-0.12348409,0.797769904,0.381820232,-0.56543231,0.128706336,0.541414201,-0.342482328,0.578780055,0.896009088,0.015965911,0.450453103,0.893484771,-0.014519754,106,114,82,2
turn_left,0.610212088,0.530957699,-0.039440341,0.406547159,0.525632262,-0.080663137,0.744192421,0.554024279,-0.230909944,0.264519542,0.535997748,-0.086215653,0.767273366,0.378350884,-0.571718216,0.132096261,0.541081965,-0.295013487,0.578725934,0.895793498,0.015484342,0.450472057,0.892599285,-0.014031569,106,113,92,2
turn_left,0.610503376,0.530467153,-0.040095087,0.408105433,0.525487721,-0.071819745,0.746617138,0.553718209,-0.2474415,0.264553756,0.535837114,-0.071519181,0.753195643,0.373152167,-0.590634942,0.133224711,0.540403962,-0.274302512,0.578571737,0.895835102,0.015013258,0.450488895,0.892582774,-0.013539091,106,113,98,2
turn_left,0.611367822,0.53039223,-0.047245182,0.409229696,0.525484204,-0.065217629,0.750067413,0.553911626,-0.309566617,0.264640003,0.53580755,-0.066445775,0.726219475,0.374922335,-0.68506825,0.134910896,0.539598167,-0.260347068,0.578580797,0.895828962,0.014307857,0.450832129,0.892328024,-0.012831159,107,113,107,2
turn_left,0.612247467,0.53028363,-0.057101674,0.409792274,0.525488436,-0.058292001,0.751944244,0.553941071,-0.335795462,0.264612466,0.535741448,-0.062927641,0.715846419,0.37539953,-0.713650584,0.135603994,0.538674176,-0.250476658,0.578418911,0.895744145,0.012948078,0.450762898,0.891762197,-0.011466204,107,114,111,3
turn_left,0.6134547,0.530274332,-0.062922657,0.410666168,0.525428832,-0.055737127,0.751693726,0.554077208,-0.359346777,0.264719337,0.535737336,-0.063494854,0.702864826,0.377036542,-0.747760892,0.135847405,0.538572967,-0.239405587,0.57831347,0.895996988,0.012209768,0.450699806,0.891765416,-0.01077023,107,114,115,3
turn_left,0.613831878,0.530268848,-0.07255128,0.410847276,0.525425375,-0.058482446,0.751583457,0.554124117,-0.369674504,0.264717877,0.535491347,-0.063785054,0.70102042,0.377598792,-0.75805074,0.135825217,0.538104653,-0.256441295,0.578314245,0.896128654,0.01058182,0.450701565,0.891737401,-0.009320622,107,114,116,3
turn_left,0.613959968,0.530288696,-0.082138665,0.410918385,0.525030971,-0.060344376,0.752139509,0.554434717,-0.369834125,0.263395458,0.535083473,-0.06626796,0.708423615,0.378236592,-0.744509101,0.133641034,0.537699163,-0.251765341,0.578312576,0.896134257,0.009590366,0.450673819,0.89153415,-0.008280423,107,114,114,3
turn_left,0.613597095,0.5302369,-0.07636486,0.410856634,0.524475753,-0.068333298,0.752021909,0.553947031,-0.347431332,0.262674242,0.534950256,-0.075541466,0.712708116,0.371112674,-0.701455951,0.131092936,0.537644267,-0.272361279,0.578394473,0.894953549,0.009786283,0.450980663,0.890568197,-0.008463296,107,114,112,3
turn_left,0.613294303,0.530083418,-0.072058991,0.410662562,0.524515033,-0.077633761,0.750925958,0.552062094,-0.280400753,0.262616575,0.534829021,-0.09420158,0.747160673,0.370153487,-0.626609206,0.13058874,0.537320137,-0.298473746,0.57850486,0.894959211,0.010143035,0.451438516,0.890680909,-0.008870304,108,114,100,3
turn_left,0.613284707,0.529992878,-0.052123666,0.410568535,0.52451545,-0.083394334,0.750430167,0.551024854,-0.231750175,0.262246013,0.534584641,-0.102111064,0.761384428,0.369782805,-0.559326828,0.129712075,0.536996484,-0.313533217,0.578627706,0.895084381,0.011722052,0.451523483,0.890707731,-0.01047342,108,114,95,3
turn_left,0.613405108,0.530059755,-0.048637461,0.410338104,0.524521708,-0.08538194,0.750384748,0.54988414,-0.21579878,0.261837304,0.534444869,-0.106823489,0.771724105,0.363533348,-0.533571899,0.129006058,0.536971807,-0.320493042,0.578636169,0.895089328,0.013439943,0.45152849,0.89070338,-0.012125981,108,114,92,3
turn_left,0.614027917,0.530121982,-0.048091449,0.410375893,0.52454704,-0.093610033,0.749687076,0.54472822,-0.217250898,0.262454063,0.534398139,-0.129629999,0.794713914,0.369848192,-0.543551326,0.129029974,0.537282407,-0.352671206,0.578858674,0.895036697,0.013716613,0.451539427,0.890421569,-0.012405897,110,114,82,3
turn_left,0.614474893,0.530180275,-0.047237657,0.410369933,0.524632812,-0.094425589,0.748751283,0.543995678,-0.20484142,0.263922513,0.534496844,-0.131037533,0.799641371,0.378711402,-0.515346527,0.129432768,0.537338495,-0.361766607,0.579350352,0.895126939,0.013927755,0.451558203,0.89054662,-0.012584044,110,114,79,3
turn_left,0.614540577,0.530214906,-0.045428276,0.410439402,0.524526477,-0.093752876,0.748664439,0.54466635,-0.216858909,0.264088184,0.53424865,-0.1287525,0.795308709,0.381879598,-0.54428637,0.129440501,0.537341952,-0.34539932,0.579364657,0.895089149,0.013916741,0.451521546,0.890463173,-0.0125788,110,114,80,2
turn_left,0.613735318,0.530297101,-0.044484429,0.410024107,0.524264693,-0.095197372,0.748464227,0.547101974,-0.22303769,0.262645125,0.533383071,-0.127411947,0.790576518,0.378836095,-0.557389975,0.127886251,0.535656035,-0.340327144,0.579364955,0.894941747,0.014999467,0.451539457,0.890504539,-0.013669501,109,114,83,3
turn_left,0.613551497,0.530349374,-0.040612936,0.410114229,0.523975253,-0.085418597,0.748384297,0.55230695,-0.227762982,0.262656331,0.533003807,-0.101670422,0.775898933,0.382349133,-0.577542365,0.128531545,0.53488034,-0.308366746,0.57937187,0.89399606,0.015101922,0.451539993,0.889988244,-0.013746554,107,114,90,3
turn_left,0.6135602,0.530367911,-0.044327386,0.410460293,0.523753524,-0.080866106,0.749165833,0.553078234,-0.264304459,0.262721688,0.532700956,-0.094482794,0.763433993,0.381055981,-0.636427164,0.129418403,0.5341717,-0.293636888,0.579191148,0.893690646,0.015097177,0.451520771,0.88991183,-0.013741774,107,114,95,3
turn_left,0.61380589,0.530519605,-0.041642919,0.410687059,0.523743391,-0.08326377,0.747848213,0.554215789,-0.23837629,0.264718115,0.532531559,-0.111833975,0.785402656,0.385313064,-0.592110038,0.131219402,0.534188509,-0.333242834,0.579227984,0.894776762,0.015589846,0.45152083,0.890113413,-0.014207331,106,114,87,3
turn_left,0.615282893,0.530956864,-0.040287368,0.411418974,0.523869455,-0.088507116,0.749112248,0.554312706,-0.230509475,0.265686512,0.532523394,-0.150414377,0.805293441,0.399574846,-0.569843471,0.131482825,0.534215212,-0.3923724,0.579100668,0.895402253,0.015719889,0.451006562,0.890809953,-0.014357698,107,114,80,3
turn_left,0.615959287,0.531169832,-0.040492352,0.412273973,0.523737967,-0.093420967,0.749331951,0.554315031,-0.212342739,0.26635465,0.531726539,-0.140920952,0.808782935,0.407026231,-0.530506492,0.131647021,0.534223795,-0.36710912,0.579102159,0.895401061,0.015487231,0.451028526,0.890752196,-0.014153121,107,114,78,2
turn_left,0.616556764,0.531745613,-0.049634375,0.412930667,0.523714006,-0.092913188,0.749328017,0.555391252,-0.236270979,0.266002893,0.53069365,-0.131799355,0.80382663,0.40556556,-0.586073279,0.131580889,0.533301473,-0.340152204,0.579053044,0.896325529,0.014953484,0.450652033,0.89145118,-0.013576508,106,114,80,2
turn_left,0.61684525,0.532235384,-0.030294215,0.413869947,0.523711026,-0.075707637,0.749315739,0.557019353,-0.228764772,0.266154855,0.530363679,-0.098706886,0.800860703,0.406687319,-0.583712935,0.132451132,0.53280437,-0.29335174,0.579074979,0.897083282,0.015002547,0.450652927,0.891872287,-0.013646807,106,114,82,2
turn_left,0.616838455,0.532986581,-0.030398453,0.414986223,0.523631513,-0.073212437,0.749833345,0.556980491,-0.24388656,0.266672671,0.52998668,-0.098960973,0.785583317,0.387499899,-0.61734426,0.133779943,0.532404006,-0.299601912,0.579010785,0.89744544,0.01483014,0.450809002,0.891869009,-0.013532227,106,115,88,1
turn_left,0.616826415,0.533562422,-0.028072258,0.415700376,0.52355665,-0.071120068,0.750236154,0.558320403,-0.247229069,0.267577887,0.529918969,-0.092103668,0.77592957,0.385075599,-0.619659781,0.13480638,0.532247245,-0.292652071,0.57896626,0.897442758,0.014872598,0.450971276,0.89166981,-0.01359049,106,114,92,1
turn_left,0.616822839,0.533568621,-0.049951572,0.416752726,0.522924364,-0.070963942,0.752265811,0.558668494,-0.29666546,0.267571747,0.529619753,-0.077783041,0.748654902,0.380054265,-0.656591296,0.134982675,0.531260312,-0.26827988,0.578955412,0.897244036,0.013980156,0.451021284,0.891285837,-0.012594303,107,114,102,2
turn_left,0.616885066,0.533721089,-0.049780361,0.417283118,0.522668958,-0.057520024,0.753917813,0.558633566,-0.310633361,0.267525345,0.529034317,-0.064230315,0.739010036,0.377720028,-0.672565281,0.134977281,0.530800104,-0.254368752,0.579247832,0.897331059,0.011100708,0.451554537,0.89128387,-0.009775275,107,114,105,2
turn_left,0.616990924,0.533725798,-0.053500693,0.417438984,0.522144616,-0.055234782,0.755964518,0.560368001,-0.33691445,0.267510444,0.528237224,-0.057594478,0.726211846,0.381683171,-0.715792716,0.135064274,0.530571222,-0.235915691,0.579263151,0.897248864,0.011166925,0.451572806,0.891233683,-0.009847392,107,115,110,1
turn_left,0.617110193,0.533826053,-0.060732186,0.417414337,0.521542251,-0.049295161,0.75704968,0.561526895,-0.352098495,0.267482936,0.528036296,-0.054032821,0.721008956,0.385409802,-0.730905414,0.135340065,0.530512989,-0.232878447,0.579313695,0.897174478,0.009659218,0.451574802,0.891141176,-0.008327084,107,114,113,1
turn_left,0.617042661,0.53388983,-0.078330807,0.417397559,0.521508336,-0.052933533,0.756907165,0.562618196,-0.379596621,0.267519891,0.527876735,-0.060355611,0.709920168,0.387375832,-0.764312744,0.135515824,0.530510604,-0.232960433,0.579250872,0.896520615,0.009145388,0.451572031,0.890212655,-0.007770382,106,114,117,1
turn_left,0.617020726,0.533788323,-0.080280438,0.417443752,0.521418452,-0.055061601,0.756976247,0.564126074,-0.377670616,0.267827719,0.527872801,-0.058352478,0.711864531,0.391666621,-0.760292649,0.136172026,0.530516386,-0.23070991,0.579235137,0.896235704,0.00895748,0.451699317,0.889592826,-0.00756581,106,114,117,1
turn_left,0.616202712,0.533486962,-0.079198048,0.417002976,0.52150768,-0.056378394,0.756901026,0.564046919,-0.37569961,0.267558426,0.527855814,-0.061657608,0.718772292,0.386004418,-0.757737339,0.13605985,0.530507028,-0.242039606,0.579252779,0.896174788,0.008997816,0.451899588,0.88967216,-0.007601673,106,115,114,1
turn_left,0.61578387,0.533330381,-0.067637987,0.416596502,0.521454275,-0.057178579,0.756837189,0.563989401,-0.309259176,0.267495394,0.527843714,-0.056330483,0.724358737,0.382059187,-0.654370546,0.135836661,0.530388117,-0.243759423,0.579303145,0.896024585,0.009329004,0.451990038,0.889666498,-0.007866377,106,115,112,1
turn_left,0.614492178,0.533270776,-0.045744602,0.415394127,0.521375477,-0.079553559,0.752650738,0.563695729,-0.245950267,0.267651796,0.527839661,-0.118744887,0.761156917,0.382163405,-0.594160378,0.135129005,0.531205058,-0.349772602,0.57928139,0.895904839,0.013605783,0.452010334,0.88966465,-0.012278164,105,114,100,1
turn_left,0.613933623,0.53317672,-0.039926298,0.414753765,0.521196067,-0.094154269,0.750381827,0.563672423,-0.223079413,0.267570078,0.527819276,-0.131363556,0.777941108,0.382388622,-0.560642064,0.134210348,0.531678557,-0.349955142,0.579225779,0.896135569,0.016986387,0.452001572,0.889759481,-0.015716974,105,114,94,1
turn_left,0.613878191,0.533175051,-0.03722287,0.41410923,0.520797372,-0.095660731,0.747326732,0.563563883,-0.210185722,0.266805321,0.527814507,-0.130115032,0.796125352,0.399684548,-0.546270311,0.132795602,0.531642795,-0.346625268,0.579198718,0.896132648,0.017836174,0.451980054,0.890076041,-0.016537046,104,114,86,1
turn_left,0.613870263,0.533181727,-0.02852273,0.413450569,0.52072984,-0.093556613,0.746017218,0.562849224,-0.190536559,0.266748637,0.527820051,-0.122215822,0.801003933,0.404321223,-0.502703786,0.132505983,0.53165549,-0.333000988,0.579210162,0.897105932,0.018338863,0.451912582,0.891437173,-0.017041896,104,114,84,1
turn_left,0.613669574,0.533304334,-0.023453262,0.412913948,0.521123767,-0.090966739,0.745109141,0.563272834,-0.182121202,0.265426695,0.527769446,-0.114204332,0.799131155,0.410663426,-0.497073174,0.130809754,0.5314098,-0.324863791,0.579211295,0.898089468,0.018508045,0.45191431,0.8934111,-0.017175077,104,114,83,1
turn_left,0.613610387,0.533304274,-0.030634101,0.412309498,0.521246672,-0.097654864,0.744352698,0.564282,-0.207302004,0.26443997,0.527945638,-0.123847708,0.798182905,0.414163977,-0.54007864,0.130137503,0.531136751,-0.333837926,0.579175949,0.898065925,0.018552206,0.451887131,0.89360559,-0.017197616,103,115,84,1
turn_left,0.613519847,0.533739805,-0.035629015,0.412272513,0.521345913,-0.096628487,0.744441569,0.564915419,-0.249059767,0.264430463,0.527931511,-0.12501815,0.795435965,0.402648538,-0.629936457,0.13027291,0.531113267,-0.345052212,0.579167247,0.897903502,0.018036265,0.451888889,0.893223822,-0.016722608,103,115,86,1
turn_left,0.613381028,0.533771932,-0.035100758,0.412286431,0.521350563,-0.085304737,0.744610608,0.566771686,-0.249372602,0.264457732,0.527892709,-0.096209757,0.783244491,0.401625097,-0.626247704,0.130774081,0.53104502,-0.301378876,0.578982413,0.897876501,0.017994389,0.451862484,0.893164635,-0.016681958,102,115,91,1
turn_left,0.613441586,0.53369081,-0.053267024,0.41276741,0.521326363,-0.082661159,0.74683392,0.566727221,-0.303196371,0.265136302,0.527834356,-0.078436241,0.748794138,0.388344616,-0.682269931,0.132149607,0.531017005,-0.267991811,0.579103529,0.89780432,0.017340666,0.451942027,0.893152893,-0.01592721,103,115,103,1
turn_left,0.613691151,0.53371942,-0.054752894,0.413340479,0.521324873,-0.077905841,0.749144018,0.56668061,-0.317452163,0.26551196,0.527828872,-0.076017141,0.735546768,0.386529326,-0.699983478,0.132589117,0.531005681,-0.261615634,0.579172075,0.897790253,0.016595071,0.452060223,0.893197477,-0.015120348,103,115,108,1
turn_left,0.614594102,0.534255326,-0.070995599,0.414159834,0.521494448,-0.070816562,0.750749946,0.566683769,-0.375039309,0.265679598,0.527597845,-0.073503606,0.70895052,0.390565544,-0.774671912,0.133365616,0.531000018,-0.241689041,0.579171121,0.897779405,0.014514019,0.452057123,0.89318949,-0.013034148,104,115,117,1
turn_left,0.615009904,0.534384072,-0.086414948,0.414738983,0.521488309,-0.071505934,0.751167357,0.566657424,-0.396718889,0.265922964,0.527425468,-0.076692276,0.696021795,0.391431689,-0.795121968,0.13386938,0.5308851,-0.241634086,0.579142153,0.897473454,0.013155097,0.452064216,0.892822027,-0.011676973,104,115,121,1
turn_left,0.615155578,0.534343362,-0.086530723,0.41484338,0.52117312,-0.068856545,0.753309071,0.567588687,-0.377583772,0.265788019,0.527408063,-0.06921199,0.708796799,0.391584784,-0.76304543,0.133920059,0.530880094,-0.236218408,0.579077244,0.89642036,0.011969132,0.4518767,0.891794443,-0.010455032,104,115,118,1
turn_left,0.615191042,0.533884585,-0.080948129,0.414726347,0.520907402,-0.067041799,0.754252076,0.568275273,-0.362722099,0.265690982,0.527402043,-0.06665352,0.716633022,0.391721606,-0.744470239,0.133564621,0.530699909,-0.241491511,0.579072595,0.895232201,0.011932995,0.451875061,0.890766323,-0.010413115,104,115,116,1
turn_left,0.614202201,0.533642054,-0.075233623,0.413543791,0.521038115,-0.070359811,0.753371596,0.568247378,-0.305612743,0.264469028,0.527574718,-0.070248291,0.73894161,0.386724085,-0.673242688,0.13298735,0.531340718,-0.26639235,0.579062164,0.894853175,0.011936458,0.451898396,0.890666008,-0.010420132,104,115,109,1
turn_left,0.614330888,0.533616364,-0.087766662,0.413727611,0.52102524,-0.07546863,0.753401399,0.568270087,-0.382014602,0.264477819,0.527798116,-0.074624792,0.70625627,0.387786001,-0.776715815,0.132752985,0.531407773,-0.252599776,0.579036057,0.894380331,0.01148726,0.451894611,0.889976442,-0.009973451,104,115,119,1
turn_left,0.614174664,0.533543348,-0.084183171,0.413732529,0.521100938,-0.065257952,0.75338912,0.568293869,-0.371957123,0.266056716,0.528041303,-0.073405549,0.694460988,0.391732067,-0.761451006,0.133799732,0.531989872,-0.247094944,0.579005539,0.894155681,0.011262091,0.451852977,0.889251471,-0.009781515,104,115,122,1
turn_left,0.614161313,0.533510447,-0.08371786,0.413771152,0.521206796,-0.065263398,0.753151596,0.568420053,-0.381291747,0.26640752,0.528491318,-0.073620379,0.691845298,0.396946847,-0.776686966,0.133715674,0.532749772,-0.241502479,0.578981638,0.893933952,0.010998478,0.451730192,0.888901055,-0.009539044,104,114,124,1
turn_left,0.613950372,0.533427775,-0.077789724,0.413675457,0.521143258,-0.065637425,0.753163695,0.568968952,-0.375108391,0.266996294,0.529170156,-0.068589218,0.692834973,0.397227824,-0.759201348,0.133740813,0.534206688,-0.241769269,0.578978181,0.893751085,0.011143556,0.451580614,0.888887644,-0.009661763,104,114,124,1
turn_left,0.613703012,0.533359945,-0.067149162,0.413223505,0.521138608,-0.064861313,0.752842605,0.569315016,-0.35331288,0.267589211,0.529419601,-0.06443955,0.704191446,0.397066981,-0.75320375,0.134192809,0.53500545,-0.243528292,0.579051137,0.893839717,0.011694585,0.451602787,0.888963699,-0.010198875,104,114,120,1
turn_left,0.612989962,0.533155501,-0.062268723,0.413176358,0.521208465,-0.066370286,0.750609756,0.569892347,-0.322357148,0.267888457,0.529858768,-0.065852471,0.71909374,0.395436108,-0.706110537,0.134292319,0.535410881,-0.247944757,0.579060018,0.893895566,0.012244056,0.451641142,0.888928831,-0.010762853,103,114,115,1
turn_left,0.61138612,0.533148229,-0.046522409,0.412669659,0.521279156,-0.08002165,0.746248364,0.569936097,-0.240413502,0.267947882,0.530048251,-0.093279757,0.755044878,0.39489463,-0.597681046,0.134256512,0.535501063,-0.297623426,0.578998029,0.893733144,0.013869805,0.451643527,0.888395965,-0.012435543,102,114,102,1
turn_left,0.610866189,0.533434689,-0.034832958,0.412038088,0.521353126,-0.080898389,0.745068848,0.569045424,-0.235126093,0.268114984,0.530068338,-0.130897611,0.770184577,0.393485516,-0.591319203,0.134270132,0.535700738,-0.378858447,0.579012036,0.894882739,0.014728867,0.451650798,0.889124811,-0.013436437,102,114,97,1
turn_left,0.610879362,0.533765495,-0.019058192,0.411631197,0.521921754,-0.080452837,0.744321346,0.568471551,-0.184889942,0.268754482,0.530306458,-0.132614926,0.797917128,0.405691594,-0.493497282,0.134385109,0.536832094,-0.386193871,0.57915467,0.896452248,0.015590871,0.451658487,0.891257286,-0.014318163,102,114,86,1
turn_left,0.610794544,0.534270108,-0.019582205,0.410980612,0.522205651,-0.083153673,0.742062211,0.568059564,-0.176785618,0.268891633,0.530788779,-0.149307802,0.806501746,0.419904888,-0.493293196,0.134457991,0.537627161,-0.411590517,0.579122901,0.896435082,0.01648695,0.451649278,0.891415536,-0.015228997,102,113,81,1
turn_left,0.610646546,0.53440541,-0.025174696,0.410808414,0.522435784,-0.094260052,0.740726471,0.568592727,-0.119391739,0.269908905,0.530909419,-0.141665429,0.812100589,0.434705317,-0.372798622,0.134660736,0.540808797,-0.374828279,0.579070508,0.89649719,0.016794153,0.45142135,0.891870916,-0.015518228,102,113,77,359
turn_left,0.610119045,0.534418941,-0.02348296,0.410283655,0.5227229,-0.091872633,0.739232421,0.568799555,-0.12136583,0.27021721,0.531386673,-0.134405404,0.811277688,0.437415183,-0.375504971,0.134852827,0.54238677,-0.363027394,0.579068542,0.896579564,0.016770024,0.451402903,0.892284214,-0.015500863,101,113,76,359
turn_left,0.609531105,0.534403861,-0.024351623,0.410248131,0.522728324,-0.096875891,0.738390684,0.568901241,-0.162772,0.27014342,0.53173703,-0.145416602,0.802921653,0.432424396,-0.4625476,0.134568185,0.543020666,-0.374057382,0.579076231,0.896784723,0.018021634,0.451644033,0.89251256,-0.01677301,101,113,80,359
turn_left,0.609341979,0.53428328,-0.034072116,0.410242885,0.522733152,-0.095528677,0.737779021,0.569045901,-0.19084245,0.269974291,0.531922519,-0.139461085,0.797869503,0.428200096,-0.533746302,0.133964121,0.543442309,-0.364212155,0.579076469,0.89685601,0.01782258,0.451642334,0.892556429,-0.016561257,101,113,82,359
turn_left,0.608739018,0.534039557,-0.034324117,0.409893125,0.523065269,-0.094616301,0.738337934,0.56849581,-0.215057462,0.268944353,0.532333732,-0.136978894,0.777631581,0.403489381,-0.568966269,0.133567244,0.543675363,-0.359325618,0.579201579,0.896853745,0.017824076,0.452353388,0.8926422,-0.016571766,101,113,91,359
turn_left,0.608499587,0.533976316,-0.034629498,0.409728438,0.523246884,-0.091168359,0.738632262,0.568669915,-0.250869364,0.268589884,0.532783389,-0.113072693,0.76262188,0.398130029,-0.639906049,0.133490413,0.544220686,-0.313844264,0.579196811,0.896814644,0.017795723,0.452341318,0.892608702,-0.01654594,101,113,97,359
turn_left,0.608493149,0.533970058,-0.042297345,0.409733206,0.523269355,-0.078952961,0.741931677,0.56863457,-0.297483981,0.26858449,0.533432662,-0.089685537,0.73470062,0.392057449,-0.681566298,0.133710802,0.544380963,-0.28515473,0.579165339,0.896870315,0.016970837,0.452336311,0.892609537,-0.0157157,102,113,107,359
turn_left,0.608505011,0.533712029,-0.041942123,0.409733206,0.523276508,-0.071474023,0.743791223,0.568657875,-0.29381305,0.267551333,0.533689857,-0.077003196,0.725932777,0.391811192,-0.666047812,0.133502468,0.544317782,-0.26936087,0.579040647,0.896854222,0.016856102,0.452153444,0.892459989,-0.015593459,102,113,110,360
turn_left,0.608509123,0.533669472,-0.057242263,0.409613073,0.523686945,-0.071760327,0.744937122,0.568924546,-0.339184701,0.267052293,0.534161031,-0.078990236,0.708937883,0.39265728,-0.729023159,0.133502901,0.543918729,-0.264427841,0.579033613,0.896915436,0.015945595,0.452131659,0.892692149,-0.014693072,102,113,116,0
turn_left,0.608550191,0.533332407,-0.057287205,0.409599781,0.523668051,-0.072466373,0.746040523,0.56963861,-0.331240207,0.266325057,0.534508884,-0.080257051,0.713640928,0.392963946,-0.720656097,0.132845193,0.543740928,-0.265219986,0.578998446,0.896904886,0.015867403,0.451956093,0.892698884,-0.014590533,102,113,115,0
turn_left,0.608261108,0.533325374,-0.0557952,0.409445107,0.52371639,-0.076831982,0.74586916,0.569593251,-0.308440268,0.266330838,0.534919024,-0.082226492,0.721279025,0.390397877,-0.697051406,0.13284421,0.543944597,-0.274477214,0.578983247,0.896189928,0.015902033,0.451664865,0.892167926,-0.014604682,102,113,113,1
turn_left,0.607860267,0.533174932,-0.047444783,0.40926522,0.523875058,-0.076847211,0.745345473,0.568510175,-0.307982385,0.266380101,0.534907401,-0.089818411,0.722080588,0.385286242,-0.677606463,0.132876202,0.544185638,-0.301563799,0.57897079,0.896236718,0.015997788,0.451519191,0.892263651,-0.014690487,103,113,112,0
turn_left,0.607296586,0.533200741,-0.041316088,0.409082323,0.523940206,-0.09556286,0.74289912,0.568666995,-0.231480867,0.266436517,0.535005987,-0.159807503,0.759572566,0.387043029,-0.560598254,0.132703856,0.545134962,-0.420439243,0.578937829,0.896750093,0.016933966,0.45159927,0.892592311,-0.015684228,102,113,99,0
turn_left,0.607091427,0.533239007,-0.035048582,0.408849955,0.52385962,-0.095217355,0.740590632,0.569273591,-0.208608821,0.266436636,0.534957945,-0.162570432,0.772689104,0.393590778,-0.540482879,0.132680044,0.54637897,-0.419451654,0.578919053,0.896799922,0.017510017,0.451636463,0.892601132,-0.016294828,101,113,95,360
turn_left,0.607230425,0.533309042,-0.027740231,0.408622026,0.523849964,-0.095021948,0.740416706,0.566549122,-0.155266374,0.267420024,0.535111666,-0.171239674,0.803690434,0.409015566,-0.436868727,0.133355409,0.548325837,-0.435087591,0.578926504,0.897218764,0.017501513,0.451568604,0.89315635,-0.016286675,102,113,82,359
turn_left,0.607262969,0.533366978,-0.02636764,0.408453375,0.523925424,-0.094214745,0.739977956,0.564653516,-0.137651727,0.267620623,0.535147905,-0.157958463,0.808422744,0.416965365,-0.402478784,0.133381799,0.549410582,-0.406766355,0.578989148,0.898110092,0.01638988,0.45157662,0.894180894,-0.015218386,103,113,78,358
turn_left,0.607267261,0.533542573,-0.026999736,0.4082973,0.523936868,-0.098356098,0.739681602,0.564411283,-0.127975672,0.267590821,0.535525203,-0.152726293,0.808582604,0.419041514,-0.390950024,0.133227915,0.549571157,-0.396485865,0.578964829,0.898053586,0.01638736,0.451382875,0.893912852,-0.015214754,103,112,78,359
turn_left,0.607287228,0.533684313,-0.027760189,0.408229977,0.523893952,-0.097391479,0.738248289,0.564460695,-0.150217682,0.267548501,0.53559047,-0.148480207,0.803952396,0.420390218,-0.432122767,0.133227438,0.549509287,-0.386819363,0.578962803,0.898070872,0.016307764,0.45137921,0.893993437,-0.015133453,102,112,79,359
turn_left,0.606895268,0.533494174,-0.028054211,0.407617509,0.523940921,-0.09329129,0.737932086,0.564990819,-0.171165556,0.267440617,0.535417378,-0.131529629,0.797060788,0.410345912,-0.509196699,0.133479178,0.547670245,-0.370854199,0.579064786,0.898071885,0.016340014,0.45178479,0.894031286,-0.015153714,102,113,83,359
turn_left,0.606836677,0.533438623,-0.03219578,0.407258034,0.523941875,-0.088902861,0.73795557,0.565025985,-0.218918711,0.267373979,0.535411775,-0.128530607,0.784856975,0.402044505,-0.581936359,0.13362661,0.54561311,-0.370772392,0.57906884,0.898088515,0.016180899,0.451847494,0.894050658,-0.014983708,102,113,87,0
turn_left,0.607304633,0.533473969,-0.020535612,0.407678306,0.523049533,-0.074641325,0.738000751,0.565260947,-0.202752501,0.26556921,0.534993768,-0.091134675,0.784358025,0.4023242,-0.576482654,0.133710414,0.542751253,-0.2987414,0.578991294,0.897999227,0.016196769,0.451804936,0.893999934,-0.014996357,102,113,88,1
turn_left,0.608120203,0.534028113,-0.022130929,0.4079175,0.523065329,-0.075021446,0.738019586,0.566987276,-0.187902033,0.265829682,0.534998834,-0.0966423,0.799087644,0.423880965,-0.522587717,0.134083003,0.542835176,-0.30852896,0.578857541,0.898314118,0.015614005,0.450851977,0.894415915,-0.014361766,101,112,81,1
turn_left,0.608947873,0.534506023,-0.023095569,0.408269733,0.523202658,-0.07598184,0.738590062,0.567915738,-0.185305506,0.265833557,0.534942567,-0.101185635,0.803698897,0.42562449,-0.501399279,0.134113416,0.54288274,-0.318881631,0.578814089,0.898848712,0.015597327,0.450500429,0.894975305,-0.014338295,101,112,80,1
turn_left,0.609624743,0.534969211,-0.024654133,0.408511639,0.523245931,-0.076586962,0.738875568,0.568773389,-0.199759647,0.266324282,0.534944594,-0.121102884,0.802291095,0.426026821,-0.530724287,0.134652033,0.54288274,-0.356745988,0.578623235,0.899152458,0.015386194,0.450392485,0.895058632,-0.014133682,101,112,81,1
turn_left,0.609642863,0.534858465,-0.025100436,0.409301281,0.523200512,-0.078160606,0.738888025,0.56964606,-0.211199403,0.266320854,0.534902155,-0.120128289,0.788751185,0.412539929,-0.559310615,0.134799868,0.54256314,-0.344781876,0.578359902,0.899145424,0.015932355,0.450163931,0.894768894,-0.014668001,101,112,87,1
turn_left,0.609779894,0.534683585,-0.0221966,0.410109758,0.523290455,-0.076823317,0.738954544,0.570775926,-0.20965822,0.267153233,0.534894288,-0.090018228,0.781781316,0.406962484,-0.557742953,0.134921387,0.542481661,-0.289684176,0.57835561,0.899117589,0.016209127,0.450177431,0.894459963,-0.014903818,100,112,91,1
turn_left,0.609914541,0.534716666,-0.030186957,0.41136542,0.523297012,-0.069963224,0.742371559,0.572190642,-0.281542361,0.267167836,0.535102844,-0.074689776,0.746452332,0.396825641,-0.664273381,0.134956732,0.542363942,-0.265574992,0.578323245,0.898673058,0.016065154,0.450371891,0.893783689,-0.014724597,101,112,104,2
turn_left,0.610481679,0.534654796,-0.050713282,0.412549794,0.523178637,-0.067978285,0.743487895,0.574757159,-0.325379014,0.268301666,0.535199344,-0.069121487,0.737478614,0.397341937,-0.727534652,0.135854691,0.542230427,-0.256445855,0.578322709,0.898579717,0.013750863,0.450396836,0.893470049,-0.012329157,100,112,109,2
turn_left,0.611702323,0.534591913,-0.060833775,0.413266182,0.523182213,-0.06474264,0.746871352,0.57828337,-0.356497616,0.268224895,0.535198867,-0.068655238,0.71947819,0.398874104,-0.760972619,0.135860428,0.541723609,-0.248943537,0.578315735,0.898548424,0.013076896,0.450391769,0.893272161,-0.011662655,100,112,117,2
turn_left,0.612145066,0.534002662,-0.068850555,0.413692772,0.523137271,-0.066812888,0.748342693,0.579348564,-0.365703762,0.268474519,0.535186231,-0.075183101,0.715168953,0.400914103,-0.766986489,0.135833293,0.541146815,-0.252014667,0.578413248,0.897435367,0.01299012,0.45078072,0.892217278,-0.01155684,100,112,119,2
turn_left,0.61271286,0.533753395,-0.068182223,0.41416651,0.523142278,-0.067751125,0.750225484,0.579479337,-0.364559233,0.271662205,0.535194695,-0.075619899,0.716448784,0.402319461,-0.7715832,0.136356086,0.541069567,-0.253159702,0.578614652,0.897381902,0.012737408,0.450945944,0.892150223,-0.01129048,100,112,119,2
turn_left,0.612666249,0.533705831,-0.067316249,0.41414547,0.522621393,-0.068378486,0.750103116,0.579449892,-0.336801678,0.270859599,0.535199821,-0.076261237,0.725586414,0.401138008,-0.718538404,0.135540158,0.541067779,-0.262702405,0.578592658,0.897268176,0.012786737,0.450967073,0.892043233,-0.011337694,100,112,116,3
turn_left,0.612657487,0.53340888,-0.069509529,0.414193481,0.522283673,-0.07829465,0.749891877,0.579416335,-0.322682559,0.27063188,0.535183489,-0.076656416,0.727972627,0.401234835,-0.707703948,0.134818509,0.541102529,-0.267038435,0.578594267,0.895853937,0.012713124,0.450983465,0.891541839,-0.011232289,100,112,116,3
turn_left,0.612271011,0.533738494,-0.0462557,0.413738817,0.522290289,-0.086734369,0.747538209,0.578359544,-0.241304278,0.269556314,0.535115361,-0.132286832,0.758181334,0.400545299,-0.605342686,0.133956492,0.541643202,-0.373965681,0.578419447,0.895753145,0.017268354,0.450958192,0.891515076,-0.015860997,100,112,105,2
turn_left,0.611703873,0.534047425,-0.039742462,0.413006246,0.522291601,-0.096254997,0.744022727,0.57833302,-0.218574092,0.267380953,0.535029292,-0.131918669,0.772380352,0.402979493,-0.568170965,0.133227542,0.542289734,-0.347571909,0.578366399,0.895755827,0.019259823,0.450990736,0.891513407,-0.01790612,99,112,99,2
turn_left,0.611554921,0.534216821,-0.039838288,0.412190735,0.522314906,-0.105270982,0.742437243,0.575191677,-0.179680735,0.267424345,0.534768403,-0.144283742,0.794197857,0.412537724,-0.48443073,0.133211896,0.543300569,-0.366375089,0.578432202,0.895766437,0.020044517,0.451007128,0.892017901,-0.01865299,100,112,90,1
turn_left,0.611529469,0.534466565,-0.038136989,0.411473125,0.522440314,-0.105836786,0.741931081,0.572171926,-0.181781679,0.267413288,0.534766078,-0.151475638,0.807781518,0.421164781,-0.503601074,0.133096784,0.544164717,-0.384918183,0.578379095,0.895905077,0.019926956,0.450724274,0.892190635,-0.018537752,101,112,83,1
turn_left,0.611517072,0.534868002,-0.031344831,0.410772741,0.522477806,-0.103217863,0.740348697,0.572234571,-0.166669026,0.267660081,0.534744918,-0.14715448,0.813446522,0.439451158,-0.467544407,0.133078188,0.545054615,-0.37736854,0.578378141,0.896783173,0.019637348,0.450607628,0.893425882,-0.018318908,100,112,77,1
turn_left,0.61151129,0.5350793,-0.032416102,0.410653591,0.522498429,-0.103068091,0.739382982,0.572258532,-0.148113966,0.267658263,0.534764409,-0.144778103,0.814426124,0.441627324,-0.420821041,0.13275598,0.545620203,-0.370677739,0.578331292,0.896906614,0.01959255,0.450472057,0.893390119,-0.018253924,100,112,76,0
turn_left,0.611503959,0.53534317,-0.033023331,0.410211146,0.522559226,-0.102217294,0.73758167,0.572789252,-0.176276177,0.268094033,0.534764111,-0.145847887,0.810857177,0.443101525,-0.487720162,0.132924214,0.545751214,-0.377410203,0.5783301,0.897013068,0.019144557,0.450357586,0.89350003,-0.01783761,100,112,77,0
turn_left,0.611246467,0.53535074,-0.033201285,0.409923077,0.522711575,-0.100067005,0.737722993,0.571746945,-0.177854463,0.268082559,0.534763873,-0.145968065,0.80574739,0.436997026,-0.517661035,0.132992566,0.544770539,-0.392911553,0.578111708,0.896998107,0.018639727,0.45002684,0.893305063,-0.017376784,100,112,79,1
turn_left,0.610670388,0.53535521,-0.035669636,0.409239054,0.522707403,-0.102274559,0.737373531,0.571789145,-0.187872022,0.266160756,0.534766853,-0.144995958,0.802740455,0.431273937,-0.523128927,0.132278651,0.544079423,-0.382922947,0.57803154,0.896819413,0.018762659,0.449817955,0.893170655,-0.017466661,100,112,81,1
turn_left,0.610666871,0.535190642,-0.036570728,0.409694433,0.52261585,-0.089047149,0.739261866,0.57034713,-0.257570833,0.266747892,0.534566879,-0.125509813,0.773902833,0.398727387,-0.653636575,0.13347213,0.542897046,-0.345963776,0.577983499,0.896577716,0.018702053,0.45024538,0.892838895,-0.017403096,101,112,94,1
turn_left,0.610792279,0.534945548,-0.065245278,0.410830259,0.522537172,-0.087081172,0.742903292,0.570301354,-0.324800551,0.268166602,0.534686387,-0.094699174,0.740444064,0.392393261,-0.718949497,0.13523075,0.542641878,-0.2851004,0.578160942,0.896372736,0.016222116,0.450589985,0.892756879,-0.014805774,102,112,106,1
turn_left,0.61109817,0.534796715,-0.079069629,0.411535352,0.52248174,-0.087341987,0.744672954,0.570328534,-0.348821819,0.268603653,0.5346874,-0.092946485,0.730832338,0.39346844,-0.747448206,0.135768309,0.542332292,-0.277371049,0.578236759,0.895898223,0.015161896,0.450664282,0.892362237,-0.013658973,102,112,109,2
turn_left,0.611449957,0.534619927,-0.071665876,0.412689358,0.522242725,-0.077205986,0.746082187,0.57169944,-0.342406571,0.270333916,0.534745753,-0.079852864,0.727751851,0.395553291,-0.728398442,0.136633381,0.542057633,-0.25758335,0.578282952,0.896112263,0.014300145,0.450756639,0.892249644,-0.012844546,102,112,111,2
turn_left,0.61168021,0.53444922,-0.075308278,0.412675142,0.522250175,-0.06743709,0.748179317,0.572550535,-0.362587184,0.269453019,0.534554243,-0.07499259,0.717814565,0.396833003,-0.756706595,0.136005178,0.541738927,-0.254798114,0.57841289,0.895991504,0.01195172,0.450932205,0.892196536,-0.01056089,102,112,115,2
turn_left,0.611694515,0.534418762,-0.072898224,0.412659168,0.52199918,-0.069780871,0.749736905,0.573024035,-0.349120975,0.268714696,0.534545302,-0.071428731,0.719403923,0.397042364,-0.734678388,0.135402411,0.541477263,-0.249751404,0.578405917,0.89580524,0.01200522,0.450934112,0.891714871,-0.010623183,102,112,115,2
turn_left,0.610862851,0.534275651,-0.068719283,0.412630469,0.522061884,-0.081703842,0.749476135,0.57322675,-0.322262585,0.268709958,0.534566641,-0.100748204,0.725239873,0.39537248,-0.708353579,0.135409296,0.541586339,-0.329400957,0.578452468,0.895509601,0.01364086,0.451417506,0.891760767,-0.012147505,102,112,113,2
turn_left,0.610216498,0.534270942,-0.032684192,0.411878586,0.522399127,-0.081923746,0.744238377,0.574148595,-0.248388931,0.268881142,0.534585416,-0.140726075,0.751351476,0.400690198,-0.630725682,0.135717541,0.544078648,-0.395969689,0.57833159,0.895352602,0.017345,0.451382786,0.891462862,-0.015986957,101,112,104,1
turn_left,0.611888289,0.534384847,-0.071962476,0.413861573,0.522015631,-0.079711147,0.745673776,0.578984797,-0.357371062,0.269126415,0.53456825,-0.091249079,0.737606764,0.404757112,-0.757910192,0.136217043,0.541666329,-0.270668626,0.578411818,0.895271063,0.014019271,0.45149079,0.891023099,-0.012556585,99,112,111,2
turn_left,0.612637162,0.534380138,-0.06546519,0.414432913,0.521904886,-0.073478855,0.745669007,0.580912769,-0.336104333,0.270481676,0.534866035,-0.0706833,0.730372548,0.404248863,-0.729868233,0.136470065,0.541659236,-0.248730093,0.578470886,0.89522624,0.013998343,0.451485217,0.890854478,-0.012529135,99,112,114,2
turn_left,0.613760889,0.534190178,-0.084274568,0.415649265,0.521696568,-0.082918659,0.747012079,0.582120717,-0.375160426,0.273177773,0.535211623,-0.078170776,0.719395339,0.406808197,-0.777999818,0.136739656,0.541652083,-0.250492036,0.57847482,0.894637406,0.0139708,0.451499283,0.890146613,-0.012492949,99,111,119,3
turn_left,0.614945352,0.534036696,-0.066846944,0.4161098,0.521657705,-0.060783517,0.749167204,0.582958102,-0.351742804,0.274531007,0.535133004,-0.060922481,0.723571122,0.408278435,-0.744396806,0.137042522,0.541684568,-0.227749512,0.578764558,0.894523978,0.013548486,0.451573074,0.889950693,-0.012102718,99,111,118,3
turn_left,0.615085483,0.533543169,-0.054784197,0.416734636,0.521581769,-0.063408367,0.750223279,0.582146406,-0.333223104,0.276412249,0.534689248,-0.064444646,0.725804627,0.407064557,-0.724107206,0.138192192,0.542357862,-0.23612538,0.578806698,0.894540429,0.015187075,0.451659054,0.889943659,-0.013702114,99,111,118,2
turn_left,0.615089476,0.533509314,-0.049874157,0.41674453,0.521370709,-0.061484165,0.750612855,0.582091689,-0.303230017,0.276853383,0.534399688,-0.055380981,0.726273417,0.404728979,-0.668103039,0.138547331,0.542898118,-0.228608757,0.578790069,0.894278765,0.015162962,0.451613039,0.889273405,-0.013676909,99,111,118,2
turn_left,0.613815367,0.533502042,-0.024606142,0.416027158,0.521369994,-0.063183099,0.745725214,0.580914617,-0.230897382,0.276751995,0.53376019,-0.092861079,0.758936405,0.405645877,-0.603586376,0.138573974,0.543533444,-0.308377862,0.578686297,0.894259095,0.018024819,0.451461792,0.889271855,-0.016605593,98,111,105,1
turn_left,0.613264024,0.533708692,-0.020978462,0.415673196,0.521493018,-0.071945108,0.743577123,0.580322325,-0.211815119,0.275905222,0.533509433,-0.125165552,0.772013307,0.405656368,-0.568347096,0.138421059,0.544686019,-0.362608045,0.578676283,0.894319892,0.020214897,0.451463312,0.889265239,-0.018827152,98,111,100,0
turn_left,0.613225043,0.534016192,-0.01341411,0.415286005,0.521801174,-0.066837661,0.742287636,0.578962088,-0.204156801,0.275806844,0.533499599,-0.131096393,0.794363379,0.414265275,-0.557717025,0.138506383,0.546051919,-0.386267334,0.578259706,0.894904912,0.020041356,0.450556844,0.88931042,-0.018663015,98,111,92,360
turn_left,0.613212109,0.534300745,-0.015917365,0.414632946,0.522092998,-0.067504987,0.741809428,0.578315854,-0.16482529,0.275020897,0.533577621,-0.123534039,0.801831543,0.419935226,-0.477480978,0.138013825,0.547484159,-0.370427758,0.578226864,0.895448506,0.020008894,0.450434923,0.889993966,-0.018611228,98,112,88,359
turn_left,0.613094687,0.534359634,-0.020371333,0.4140324,0.522188902,-0.075168207,0.739143014,0.580756903,-0.137985498,0.274002165,0.535832763,-0.119596161,0.808867097,0.443175167,-0.410833597,0.136026785,0.551131129,-0.359321803,0.578219533,0.895428419,0.019925859,0.450382411,0.889947116,-0.018528474,97,111,83,359
turn_left,0.613025606,0.534496844,-0.022422858,0.413779736,0.522175789,-0.076658987,0.737384856,0.581938803,-0.159540087,0.273728907,0.536596537,-0.118590727,0.807632327,0.446383506,-0.461794049,0.135625765,0.552895725,-0.356534809,0.57820642,0.895519972,0.019752581,0.450377047,0.890096307,-0.018382069,96,111,83,359
turn_left,0.61284554,0.534506083,-0.019885872,0.413582414,0.522301912,-0.076670602,0.73684895,0.58189708,-0.181663528,0.273531228,0.536605597,-0.126972944,0.80086726,0.441938877,-0.509444296,0.135544211,0.552881062,-0.370834023,0.578205168,0.895755827,0.019673739,0.450333059,0.890303731,-0.018345218,96,111,86,359
turn_left,0.612328887,0.534460664,-0.019936116,0.413449675,0.52231288,-0.073612519,0.737025797,0.581845939,-0.21037659,0.271800935,0.536525011,-0.12225356,0.786352217,0.426573902,-0.59555757,0.135547251,0.552749276,-0.356940627,0.57801652,0.895625234,0.019685064,0.450327218,0.890134275,-0.018362284,96,111,93,359
turn_left,0.611962914,0.534529686,-0.018160585,0.41344294,0.522398829,-0.073245525,0.737270117,0.58191514,-0.227635235,0.271175385,0.536281705,-0.124963187,0.775459409,0.412123591,-0.616080582,0.135756835,0.552647948,-0.36700809,0.577854276,0.895540893,0.020120658,0.450290054,0.890083551,-0.018827397,96,111,98,359
turn_left,0.61189878,0.534513772,-0.018685007,0.413433969,0.522399783,-0.07326524,0.738673508,0.581894457,-0.247202069,0.270929903,0.536263764,-0.120746613,0.766051233,0.406917661,-0.642834306,0.135762364,0.552641273,-0.347262889,0.577835679,0.89546597,0.020458046,0.450305164,0.890039265,-0.019146647,97,111,102,359
turn_left,0.612267613,0.534265459,-0.029565698,0.413586199,0.522505105,-0.056181423,0.742787123,0.581881285,-0.304062694,0.270883828,0.536303878,-0.06215594,0.736590266,0.407082021,-0.706037581,0.135912955,0.552585065,-0.248020977,0.57783258,0.895353198,0.018227,0.450276047,0.889248252,-0.016825788,98,111,112,359
turn_left,0.612482429,0.534231484,-0.040078558,0.413586766,0.522662878,-0.051003408,0.745315611,0.582349181,-0.332508385,0.270779908,0.53629154,-0.052356075,0.714472532,0.407875717,-0.737185776,0.136076346,0.552120328,-0.227460742,0.577829957,0.895360887,0.017073803,0.450401068,0.889240444,-0.015645679,98,112,120,359
turn_left,0.612549186,0.534105957,-0.055336487,0.413592041,0.522667706,-0.052677035,0.746314406,0.582402766,-0.344855547,0.270371854,0.536096632,-0.051780213,0.709665716,0.408245891,-0.750187278,0.136203066,0.551683187,-0.223806351,0.577814519,0.893614113,0.016167756,0.450374931,0.888495564,-0.014681913,99,112,122,359
turn_left,0.612268388,0.533937514,-0.054930158,0.413478047,0.522463143,-0.05485804,0.74610734,0.582334399,-0.312319636,0.27036494,0.53609854,-0.060354155,0.723278284,0.403369457,-0.699953079,0.13612619,0.551617265,-0.247081473,0.578061879,0.893360436,0.015813593,0.450865895,0.888484955,-0.014301911,99,112,117,359
turn_left,0.611888766,0.533934712,-0.044945303,0.413330406,0.522487938,-0.050250441,0.746047199,0.581954181,-0.295279622,0.271197647,0.536306143,-0.047364898,0.729265332,0.399881661,-0.677749217,0.136316508,0.551594555,-0.240316182,0.578082144,0.893391073,0.015736433,0.451165378,0.888624907,-0.014218355,99,112,115,359
turn_left,0.611536324,0.533912838,-0.03150842,0.41277957,0.522603929,-0.05208217,0.745020092,0.579212189,-0.257836759,0.270514131,0.536377311,-0.056859523,0.747026563,0.400385052,-0.659042954,0.135443375,0.551634848,-0.275807083,0.578192353,0.893514395,0.016307836,0.451122135,0.889089465,-0.014751283,99,112,108,359
turn_left,0.610994339,0.533909261,-0.031422891,0.412178099,0.522605181,-0.067802094,0.742293715,0.577661335,-0.185356468,0.269608647,0.536363721,-0.084073685,0.772395015,0.40601173,-0.497645676,0.134409517,0.551413655,-0.299026221,0.578039587,0.892703176,0.016317699,0.451069206,0.888687193,-0.014776031,99,112,98,359
turn_left,0.610334933,0.533927083,-0.03019974,0.411031425,0.522925258,-0.078103378,0.738846183,0.57719171,-0.182629853,0.268928885,0.536477268,-0.104036532,0.784813583,0.413079232,-0.504814923,0.133120686,0.551395059,-0.317857355,0.578038931,0.892946839,0.017256031,0.451004982,0.88943541,-0.015732028,98,112,93,359
turn_left,0.610116303,0.534157693,-0.030244118,0.410240084,0.523320556,-0.082504258,0.738846838,0.5745157,-0.200197726,0.266432226,0.536470234,-0.136698604,0.793046355,0.418010026,-0.541863501,0.132013053,0.551568389,-0.378518969,0.578132391,0.893186271,0.017326536,0.451039374,0.890316129,-0.015850801,99,112,88,359
turn_left,0.610095024,0.534647644,-0.025099659,0.409961998,0.523577809,-0.083898351,0.738301873,0.573571444,-0.174850911,0.266483128,0.536852241,-0.138880566,0.801158607,0.434451848,-0.492862463,0.131883949,0.55380249,-0.37467593,0.578129232,0.893375337,0.017395195,0.451031208,0.890566587,-0.01595985,100,112,83,358
turn_left,0.610111296,0.535024464,-0.02525058,0.409736931,0.523730218,-0.09116663,0.737955749,0.573407054,-0.171947688,0.266692907,0.536850393,-0.13643977,0.802935481,0.438220114,-0.493484974,0.131922662,0.554557085,-0.364404023,0.578140378,0.893316031,0.017666902,0.451040685,0.890781164,-0.0162361,100,112,81,358
turn_left,0.609879136,0.53501606,-0.025544818,0.409617662,0.523744106,-0.089059263,0.736064076,0.573441327,-0.187126532,0.266910374,0.536689341,-0.131339908,0.796842694,0.435340136,-0.522979438,0.133061379,0.554358423,-0.351331562,0.57811141,0.893311083,0.016787298,0.450837463,0.890801072,-0.015391742,99,112,83,358
turn_left,0.609468102,0.534858167,-0.025656303,0.409583032,0.523701012,-0.088686392,0.735828876,0.572808087,-0.19174163,0.267123014,0.536481023,-0.133963078,0.793677449,0.429931641,-0.54948926,0.133615538,0.55394572,-0.37329486,0.578047097,0.893764734,0.016803484,0.450832188,0.891064584,-0.015426399,99,112,85,358
turn_left,0.608719528,0.534688711,-0.024933537,0.409296215,0.523699284,-0.087751023,0.735242844,0.572868228,-0.196557492,0.267145038,0.536127031,-0.146891892,0.793467402,0.42383939,-0.550931275,0.1336243,0.553515255,-0.40073961,0.578080952,0.893805623,0.01758912,0.451129109,0.89160198,-0.016239936,99,112,85,358
turn_left,0.608750463,0.535574079,-0.025264716,0.409001917,0.523819089,-0.087812163,0.735310793,0.574652731,-0.157989919,0.267177105,0.536368787,-0.145702213,0.810920894,0.458558917,-0.463336229,0.133455291,0.553553522,-0.39001134,0.57807529,0.895540535,0.017126072,0.45107919,0.893688798,-0.015846616,99,112,74,358
turn_left,0.608469844,0.535357356,-0.034080356,0.408951849,0.523803532,-0.099219993,0.735297561,0.574640989,-0.168322876,0.265444607,0.537199855,-0.146050096,0.804712594,0.455136895,-0.48509264,0.131116495,0.555952966,-0.380666524,0.578075469,0.895540237,0.017148497,0.451106727,0.893688023,-0.015866634,99,112,77,357
turn_left,0.608337998,0.535223067,-0.035732232,0.40890041,0.523854613,-0.106586024,0.735250175,0.575457573,-0.176825792,0.264939696,0.538099647,-0.149621397,0.804823756,0.449157327,-0.497868538,0.130632788,0.55723685,-0.377876461,0.578033328,0.895648241,0.017329071,0.450989902,0.893677175,-0.016041595,99,112,79,358
turn_left,0.608354032,0.535078943,-0.035521101,0.408898652,0.524018347,-0.102555081,0.73527801,0.575618505,-0.136482656,0.264889091,0.539565325,-0.146556288,0.812811017,0.452701569,-0.398981333,0.12971428,0.557666183,-0.362323493,0.578029394,0.896034539,0.016834233,0.450672001,0.893923759,-0.015577123,98,112,75,359
turn_left,0.608591318,0.535138011,-0.04248748,0.40902248,0.524067461,-0.106959954,0.73556298,0.575840056,-0.149297461,0.264835447,0.54026711,-0.15380083,0.815493405,0.452705532,-0.425976336,0.128679127,0.557982445,-0.371192992,0.578025281,0.896110892,0.016709173,0.450387418,0.893902957,-0.015466581,98,111,75,359
turn_left,0.608569264,0.535154641,-0.04162709,0.408889055,0.524629414,-0.105214261,0.735586703,0.575303137,-0.16016911,0.264799595,0.540511847,-0.156010002,0.813741565,0.44318226,-0.446502447,0.128575131,0.558561862,-0.38396439,0.578006089,0.896190226,0.017085114,0.45030123,0.894163728,-0.015835123,99,111,77,359
turn_left,0.608286858,0.535096228,-0.040158506,0.408556879,0.524635136,-0.104487047,0.735862195,0.575064063,-0.163746655,0.263635367,0.540499926,-0.152785808,0.808135033,0.433310509,-0.461801469,0.128548115,0.558806121,-0.380717576,0.577821851,0.896307588,0.018432412,0.450289786,0.894165874,-0.017185783,99,112,80,359
turn_left,0.607948303,0.534776509,-0.039974663,0.408459485,0.524639785,-0.103442118,0.736526012,0.575034797,-0.176571026,0.263634264,0.540359914,-0.150955886,0.801092267,0.420206606,-0.491374969,0.128571048,0.558775723,-0.378320754,0.577671409,0.896372199,0.018588563,0.450194985,0.89409256,-0.017356504,99,112,85,358
turn_left,0.607935965,0.534692526,-0.033074312,0.408674896,0.52462703,-0.094549105,0.737615585,0.575627625,-0.247097895,0.265466154,0.540205836,-0.152825952,0.770396054,0.406631798,-0.639206767,0.131488755,0.557095468,-0.389782131,0.577499151,0.896379352,0.018840838,0.450130045,0.893613875,-0.017640803,99,111,97,359
turn_left,0.607941329,0.534682035,-0.028794955,0.40880537,0.524625957,-0.089864016,0.738913476,0.575849533,-0.261953384,0.266551763,0.540037215,-0.155359238,0.759370267,0.404003024,-0.659956694,0.133237436,0.556300402,-0.398085982,0.577496409,0.896056712,0.019171577,0.450150967,0.893205285,-0.017983254,99,111,101,359
turn_left,0.608536124,0.53398788,-0.039100446,0.409818262,0.524522483,-0.075441703,0.741701186,0.577560544,-0.307397902,0.267775565,0.540021598,-0.0919521,0.734876513,0.405742913,-0.713214874,0.13487716,0.556061745,-0.278107494,0.577492833,0.895956576,0.018323382,0.450109422,0.892905653,-0.017053146,99,111,110,359
turn_left,0.608699322,0.533644497,-0.073714577,0.410279185,0.524301529,-0.084494248,0.742568552,0.580653191,-0.35199815,0.267856926,0.540010452,-0.096413888,0.727914333,0.407641917,-0.75725472,0.134796724,0.556024611,-0.26954034,0.577440321,0.89530319,0.017911509,0.450028896,0.892011464,-0.016572796,98,111,114,359
turn_left,0.609081984,0.533500791,-0.068008192,0.410889059,0.524301171,-0.06692265,0.743832052,0.582016766,-0.353062451,0.267853528,0.540114105,-0.073760465,0.711130798,0.408794671,-0.756390572,0.134736255,0.556332648,-0.243452504,0.577436328,0.895361125,0.016097035,0.449955642,0.891935229,-0.014754442,98,111,120,359
turn_left,0.609399974,0.533084571,-0.067523845,0.411557436,0.524306118,-0.070420615,0.744354606,0.58342582,-0.352611959,0.268059403,0.540134311,-0.072494015,0.710475266,0.410057753,-0.753980935,0.134711072,0.55678159,-0.2353075,0.577433169,0.895411253,0.016100321,0.450215876,0.891947865,-0.014751593,98,111,122,359
turn_left,0.609287322,0.533047795,-0.065298826,0.41154927,0.524266183,-0.07207913,0.744283199,0.583746076,-0.320952296,0.267717421,0.540249228,-0.079683498,0.723858953,0.40418148,-0.704001307,0.134469777,0.557644784,-0.262792081,0.577507377,0.895098686,0.015962867,0.450751394,0.891524076,-0.014596733,98,111,117,359
turn_left,0.609134853,0.532873511,-0.063600808,0.411326647,0.524238288,-0.072381832,0.744258106,0.58369714,-0.308291554,0.266778857,0.540440679,-0.086349308,0.729437649,0.402213216,-0.692930758,0.133656546,0.558079004,-0.27663818,0.577507138,0.894865453,0.01507294,0.450751781,0.891245544,-0.013759086,98,111,115,359
turn_left,0.608688891,0.532614291,-0.029795211,0.411049455,0.524309278,-0.07338509,0.741466582,0.582028568,-0.243865058,0.264814138,0.540447116,-0.118990101,0.763938069,0.403450906,-0.624091268,0.132004827,0.558092356,-0.339786351,0.577565074,0.894983351,0.016003018,0.450789511,0.89131552,-0.014787572,97,112,103,359
turn_left,0.608308792,0.532641053,-0.031993382,0.410724312,0.524505377,-0.08404921,0.738970399,0.581258178,-0.216545105,0.264766514,0.540610373,-0.120673493,0.775846839,0.406441033,-0.57288444,0.131684899,0.558133245,-0.332932174,0.577562511,0.895250857,0.017445343,0.4507927,0.8919186,-0.016182663,97,112,98,359
turn_left,0.608669996,0.532840967,-0.033885684,0.410716623,0.524555862,-0.099818423,0.73873049,0.579332352,-0.178981364,0.265128523,0.540669382,-0.142978743,0.802297592,0.428482115,-0.483583391,0.131554991,0.558181107,-0.365497857,0.577669203,0.895249605,0.017460318,0.450762838,0.891911447,-0.016197693,97,112,87,359
turn_left,0.609129488,0.532940805,-0.035126641,0.410485923,0.524832904,-0.097663775,0.738684177,0.576923192,-0.173518687,0.265142381,0.540826559,-0.136031762,0.810896575,0.439892411,-0.479974359,0.13121964,0.558296919,-0.350189239,0.577684283,0.895604014,0.017351327,0.450298846,0.892347693,-0.016089948,98,111,81,359
turn_left,0.60919559,0.532971025,-0.035884134,0.41052404,0.524798214,-0.098075874,0.737751305,0.576972723,-0.151533514,0.267765671,0.540468872,-0.134958506,0.808520198,0.443767667,-0.436318964,0.133242205,0.558179796,-0.357951343,0.577635884,0.894624054,0.017360944,0.45008412,0.891172945,-0.01609686,98,111,81,359
turn_left,0.609355748,0.533111095,-0.036423367,0.410418749,0.524635017,-0.098290823,0.737784028,0.576955616,-0.176327705,0.267815143,0.540127635,-0.154775828,0.805265903,0.440901935,-0.492931604,0.133878767,0.557673216,-0.401577383,0.577623844,0.89462626,0.017489437,0.449947417,0.891195357,-0.016234156,98,111,82,359
turn_left,0.609332383,0.533339143,-0.032259129,0.410471976,0.524521887,-0.096972026,0.737578511,0.57812196,-0.219957322,0.268862873,0.539502978,-0.15462786,0.794709325,0.424910992,-0.601922214,0.13497588,0.556697607,-0.396314621,0.577485442,0.894809842,0.019481353,0.44981885,0.891518235,-0.018246785,98,111,89,359
turn_left,0.609320164,0.533433139,-0.027937498,0.410608143,0.524517894,-0.086228423,0.737493336,0.580066919,-0.241846606,0.269410551,0.53885901,-0.139907107,0.78139919,0.417939037,-0.630202532,0.135922298,0.556056201,-0.358669698,0.577595294,0.894927919,0.01992348,0.449854463,0.891928852,-0.018668214,97,111,95,358
turn_left,0.609459758,0.533442318,-0.032035857,0.412508398,0.5244326,-0.073748812,0.738944471,0.581606567,-0.28922689,0.271829545,0.53849113,-0.091529496,0.747091889,0.408744007,-0.685088098,0.136063904,0.555044055,-0.278646857,0.577467918,0.895021975,0.018778471,0.449867785,0.891905785,-0.017538501,97,111,108,359
turn_left,0.609564364,0.533443272,-0.045836598,0.413417965,0.524311602,-0.07470677,0.740952432,0.582384169,-0.315932244,0.272674978,0.538299322,-0.078125991,0.733294308,0.405995697,-0.713633358,0.136739522,0.554398119,-0.252808601,0.577558637,0.894933343,0.018410936,0.450173229,0.891890764,-0.01708586,97,111,113,359
turn_left,0.610172808,0.533504188,-0.065510809,0.414558828,0.524234712,-0.066335768,0.742408991,0.585185051,-0.364567459,0.274211228,0.537745774,-0.066429123,0.706142545,0.408980191,-0.775132179,0.13765192,0.554213881,-0.221410513,0.577609301,0.894938648,0.01491574,0.450365484,0.891901314,-0.013546529,97,111,123,359
turn_left,0.610573649,0.533516586,-0.078995988,0.415508032,0.524004221,-0.0688456,0.743718147,0.587593198,-0.374889404,0.27518028,0.537553489,-0.07327985,0.699830174,0.411030084,-0.779437244,0.138084993,0.553489745,-0.228421763,0.577581763,0.894966185,0.014135569,0.450371027,0.89183259,-0.012731341,96,111,126,359
turn_left,0.610574841,0.533541143,-0.078085944,0.415475756,0.523842573,-0.054488599,0.74468112,0.588985682,-0.33796221,0.273834407,0.537551463,-0.059120871,0.710925519,0.411356479,-0.733282208,0.138051778,0.553323448,-0.231500477,0.577579319,0.894541502,0.013450253,0.450387806,0.891140401,-0.012046759,96,111,123,359
turn_left,0.610582352,0.533543587,-0.071933284,0.415420115,0.523756027,-0.058687042,0.744741201,0.591338158,-0.326905102,0.27352041,0.537549615,-0.06246512,0.719327331,0.411769927,-0.721892118,0.138015985,0.55335319,-0.232624337,0.577569783,0.89448297,0.013509532,0.450387537,0.890997946,-0.012076813,96,111,121,359
turn_right,0.610314727,0.533266425,-0.119552806,0.411036819,0.525343418,-0.162262291,0.746048868,0.572722256,-0.190299124,0.26744768,0.54162544,-0.195080087,0.854759037,0.431797713,-0.404268205,0.137990266,0.459037155,-0.392684281,0.57766068,0.894451737,0.008111126,0.450460821,0.891024768,-0.00700838,101,111,69,39
turn_right,0.608231246,0.52951324,-0.073769324,0.409492403,0.526019037,-0.151982695,0.74331218,0.538651705,-0.007511063,0.267288417,0.544532657,-0.278686553,0.86499995,0.500451982,-0.138450533,0.228309304,0.365648657,-0.600953937,0.577657521,0.893865645,0.007744611,0.451292604,0.89090544,-0.006691406,111,111,21,85
turn_right,0.606462002,0.527937949,-0.02316832,0.406523854,0.526201129,-0.077358425,0.740449309,0.528854311,0.039458249,0.268500179,0.544796288,-0.297791481,0.864864647,0.508222342,-0.082480252,0.273376077,0.357133716,-0.659132779,0.577626228,0.893662989,0.007165202,0.451226145,0.890971005,-0.00620826,114,110,10,99
turn_right,0.60543263,0.527650177,7.60E-05,0.405289948,0.52650255,-0.04718744,0.739073396,0.524777353,0.053197347,0.268885702,0.546119094,-0.292579263,0.866467774,0.510443985,-0.056744505,0.287775218,0.362534523,-0.642808735,0.577643931,0.893549502,0.006708308,0.451280177,0.891019046,-0.005796689,115,110,5,104
turn_right,0.604245603,0.52695477,-0.014743646,0.405112654,0.526586175,-0.054680698,0.73597157,0.525354326,0.048843451,0.269484609,0.548088849,-0.347852886,0.856800675,0.509993494,-0.031993039,0.325019062,0.378472358,-0.714776576,0.577546835,0.893579721,0.006757122,0.451205581,0.891185224,-0.005840121,114,109,7,117
turn_right,0.603612006,0.526583135,-0.021768382,0.404910028,0.526436567,-0.09535291,0.734654725,0.52647078,0.046949986,0.270465463,0.549745262,-0.408550918,0.855055034,0.509396911,-0.019551929,0.33189109,0.385205239,-0.784442723,0.577483296,0.893135011,0.006825764,0.451215804,0.891135275,-0.005891794,113,108,8,120
turn_right,0.603043199,0.526572406,-0.022374222,0.404805183,0.52638191,-0.09262763,0.734788299,0.526369929,0.050578225,0.271291077,0.55037421,-0.374916613,0.857345462,0.508521199,-0.027206492,0.332729757,0.386912614,-0.727292359,0.577306032,0.892639577,0.007330871,0.451133907,0.890816689,-0.006411905,113,108,8,121
turn_right,0.603010595,0.526612222,-0.021505767,0.404662669,0.526478171,-0.077568822,0.734906375,0.526264369,0.034014564,0.271257102,0.550282836,-0.335854262,0.86245501,0.508801699,-0.064111307,0.31171757,0.372755408,-0.682150781,0.577219486,0.892295957,0.006611587,0.45105809,0.890351951,-0.005680112,113,108,8,113
turn_right,0.603009284,0.526704967,-0.012558177,0.404344648,0.526553869,-0.065190807,0.734958053,0.526722848,0.038920917,0.270754844,0.550118506,-0.320920229,0.863241017,0.508709252,-0.063587584,0.29889074,0.364216059,-0.666080594,0.577101052,0.892227411,0.006453945,0.451038688,0.890373886,-0.005529465,113,108,8,109
turn_right,0.603043079,0.526737928,-0.006978889,0.404400349,0.526315749,-0.051082723,0.737181008,0.527365267,0.03610592,0.269141138,0.545927644,-0.267350256,0.867061913,0.508081019,-0.086758271,0.278897047,0.352170169,-0.592515588,0.577086091,0.892142177,0.006378157,0.45117864,0.890381455,-0.005455888,113,110,9,101
turn_right,0.603171527,0.526757538,-0.010364504,0.404692113,0.525713027,-0.055591114,0.737963557,0.527647078,0.029689005,0.267796338,0.543839157,-0.249639899,0.867760003,0.508476019,-0.092714675,0.263036698,0.351572007,-0.545670629,0.577010393,0.892087996,0.006115607,0.451289892,0.890211821,-0.005194618,113,110,9,96
turn_right,0.603627563,0.526732564,-0.041411966,0.405644506,0.525267363,-0.073020108,0.740651309,0.527668476,0.026586082,0.267332822,0.542835832,-0.255262434,0.873050332,0.509152174,-0.116660938,0.256488055,0.348966062,-0.560102582,0.576983094,0.892084301,0.004489412,0.451324135,0.89018923,-0.003600278,114,111,8,94
turn_right,0.603655457,0.526772797,-0.035306316,0.405774444,0.524622619,-0.068520308,0.741513014,0.527470231,0.024770727,0.266984671,0.542290449,-0.254640877,0.872107983,0.509807706,-0.102050945,0.254673153,0.349057257,-0.562995672,0.576976418,0.892128885,0.004475792,0.451386392,0.890190423,-0.003586518,114,111,8,94
turn_right,0.603669524,0.526713729,-0.034445804,0.405795395,0.524349272,-0.071754828,0.742006779,0.527594328,0.025436411,0.266823143,0.542304039,-0.266144782,0.873497367,0.511305511,-0.091008976,0.255059987,0.350519061,-0.591096342,0.576970577,0.892126739,0.004495309,0.451467752,0.89019686,-0.003606904,114,111,7,94
turn_right,0.603819728,0.526992679,-0.022513142,0.405481398,0.525403678,-0.051128931,0.743248463,0.528188109,0.030222183,0.267936826,0.543878675,-0.292103827,0.875438988,0.513693869,-0.066740565,0.285866082,0.355152339,-0.633523464,0.576720119,0.891993523,0.004400034,0.450988591,0.889538944,-0.003530818,114,110,7,103
turn_right,0.603948355,0.527081668,-0.01956301,0.405225992,0.526309848,-0.054537199,0.74301374,0.52946347,0.034681343,0.268521935,0.544823468,-0.315615982,0.872954845,0.513708889,-0.049397949,0.304126918,0.357522368,-0.659358621,0.576629698,0.892015874,0.004441238,0.450773716,0.889797747,-0.003566105,114,110,8,108
turn_right,0.60393405,0.527305186,-0.023314666,0.404965788,0.526606023,-0.083451852,0.743562281,0.530763149,0.045325309,0.269263029,0.549826086,-0.374390244,0.873145759,0.514740109,-0.021754779,0.332764357,0.380663812,-0.72216928,0.576623321,0.891954601,0.007724221,0.45065546,0.889738858,-0.006716115,113,108,8,120
turn_right,0.603690922,0.527371645,-0.040035091,0.404560983,0.52688694,-0.105321452,0.74354279,0.531167746,0.038736306,0.269862831,0.551917255,-0.405049562,0.87392199,0.515068471,-0.024061367,0.342544138,0.388401866,-0.754323721,0.576541722,0.891672134,0.008008609,0.45041275,0.889241099,-0.007003331,113,108,9,124
turn_right,0.603300393,0.527859867,-0.04911923,0.404286295,0.527350008,-0.11492648,0.743263602,0.53201735,0.036829598,0.270986438,0.553046763,-0.416539848,0.873611331,0.516608834,-0.034139771,0.340451121,0.392127514,-0.76738292,0.576438785,0.891663492,0.00823373,0.450107992,0.889155984,-0.007229263,113,107,8,124
turn_right,0.603032708,0.527972281,-0.048548706,0.404289782,0.527565539,-0.107689783,0.74316442,0.533043563,0.041910935,0.271512926,0.554751337,-0.393172741,0.873204827,0.519474328,-0.019043788,0.337200969,0.394385755,-0.747883558,0.576381922,0.891691566,0.008811282,0.449986368,0.889057338,-0.007804737,113,107,8,124
turn_right,0.602588296,0.528328538,-0.021198373,0.403926134,0.52905947,-0.066863306,0.743196845,0.535830557,0.055828355,0.2716555,0.554680884,-0.377135605,0.871356845,0.525240779,-0.016446847,0.328608662,0.386742145,-0.720852435,0.576281667,0.891795099,0.008941716,0.449920803,0.889310479,-0.007938379,112,107,8,120
turn_right,0.602478385,0.52868855,-0.022217561,0.403482437,0.529961228,-0.067169197,0.743584394,0.538519204,0.053045373,0.271696925,0.554741859,-0.366879493,0.870649159,0.529648125,-0.016984697,0.327524602,0.383884013,-0.719663501,0.576217592,0.891957641,0.008726419,0.44985503,0.88952744,-0.007722698,111,107,8,119
turn_right,0.602516055,0.528770685,-0.038937621,0.40303722,0.531106353,-0.081840917,0.746879458,0.53956908,0.027134711,0.271899283,0.555952013,-0.362750798,0.872966886,0.540423393,-0.073682122,0.288847476,0.375879854,-0.729253232,0.576260448,0.893459558,0.008444065,0.449852645,0.89117837,-0.007490714,111,107,4,106
turn_right,0.602514923,0.528787911,-0.031582829,0.402565658,0.531928718,-0.065984845,0.747585893,0.540200412,0.030133953,0.271923006,0.556929588,-0.32818085,0.872676253,0.542561948,-0.07094451,0.274002761,0.375880122,-0.71445334,0.57643038,0.89493072,0.007929604,0.450060904,0.892958522,-0.007027539,111,107,3,101
turn_right,0.602595508,0.528883278,-0.107316352,0.40256843,0.532960832,-0.144527286,0.750505686,0.542514801,-0.048027255,0.270123452,0.560011864,-0.36460498,0.87576437,0.546733677,-0.168453425,0.24196136,0.374861866,-0.728638053,0.576497018,0.89533484,0.007859454,0.450249135,0.893715858,-0.006949455,111,107,3,93
turn_right,0.602588415,0.528899729,-0.119840659,0.4025065,0.533352673,-0.178850502,0.751159608,0.54363519,-0.047482479,0.267762095,0.56107527,-0.39855212,0.877014816,0.547196984,-0.150595009,0.23014006,0.37491712,-0.753514171,0.576556325,0.895589411,0.009113803,0.450604349,0.89452529,-0.008140294,111,107,4,90
turn_right,0.602578342,0.529139698,-0.111005522,0.402398497,0.534234405,-0.158124417,0.751017034,0.544569194,-0.057655025,0.266930997,0.562051654,-0.393154889,0.87669611,0.547695339,-0.172862321,0.220036596,0.376935631,-0.722853005,0.576594591,0.896262765,0.008962429,0.45068422,0.895559072,-0.007985278,110,107,5,87
turn_right,0.602568209,0.529142976,-0.094658151,0.402437776,0.534710467,-0.145477414,0.750876844,0.545087755,-0.038274072,0.265778869,0.562541306,-0.358073235,0.876640201,0.548392475,-0.146262318,0.22155337,0.37879622,-0.698468626,0.576634943,0.897345781,0.008699594,0.450843662,0.896671474,-0.007769051,110,107,5,88
turn_right,0.602570653,0.529161751,-0.094139963,0.402330875,0.53496933,-0.13431263,0.75079298,0.545660913,-0.030189496,0.264615744,0.563683331,-0.324704021,0.876475334,0.548553169,-0.13598007,0.222411036,0.378801376,-0.655682087,0.576837659,0.898369133,0.008681439,0.45104304,0.897570908,-0.007759278,110,107,5,89
turn_right,0.602450073,0.529056609,-0.096706152,0.401711226,0.534938514,-0.140203714,0.750676215,0.545951545,-0.026506567,0.264730901,0.563534856,-0.364513457,0.876817346,0.550269842,-0.130358115,0.231732577,0.374403447,-0.728770673,0.576822579,0.897803485,0.008566898,0.45104441,0.896759748,-0.007656155,110,107,5,92
turn_right,0.602559209,0.528954685,-0.093272723,0.40114361,0.535316825,-0.140284866,0.749899328,0.544129312,-0.034183078,0.260807782,0.553403318,-0.279662192,0.876467586,0.542000473,-0.161745533,0.195408329,0.374417841,-0.539445043,0.576854169,0.897798657,0.006847994,0.451057017,0.897210181,-0.005919314,110,112,7,77
turn_right,0.60255897,0.5275231,-0.142998725,0.400524765,0.535308301,-0.175272867,0.749829471,0.538802803,-0.106818058,0.258253515,0.543623626,-0.301196039,0.881703258,0.523623765,-0.246976212,0.197261766,0.361496329,-0.614795923,0.576932073,0.897438824,0.005795279,0.45133996,0.897135377,-0.004877017,111,115,11,75
turn_right,0.602529526,0.527144849,-0.123891652,0.399683297,0.535122514,-0.169456944,0.749519825,0.535687089,-0.085118011,0.256828964,0.53940469,-0.310304672,0.881229281,0.516144216,-0.220347494,0.194912091,0.362249851,-0.597636938,0.577006042,0.897138238,0.006395582,0.45162487,0.897115171,-0.005390937,112,117,12,72
turn_right,0.602157235,0.525955677,-0.137724683,0.399676085,0.535077393,-0.180887163,0.747001052,0.528896987,-0.089259684,0.257240325,0.540005386,-0.298900664,0.881077111,0.512142003,-0.224626258,0.192076594,0.363056391,-0.555482507,0.577361882,0.896164596,0.006241369,0.452659935,0.896594763,-0.005195636,114,117,8,72
turn_right,0.602058053,0.525628209,-0.131665796,0.399753749,0.535069823,-0.174200684,0.745981336,0.526370764,-0.083371572,0.257546484,0.540771544,-0.304409981,0.880876541,0.509792626,-0.205293506,0.195567489,0.363799125,-0.577050805,0.577369571,0.895331204,0.009809242,0.452845395,0.896155536,-0.008683795,114,116,7,73
turn_right,0.601857603,0.5246737,-0.094423056,0.399472266,0.534978271,-0.132584289,0.745082796,0.523580611,-0.045657616,0.257726848,0.542247772,-0.290689379,0.87992841,0.508597434,-0.173909977,0.197466314,0.36288777,-0.585397601,0.577558279,0.895132661,0.009401591,0.45290494,0.896140873,-0.008252746,115,116,6,74
turn_right,0.601715028,0.524086773,-0.09375377,0.399232805,0.534969687,-0.129788473,0.744856238,0.522188544,-0.045484982,0.257778227,0.542823792,-0.291665971,0.879866421,0.508165002,-0.174314678,0.200201914,0.361674786,-0.59015882,0.577623188,0.894797981,0.008305195,0.452912986,0.89592135,-0.007153902,115,116,5,76
turn_right,0.600638986,0.52179116,-0.065301701,0.397775531,0.534068048,-0.116476014,0.743589222,0.522735298,0.008600715,0.258867353,0.543307602,-0.320437938,0.880267441,0.50957191,-0.101788856,0.245719001,0.360197067,-0.679584622,0.577371955,0.894634962,0.008441429,0.452466786,0.895572484,-0.007277069,114,115,6,90
turn_right,0.59986341,0.521122277,-0.047731604,0.396685541,0.534121811,-0.087772697,0.741186738,0.523214579,0.014157558,0.261299163,0.548013449,-0.320286095,0.876437783,0.510252535,-0.111060128,0.258944035,0.359643012,-0.682914734,0.577323318,0.894392192,0.007689722,0.452254385,0.895437658,-0.006517593,113,113,6,95
turn_right,0.59966141,0.520377934,-0.040689141,0.396494776,0.534296215,-0.0816001,0.740714192,0.523956656,0.01630244,0.262488425,0.54807049,-0.347335875,0.876627564,0.510693073,-0.087652966,0.286223203,0.363382906,-0.719876528,0.57716161,0.893968582,0.007227055,0.452056229,0.895091951,-0.006066906,112,113,7,103
turn_right,0.599480033,0.520373523,-0.039747544,0.39622277,0.534367144,-0.086023867,0.740371883,0.524805427,0.017996948,0.26306504,0.548414052,-0.357691109,0.87652576,0.510927022,-0.08446721,0.296233058,0.367135793,-0.72778666,0.577108741,0.893770874,0.007109505,0.451883972,0.895002186,-0.00593776,112,113,8,106
turn_right,0.599368691,0.520374596,-0.048038717,0.395893067,0.534366965,-0.092761777,0.739741504,0.524966598,0.015243215,0.264155149,0.548719585,-0.380046368,0.876754642,0.511046171,-0.073907785,0.303895056,0.369678825,-0.74740994,0.577030897,0.893554389,0.007100633,0.451834112,0.89481622,-0.005924596,112,112,8,109
turn_right,0.599252582,0.520396829,-0.049039274,0.395459831,0.534384608,-0.103869453,0.739606202,0.525586426,0.009935372,0.264503121,0.548672557,-0.407356501,0.876513958,0.512924135,-0.073568583,0.305607736,0.370093822,-0.785733283,0.577054381,0.89353925,0.006863243,0.451735646,0.89472568,-0.005701874,112,112,7,109
turn_right,0.59912312,0.521134377,-0.04516717,0.395412773,0.533736467,-0.096525475,0.740002275,0.531502843,0.026891116,0.264494598,0.548535287,-0.387046814,0.874023557,0.52535212,-0.069642521,0.293900192,0.366990477,-0.765253067,0.577044308,0.893534303,0.006307286,0.451536834,0.894713938,-0.005210363,110,112,7,106
turn_right,0.59903729,0.521275043,-0.046009108,0.395363688,0.533693373,-0.119021736,0.740495324,0.534909904,0.019536121,0.264488399,0.548523545,-0.392807186,0.872449696,0.530822814,-0.078588113,0.287985325,0.36282292,-0.765550315,0.577047706,0.893612802,0.006917696,0.451554626,0.894731522,-0.005794503,109,112,7,104
turn_right,0.599467576,0.521733046,-0.047492288,0.396621883,0.533608258,-0.120665334,0.742805839,0.538261473,0.027139848,0.264165014,0.545690119,-0.335727155,0.871855736,0.535605609,-0.070781991,0.254415572,0.352763176,-0.662769675,0.577123344,0.894365013,0.007740266,0.45157212,0.894795835,-0.006584636,108,113,8,92
turn_right,0.599850535,0.521891654,-0.103048682,0.397358626,0.532685459,-0.166446716,0.743407011,0.539683938,-0.013225022,0.263011962,0.543723941,-0.34269613,0.871910751,0.538378954,-0.118615508,0.234705642,0.349047303,-0.671576142,0.577115655,0.894361079,0.008599258,0.451566458,0.894788206,-0.007443393,108,114,8,86
turn_right,0.60046649,0.52287823,-0.139105693,0.397637218,0.532535374,-0.187421262,0.744377494,0.540858686,-0.069002248,0.262037963,0.540777802,-0.307489038,0.871954799,0.538260221,-0.217680126,0.196092501,0.354551494,-0.577349246,0.577136755,0.894356072,0.007941043,0.451597124,0.894813001,-0.006716485,108,115,8,74
turn_right,0.600906312,0.523461998,-0.118436351,0.397820175,0.532502532,-0.178021997,0.744366288,0.541862845,-0.072415903,0.261614859,0.539637804,-0.257649302,0.871442676,0.538394749,-0.238310367,0.190289408,0.359878749,-0.51721251,0.577138066,0.894476175,0.006902074,0.451843321,0.89500457,-0.005741254,108,115,9,71
turn_right,0.600894153,0.523631692,-0.111894548,0.397800654,0.532511055,-0.170730263,0.744703829,0.542840242,-0.062023766,0.259529561,0.538573563,-0.263018906,0.87110424,0.538006544,-0.191333637,0.193997353,0.359177202,-0.54165262,0.577240765,0.8944754,0.007149111,0.4518857,0.895186186,-0.005997498,108,116,10,72
turn_right,0.600901306,0.52363956,-0.118131638,0.397853792,0.532430708,-0.16594772,0.744692802,0.543034673,-0.055080332,0.259136945,0.538446546,-0.27184853,0.870889843,0.538868487,-0.19466643,0.200305611,0.358755469,-0.555663228,0.577259839,0.894472301,0.007139578,0.451945931,0.895332098,-0.005989654,108,116,10,74
turn_right,0.600714624,0.523792863,-0.073645756,0.397809863,0.531774104,-0.133237928,0.744687617,0.543451428,0.01364364,0.259056628,0.534346282,-0.268540204,0.868742466,0.538795292,-0.11423479,0.20829387,0.346018642,-0.55585587,0.577254891,0.894497335,0.007326729,0.451924562,0.895381331,-0.006193118,108,117,10,76
turn_right,0.60000819,0.523915112,-0.009905422,0.397570252,0.530837357,-0.065630607,0.744264543,0.543619037,0.077747263,0.25929752,0.531059742,-0.255075514,0.868240654,0.539966702,-0.029999796,0.229028612,0.340645969,-0.572505951,0.577427685,0.894658923,0.006738032,0.452187359,0.895835638,-0.005675256,108,118,9,81
turn_right,0.598340154,0.523919404,-0.016519461,0.397504032,0.529876053,-0.060396321,0.741394579,0.54375267,0.066162735,0.260863721,0.531351805,-0.263243645,0.865432739,0.5397349,-0.035276264,0.261452526,0.341378897,-0.635065615,0.577469409,0.894682348,0.005057648,0.452303648,0.895770609,-0.004122227,107,117,10,91
turn_right,0.598161638,0.523899794,-0.033829615,0.397496998,0.52930969,-0.080597781,0.740746856,0.543749988,0.043429311,0.261477262,0.533127606,-0.312152088,0.865526974,0.539730906,-0.067980126,0.272103965,0.342371106,-0.677396417,0.577452421,0.894596338,0.004757834,0.452333689,0.895428121,-0.003850251,107,116,10,95
turn_right,0.59804523,0.523893952,-0.04126586,0.397493303,0.529300153,-0.088354766,0.740679383,0.543715715,0.040996209,0.261501014,0.535503745,-0.323717266,0.865271926,0.539690554,-0.058147848,0.274280012,0.342711538,-0.676272035,0.577439427,0.894600034,0.004603168,0.452303499,0.895422518,-0.003694608,107,115,10,96
turn_right,0.597999275,0.523942709,-0.043406479,0.397492558,0.529251337,-0.092299759,0.740764022,0.543733597,0.032299332,0.261672556,0.53842479,-0.346803218,0.86499089,0.539599597,-0.071315087,0.274047017,0.344558835,-0.71501559,0.57744199,0.894562602,0.004617653,0.452308267,0.895431697,-0.003705138,107,114,10,98
turn_right,0.59830451,0.523789287,-0.04659839,0.397554666,0.528875172,-0.098515153,0.740779936,0.544016659,0.027317604,0.261395007,0.537938952,-0.333739877,0.864995778,0.539559245,-0.098846585,0.262127101,0.34251222,-0.67978245,0.577411771,0.894438207,0.004806798,0.452273905,0.895234525,-0.003879064,107,114,10,94
turn_right,0.598605037,0.523764312,-0.048314534,0.397677362,0.528868139,-0.098925576,0.742450833,0.543753624,0.030052166,0.261029422,0.53648895,-0.28229937,0.866553605,0.539580643,-0.076569721,0.23196359,0.342834473,-0.590648413,0.577406108,0.894436538,0.004612538,0.45225206,0.895203769,-0.003724837,107,115,10,85
turn_right,0.599143147,0.523701012,-0.103386939,0.397730529,0.529025018,-0.157997802,0.744165301,0.54301542,-0.029108956,0.259249151,0.532883286,-0.310741872,0.869507194,0.539826632,-0.151101381,0.213166207,0.340842038,-0.60788238,0.577427864,0.894360662,0.004960615,0.452251285,0.895076334,-0.004033321,108,116,9,78
turn_right,0.599145174,0.523684263,-0.093874976,0.397730917,0.529018521,-0.156255275,0.744393349,0.538752317,-0.01781705,0.259820104,0.534260392,-0.330148757,0.87140274,0.529921591,-0.140405521,0.249532744,0.341070384,-0.659954846,0.577423334,0.894388318,0.004773553,0.4520908,0.895082533,-0.003842869,109,116,10,89
turn_right,0.595868051,0.523364902,-0.120959081,0.394844562,0.529168427,-0.183647498,0.738455415,0.536330938,-0.014629672,0.259800225,0.53758657,-0.441113323,0.871331573,0.525185645,-0.08214356,0.29029274,0.359200507,-0.794632912,0.57739681,0.894397378,0.004909873,0.452121258,0.895275354,-0.004019794,109,115,10,103
turn_right,0.594562232,0.523152649,-0.126429573,0.393784344,0.529168606,-0.186934978,0.738411725,0.533941686,-0.021669051,0.259230584,0.539377987,-0.449735701,0.871799767,0.522049606,-0.081056491,0.294320613,0.360600859,-0.801925778,0.57738483,0.894351065,0.004961117,0.452090085,0.89528358,-0.004064818,110,114,9,105
turn_right,0.594023883,0.523132265,-0.116044179,0.393057585,0.529482365,-0.170032352,0.738239884,0.532425165,-0.016574778,0.257946312,0.539930761,-0.422714561,0.872337461,0.519676864,-0.074960344,0.291350663,0.359764546,-0.772875667,0.577419996,0.894460559,0.004760808,0.452104002,0.895691037,-0.003895206,110,114,9,105
turn_right,0.593563855,0.523095369,-0.109145209,0.393077672,0.529403031,-0.163599789,0.738299012,0.532277167,-0.013570714,0.257963955,0.540031254,-0.400523484,0.872309327,0.518610358,-0.078300163,0.280111283,0.356159657,-0.742773414,0.577619612,0.894531429,0.004756477,0.45220536,0.896490753,-0.003888774,110,114,9,101
turn_right,0.592876852,0.522882998,-0.10619925,0.393004119,0.529304683,-0.162078336,0.737985015,0.532089353,0.006132633,0.258141696,0.540127337,-0.374407619,0.871993542,0.519088387,-0.067396238,0.26380524,0.356035739,-0.71387732,0.577794373,0.894118845,0.00478628,0.452658653,0.896506906,-0.003925267,110,114,9,96
turn_right,0.592930019,0.522844553,-0.14193508,0.393018305,0.529368758,-0.193691477,0.740858376,0.53213805,-0.053438388,0.256354272,0.539457917,-0.375326216,0.87528342,0.519280136,-0.16987361,0.218758777,0.353966534,-0.704181552,0.57801044,0.894137323,0.00493185,0.453279346,0.896873593,-0.004051718,111,115,9,83
turn_right,0.592960298,0.522953808,-0.127968743,0.393048376,0.529637933,-0.180196717,0.743093967,0.532179594,-0.042115305,0.255379736,0.539370894,-0.351432621,0.877076745,0.519557118,-0.151591331,0.203753352,0.354397178,-0.670676589,0.57805872,0.894336402,0.005235732,0.45343709,0.897581875,-0.004355795,111,115,9,78
turn_right,0.593467951,0.523477435,-0.138319761,0.393191814,0.530106544,-0.198375821,0.74544698,0.532282889,-0.073195301,0.255319029,0.536172032,-0.284890115,0.879274547,0.520186126,-0.203998953,0.179693431,0.366558999,-0.50694114,0.578167439,0.895369709,0.005239586,0.453580767,0.899321318,-0.004355553,111,116,8,68
turn_right,0.593891501,0.523581386,-0.142528966,0.393289149,0.530168056,-0.193697751,0.745471776,0.532362044,-0.080024652,0.25533703,0.53433311,-0.249118134,0.879027367,0.520640135,-0.221689627,0.174607143,0.372178584,-0.456709236,0.578191698,0.895395219,0.004552829,0.453733861,0.89966768,-0.003620965,111,117,8,65
turn_right,0.593963802,0.523596168,-0.164705068,0.393536121,0.530271888,-0.215240449,0.745970488,0.532347381,-0.096666381,0.255288303,0.53379631,-0.288144469,0.880503297,0.521876395,-0.228290483,0.181962401,0.370830685,-0.544011176,0.578252614,0.895406067,0.004558606,0.453840643,0.899830997,-0.003623429,112,117,8,67
turn_right,0.594003081,0.523580194,-0.162176371,0.393633723,0.530344307,-0.207320288,0.745987713,0.53228873,-0.097290784,0.255316287,0.534683645,-0.311511338,0.880273163,0.522284806,-0.227079555,0.189095944,0.370323449,-0.586767852,0.57829392,0.895350516,0.00442398,0.45397526,0.899812818,-0.003482061,112,117,8,70
turn_right,0.593973815,0.523189425,-0.126900926,0.393621862,0.530288994,-0.179733515,0.745810747,0.53214103,-0.045544986,0.256078303,0.535322547,-0.339049876,0.879878521,0.522466958,-0.1716353,0.217379972,0.358021766,-0.662397027,0.578491628,0.895233095,0.004927066,0.453965515,0.899806798,-0.003983687,111,116,8,80
turn_right,0.593825996,0.523013711,-0.053482104,0.393507242,0.530203044,-0.108293876,0.745568156,0.532161713,0.036415875,0.257135451,0.536443532,-0.311766326,0.87930572,0.522581637,-0.069057897,0.234318942,0.353505224,-0.650759101,0.57851702,0.895314276,0.004929034,0.45395112,0.89993006,-0.00398796,111,116,8,86
turn_right,0.593857467,0.522516787,-0.064225659,0.393626481,0.528704107,-0.129350409,0.74440521,0.532170713,-0.017289722,0.25772208,0.536981165,-0.408682048,0.877270579,0.522671461,-0.146124229,0.265434086,0.353688151,-0.778744578,0.578505158,0.895142734,0.004575935,0.453949302,0.899358094,-0.003704854,111,115,8,96
turn_right,0.593873918,0.522038698,-0.091574758,0.393652052,0.528226972,-0.148308143,0.743915439,0.532145739,-0.028611904,0.258028388,0.538116515,-0.424916565,0.876458645,0.522839725,-0.14667058,0.279269308,0.353638768,-0.780392706,0.57841742,0.8944965,0.004584034,0.453725189,0.89862138,-0.003711979,111,114,8,101
turn_right,0.593804359,0.521344662,-0.103229448,0.393531144,0.528195798,-0.157988653,0.740463316,0.532156527,-0.028183956,0.258311868,0.542531848,-0.429596484,0.873496234,0.522810698,-0.115913853,0.292692125,0.362462819,-0.790980518,0.57842046,0.89431107,0.004571813,0.453834206,0.898023725,-0.003703808,110,113,8,107
turn_right,0.593596697,0.521118462,-0.128233016,0.393268615,0.528253376,-0.180521876,0.739219368,0.532086253,-0.041632339,0.258313656,0.54350543,-0.463405937,0.872459888,0.522531807,-0.123952962,0.295254678,0.365185946,-0.829211831,0.578412175,0.893937111,0.004781372,0.453844458,0.897780716,-0.003944734,110,112,8,108
turn_right,0.593597174,0.520981908,-0.123099342,0.393095225,0.528337061,-0.169813633,0.739315927,0.531941652,-0.033776008,0.257954031,0.543475389,-0.432063878,0.873403728,0.52268666,-0.119802728,0.286673337,0.363435686,-0.773160517,0.57826817,0.893899083,0.004386676,0.453640699,0.897733688,-0.003572159,110,113,8,105
turn_right,0.593570173,0.52077961,-0.118040666,0.393060595,0.528344333,-0.164764002,0.739376366,0.531860709,-0.026451956,0.257939011,0.543515742,-0.425438464,0.873664975,0.522688806,-0.116929136,0.280525714,0.361664861,-0.762798131,0.57828033,0.894091249,0.004259748,0.453652799,0.897809625,-0.003423642,110,113,8,103
turn_right,0.593220532,0.520564258,-0.11068096,0.392975092,0.528440833,-0.160076544,0.739352584,0.531558752,-0.013961208,0.257709891,0.543339968,-0.358465672,0.873691201,0.522460222,-0.116990194,0.25573343,0.35745582,-0.683204055,0.578436732,0.894111991,0.004257933,0.453799248,0.897943318,-0.00342007,110,113,8,96
turn_right,0.593127072,0.520539701,-0.09843643,0.392944396,0.528609455,-0.144826621,0.738494515,0.531525016,-0.003467775,0.25641486,0.541269541,-0.317889333,0.872674763,0.522232354,-0.114453472,0.238384843,0.351369798,-0.628580391,0.578489363,0.894106805,0.003894177,0.454018056,0.897968292,-0.003053513,109,114,8,90
turn_right,0.593015313,0.520590544,-0.095918462,0.392872959,0.530022621,-0.147991076,0.738664269,0.531199694,-0.008591728,0.255220115,0.539432287,-0.32990846,0.87275362,0.522141993,-0.115706459,0.201710671,0.352194965,-0.65173918,0.578494012,0.894131124,0.005083415,0.454085588,0.898768067,-0.00421925,110,115,8,78
turn_right,0.593014359,0.52060473,-0.100029349,0.392873108,0.530670404,-0.160919219,0.739362597,0.530683339,-0.033185013,0.254595757,0.53599143,-0.309624791,0.87333566,0.522046864,-0.161902547,0.187237069,0.352900684,-0.593988478,0.57850939,0.894293904,0.005419217,0.454072565,0.899557054,-0.004502013,110,117,8,72
turn_right,0.592919588,0.520620584,-0.116710722,0.392886579,0.53077203,-0.191730604,0.739380658,0.530687749,-0.047140662,0.25420469,0.536017478,-0.30039075,0.873189151,0.522149205,-0.170666754,0.175589919,0.364388436,-0.546494365,0.578368247,0.89435941,0.007636231,0.454050243,0.899763167,-0.006641469,110,117,8,68
turn_right,0.592790544,0.520648658,-0.11672993,0.392903417,0.530872107,-0.185601488,0.73879236,0.530687034,-0.043540489,0.253935874,0.536228776,-0.31580019,0.873001873,0.522350013,-0.160967544,0.186238125,0.364117295,-0.599117994,0.578269005,0.89433533,0.00761284,0.453981072,0.899704099,-0.006610071,110,117,7,71
turn_right,0.592061639,0.520513475,-0.109424278,0.392800152,0.531075835,-0.170631826,0.737786293,0.530703723,-0.022595987,0.253486544,0.536955595,-0.321851045,0.870875537,0.522390962,-0.138066798,0.19435434,0.362107396,-0.604020715,0.578298151,0.894374669,0.007393416,0.454060256,0.899865687,-0.006404608,110,117,8,74
turn_right,0.591151297,0.520429194,-0.120636441,0.39258343,0.531075299,-0.174505621,0.737705588,0.530684531,-0.027949447,0.253495336,0.537177682,-0.359887183,0.870901406,0.522396564,-0.140501812,0.195991546,0.358606964,-0.686188042,0.578285694,0.893890202,0.006821713,0.454061329,0.899857819,-0.005856124,110,116,8,75
turn_right,0.589978278,0.520435631,-0.109328769,0.392357647,0.530746579,-0.1554057,0.73624599,0.53083533,-0.01867618,0.254115969,0.538337767,-0.365225971,0.870072842,0.522017419,-0.132913336,0.242961287,0.355326176,-0.701965868,0.578173041,0.893640876,0.00562046,0.454070181,0.899686396,-0.004683015,109,116,8,90
turn_right,0.589700818,0.520433366,-0.088238828,0.392296791,0.530447066,-0.129913166,0.735238254,0.531797469,-0.007419431,0.255351841,0.538356543,-0.361612618,0.866905808,0.520897031,-0.12535803,0.260621279,0.354061246,-0.698439121,0.578142226,0.893537581,0.004562155,0.454097122,0.899242818,-0.003654283,109,116,9,95
turn_right,0.589861989,0.520199716,-0.086149454,0.392118007,0.530389071,-0.135875389,0.735261977,0.531576514,0.025252249,0.254071295,0.538677394,-0.294905156,0.867097557,0.520528078,-0.074258506,0.251303017,0.352105677,-0.587501407,0.578098059,0.893425405,0.005079133,0.454010576,0.898375511,-0.004101904,109,116,9,93
turn_right,0.590536177,0.52020973,-0.034549721,0.392204911,0.531088769,-0.084740005,0.735424519,0.531746805,0.03539006,0.253544748,0.53888911,-0.235580519,0.866905808,0.520422161,-0.078184739,0.206961662,0.35909766,-0.530833662,0.578220069,0.893524706,0.005086428,0.454018205,0.898731112,-0.004106817,109,116,9,79
turn_right,0.592149794,0.520207882,-0.048388157,0.393282115,0.531147122,-0.084847778,0.736570001,0.531868994,0.002324837,0.253460944,0.539568067,-0.166268855,0.867009461,0.520386815,-0.158135355,0.181847796,0.374238163,-0.383073449,0.578241825,0.894263148,0.003484475,0.454016864,0.898955882,-0.002479903,109,116,10,70
turn_right,0.59242475,0.520285487,-0.032179698,0.393803656,0.531417489,-0.071480609,0.736343443,0.532218575,0.002098195,0.253535926,0.54105401,-0.175778806,0.865678966,0.520268023,-0.150513187,0.179516673,0.380547553,-0.417114496,0.578251779,0.894427836,0.003487948,0.45401758,0.898967564,-0.00248513,109,115,10,69
turn_right,0.59256959,0.520033598,-0.02582697,0.393656433,0.53173697,-0.071993515,0.736225724,0.53230226,0.019350724,0.253051937,0.542814195,-0.219651908,0.865768135,0.520145237,-0.124589778,0.187516734,0.378876299,-0.496579587,0.578246176,0.89440155,0.003667758,0.453867257,0.898940861,-0.002678437,109,115,10,73
turn_right,0.59279871,0.519938886,-0.028791264,0.39361912,0.531890571,-0.074675307,0.736862957,0.53225863,0.031243678,0.252525628,0.544953704,-0.235084414,0.86748445,0.520133555,-0.087679788,0.191239953,0.373846442,-0.518367112,0.578250289,0.894204795,0.003592766,0.453844219,0.898832381,-0.002622311,109,114,10,76
turn_right,0.592756331,0.51980269,-0.006298394,0.39323321,0.531774461,-0.054512132,0.73683393,0.532129467,0.056966018,0.25411588,0.545397222,-0.241358325,0.86752969,0.520010769,-0.061340779,0.232296064,0.366834939,-0.563723326,0.57822001,0.894311965,0.003545975,0.45378536,0.898835957,-0.002577021,109,114,10,89
turn_right,0.592547536,0.519713938,-0.011883602,0.3932302,0.530949652,-0.065219939,0.736487329,0.532128096,0.053404905,0.256138891,0.545881629,-0.274291664,0.867216468,0.519781172,-0.059291065,0.253883481,0.361642778,-0.605430007,0.578154087,0.894027054,0.003547431,0.453462899,0.898689508,-0.002573729,109,113,10,96
turn_right,0.591721892,0.519622505,-0.014169644,0.392795652,0.53091222,-0.081283912,0.732662618,0.532103002,0.050918192,0.256502211,0.546501994,-0.368048161,0.861776471,0.518147707,-0.03369429,0.291609854,0.364200383,-0.741967559,0.578004956,0.893875122,0.004300336,0.453286469,0.898137629,-0.003291945,108,113,11,107
turn_right,0.591295779,0.519615471,-0.031890221,0.392217934,0.530818403,-0.110334516,0.732001066,0.532097578,0.048577525,0.257329047,0.547247648,-0.407117039,0.860685945,0.517683864,-0.025892373,0.299343765,0.368067831,-0.773727238,0.577951849,0.893717408,0.005351614,0.452858537,0.897753716,-0.004335647,108,112,11,110
turn_right,0.5912925,0.519589245,-0.046967465,0.392203838,0.530206621,-0.145092219,0.73174125,0.532187402,0.048533447,0.258473277,0.548182189,-0.471833795,0.859872162,0.517457426,-0.009761653,0.308070213,0.372115105,-0.859768391,0.577679157,0.893280208,0.008184845,0.452449381,0.897025466,-0.007095108,108,111,12,113
turn_right,0.591290772,0.519434094,-0.047949418,0.392042339,0.530054331,-0.132291436,0.731829345,0.532144904,0.049828332,0.258625031,0.548491895,-0.408818662,0.859885216,0.517233372,-0.011771766,0.306758791,0.372511834,-0.755279422,0.577567875,0.893141627,0.00811296,0.45225659,0.896496177,-0.007039515,108,111,12,113
turn_right,0.591423273,0.519413412,-0.034986869,0.392037928,0.530047297,-0.083074048,0.732264996,0.532232344,0.040429689,0.258515239,0.548575401,-0.365618914,0.860074818,0.517161727,-0.054288872,0.292494714,0.368410379,-0.750512719,0.577611327,0.893043935,0.006119131,0.452253878,0.896325827,-0.005154346,108,111,12,109
turn_right,0.591525078,0.519405305,-0.025364775,0.392091185,0.530002594,-0.07612054,0.73298645,0.532347918,0.040301379,0.258289337,0.548567057,-0.329895169,0.860109329,0.517159522,-0.064706527,0.286982715,0.362712741,-0.672417343,0.577608824,0.893064559,0.005613907,0.452227414,0.896340787,-0.004599578,108,111,12,107
turn_right,0.591561973,0.519397974,0.006729105,0.392112315,0.529950917,-0.039682992,0.733238935,0.532381654,0.074544132,0.257285416,0.547606051,-0.231799364,0.860214055,0.517170429,-0.049367007,0.243326426,0.357945889,-0.545641482,0.577592969,0.893064737,0.00501733,0.452225924,0.896124244,-0.004062279,108,112,12,93
turn_right,0.591641605,0.519445777,-0.006143133,0.392111629,0.530306578,-0.057432503,0.734131575,0.532416821,0.072112754,0.255934805,0.545272052,-0.243726775,0.861289382,0.51719141,-0.076578498,0.226831526,0.35208419,-0.547843337,0.577616572,0.893062949,0.004976857,0.452239335,0.896139324,-0.004021427,108,113,12,88
turn_right,0.591687322,0.519546688,-0.009448837,0.392186999,0.531226993,-0.063563019,0.734878063,0.532427609,0.048568536,0.25545159,0.535630584,-0.248804063,0.86178273,0.517375648,-0.095241986,0.199667186,0.351277381,-0.552551091,0.577801764,0.894123137,0.004938273,0.452401787,0.898654401,-0.003972803,108,117,12,75
turn_right,0.591879249,0.5197469,0.011782831,0.392210156,0.531879544,-0.041348595,0.736176789,0.532469988,0.068708852,0.2544595,0.530331314,-0.195133001,0.861877263,0.517381072,-0.057689942,0.193245485,0.350332379,-0.480871499,0.577845693,0.894601822,0.004944324,0.452569723,0.900241137,-0.003978243,109,119,12,71
turn_right,0.591838837,0.519793868,0.011125755,0.3923015,0.532529771,-0.067124471,0.736418664,0.531783342,0.063204378,0.254051328,0.526141882,-0.230798885,0.86381501,0.517488301,-0.056505494,0.193579838,0.344388932,-0.523171902,0.577903867,0.894900024,0.005316361,0.453086525,0.900607288,-0.004333765,109,121,11,69
turn_right,0.591838062,0.519842923,-0.018212693,0.392135233,0.533182263,-0.099581048,0.736762404,0.531464815,0.047784869,0.253872633,0.526177824,-0.252847016,0.864450455,0.517366529,-0.068275347,0.198919013,0.341396749,-0.5413239,0.578067303,0.895089924,0.005825975,0.453232616,0.901163876,-0.004803459,109,121,11,71
turn_right,0.59110719,0.519950688,-0.008814806,0.391634643,0.533174992,-0.082782447,0.736901402,0.531318665,0.067073032,0.25377962,0.527101696,-0.251931369,0.864578903,0.516358376,-0.044662453,0.2180347,0.339333922,-0.539538205,0.578128695,0.895008087,0.005637113,0.453199476,0.90112561,-0.004598917,109,121,11,77
turn_right,0.590700388,0.519908965,-0.006625471,0.391395271,0.533135891,-0.068710178,0.736582756,0.531094909,0.067953698,0.253980547,0.527410448,-0.254873693,0.86341399,0.515707791,-0.047568824,0.233563855,0.339635402,-0.548805237,0.578136384,0.895005882,0.005096458,0.453272879,0.900992393,-0.004057522,109,120,11,81
turn_right,0.590037882,0.519598484,-0.017463136,0.391043425,0.532587349,-0.077186607,0.736322045,0.530805707,0.066164389,0.253943264,0.527826011,-0.325834781,0.863444149,0.51582706,-0.048021816,0.273052692,0.339921892,-0.662512183,0.578119516,0.894881964,0.004756933,0.453232229,0.900362909,-0.003749101,109,120,11,94
turn_right,0.589669824,0.519470632,-0.030617837,0.390669435,0.532106996,-0.101963125,0.735400081,0.530717671,0.06473881,0.253941983,0.530377507,-0.374741614,0.862701893,0.515732825,-0.03286716,0.287435234,0.344638824,-0.724639952,0.578134954,0.894461691,0.005469485,0.453268468,0.899896324,-0.004407352,109,119,11,99
turn_right,0.589406252,0.519371986,-0.069403991,0.390128464,0.531632662,-0.138373837,0.735439658,0.529626906,0.028351525,0.254020959,0.530854344,-0.399861515,0.865407169,0.515735745,-0.042230241,0.294594228,0.348242909,-0.730407238,0.578065038,0.894108713,0.005464284,0.453245252,0.899155498,-0.004404514,109,119,10,102
turn_right,0.589408457,0.519036055,-0.083052628,0.390107572,0.530888438,-0.166975096,0.73514235,0.52962631,0.022364702,0.254746109,0.532503545,-0.458928496,0.865183055,0.515723348,-0.042490769,0.30485177,0.355257422,-0.810778797,0.578069985,0.893644154,0.007518548,0.453103006,0.898390114,-0.006409685,109,118,10,106
turn_right,0.589333236,0.518973112,-0.079502746,0.390134186,0.530088603,-0.161759973,0.734883904,0.529570758,0.023624031,0.255987883,0.532746136,-0.443167925,0.865004063,0.515615702,-0.042181972,0.306863964,0.357771993,-0.787682652,0.578066885,0.893476784,0.007922075,0.453101784,0.898107171,-0.006805997,109,117,10,107
turn_right,0.589972377,0.518908858,-0.070716344,0.390183747,0.53023541,-0.144896612,0.735459924,0.529568315,0.019576482,0.255982757,0.532913804,-0.402566969,0.866871834,0.515601814,-0.071052976,0.297711492,0.357123852,-0.743572652,0.578132272,0.893358767,0.006953156,0.453128248,0.897839129,-0.0058627,109,117,10,104
turn_right,0.590485871,0.518820643,-0.071588315,0.390184462,0.53055346,-0.136972666,0.737383187,0.529454291,0.008070549,0.255763471,0.533092558,-0.389355719,0.870140851,0.51555258,-0.084035292,0.292343676,0.354635686,-0.740933597,0.578207374,0.893229544,0.005660298,0.453230917,0.897804141,-0.004607508,109,117,10,103
turn_right,0.590537429,0.518814981,-0.084494613,0.390702635,0.530808985,-0.142627418,0.738011003,0.529433072,-0.009407445,0.25645563,0.533563316,-0.342739284,0.872184634,0.515596449,-0.127352163,0.254271597,0.349264532,-0.641151726,0.578275502,0.893199563,0.004946625,0.453444183,0.897680521,-0.003897126,110,117,10,90
turn_right,0.590617359,0.518778443,-0.07744211,0.3906928,0.530862451,-0.142333582,0.737835765,0.529427469,0.007221819,0.256811321,0.538672745,-0.397752792,0.871188343,0.515408099,-0.060287911,0.287297308,0.35831669,-0.741671979,0.5782727,0.893188357,0.005868256,0.452922881,0.897569299,-0.004776606,110,115,10,103
turn_right,0.589081228,0.518772721,-0.082452118,0.389945149,0.530086219,-0.157959551,0.737039328,0.529471278,0.007517856,0.256895065,0.53991276,-0.447672218,0.871110618,0.515671074,-0.037244938,0.30057928,0.363101602,-0.801160932,0.578191221,0.892556131,0.0069486,0.452929825,0.89717412,-0.00590163,109,115,10,108
turn_right,0.587511182,0.518765152,-0.078632101,0.389662325,0.528591514,-0.152333498,0.735762179,0.529752195,0.017856348,0.256884336,0.54017508,-0.437431097,0.870637536,0.517320395,-0.040758796,0.297416031,0.362579495,-0.801132381,0.578064322,0.892073691,0.007551266,0.452895254,0.896972001,-0.006501245,109,114,10,108
turn_right,0.586704135,0.518747449,-0.076378018,0.389496148,0.527697861,-0.150322229,0.734922945,0.529897451,0.024617337,0.25687927,0.540328443,-0.435375929,0.870168507,0.518279433,-0.041314803,0.296026051,0.362167805,-0.799602389,0.577982664,0.891665637,0.008012949,0.452873856,0.896759272,-0.006958333,109,113,9,108
turn_right,0.586744606,0.51897341,-0.065325871,0.389823377,0.527864218,-0.109074891,0.735123634,0.530051589,0.023524683,0.256866872,0.540323496,-0.341657698,0.86949265,0.518956721,-0.085848801,0.266043723,0.358135283,-0.688783884,0.578255773,0.891793013,0.005496039,0.452983618,0.897066712,-0.004476163,109,113,9,98
turn_right,0.586782157,0.518966138,-0.021641631,0.390043527,0.528378785,-0.065360479,0.735574305,0.53007704,0.069915429,0.256975412,0.540371239,-0.255497336,0.869005501,0.519412339,-0.042518806,0.246879742,0.354800701,-0.569228053,0.578282595,0.891833067,0.004199065,0.452964962,0.897056639,-0.003142225,109,114,9,92
turn_right,0.587108076,0.519045293,-0.04807239,0.390443206,0.529618025,-0.103013836,0.735693038,0.53007406,0.034630753,0.25648433,0.538014054,-0.290117323,0.867499471,0.520210683,-0.095239356,0.213203475,0.348621279,-0.587517738,0.578800499,0.892524362,0.004228587,0.453715175,0.897441566,-0.003172807,109,115,9,81
turn_right,0.587541044,0.519112051,-0.077069104,0.391326725,0.530438304,-0.124430798,0.737351894,0.529938996,9.01E-05,0.256323338,0.532988369,-0.270974994,0.867524326,0.520375192,-0.136434674,0.198525041,0.345884502,-0.545250356,0.579127014,0.892897069,0.003924123,0.453989804,0.897822618,-0.00284204,109,117,8,74
turn_right,0.587567687,0.519428611,-0.057456583,0.391363829,0.530525506,-0.095839277,0.737427831,0.529963136,-0.00176566,0.255561888,0.530100644,-0.230101138,0.865904987,0.520379364,-0.159845859,0.183985412,0.349550366,-0.514518142,0.579131007,0.892898977,0.003579152,0.453998655,0.89788276,-0.002546419,110,119,8,68
turn_right,0.587787747,0.519481897,-0.073131047,0.391712606,0.530868113,-0.106007956,0.737606704,0.529981792,-0.023696739,0.255565494,0.529962361,-0.252536297,0.865879178,0.5223037,-0.186146945,0.184079513,0.352418512,-0.543676794,0.579371393,0.893251359,0.003371028,0.454417557,0.898432732,-0.002320791,110,119,7,68
turn_right,0.587817967,0.51974076,-0.07781741,0.391346872,0.532405436,-0.130693823,0.737616539,0.530015945,-0.014638196,0.253778845,0.533678591,-0.270468295,0.866171718,0.523425877,-0.172302678,0.198272258,0.352071494,-0.577301204,0.579394698,0.893325865,0.004351366,0.454413235,0.898849845,-0.003246668,110,118,7,74
turn_right,0.587484777,0.519770563,-0.076806203,0.390511572,0.532736599,-0.134604067,0.736587703,0.530027032,-0.009879682,0.252163649,0.534317672,-0.283187121,0.863912702,0.52339232,-0.14607951,0.205744579,0.345494837,-0.58970207,0.579463661,0.893593669,0.005177771,0.454480648,0.899520338,-0.004052797,109,118,7,77
turn_right,0.587425172,0.519741297,-0.042676128,0.390473455,0.532043278,-0.08992856,0.735332549,0.53044802,0.021093104,0.253632814,0.53547734,-0.300003707,0.862137198,0.523327768,-0.124420606,0.229466364,0.345721543,-0.660764098,0.579516411,0.893594444,0.005064803,0.454494894,0.899517,-0.003962262,109,117,7,84
turn_right,0.587167978,0.519745588,-0.043809697,0.390410334,0.531849504,-0.090475954,0.734258235,0.530538023,0.022291781,0.253911614,0.536467195,-0.332347691,0.860403419,0.523312211,-0.107393719,0.257745206,0.345901012,-0.696590841,0.57936734,0.893577039,0.00408524,0.454498529,0.899457574,-0.00308683,109,117,7,93
turn_right,0.586851776,0.519741893,-0.046752773,0.390172333,0.531799912,-0.09583737,0.732234299,0.530833125,0.019433198,0.25392437,0.53707993,-0.367624253,0.857395768,0.523208976,-0.112885371,0.271672457,0.346645474,-0.738956034,0.579369247,0.893486738,0.004088268,0.454532385,0.899457574,-0.003089434,108,117,8,98
turn_right,0.586811006,0.519376099,-0.077827856,0.389447331,0.531722009,-0.1503039,0.731637776,0.530841827,0.019269051,0.254996032,0.539245784,-0.452093214,0.857786298,0.523193419,-0.069942504,0.296490163,0.357532293,-0.824456096,0.579362988,0.893070996,0.006541212,0.454415172,0.898999751,-0.005566789,108,116,8,106
turn_right,0.586947143,0.519288898,-0.083676964,0.389437169,0.531580389,-0.177115068,0.73159492,0.530847788,0.033113189,0.256465942,0.54010576,-0.471681923,0.857871652,0.522862554,-0.024878517,0.301280648,0.361487389,-0.829931259,0.579366744,0.892609596,0.010113148,0.454390526,0.898017824,-0.008959956,108,115,8,108
turn_right,0.587027788,0.519244134,-0.083031595,0.389325857,0.531419098,-0.176263139,0.731540799,0.530852973,0.031976115,0.257834435,0.540331841,-0.464805663,0.858079731,0.522235513,-0.04018908,0.300554425,0.361916482,-0.822760224,0.579339862,0.89237231,0.011250691,0.454205811,0.897355676,-0.010097934,108,115,8,107
turn_right,0.587034822,0.519156516,-0.084057488,0.389268011,0.531400681,-0.166382059,0.73164475,0.530763686,0.022510037,0.258177936,0.540354192,-0.450830698,0.860132217,0.522012055,-0.054314755,0.296546191,0.361971885,-0.811270833,0.579318404,0.892250896,0.011076244,0.454156399,0.896981776,-0.009925695,108,115,8,106
turn_right,0.587258279,0.51916939,-0.054003485,0.389901966,0.531244278,-0.112417266,0.73193866,0.530551612,0.034810703,0.259131819,0.539016187,-0.324935079,0.861195862,0.521686614,-0.060617484,0.274567783,0.353004247,-0.644187808,0.579318404,0.892252922,0.008030756,0.454154819,0.896824419,-0.006900168,108,115,8,98
turn_right,0.587390363,0.519173265,-0.049475409,0.390662432,0.531063199,-0.100350343,0.732674778,0.530286968,0.034286778,0.259635508,0.538229585,-0.320661634,0.862939954,0.521668971,-0.087491259,0.257620782,0.349476337,-0.659088254,0.57932353,0.892249763,0.006154621,0.454281181,0.896754444,-0.005148178,109,115,8,93
turn_right,0.587674499,0.519197702,-0.073674902,0.390855789,0.531303167,-0.136205718,0.734841824,0.530129015,0.003247174,0.258933723,0.534189522,-0.323908627,0.866064429,0.52204597,-0.134667397,0.217849016,0.341911793,-0.624787152,0.579565287,0.892258823,0.00646313,0.454535782,0.896856189,-0.005425936,109,117,8,79
turn_right,0.587851882,0.519209206,-0.082276031,0.391013682,0.531452239,-0.148541421,0.736130118,0.529949367,-0.004675551,0.258465499,0.531988263,-0.326777369,0.867479324,0.522214651,-0.140992895,0.211142495,0.338469058,-0.624580264,0.579742312,0.892264664,0.006797808,0.454740196,0.896932364,-0.005736007,109,118,8,76
turn_right,0.588534474,0.519555926,-0.073717259,0.391768873,0.531450629,-0.11268995,0.737949669,0.529935479,-0.015247218,0.258461684,0.53198868,-0.290510118,0.870325744,0.522742927,-0.160541624,0.194375172,0.350125968,-0.612363875,0.579743683,0.892662764,0.005880012,0.454765618,0.897286534,-0.004877917,110,118,7,71
turn_right,0.589309096,0.520114005,-0.073600143,0.392241985,0.53150028,-0.113949046,0.739634395,0.529907942,-0.025503639,0.258517742,0.532038271,-0.302325785,0.872962654,0.523224413,-0.16282317,0.192318112,0.356981963,-0.632065058,0.579772592,0.893182874,0.005638506,0.454767078,0.897787273,-0.004678574,110,118,7,70
turn_right,0.58932519,0.520155609,-0.073440552,0.39224425,0.531334639,-0.116254725,0.739910066,0.529842794,-0.017713744,0.25731045,0.532114804,-0.313545674,0.873197556,0.523328006,-0.147443935,0.202224329,0.351094216,-0.639041126,0.579677999,0.893172145,0.005649561,0.454499722,0.897786319,-0.004692537,110,118,6,73
turn_right,0.589323759,0.520172477,-0.077694841,0.392233789,0.531301022,-0.125731945,0.739865899,0.529838741,-0.018541932,0.25676474,0.532522798,-0.318948865,0.873046517,0.523124218,-0.155057281,0.208523318,0.345801055,-0.640071511,0.579660296,0.893145204,0.005678379,0.454518884,0.897782862,-0.004719586,110,118,7,76
turn_right,0.588993251,0.519978285,-0.068569921,0.392176211,0.530629396,-0.12341813,0.738332152,0.529774666,-0.009781725,0.256707907,0.534159482,-0.348206818,0.869851947,0.521572173,-0.144836202,0.239776611,0.345520884,-0.688572228,0.579441249,0.89302808,0.005675411,0.454518139,0.897711396,-0.004714952,110,117,7,86
turn_right,0.588728547,0.51973331,-0.091131791,0.391858757,0.530554056,-0.153205678,0.737231553,0.52960068,-0.017586632,0.255992353,0.535821676,-0.414165407,0.869772136,0.520252347,-0.133243263,0.267227054,0.346083581,-0.750706196,0.579329789,0.892482877,0.005683281,0.454440296,0.896665037,-0.004725227,110,117,8,96
turn_right,0.588704109,0.51943332,-0.085639171,0.391682625,0.530509591,-0.169888869,0.733775616,0.529595554,0.04109855,0.256551653,0.537819028,-0.470275462,0.867206573,0.519763589,-0.004147531,0.301961154,0.354272991,-0.817025065,0.579311728,0.892394781,0.01035043,0.454358578,0.896243989,-0.009289122,109,116,8,107
turn_right,0.588683546,0.519444525,-0.068607226,0.391605496,0.530815542,-0.131248832,0.733800232,0.529845536,0.029227763,0.254605621,0.538512111,-0.336750567,0.867222309,0.520577312,-0.069679491,0.230089381,0.353251576,-0.655215383,0.579314351,0.892568588,0.01024182,0.454288423,0.896826506,-0.009187027,109,116,8,86
turn_right,0.589281797,0.520047247,-0.068763576,0.392350584,0.531050503,-0.129066303,0.734342396,0.530826569,-0.004875028,0.255547047,0.538973391,-0.293621898,0.866280556,0.523713648,-0.158636838,0.198372632,0.366027534,-0.598168969,0.579344094,0.892875373,0.0101436,0.454258353,0.897185504,-0.009109924,109,116,7,75
turn_right,0.589780629,0.520156324,-0.073332913,0.392626226,0.531193793,-0.129571125,0.735138297,0.531577528,-0.023455046,0.255888283,0.539640427,-0.297088146,0.866292834,0.527465701,-0.181900963,0.193573192,0.368579358,-0.608775795,0.579512596,0.89310199,0.009875185,0.454341739,0.897520006,-0.008825549,109,115,6,74
turn_right,0.589778662,0.520022571,-0.06950222,0.392775655,0.53117907,-0.122483492,0.735543668,0.531628788,-0.017016495,0.25654313,0.540018082,-0.312653959,0.866404355,0.528487325,-0.165233627,0.204028815,0.361609817,-0.639154792,0.579645157,0.892980397,0.009774385,0.454705656,0.897443712,-0.008728326,109,115,6,77
turn_right,0.589789867,0.519978881,-0.066918969,0.392835438,0.5311625,-0.116061792,0.735595167,0.531677365,-0.010937075,0.259176493,0.543474972,-0.32169652,0.866031349,0.528557956,-0.154956907,0.230973527,0.360255152,-0.682018161,0.579648912,0.892978132,0.009037975,0.454746723,0.897250891,-0.008015584,109,114,6,87
turn_right,0.589866877,0.519973814,-0.066956162,0.393293709,0.530946612,-0.116509438,0.735616446,0.531718552,-0.010696607,0.261981785,0.543724179,-0.352027118,0.866072476,0.528529048,-0.151516825,0.250313938,0.358268052,-0.721587598,0.579625964,0.89273715,0.007965961,0.454755634,0.896707118,-0.006956545,109,113,6,92
turn_right,0.589900136,0.520087898,-0.066954121,0.393264323,0.531024754,-0.128291219,0.734766543,0.532282948,0.01158371,0.263454169,0.547249973,-0.423053831,0.862428665,0.529159427,-0.108714342,0.288750529,0.364354879,-0.811943829,0.579568386,0.892724574,0.009049458,0.454574496,0.896637797,-0.008025074,108,112,6,105
turn_right,0.590033531,0.520516157,-0.069449961,0.393308461,0.531158388,-0.151772082,0.734443069,0.532853842,0.026139274,0.264871597,0.548146129,-0.456941783,0.860333264,0.529619694,-0.064758375,0.304088324,0.370913506,-0.830214381,0.579522729,0.892248333,0.011187017,0.454375446,0.896249473,-0.010103157,108,111,6,110
turn_right,0.590087891,0.520845294,-0.089019068,0.39332664,0.531500161,-0.195038229,0.73446548,0.533382237,0.030036548,0.265841186,0.549079359,-0.519374728,0.861594021,0.530974984,-0.011638684,0.31347996,0.380867124,-0.878374875,0.579324126,0.892047584,0.014868012,0.454145014,0.895718157,-0.013845113,108,111,6,114
turn_right,0.59013921,0.520872235,-0.086549684,0.393325716,0.531500578,-0.175845414,0.734467387,0.533595145,0.025862312,0.266940415,0.549247503,-0.480799109,0.861732841,0.530912697,-0.031671401,0.314695895,0.383645803,-0.841833115,0.579096675,0.892004848,0.01455033,0.45376578,0.89545238,-0.013537345,108,110,6,114
turn_right,0.590305269,0.521126866,-0.025546256,0.39329055,0.531531513,-0.081256732,0.734373569,0.53424716,0.063606396,0.266877115,0.549506545,-0.365767688,0.861333489,0.531971276,-0.035001099,0.302238643,0.381570488,-0.746694386,0.578949213,0.892001271,0.012873692,0.453747422,0.895314991,-0.011921089,108,110,6,110
turn_right,0.590785563,0.521271288,-0.008694415,0.393334448,0.531603217,-0.063010238,0.734376729,0.534883261,0.076225236,0.266789287,0.549855471,-0.333063453,0.860172749,0.532353461,-0.025968492,0.29555577,0.37674588,-0.703777492,0.578777194,0.892064631,0.011897711,0.453498751,0.895116508,-0.01092572,108,110,7,108
turn_right,0.59098357,0.521437109,-0.021445785,0.393609822,0.531538129,-0.086928383,0.735487938,0.534852743,0.025070429,0.266687065,0.549318969,-0.332704961,0.863672078,0.5363428,-0.120828964,0.259797513,0.367859364,-0.683766961,0.578759074,0.892499506,0.01023095,0.453496844,0.895249605,-0.009284815,108,110,5,96
turn_right,0.590993583,0.522092879,-0.012422957,0.393881559,0.531477332,-0.066536903,0.735787332,0.534852684,0.036515884,0.266598284,0.549267054,-0.291815251,0.864147782,0.536739171,-0.109023452,0.243955299,0.364556849,-0.641932368,0.578672528,0.892732978,0.009648303,0.453446776,0.895349443,-0.00874581,109,110,4,91
turn_right,0.591242015,0.522121608,-0.071150243,0.394408047,0.531428456,-0.110876761,0.73842591,0.534721673,-0.017849244,0.266572416,0.548081994,-0.319465697,0.867554009,0.537067473,-0.150270522,0.215159208,0.36451441,-0.655866504,0.578664839,0.892778456,0.008657553,0.453450114,0.895569265,-0.007819733,109,111,4,82
turn_right,0.591569304,0.522530377,-0.078028381,0.394976556,0.531348944,-0.130505785,0.739593506,0.534672558,-0.018973121,0.26661402,0.547120988,-0.332038701,0.868666291,0.537018359,-0.154581666,0.210718036,0.365536302,-0.673770547,0.578504443,0.893969655,0.008937766,0.45321697,0.896252215,-0.008061854,109,111,4,80
turn_right,0.59179002,0.522559881,-0.049195401,0.395806789,0.531303942,-0.097720243,0.740005374,0.534669697,0.005106643,0.268294394,0.54716146,-0.28455621,0.869200885,0.536624491,-0.132123739,0.209935218,0.367265254,-0.622327626,0.578497648,0.894684672,0.008919328,0.453165472,0.896729589,-0.008038741,109,111,4,79
turn_right,0.591979206,0.521608591,-0.049837068,0.396424592,0.530742824,-0.099839762,0.740426242,0.533391058,0.003563633,0.270726472,0.549689829,-0.301030904,0.872415245,0.529446661,-0.129354149,0.21977666,0.367360264,-0.688978255,0.578546882,0.895309091,0.008913723,0.453293741,0.897987783,-0.008030309,110,109,6,83
turn_right,0.592394829,0.520411909,-0.083031006,0.397028476,0.530592501,-0.124216154,0.741264641,0.532269537,-0.030303672,0.273895621,0.550783515,-0.353395164,0.876251042,0.526443124,-0.165039063,0.243322775,0.365145326,-0.731596589,0.578612506,0.895737588,0.007871008,0.453384578,0.898590088,-0.006943437,110,108,7,90
turn_right,0.593189716,0.519706011,-0.098666027,0.397606254,0.530239522,-0.134307235,0.741707623,0.532066941,-0.044557296,0.274928868,0.551305234,-0.376397789,0.876950145,0.524549723,-0.175419271,0.255500257,0.364806801,-0.750045598,0.578652501,0.895765722,0.006853395,0.45342809,0.898682594,-0.005860924,109,107,8,94
turn_right,0.593215108,0.519719839,-0.088431895,0.397816956,0.530174434,-0.115041301,0.74167639,0.532069921,-0.01578648,0.275527358,0.552547753,-0.383668959,0.877257228,0.524309456,-0.089432165,0.291917145,0.368315339,-0.767399669,0.578621268,0.895655215,0.00631305,0.453449547,0.898588181,-0.00537527,109,107,8,105
turn_right,0.593259096,0.519732773,-0.105854705,0.397812754,0.529755175,-0.148795158,0.74186933,0.532082856,-0.021400733,0.275380999,0.552884877,-0.445726395,0.878174663,0.524511993,-0.093421765,0.301369548,0.372035891,-0.838705659,0.578619778,0.895306468,0.006381833,0.453450531,0.898471713,-0.005443773,109,107,8,109
turn_right,0.59323293,0.519712627,-0.096626744,0.397821218,0.528348207,-0.15141651,0.741814494,0.532097578,-0.000760618,0.276263535,0.552103043,-0.461089134,0.878060937,0.524663508,-0.049012374,0.314158797,0.379733592,-0.841077685,0.578612685,0.89480567,0.00769744,0.453419358,0.897978783,-0.006756419,109,106,8,113
turn_right,0.593307853,0.519643605,-0.09819071,0.398134917,0.527854621,-0.172453135,0.741604209,0.532357872,0.002998907,0.277396023,0.552151918,-0.490276992,0.877995849,0.524741232,-0.037505493,0.31898421,0.388012528,-0.868219018,0.578617454,0.894538224,0.009697526,0.453490406,0.897668242,-0.008700397,109,106,8,116
turn_right,0.593380809,0.519654989,-0.096973002,0.398198187,0.527038038,-0.166893154,0.74155432,0.532461405,0.00263822,0.278010964,0.551755786,-0.481843859,0.877852738,0.52464819,-0.049500201,0.318410069,0.386955053,-0.864493549,0.578588784,0.894348323,0.009989703,0.453467131,0.897614181,-0.009032011,109,105,8,115
turn_right,0.594168067,0.519654691,-0.068459921,0.399015516,0.527025461,-0.099248372,0.741619945,0.532985747,0.011521833,0.278268158,0.551754713,-0.389902055,0.877737999,0.52469945,-0.060614299,0.309155017,0.386606812,-0.788582265,0.578587532,0.894572794,0.008617049,0.453484684,0.897760332,-0.007710857,109,105,9,112
turn_right,0.594425082,0.519739091,-0.067722648,0.399285883,0.527150393,-0.098659568,0.741629958,0.533722699,0.007929115,0.278369725,0.551264346,-0.377111912,0.877824306,0.524953425,-0.091118321,0.304642111,0.378308415,-0.769602478,0.578587115,0.894597232,0.00724079,0.45350796,0.897764802,-0.006340442,109,106,9,110
turn_right,0.595401883,0.519578338,-0.067844495,0.400273561,0.527229905,-0.102730609,0.743123055,0.533878744,0.001244428,0.280241847,0.553097665,-0.354434013,0.878320515,0.526048481,-0.110323682,0.278686583,0.375406474,-0.748222709,0.578594983,0.894816697,0.006468383,0.453515351,0.897913754,-0.005561477,109,105,9,102
turn_right,0.596427739,0.519552588,-0.080835938,0.400674343,0.527046859,-0.105946802,0.745593905,0.534043193,-0.030859495,0.280133873,0.552849174,-0.353558272,0.880021095,0.527968764,-0.165032297,0.259992748,0.372454226,-0.750347853,0.578583419,0.89522773,0.005586935,0.453624964,0.898029745,-0.004698089,109,105,8,96
turn_right,0.596787751,0.51950258,-0.071885161,0.400840044,0.527376652,-0.10626775,0.746922135,0.534055889,-0.011836583,0.27967006,0.54964298,-0.299502313,0.881338775,0.529752195,-0.143669456,0.23015447,0.369638562,-0.648934901,0.578642786,0.895687521,0.005829035,0.453650713,0.898977935,-0.004892047,109,106,7,85
turn_right,0.59441334,0.520295024,-0.019434676,0.396553218,0.528660476,-0.075831756,0.735238254,0.535716891,0.053705551,0.26754567,0.550697446,-0.310270488,0.85740912,0.529532254,-0.081337497,0.239361882,0.365686119,-0.665429294,0.578601301,0.895359278,0.00588725,0.45355922,0.898568571,-0.00493348,107,108,9,91
turn_right,0.592113137,0.520446181,-0.001650509,0.393133104,0.530382037,-0.047772564,0.727373898,0.535937965,0.054146927,0.260590434,0.550322652,-0.282762945,0.851209998,0.527767599,-0.085031137,0.245386839,0.359032214,-0.627342403,0.578579962,0.895133197,0.00588926,0.453419745,0.898251951,-0.004940478,106,110,10,94
turn_right,0.591223001,0.520451784,0.015375474,0.391216099,0.531725585,-0.028841784,0.725480616,0.536066651,0.073294207,0.256919146,0.550236046,-0.244242981,0.846838117,0.527295053,-0.07591179,0.240662977,0.357562155,-0.581486881,0.578621268,0.894301951,0.005924582,0.453376442,0.897523165,-0.004978906,106,112,11,93
turn_right,0.591133058,0.520717263,-0.007405768,0.391546786,0.532389164,-0.049334489,0.725244224,0.536365449,0.04293507,0.253313154,0.550760984,-0.249511838,0.846300721,0.52720052,-0.132973015,0.204171464,0.359499484,-0.568369448,0.578608632,0.894240737,0.0058897,0.453042924,0.89744395,-0.004953797,106,112,11,83
turn_right,0.590565741,0.520827889,-0.016553778,0.391749799,0.532539904,-0.058747552,0.723234832,0.536451161,0.038135462,0.25058344,0.550651252,-0.242835,0.844710529,0.527142167,-0.141280994,0.19016093,0.359903872,-0.549693704,0.57853657,0.894057393,0.005940421,0.452964604,0.897283494,-0.005011065,105,113,11,80
turn_right,0.590152442,0.522479355,-0.021162599,0.391828567,0.532868087,-0.078692913,0.724245667,0.536483169,0.004244157,0.249290675,0.54938823,-0.257430851,0.84668386,0.529496193,-0.16631034,0.179867923,0.363511384,-0.551174462,0.578507066,0.893921793,0.005945756,0.452939808,0.897315323,-0.005019932,106,114,9,76
turn_right,0.589789748,0.523307979,-0.012353642,0.391954184,0.532866955,-0.07566154,0.724997342,0.53673923,0.014393263,0.248520538,0.548473418,-0.252770782,0.846469223,0.531563044,-0.153065994,0.180129588,0.363651961,-0.548411071,0.57838279,0.893897772,0.006436758,0.452937752,0.897302091,-0.005525877,107,114,8,76
turn_right,0.589307189,0.523579359,-0.03552372,0.391569793,0.532905459,-0.097508475,0.725370288,0.53685832,0.005160335,0.247719079,0.548785985,-0.298398852,0.845801651,0.531992733,-0.152569786,0.19157733,0.363115668,-0.610467315,0.578379333,0.893509209,0.006776807,0.452936649,0.897217929,-0.005881957,107,114,8,79
turn_right,0.588349104,0.523466647,-0.034003664,0.39068526,0.532828331,-0.098426357,0.724619269,0.537275195,0.015303029,0.246732086,0.549456298,-0.300575703,0.841685653,0.531768203,-0.147573769,0.198390797,0.361834526,-0.614421844,0.578371823,0.893169045,0.007594164,0.452924341,0.896995187,-0.006677052,107,114,8,82
turn_right,0.588169694,0.523631155,-0.011944246,0.390243143,0.532882929,-0.079897828,0.724857867,0.537280738,0.041387923,0.246641189,0.549473822,-0.287057698,0.842676938,0.53188473,-0.107364215,0.199302971,0.354332805,-0.600101411,0.578156888,0.892976582,0.00775628,0.452444375,0.896886051,-0.00684094,107,114,8,83
turn_right,0.587026298,0.523546875,0.010598108,0.389486253,0.532774568,-0.06234768,0.723185718,0.53715688,0.085725509,0.247225761,0.550102174,-0.298058748,0.84223336,0.53157109,-0.032674633,0.245345265,0.353912205,-0.637916207,0.57808733,0.892232478,0.00777485,0.452450663,0.896653175,-0.006861369,107,114,8,96
turn_right,0.586767077,0.523604035,0.004045824,0.388753682,0.532773197,-0.065435924,0.723430932,0.537155926,0.077429064,0.247251242,0.550819933,-0.324556082,0.842801571,0.53151381,-0.04036589,0.264240503,0.353463262,-0.664567351,0.578059554,0.891651869,0.007947288,0.452452958,0.896386862,-0.007027789,107,113,8,102
turn_right,0.586433053,0.523935974,0.001881832,0.38718468,0.533125043,-0.065617666,0.721540451,0.537782907,0.095529474,0.248210192,0.554012597,-0.361254424,0.838144779,0.531613529,0.002184865,0.29544726,0.365998417,-0.721440732,0.577634692,0.891144574,0.008638378,0.452144533,0.895840049,-0.007732786,106,112,9,113
turn_right,0.586238682,0.524223089,-0.004824468,0.387020648,0.53313756,-0.095082954,0.721477807,0.538038969,0.086856447,0.249284938,0.556016386,-0.387991071,0.838771462,0.532012045,-0.012618926,0.302536309,0.374374956,-0.744002759,0.577499509,0.888856351,0.010109876,0.452141672,0.892825186,-0.009097613,106,112,9,116
turn_right,0.586072266,0.524317384,-0.006421704,0.386534721,0.533313036,-0.094027333,0.721421599,0.538006842,0.085677288,0.250577629,0.555940986,-0.372835875,0.838983178,0.532560647,-0.016874287,0.302990288,0.373846143,-0.72023046,0.577243924,0.887430131,0.010352335,0.45200935,0.891839266,-0.009371517,107,112,8,116
turn_right,0.586100698,0.524122179,-0.006529524,0.38650912,0.533620119,-0.094307959,0.721516371,0.537924826,0.079996318,0.251060545,0.555879593,-0.372006476,0.839360714,0.533207655,-0.030944709,0.299893528,0.373122841,-0.7236166,0.577171743,0.886271715,0.010361992,0.451995283,0.890492499,-0.009379475,107,112,8,114
turn_right,0.586112797,0.5240888,0.00022501,0.386627167,0.533009708,-0.070533976,0.722429574,0.537498593,0.081319571,0.250591069,0.554828405,-0.329480022,0.839617908,0.533651769,-0.035151243,0.289998829,0.365806162,-0.677416027,0.576936603,0.88629967,0.009425875,0.451950729,0.890585065,-0.00849585,107,112,7,111
turn_right,0.586119115,0.523868442,0.016338838,0.386820018,0.531864524,-0.051631995,0.723012686,0.53720963,0.102585301,0.250444114,0.554847121,-0.281214893,0.839666188,0.534540892,-0.008718328,0.285815656,0.361796319,-0.602738798,0.576387286,0.886334121,0.008526474,0.45106855,0.890618384,-0.007647592,107,111,7,110
turn_right,0.586192608,0.523052037,0.011869436,0.388212949,0.531869292,-0.052992035,0.723485291,0.536785841,0.097269133,0.250856936,0.558502972,-0.270267546,0.839853942,0.534587145,-0.019997943,0.246227354,0.361608982,-0.582032263,0.576402366,0.886590242,0.008023086,0.451001227,0.891001403,-0.007147903,107,110,7,100
turn_right,0.586553395,0.521975219,-0.006113905,0.389407367,0.531712592,-0.063450195,0.723502994,0.536261022,0.064260706,0.250478804,0.558354378,-0.257694811,0.839838505,0.534287751,-0.071843371,0.210983723,0.362633824,-0.560066164,0.57671392,0.886619687,0.007600868,0.451334894,0.891153336,-0.006755635,107,110,7,89
turn_right,0.5867576,0.521394789,-0.019715734,0.390400827,0.531714737,-0.080540732,0.723757863,0.535778821,0.049180802,0.249424174,0.556764185,-0.253688395,0.839987397,0.534008086,-0.090249419,0.198686421,0.362726629,-0.539948463,0.576926291,0.886641741,0.007387049,0.451618582,0.891355753,-0.006537547,107,111,7,85
turn_right,0.587248206,0.520922422,-0.01012589,0.391660869,0.531573951,-0.068173625,0.723783314,0.535749137,0.057127059,0.248837546,0.55604738,-0.217718393,0.840072989,0.533831239,-0.086925626,0.19636634,0.36295262,-0.492293358,0.576960385,0.886969328,0.006910545,0.451622963,0.891889811,-0.006079786,106,111,7,85
turn_right,0.587254703,0.520750999,-0.029992515,0.391658068,0.531564474,-0.099838011,0.723305821,0.535766602,0.051637955,0.248863488,0.556681275,-0.240196854,0.836978316,0.533849835,-0.09008716,0.203426838,0.362145007,-0.544523299,0.576963186,0.8869856,0.0071147,0.45155248,0.892133951,-0.00624714,106,111,7,87
turn_right,0.587342858,0.520732939,-0.038180746,0.391646326,0.531936884,-0.114953853,0.723323822,0.535952866,0.052646983,0.24885723,0.556754291,-0.241015002,0.836585879,0.53417623,-0.082816303,0.207328126,0.355100036,-0.557074189,0.576966286,0.887051165,0.00716698,0.451530933,0.892378688,-0.006283855,106,111,7,88
turn_right,0.587283969,0.520667791,-0.017936571,0.391637325,0.53205514,-0.09491238,0.723347545,0.535985708,0.070304357,0.25042221,0.558166087,-0.245213553,0.836757958,0.534346581,-0.064174108,0.234917685,0.353917688,-0.559138894,0.576963246,0.887063444,0.007156906,0.451553255,0.892622232,-0.006271244,106,111,7,96
turn_right,0.587287903,0.520655751,-0.016133314,0.391652524,0.531853676,-0.087042615,0.723285615,0.535989404,0.070021614,0.251984805,0.558471859,-0.261653483,0.835852027,0.534351647,-0.068869241,0.249886245,0.354179949,-0.585947573,0.576936662,0.88705188,0.007093281,0.451546729,0.892641246,-0.006197813,106,110,7,100
turn_right,0.587431133,0.520707369,-0.001826375,0.391468912,0.531974792,-0.069688603,0.72336781,0.535988927,0.088898815,0.252044559,0.558193862,-0.303747207,0.836568177,0.534431219,-0.023483716,0.284480423,0.359463662,-0.649732947,0.576930344,0.887064159,0.007136499,0.451571137,0.89266324,-0.006250869,106,110,7,110
turn_right,0.587457895,0.520735443,0.009725502,0.391406417,0.532009304,-0.067690089,0.723383248,0.535993159,0.115456149,0.253004164,0.558556676,-0.309291601,0.836660564,0.534434378,0.016568568,0.293783635,0.36206907,-0.64458549,0.576850712,0.887130201,0.007461281,0.451573372,0.892738998,-0.006566516,106,110,7,113
turn_right,0.587637663,0.520747244,0.006077526,0.39145112,0.531986177,-0.07368426,0.72364074,0.536182046,0.107312001,0.254219264,0.558506191,-0.34558177,0.837255955,0.534274697,0.008572414,0.301246345,0.366698951,-0.694694996,0.576848865,0.887340546,0.008041652,0.451702178,0.892756224,-0.007127066,106,110,7,115
turn_right,0.587633669,0.520924628,-0.000420172,0.391418368,0.532295465,-0.089233324,0.724111915,0.536215007,0.101656221,0.25533396,0.558482945,-0.350526392,0.838187993,0.534224808,0.002625507,0.300745696,0.368149817,-0.685509086,0.57682693,0.887354136,0.008093673,0.451762676,0.892633498,-0.007169177,106,110,7,114
turn_right,0.590055346,0.521517515,-0.037883904,0.392252266,0.532367408,-0.101062521,0.73191005,0.535924375,0.039074183,0.259774923,0.5574494,-0.382449538,0.853027999,0.53504318,-0.05213936,0.305842459,0.373677105,-0.722012877,0.576608419,0.887367666,0.008092265,0.45161128,0.892567277,-0.007170656,108,109,6,115
turn_right,0.591384828,0.521535039,-0.00943287,0.392249286,0.533080816,-0.054263253,0.737913013,0.535717666,0.051335998,0.259601325,0.557761312,-0.311043203,0.86288482,0.536816537,-0.052087069,0.284502,0.369478673,-0.65676105,0.57660836,0.889637351,0.006547187,0.451483101,0.894800425,-0.005683128,109,109,5,108
turn_right,0.591579199,0.521567404,-0.003254553,0.392339647,0.533162177,-0.058303874,0.738022208,0.535610497,0.057002466,0.260808527,0.557678223,-0.331492245,0.861399949,0.536035478,-0.038016506,0.293274939,0.370778769,-0.686585546,0.576624513,0.890886545,0.006368998,0.451450199,0.89588064,-0.005521243,109,109,5,110
turn_right,0.591549218,0.521560431,-0.012785271,0.392321587,0.533157527,-0.067812808,0.737542331,0.535571456,0.046538755,0.262029141,0.556791425,-0.362673968,0.863276184,0.535119653,-0.056327563,0.299187213,0.371875614,-0.723573685,0.576623321,0.891076982,0.006379276,0.451350272,0.896119118,-0.00553012,109,109,6,112
turn_right,0.591529191,0.521453023,-0.020962732,0.3923572,0.533151686,-0.076665454,0.737261176,0.535426021,0.046122741,0.2632249,0.556404948,-0.37641573,0.866268516,0.533523798,-0.04978998,0.302512467,0.374038517,-0.736526132,0.5766415,0.891702473,0.006381684,0.451339394,0.896359563,-0.005532828,109,109,6,112
turn_right,0.591517448,0.521416247,-0.020018082,0.392306864,0.533306181,-0.076789573,0.736903787,0.535393536,0.04903787,0.263669461,0.55627197,-0.3755683,0.865625381,0.531740665,-0.027050182,0.301982433,0.374927968,-0.741757512,0.576841891,0.892019033,0.006302974,0.451336861,0.897064805,-0.005472952,109,109,7,112
turn_right,0.591399312,0.521175146,0.001508853,0.39230293,0.533321798,-0.05068757,0.73630482,0.535363317,0.05988742,0.263683915,0.556737065,-0.332263649,0.864472508,0.528543651,-0.025289128,0.28814593,0.373637825,-0.709742844,0.576877296,0.892999649,0.005810387,0.451345205,0.897775531,-0.004986801,108,109,9,108
turn_right,0.59138,0.521008015,0.010040555,0.392298877,0.533640265,-0.033080738,0.736094832,0.535046697,0.064928897,0.263564944,0.556877434,-0.290549815,0.863865376,0.527202547,-0.025088575,0.275449961,0.370951802,-0.642334759,0.576898456,0.893260837,0.004329429,0.451419502,0.897807777,-0.00354222,108,109,9,104
turn_right,0.591358542,0.520889521,0.016972184,0.392687976,0.533603311,-0.02766199,0.736052632,0.534564018,0.067560859,0.26344946,0.557015359,-0.256728679,0.863264561,0.525928617,-0.041037299,0.240026563,0.368318349,-0.608392835,0.577115953,0.893615067,0.004167032,0.45177865,0.898059487,-0.003379977,108,109,9,93
turn_right,0.591349006,0.520830214,0.014480686,0.392856956,0.533618748,-0.036584713,0.73592937,0.534459472,0.062994763,0.263369858,0.556302369,-0.263147712,0.863541245,0.525916398,-0.063772902,0.227169067,0.364583164,-0.611780822,0.577190995,0.894406497,0.004218915,0.452185929,0.898696303,-0.003425038,108,109,9,89
turn_right,0.591394305,0.520617723,0.007016973,0.393391579,0.533611655,-0.04130799,0.736017048,0.534102798,0.057638634,0.26235956,0.555583,-0.252612829,0.86342603,0.525259793,-0.073060453,0.21962671,0.363812923,-0.589070916,0.577427268,0.894378483,0.004027026,0.452506363,0.898749769,-0.003238524,108,109,9,87
turn_right,0.591627479,0.520457685,0.00685693,0.394367218,0.533621967,-0.02737923,0.736369908,0.533427656,0.050898045,0.262992084,0.557037175,-0.236402556,0.864519596,0.525226712,-0.080444381,0.212282136,0.37808004,-0.586940587,0.577461183,0.894637346,0.003309628,0.452581257,0.898758054,-0.002539471,109,109,9,84
turn_right,0.591703057,0.520466864,-0.002864311,0.394891798,0.533762097,-0.031855453,0.736307263,0.533363342,0.037709374,0.262959898,0.557045579,-0.247124583,0.864296138,0.525139928,-0.099540412,0.210297748,0.378486693,-0.588684857,0.577698827,0.894634664,0.002938139,0.452863365,0.898785889,-0.002176963,109,109,9,84
turn_right,0.59157753,0.520383656,-0.002133545,0.39418149,0.534368634,-0.03558832,0.73607868,0.533308566,0.039040171,0.262932718,0.557962596,-0.25084272,0.863397777,0.52322197,-0.108554624,0.220313877,0.373465478,-0.588142276,0.577740788,0.894687712,0.002911029,0.452788264,0.898787498,-0.002147978,109,109,10,87
turn_right,0.591559529,0.520336628,0.006551734,0.393459648,0.534615099,-0.026772669,0.736147285,0.533075213,0.041501991,0.263055146,0.559484303,-0.25377515,0.863303363,0.5223943,-0.095765941,0.223215133,0.373265237,-0.589063764,0.577744067,0.894992411,0.002803934,0.452662557,0.898769975,-0.002042879,109,108,10,89
turn_right,0.591131568,0.520059347,0.002197482,0.392780185,0.535054147,-0.035490192,0.735233724,0.532785118,0.050959658,0.262975067,0.559659779,-0.313060939,0.863275826,0.521668315,-0.048177414,0.267772496,0.373191833,-0.685710073,0.577749014,0.895039976,0.002806109,0.452763557,0.898798764,-0.002043838,108,108,10,102
turn_right,0.590981126,0.520086467,-0.002711027,0.392325878,0.535336912,-0.048031516,0.735217035,0.532792807,0.051093102,0.262954503,0.559370995,-0.333067626,0.863249183,0.520517886,-0.044798337,0.28416574,0.373058289,-0.707448602,0.577742457,0.895056188,0.002887051,0.452799976,0.898797333,-0.002115446,108,109,11,107
turn_right,0.590974331,0.520085096,-0.01875009,0.392273039,0.535393059,-0.069801375,0.734919369,0.532781661,0.051246457,0.263917327,0.558805525,-0.363055885,0.863179386,0.520577192,-0.034602046,0.3035869,0.378575802,-0.735760212,0.577678323,0.894969165,0.003237254,0.452604443,0.898092687,-0.002460329,108,109,10,113
turn_right,0.591018081,0.520249426,-0.025311571,0.392249942,0.535439253,-0.083958641,0.735123456,0.532837689,0.046075352,0.264373034,0.558648348,-0.385810554,0.863117099,0.520603657,-0.039979957,0.308256686,0.383789957,-0.754686952,0.577680945,0.894987822,0.004196738,0.452252686,0.898089528,-0.003411735,109,109,10,114
turn_right,0.59130758,0.520340323,-0.022148419,0.392989546,0.535181105,-0.077078082,0.735114813,0.533088684,0.04535123,0.264903128,0.556490481,-0.363925815,0.863077343,0.52096498,-0.046041131,0.304215729,0.382696778,-0.731938779,0.577636123,0.894817293,0.00453863,0.452182204,0.897914231,-0.003768791,108,109,10,112
turn_right,0.591545284,0.520530343,-0.018630203,0.393576473,0.535108149,-0.076560587,0.735573232,0.533509493,0.049187548,0.264974177,0.556410968,-0.354284674,0.86364603,0.521777809,-0.04480771,0.300581902,0.382540137,-0.723703742,0.577725232,0.894822121,0.004697409,0.452267349,0.897880793,-0.003926708,108,109,10,111
turn_right,0.592406154,0.52070415,-0.017993037,0.393779963,0.534804761,-0.075826585,0.735607266,0.533868134,0.050156794,0.265059769,0.55610913,-0.347827792,0.863621712,0.52268368,-0.050558735,0.296789676,0.381457359,-0.722005665,0.577712417,0.894795597,0.005142515,0.452266067,0.897885084,-0.004341209,108,109,10,110
turn_right,0.592936456,0.520899951,0.000317071,0.394394934,0.534114838,-0.051743209,0.738754153,0.533777535,0.052080564,0.266434848,0.555211902,-0.312259674,0.867387772,0.524302602,-0.053891085,0.276654035,0.370468199,-0.686003625,0.57774514,0.894952416,0.005102055,0.452454567,0.898050487,-0.004302646,109,109,9,103
turn_right,0.594166458,0.521033406,-0.032784447,0.396166891,0.534049571,-0.062689513,0.744725406,0.533777535,0.016554793,0.266610801,0.555143058,-0.303171009,0.879877567,0.529035211,-0.104798496,0.237086147,0.368993074,-0.667258203,0.577776909,0.894952834,0.004370039,0.453022897,0.897972345,-0.003604654,110,109,7,90
turn_right,0.595251679,0.521066785,-0.047468808,0.397588313,0.534039259,-0.079549432,0.748939276,0.533683836,0.000702575,0.266723782,0.554201186,-0.302033097,0.885495067,0.533223391,-0.116667211,0.225635976,0.368286341,-0.656804204,0.57798326,0.894998252,0.004108934,0.453285038,0.897914648,-0.003369586,111,110,5,86
turn_right,0.595805645,0.52120322,-0.03941603,0.398318499,0.534039557,-0.07710924,0.74871093,0.533690512,0.011814424,0.266468465,0.552641749,-0.276731551,0.883388817,0.533587396,-0.112780228,0.219185114,0.367145598,-0.609829783,0.57836771,0.895673037,0.004165425,0.453925699,0.898174405,-0.003421566,111,110,5,84
turn_right,0.595813334,0.521575332,-0.004791667,0.398694396,0.534400284,-0.054048933,0.748040795,0.533753574,0.040356942,0.266803175,0.55253911,-0.263019264,0.882903934,0.533427298,-0.077735849,0.221438006,0.367206633,-0.605654836,0.578487813,0.896207511,0.004339183,0.454124153,0.898503304,-0.003612149,110,111,5,84
turn_right,0.595852971,0.521540463,-0.002917889,0.399038613,0.534495234,-0.055032242,0.74759078,0.533691823,0.045428727,0.267778337,0.5532251,-0.263784528,0.882496953,0.53340137,-0.078248106,0.225256711,0.367434293,-0.604051054,0.578496337,0.896253347,0.005109227,0.454197794,0.898540616,-0.00437115,110,110,5,85
turn_right,0.59584105,0.521429837,0.015988003,0.399013162,0.533491015,-0.015972577,0.7455163,0.533714294,0.054703929,0.268185198,0.553197801,-0.257237613,0.874282837,0.531608701,-0.077386804,0.243238643,0.366493523,-0.620151877,0.578463674,0.896254301,0.004747726,0.454199493,0.898490965,-0.003998344,110,110,6,91
turn_right,0.595861912,0.521106184,0.009733009,0.399041384,0.533285677,-0.025726313,0.74298805,0.533839762,0.05419926,0.268568128,0.553149402,-0.266668707,0.870699048,0.53004241,-0.090665452,0.256387949,0.364302963,-0.628681421,0.578404307,0.896386147,0.004575998,0.454075634,0.898493886,-0.00380905,109,110,7,95
turn_right,0.595852554,0.520902395,-0.065978333,0.399032563,0.532865763,-0.115747705,0.742950797,0.533842921,0.000313759,0.268863589,0.552304327,-0.302177221,0.871814728,0.530164361,-0.137710154,0.236313984,0.361383915,-0.636152864,0.578406394,0.896060586,0.0058498,0.454090118,0.898245513,-0.004937687,109,110,7,89
turn_right,0.595856428,0.521066785,-0.056431383,0.39968127,0.532867134,-0.108762763,0.74016124,0.53373915,0.017195236,0.268846154,0.55193609,-0.242968768,0.869008362,0.526922822,-0.099467576,0.211819619,0.375012398,-0.555098236,0.578430772,0.896698415,0.006676025,0.454275757,0.898502111,-0.00577079,109,110,8,80
turn_right,0.595864177,0.521186233,-0.055481225,0.400054753,0.53285867,-0.108206891,0.739133179,0.533421278,0.02417689,0.268841207,0.5516029,-0.237088755,0.867088199,0.523904443,-0.09856493,0.209215522,0.376287848,-0.554087043,0.578502536,0.896841586,0.006709204,0.45435515,0.898504615,-0.005806189,109,110,9,79
turn_right,0.595867455,0.521189094,-0.04983307,0.400226682,0.532777786,-0.104392074,0.73813796,0.533014953,0.034346614,0.268838733,0.551535368,-0.248839766,0.864990354,0.520846009,-0.082271859,0.212960869,0.376549512,-0.580792308,0.5785079,0.89692384,0.00701665,0.454432786,0.898553491,-0.006111104,109,110,10,80
turn_right,0.595871091,0.521182775,-0.044203646,0.400112063,0.532575548,-0.095879421,0.738164306,0.532200456,0.049802113,0.268815488,0.551515639,-0.251417577,0.866012692,0.520737708,-0.062415063,0.213595554,0.369785249,-0.58605957,0.578326643,0.897016108,0.006900708,0.454238176,0.898685694,-0.005987793,109,110,10,81
turn_right,0.595895648,0.521039724,-0.013836892,0.400033236,0.532478392,-0.058007151,0.738032222,0.532061398,0.062595464,0.268796384,0.551496387,-0.247669846,0.865965009,0.519670665,-0.049645159,0.223296762,0.366618097,-0.588085294,0.578327835,0.897018313,0.006746713,0.45425877,0.898681462,-0.005839984,109,110,10,84
turn_right,0.595691383,0.52102685,-0.012523579,0.399131536,0.532576442,-0.048375793,0.7377913,0.532747447,0.059396528,0.26875326,0.553169429,-0.300862134,0.862496674,0.520498872,-0.047350205,0.271524489,0.367229789,-0.693082452,0.578173697,0.896932185,0.006003368,0.453995526,0.898444891,-0.005108938,109,109,10,100
turn_right,0.59525907,0.521036446,-0.015654087,0.398285091,0.532815158,-0.053844213,0.737462819,0.533415258,0.059273083,0.268746316,0.555919766,-0.336287349,0.86071825,0.521457016,-0.052346379,0.285820633,0.369575083,-0.731064737,0.578164697,0.896842957,0.006002587,0.453957498,0.898346543,-0.005105601,109,108,11,105
turn_right,0.594562173,0.521162331,-0.060260631,0.397726059,0.532891333,-0.11605303,0.736979127,0.533793569,0.026693176,0.268717229,0.555851936,-0.422037363,0.860796452,0.524472892,-0.053812604,0.302688986,0.372912884,-0.810566604,0.578091502,0.896288574,0.006630494,0.453926563,0.89762646,-0.005736968,109,108,9,111
turn_right,0.594156027,0.521205068,-0.075173445,0.397367895,0.532891691,-0.129188389,0.736642003,0.533875048,0.009121553,0.268715441,0.555872858,-0.434600532,0.860838771,0.526302457,-0.067065813,0.308305413,0.376001984,-0.820156753,0.578054309,0.895336568,0.006882291,0.453863055,0.896347582,-0.005988275,109,108,9,113
turn_right,0.593719602,0.521205068,-0.079033419,0.397293001,0.532594025,-0.133216053,0.735976636,0.533936083,0.007880295,0.268816769,0.555836558,-0.435252249,0.860976577,0.526507437,-0.067210004,0.311930925,0.378947675,-0.814851642,0.577957392,0.895033419,0.006980697,0.453669399,0.89527607,-0.006087008,109,108,9,114
turn_right,0.593400955,0.52156198,-0.074378647,0.396483362,0.533086896,-0.129196361,0.734839559,0.534495711,0.015755661,0.268060803,0.555705309,-0.400455803,0.858819008,0.5263744,-0.060235869,0.304672778,0.378784835,-0.795764685,0.577941597,0.895478368,0.00693268,0.453567982,0.895341516,-0.006029447,108,109,9,112
turn_right,0.592851937,0.521949708,-0.071333513,0.39570874,0.533154428,-0.125941217,0.734660447,0.534963369,0.021053281,0.267571002,0.555885494,-0.385811448,0.858902574,0.526695669,-0.059874147,0.301015913,0.37865296,-0.782274723,0.577939153,0.895785153,0.006918828,0.453537881,0.895482659,-0.006006295,108,109,9,111
turn_right,0.592695892,0.521934628,-0.045680847,0.395507187,0.533327937,-0.087349191,0.734905958,0.536612868,0.02195454,0.267216086,0.556864858,-0.349603474,0.859038532,0.531857789,-0.073044538,0.290904731,0.375002116,-0.723590732,0.577993751,0.896183372,0.006360339,0.45367679,0.896049917,-0.005440411,108,108,8,108
turn_right,0.592020869,0.522313952,-0.043218065,0.394982159,0.533137977,-0.085926138,0.735425174,0.537359655,0.028988067,0.267199546,0.556863487,-0.302722216,0.860769153,0.540220499,-0.078185886,0.257988393,0.373207361,-0.659875512,0.578151643,0.89613235,0.006254429,0.454109281,0.896164596,-0.005320453,108,108,5,98
turn_right,0.591477752,0.522449553,-0.042820301,0.394737899,0.533302605,-0.086176649,0.735534132,0.538043857,0.029059237,0.267189443,0.556613803,-0.29026705,0.861707985,0.54190886,-0.085529745,0.243018299,0.369502515,-0.629720926,0.578376353,0.895694017,0.006032692,0.454621553,0.896177173,-0.005087444,108,109,4,93
turn_right,0.591482282,0.522788465,-0.067440771,0.394701451,0.533560336,-0.109898314,0.738827586,0.538473368,-0.002360203,0.265996486,0.554635882,-0.304949552,0.871122241,0.547421098,-0.132748634,0.227774337,0.363209575,-0.644748807,0.578418791,0.895709217,0.006073814,0.454694688,0.896878004,-0.005122416,108,110,2,88
turn_right,0.592117488,0.523570359,-0.086427487,0.394892633,0.533364892,-0.112481236,0.744683206,0.539478064,-0.035517897,0.263069808,0.551458299,-0.299160302,0.88488245,0.554304838,-0.173347786,0.201912671,0.36563319,-0.641935647,0.578375518,0.895693064,0.005191331,0.454693735,0.897149801,-0.004227648,109,111,360,80
turn_right,0.592559397,0.524114013,-0.089650527,0.395028353,0.533230424,-0.112796746,0.747200012,0.540166914,-0.039613146,0.261484832,0.549698949,-0.296708018,0.888816059,0.556971431,-0.176908195,0.198073879,0.367254615,-0.639829397,0.578338325,0.895672441,0.004571926,0.454690933,0.897325575,-0.00360072,109,112,359,78
turn_right,0.59262538,0.524120867,-0.119842589,0.395018846,0.533639312,-0.152562425,0.748126507,0.540434539,-0.063787565,0.260276139,0.550242245,-0.300631702,0.889262021,0.557614505,-0.197455853,0.196446359,0.36990124,-0.634005487,0.578403294,0.895683527,0.004612545,0.454711348,0.897848725,-0.003632803,110,112,359,78
turn_right,0.592641652,0.524125934,-0.11084418,0.394933939,0.533814549,-0.138262466,0.748142004,0.540828705,-0.053070586,0.259459347,0.551271558,-0.304193199,0.889815629,0.558577716,-0.185650647,0.199881822,0.370553434,-0.645413756,0.578438997,0.895669758,0.004136956,0.454687655,0.89804107,-0.003160245,109,112,359,79
turn_right,0.590591013,0.524124265,-0.101826392,0.393496752,0.533267677,-0.121866345,0.747386813,0.540823758,-0.030141469,0.259534091,0.552434206,-0.339896381,0.887954891,0.558207214,-0.152504534,0.226867154,0.366436124,-0.725430012,0.578440428,0.894986808,0.003992454,0.454681337,0.897891104,-0.003040317,109,111,359,88
turn_right,0.589996278,0.524124086,-0.09704873,0.393058836,0.5330832,-0.120941892,0.747198939,0.540819347,-0.026599422,0.2595945,0.553530633,-0.35274905,0.886979222,0.558041334,-0.149686188,0.250121266,0.363275081,-0.730552852,0.57844013,0.894929051,0.003840184,0.454612315,0.897836149,-0.002898211,109,111,359,96
turn_right,0.589231312,0.52434653,-0.099821761,0.391314209,0.533245265,-0.135958731,0.747069538,0.54078871,-0.024355575,0.259422749,0.553924978,-0.400646627,0.888393104,0.558865607,-0.120323159,0.278572053,0.363730878,-0.761333108,0.578430235,0.894405246,0.003916497,0.454459757,0.89768815,-0.002992587,110,111,359,105
turn_right,0.588218331,0.524354577,-0.109454371,0.390570343,0.53336513,-0.167261243,0.745736837,0.540257692,-0.019689348,0.259846538,0.553927422,-0.459379584,0.887753367,0.558457971,-0.069585338,0.300965369,0.369342417,-0.816232383,0.578361392,0.893575072,0.004537904,0.454251707,0.897270083,-0.003675421,110,111,358,111
turn_right,0.58762306,0.524356186,-0.103602171,0.390503258,0.533421397,-0.158266932,0.741870344,0.540117562,-0.004634685,0.260717601,0.55376476,-0.452245414,0.882195294,0.554893732,-0.06468299,0.306166828,0.373869091,-0.811160207,0.578314543,0.893026888,0.005208657,0.454186857,0.896645725,-0.004362723,109,111,360,113
turn_right,0.587403655,0.524346471,-0.086202875,0.39015761,0.533399284,-0.157395661,0.738432765,0.540109575,0.01326863,0.260749519,0.553378105,-0.430567026,0.87386477,0.550660253,-0.053995453,0.302246451,0.373813778,-0.793545246,0.578221679,0.893018842,0.005937508,0.454182625,0.896647632,-0.005078055,108,111,2,112
turn_right,0.587192893,0.524248838,-0.064704619,0.39018029,0.533279896,-0.113574222,0.737062573,0.539964259,0.02456693,0.260715067,0.55307585,-0.393706113,0.870388031,0.547235191,-0.05512638,0.297683388,0.373785436,-0.756987691,0.578150213,0.892917812,0.005849387,0.4541623,0.896569133,-0.004989203,108,111,3,110
turn_right,0.587293625,0.523199141,-0.055258173,0.390502721,0.532281995,-0.098369718,0.737151504,0.539870322,0.018173561,0.26098606,0.549462438,-0.352324307,0.870704651,0.546466768,-0.088632897,0.281819701,0.361967266,-0.716545403,0.578070521,0.892756283,0.005285229,0.454162925,0.896432459,-0.004400616,108,112,4,104
turn_right,0.587324798,0.523101985,-0.043300785,0.390620232,0.53218168,-0.082233518,0.737228394,0.539766312,0.023524543,0.261060894,0.54864949,-0.328014314,0.870919824,0.546346605,-0.088785723,0.267474592,0.356947422,-0.6968261,0.578066409,0.892756045,0.004723221,0.454198301,0.896441221,-0.003844317,108,112,4,99
turn_right,0.590741932,0.523082435,-0.061741598,0.391918093,0.531847656,-0.101365164,0.73985219,0.539836645,-0.01338282,0.261155158,0.548714817,-0.337670743,0.873690963,0.546848953,-0.142146379,0.26642105,0.35694626,-0.707201958,0.57791847,0.892711401,0.004719427,0.454190105,0.896146059,-0.003836203,108,112,3,99
turn_right,0.59102428,0.522349358,-0.072671846,0.391945332,0.531815886,-0.115799055,0.739856899,0.539610326,-0.012112977,0.261178404,0.548762321,-0.387601435,0.873340428,0.546889842,-0.11925894,0.281539708,0.357143283,-0.76357615,0.577959836,0.892526329,0.004834283,0.454472363,0.895992041,-0.003953716,108,112,3,103
turn_right,0.591081023,0.522102296,-0.035053585,0.392100096,0.531812847,-0.079690307,0.739887178,0.539537966,0.030347785,0.262523353,0.548788071,-0.323954225,0.873099029,0.546847522,-0.085688099,0.268235624,0.356510013,-0.691537261,0.577969849,0.8929106,0.004835817,0.454606861,0.896504045,-0.003954913,108,111,4,99
turn_right,0.591210902,0.521640897,-0.039476823,0.392292142,0.531836033,-0.080069713,0.74013412,0.539066195,0.029335421,0.26300174,0.550244451,-0.32169953,0.873354137,0.546937048,-0.086702511,0.252256662,0.356628627,-0.691977441,0.578015864,0.893226206,0.004701566,0.454605907,0.896804452,-0.003837755,108,111,3,95
turn_right,0.59130615,0.521600723,-0.04137085,0.3924326,0.531947315,-0.083907917,0.740201592,0.539058328,0.025494024,0.263385087,0.550698221,-0.311034828,0.873257637,0.546842933,-0.105332591,0.243341565,0.356896281,-0.67103523,0.578074753,0.893223226,0.005157376,0.454680502,0.896833181,-0.004248672,108,111,3,92
turn_right,0.591794372,0.521611631,-0.084585525,0.393407732,0.532455564,-0.129926831,0.740734994,0.539049745,-0.015101704,0.262775213,0.551523864,-0.309284866,0.873289108,0.546653628,-0.148951545,0.212936729,0.36132127,-0.619819105,0.57849735,0.893296123,0.005413861,0.454819769,0.89696604,-0.004456456,108,111,3,84
turn_right,0.591982126,0.521647155,-0.086886726,0.393898964,0.532794058,-0.126360744,0.741345286,0.53888607,-0.033210099,0.26267755,0.552152634,-0.311546445,0.873379886,0.545860887,-0.17515263,0.203166872,0.368551165,-0.644286513,0.578501821,0.894031584,0.005353674,0.454823881,0.898053467,-0.004400436,108,111,4,80
turn_right,0.592272997,0.521661341,-0.106309451,0.394393474,0.532796025,-0.141148061,0.741387129,0.538736463,-0.056461394,0.262701333,0.551896274,-0.313801825,0.873374164,0.544949591,-0.207057446,0.197116941,0.379814476,-0.644055247,0.578671515,0.894118249,0.005415295,0.455154032,0.898233175,-0.004446514,108,111,4,77
turn_right,0.592276752,0.521657109,-0.107879616,0.394392639,0.533002675,-0.142750055,0.74203968,0.538366735,-0.055542804,0.262556136,0.552057564,-0.314151824,0.873390377,0.543156028,-0.202987745,0.196718544,0.379169136,-0.645388901,0.57873565,0.894425154,0.005569224,0.455286354,0.899038374,-0.004575441,108,111,4,77
turn_right,0.591294348,0.521750033,-0.101106763,0.393808156,0.533015788,-0.142632961,0.741634786,0.537566841,-0.05281182,0.262262642,0.552149355,-0.332120001,0.872156501,0.541048944,-0.194215864,0.201932639,0.366450578,-0.663952529,0.578735292,0.894302905,0.005574402,0.45534429,0.899055362,-0.004578986,109,111,4,80
turn_right,0.590269327,0.521765113,-0.065864079,0.393066823,0.533018649,-0.125058323,0.741349339,0.537115514,0.002319689,0.262612522,0.553076446,-0.332349956,0.872137368,0.540212929,-0.117776729,0.222242877,0.364586294,-0.6716519,0.578738332,0.894305289,0.005812242,0.455391586,0.899330199,-0.004804856,109,110,4,87
turn_right,0.589720845,0.521764576,-0.060806233,0.392056942,0.533020079,-0.118316412,0.740606904,0.53646338,0.01560956,0.262597322,0.554030359,-0.379204452,0.870313764,0.537852287,-0.073651247,0.271070331,0.364945859,-0.745195746,0.578558743,0.89428395,0.005723618,0.455383599,0.899312377,-0.004750774,109,110,5,102
turn_right,0.589378893,0.521776497,-0.060314883,0.391513884,0.533030152,-0.11609,0.739123702,0.536340773,0.021099525,0.262290567,0.553971946,-0.395275384,0.868809044,0.537488163,-0.06361185,0.287230283,0.365704119,-0.76613301,0.578301132,0.894112229,0.005710062,0.455205917,0.899288297,-0.004748951,109,110,5,107
turn_right,0.588982701,0.521798193,-0.100860909,0.390987575,0.533032537,-0.169551045,0.737561226,0.536202073,0.006038703,0.262311757,0.55354023,-0.47051549,0.868008256,0.537592292,-0.072821274,0.298739851,0.370984733,-0.831797302,0.578169167,0.893407404,0.006740387,0.454890102,0.898338377,-0.005829141,109,110,5,110
turn_right,0.588971496,0.521820247,-0.106825627,0.390840471,0.533025324,-0.177369565,0.737516642,0.536194384,0.002331249,0.262328088,0.553539634,-0.476130247,0.867994487,0.537639558,-0.078194283,0.299981713,0.374591023,-0.843876004,0.578165114,0.893117487,0.008340808,0.454791069,0.898004234,-0.007402522,109,110,5,111
turn_right,0.588995695,0.521717489,-0.08289782,0.390714824,0.533277631,-0.142552659,0.737533927,0.535895288,0.007804679,0.262234509,0.554266572,-0.445307434,0.867938817,0.537076712,-0.084473096,0.290181845,0.374998897,-0.79547447,0.578218102,0.893051267,0.008313974,0.454791218,0.89802742,-0.007376897,109,110,5,108
turn_right,0.588992059,0.521606028,-0.051634151,0.390715599,0.533304989,-0.095890969,0.737640738,0.535611808,0.02386092,0.261973321,0.556870878,-0.37566188,0.867807567,0.536377788,-0.070149213,0.284715652,0.374848843,-0.738159895,0.578217864,0.893374801,0.007591192,0.45478788,0.898093522,-0.006685724,109,109,5,107
turn_right,0.588994682,0.521561444,-0.057624422,0.390700221,0.533389926,-0.102656446,0.737850964,0.535071313,0.021803554,0.262557238,0.559497118,-0.328082442,0.867791533,0.536408067,-0.10917151,0.25170818,0.374551505,-0.684658885,0.578212857,0.893312335,0.00718306,0.454682171,0.897900939,-0.006271063,109,108,5,98
turn_right,0.589020848,0.521528184,-0.081699081,0.390734732,0.533357024,-0.123681687,0.738205612,0.534914136,-0.011214942,0.262273639,0.559487343,-0.329307139,0.867803693,0.536260605,-0.151007131,0.232898384,0.368280411,-0.656617999,0.578207135,0.893199146,0.007111317,0.454660177,0.897719264,-0.006183643,109,108,5,93
turn_right,0.589097381,0.521300137,-0.088048145,0.390782416,0.533339381,-0.130654886,0.738201737,0.534635305,-0.021885378,0.262043685,0.559643745,-0.336482465,0.867504001,0.53622061,-0.157453597,0.224591464,0.367356092,-0.679711998,0.578277409,0.893219113,0.00710017,0.454912812,0.897754133,-0.006172813,109,108,4,91
turn_right,0.589962125,0.521167994,-0.108389199,0.391602635,0.533416331,-0.147183508,0.73821938,0.534481704,-0.056222659,0.262126893,0.560135543,-0.315460593,0.867500782,0.536130726,-0.211727142,0.202710718,0.37976557,-0.624638915,0.578281641,0.893193007,0.007091341,0.454922676,0.897719562,-0.006162916,109,108,4,83
turn_right,0.590254784,0.521032453,-0.115267918,0.392522067,0.533415675,-0.151738733,0.73843652,0.534343123,-0.065838411,0.262198597,0.560095906,-0.309492528,0.867533028,0.536140501,-0.224349096,0.198247373,0.386331052,-0.618826568,0.578299046,0.893203974,0.007075029,0.45491758,0.897765458,-0.006122717,109,108,4,81
turn_right,0.590263963,0.521037936,-0.111113049,0.39281863,0.533626318,-0.148883373,0.738456249,0.534186721,-0.051308643,0.262395918,0.561717987,-0.318982601,0.867399335,0.536140084,-0.193842947,0.204271004,0.38707146,-0.646409869,0.578392267,0.893254101,0.007120232,0.454957873,0.897767186,-0.006151488,109,108,4,84
turn_right,0.590301037,0.520965338,-0.100560129,0.39286226,0.533990443,-0.144720271,0.738461316,0.5341717,-0.037824012,0.262390375,0.562315702,-0.316482067,0.867198765,0.536019921,-0.185424522,0.209305689,0.386526674,-0.645130038,0.578417599,0.893424273,0.007407888,0.454908073,0.897794127,-0.006403322,109,108,4,85
turn_right,0.589451134,0.520980835,-0.059369016,0.392556131,0.534008145,-0.110549495,0.737950206,0.53412348,0.005505458,0.262584239,0.563251615,-0.317393899,0.865228057,0.534402609,-0.121950388,0.227594852,0.377306432,-0.687915742,0.578434825,0.893419862,0.00738983,0.455002129,0.8978284,-0.006388826,109,107,5,92
turn_right,0.58925879,0.520958602,-0.054102004,0.392036498,0.533927143,-0.103617787,0.737655044,0.533866584,0.014699417,0.262511462,0.56462425,-0.322330534,0.864901841,0.532922983,-0.107749604,0.241871268,0.373119473,-0.700740933,0.578423142,0.893423319,0.007189506,0.454791695,0.89773494,-0.006203294,109,107,5,97
turn_right,0.588924766,0.520947099,-0.05961632,0.391672462,0.534087121,-0.10678909,0.737313151,0.533751845,0.020600138,0.262381494,0.563590765,-0.39830488,0.864783943,0.532953441,-0.06735526,0.280534059,0.372849524,-0.768502772,0.57834363,0.89308387,0.007224658,0.454583257,0.897435188,-0.006253539,109,107,5,108
turn_right,0.588912785,0.520960867,-0.056164376,0.391447365,0.534357607,-0.108657695,0.737318635,0.533650041,0.030972164,0.262368619,0.563176095,-0.397217453,0.865518212,0.532985747,-0.045550581,0.291419238,0.374596626,-0.768220365,0.578303158,0.893017173,0.007224103,0.454369068,0.897247672,-0.006253672,109,107,5,111
turn_right,0.588888645,0.520991743,-0.056824517,0.391351968,0.534266591,-0.11096631,0.737060666,0.534131289,0.029619988,0.262390941,0.561461508,-0.401641697,0.86551559,0.533494651,-0.054124631,0.298093915,0.377707809,-0.760919154,0.577864051,0.892639995,0.007342657,0.45374012,0.896241784,-0.006369202,109,108,5,113
turn_right,0.588974118,0.520982206,-0.058905799,0.391191661,0.534244776,-0.116046943,0.736690879,0.534443259,0.023489766,0.262390584,0.560644567,-0.409343094,0.865389347,0.533517122,-0.065244503,0.297277629,0.379139304,-0.777788281,0.577808022,0.892486393,0.007429642,0.453537524,0.895545185,-0.006443274,109,108,6,112
turn_right,0.588032186,0.520331204,-0.089954361,0.390632093,0.53414607,-0.179594785,0.733705163,0.532381654,0.022903148,0.262553722,0.55734098,-0.488664389,0.865384936,0.524909735,-0.028896343,0.307340562,0.381022066,-0.853376985,0.57776463,0.891465306,0.009949789,0.45357424,0.895136476,-0.008999466,109,109,8,115
turn_right,0.586877465,0.520367444,-0.087182537,0.389486194,0.534170866,-0.166835085,0.732864678,0.532819569,0.03387909,0.262917101,0.556180775,-0.469030559,0.863606572,0.529749811,-0.003936834,0.312744081,0.385844827,-0.824513257,0.577736557,0.891021669,0.010336312,0.453607082,0.895119429,-0.009435102,109,109,6,116
turn_right,0.586471021,0.52036196,-0.085558318,0.38941741,0.534168661,-0.159559935,0.732059658,0.532871842,0.029878998,0.262907684,0.555113614,-0.450090885,0.863629699,0.531620681,-0.028445184,0.307689875,0.385255903,-0.808799148,0.577736318,0.890588164,0.010241018,0.453755289,0.895055413,-0.009360461,108,110,5,114
turn_right,0.586791635,0.520403564,-0.04528591,0.389353514,0.535252392,-0.101399943,0.73287195,0.53286773,0.035918184,0.26290372,0.554973841,-0.375220478,0.863718987,0.531823337,-0.039848514,0.296280354,0.374182254,-0.746076167,0.578051627,0.891197145,0.00935921,0.453925312,0.89668864,-0.008439524,108,110,5,109
turn_right,0.587401271,0.520485699,-0.067055799,0.389536828,0.535250366,-0.107354566,0.734979272,0.532915294,-0.015902553,0.262884736,0.553981602,-0.381953239,0.864019215,0.533360124,-0.139865652,0.275873184,0.366576821,-0.746213078,0.577982724,0.891422391,0.007663713,0.453933805,0.89706713,-0.006750724,109,111,5,102
turn_right,0.59007144,0.52081424,-0.095836066,0.391493708,0.534584105,-0.123565219,0.739660621,0.532891572,-0.043551289,0.262920618,0.55241853,-0.352369398,0.872619629,0.535180509,-0.183388382,0.226374298,0.362523109,-0.701872647,0.577973008,0.89142704,0.007438706,0.454019845,0.897085369,-0.006534404,110,111,4,87
turn_right,0.592353344,0.52142185,-0.11254666,0.393608898,0.533877969,-0.140406013,0.741248786,0.533255756,-0.062414669,0.263536394,0.549452126,-0.350901634,0.876457393,0.5392645,-0.2024813,0.211976364,0.362331688,-0.6943928,0.577957928,0.89180243,0.006675117,0.454023123,0.897080302,-0.005816986,110,112,2,81
turn_right,0.595795691,0.52244091,-0.124895439,0.397890389,0.533868194,-0.149141371,0.747071505,0.5338642,-0.081276424,0.267229021,0.549327075,-0.350896776,0.885156751,0.54277724,-0.222316906,0.21015802,0.365399897,-0.702486396,0.577966571,0.893460631,0.00613605,0.454025745,0.89754355,-0.005276271,111,111,1,80
turn_right,0.597614229,0.52312535,-0.102178298,0.39922455,0.533530653,-0.135468706,0.749746621,0.534791052,-0.076239847,0.269265503,0.549099743,-0.336720198,0.889912009,0.545481384,-0.183039412,0.224243909,0.360518008,-0.684069335,0.57798326,0.895134985,0.006409356,0.454027802,0.897814035,-0.005520959,111,111,0,83
turn_right,0.599172235,0.523290336,-0.072824597,0.400166512,0.531353772,-0.114694104,0.751673102,0.535228074,-0.029985523,0.270929396,0.548905313,-0.331171215,0.88853091,0.546831667,-0.158618659,0.225223303,0.359090835,-0.684937119,0.578042626,0.895396471,0.006588607,0.454093307,0.897810519,-0.005683724,111,110,360,84
turn_right,0.600379109,0.523340046,-0.074389592,0.400464475,0.53096658,-0.11596936,0.752901912,0.536011457,-0.019821871,0.27182138,0.547511995,-0.380642205,0.88849628,0.548697412,-0.117511153,0.280894846,0.357350826,-0.748730481,0.577992201,0.895729125,0.006597674,0.453892708,0.897803366,-0.005689294,111,110,359,100
turn_right,0.601052403,0.523341954,-0.105800271,0.4014256,0.529640198,-0.15628542,0.754252672,0.537013233,-0.024395306,0.273350894,0.547165811,-0.447249025,0.890281498,0.552158713,-0.108710125,0.311030477,0.364306152,-0.812123597,0.577862382,0.895038843,0.006794428,0.453476369,0.895409346,-0.005909009,111,110,359,109
turn_right,0.601464152,0.52337569,-0.13354519,0.402102649,0.529406309,-0.185789615,0.753620803,0.538502514,-0.051899981,0.274691045,0.546263278,-0.482028335,0.889569759,0.551991105,-0.135687292,0.31890294,0.367805183,-0.852701008,0.577862978,0.89398402,0.007208769,0.453294456,0.892917275,-0.006304716,111,110,0,111
turn_right,0.601647496,0.523350656,-0.148604646,0.401995957,0.529356778,-0.201069549,0.756877542,0.538862586,-0.061832976,0.274570435,0.54522717,-0.48840943,0.894758821,0.551808178,-0.138697997,0.310960919,0.367805898,-0.865495682,0.577861607,0.8938061,0.007207067,0.453268439,0.892149627,-0.006299442,111,110,0,109
turn_right,0.601861537,0.523326695,-0.143155009,0.40159288,0.529434741,-0.193876579,0.757278621,0.539281785,-0.056697976,0.274210513,0.5448125,-0.472909212,0.895862103,0.551703334,-0.136234969,0.306029826,0.367485553,-0.844621956,0.577830851,0.893713713,0.00716704,0.453123957,0.892199218,-0.006254116,111,110,1,107
turn_right,0.601745307,0.522713423,-0.142291814,0.401367724,0.528882265,-0.187022969,0.75782901,0.539263666,-0.067076884,0.274077386,0.544011652,-0.433790922,0.895891309,0.551901162,-0.179446071,0.28701669,0.355163664,-0.783266187,0.57790041,0.893662572,0.005907238,0.453141153,0.892150044,-0.004962775,111,110,1,101
turn_right,0.601706445,0.522223473,-0.159308702,0.401044935,0.528363764,-0.195760623,0.757499278,0.53925699,-0.090399012,0.273303211,0.543718457,-0.424306333,0.895743966,0.550969958,-0.22473602,0.262764692,0.349700242,-0.771797776,0.578116,0.89354068,0.005336394,0.453322828,0.892139018,-0.004416676,111,110,1,94
turn_right,0.601427794,0.522007823,-0.182685196,0.400731027,0.528417885,-0.21034801,0.75670296,0.539403081,-0.118681885,0.267015308,0.54298681,-0.39932543,0.893201828,0.550677538,-0.269460529,0.219082355,0.350198746,-0.725464582,0.578514516,0.893532634,0.00520639,0.453861088,0.892627656,-0.004250415,110,112,2,82
turn_right,0.60130161,0.521795571,-0.175116852,0.400659174,0.528425872,-0.201195553,0.756073654,0.539335608,-0.110629961,0.265167892,0.541956544,-0.351326793,0.891532898,0.550621569,-0.255207956,0.203683063,0.351067513,-0.66424644,0.578680217,0.893525541,0.004336002,0.454028934,0.892696619,-0.003357369,110,113,2,78
turn_right,0.600498557,0.521802604,-0.166580677,0.399896324,0.530675173,-0.19756192,0.755334258,0.539177656,-0.103208587,0.261802614,0.542102516,-0.323714912,0.887588322,0.549068391,-0.252287924,0.19623372,0.359647423,-0.625016093,0.578718483,0.893569171,0.004226374,0.454261392,0.893645525,-0.003210437,110,114,2,75
turn_right,0.599935412,0.521782994,-0.185322687,0.399485886,0.531828761,-0.21398446,0.753783345,0.538874805,-0.112362429,0.258780599,0.542669952,-0.345910132,0.885730267,0.547017038,-0.258150488,0.195666641,0.365683228,-0.653548002,0.578760445,0.893568039,0.004218453,0.454348028,0.893858552,-0.003188976,110,115,3,75
turn_right,0.595885873,0.52126807,-0.124625348,0.396849126,0.531888247,-0.161739796,0.744959056,0.537784576,-0.034937181,0.257738441,0.545515597,-0.341002792,0.877300441,0.54060179,-0.154281124,0.209941119,0.360199928,-0.673487842,0.579054356,0.893539131,0.004116639,0.45450893,0.893929541,-0.003112204,109,114,5,81
turn_right,0.592801332,0.520730674,-0.105150148,0.394601762,0.531802893,-0.156286716,0.739833713,0.536049604,0.000483677,0.258093864,0.546389699,-0.34571892,0.873301148,0.537125647,-0.105044924,0.211832404,0.357734263,-0.681032538,0.579084218,0.893493533,0.004619764,0.45451194,0.893956244,-0.003594197,108,113,5,82
turn_right,0.589863658,0.520038188,-0.07671196,0.392219126,0.531890571,-0.116523661,0.733911693,0.534067869,0.02054213,0.257952988,0.547658145,-0.352598786,0.866583943,0.529073358,-0.070896551,0.258985221,0.358003438,-0.710492551,0.578879476,0.893494785,0.004411932,0.454367489,0.894419849,-0.003440195,108,113,8,97
turn_right,0.588663518,0.519789338,-0.088236496,0.390166819,0.532509506,-0.1326655,0.732336819,0.532452881,0.004935684,0.258019388,0.549745679,-0.400135428,0.863577545,0.52663368,-0.078801639,0.280275643,0.360564709,-0.779772997,0.578877687,0.893321574,0.004635165,0.45436734,0.894801319,-0.003665879,108,112,8,104
turn_right,0.587590873,0.519491613,-0.098093554,0.389216989,0.532715678,-0.14789252,0.730393767,0.531541169,0.005391886,0.258150965,0.553133667,-0.455786765,0.861893058,0.524027705,-0.055048991,0.300463945,0.376526207,-0.829545021,0.578823864,0.89265877,0.006096714,0.454368412,0.894726753,-0.005155308,108,111,8,112
turn_right,0.586491823,0.519389212,-0.083994895,0.388521671,0.533007801,-0.145924672,0.728531599,0.531243443,0.027219877,0.258250475,0.553175926,-0.444709003,0.860730529,0.523234308,-0.035016418,0.304457366,0.381371945,-0.820664883,0.578796208,0.892532647,0.008221214,0.45436883,0.894936979,-0.007289956,108,111,8,114
turn_right,0.586083114,0.519360662,-0.053730674,0.387951672,0.533380151,-0.095172785,0.729485631,0.530876994,0.041882973,0.257923812,0.553397298,-0.378365129,0.861802876,0.522974968,-0.034110475,0.293580323,0.379513443,-0.756907225,0.578753114,0.892358363,0.007769362,0.454469532,0.894946516,-0.006841218,108,111,8,110
turn_right,0.585746348,0.519401848,-0.040523753,0.387049645,0.533980906,-0.082099311,0.730154514,0.530612767,0.037025787,0.257752866,0.553736031,-0.352949291,0.86267823,0.52310437,-0.057773571,0.287290275,0.377188563,-0.721921325,0.578731656,0.892497957,0.00735806,0.45446974,0.895558655,-0.006440905,108,111,8,108
turn_right,0.585913062,0.519263387,-0.059692074,0.387172967,0.53389132,-0.103421137,0.730355859,0.530494511,0.020205922,0.257816106,0.554276228,-0.340537101,0.863052011,0.523189843,-0.131415144,0.25105384,0.370984882,-0.696835637,0.578792632,0.892641842,0.007233086,0.454649836,0.895796955,-0.006302475,108,111,8,97
turn_right,0.585995913,0.519168556,-0.065863013,0.387197405,0.53433013,-0.108611643,0.730396509,0.531719923,0.014731951,0.260048419,0.559191287,-0.333514094,0.858711541,0.525466979,-0.135491729,0.240044504,0.370822847,-0.697317719,0.578877807,0.892675698,0.007203265,0.454886436,0.89590776,-0.006269491,108,109,8,95
turn_right,0.585292637,0.519136786,-0.069984034,0.387141436,0.535342276,-0.110350154,0.730520964,0.531779647,0.011650846,0.26062578,0.563308358,-0.349790722,0.858828723,0.52720952,-0.128601745,0.243847057,0.371579915,-0.730752409,0.578942895,0.89274925,0.007328562,0.454924643,0.896191776,-0.006367839,108,108,7,97
turn_right,0.585357845,0.518969119,-0.071913078,0.387172788,0.53564924,-0.114151135,0.730753362,0.531748354,0.007008763,0.260907322,0.564910531,-0.354042441,0.859228313,0.529268086,-0.128451109,0.238081262,0.374557674,-0.732047856,0.579018593,0.892856061,0.007368006,0.455052286,0.896342993,-0.006400201,108,107,6,96
turn_right,0.585746169,0.519169509,-0.098449871,0.387919366,0.537306607,-0.137633517,0.731277823,0.532226563,-0.034777012,0.260885537,0.564402401,-0.334912002,0.859482765,0.531133592,-0.196993262,0.212347582,0.376928717,-0.67067802,0.579102397,0.892998397,0.007345683,0.454996735,0.896351218,-0.006368833,108,108,6,88
turn_right,0.58623594,0.519565225,-0.097178176,0.389143348,0.537682354,-0.137244791,0.732237577,0.532812417,-0.036280122,0.26097253,0.564621627,-0.31824559,0.859780014,0.534751594,-0.185932964,0.203853846,0.381940991,-0.643045247,0.579120338,0.893003225,0.007296191,0.455013037,0.896423638,-0.006321473,108,108,4,85
turn_right,0.587214887,0.519784749,-0.129880726,0.390345871,0.538193524,-0.159918427,0.735286415,0.533059239,-0.082336143,0.261790812,0.564523101,-0.326862693,0.865613341,0.544929564,-0.248963386,0.198857635,0.389563203,-0.670151114,0.579204321,0.893035769,0.006935405,0.455319077,0.896688342,-0.005959972,108,109,360,82
turn_right,0.58745116,0.5197981,-0.12104068,0.390652776,0.538601458,-0.154602647,0.736237586,0.533093691,-0.06857048,0.262025714,0.564658165,-0.328382969,0.866838098,0.54812932,-0.232555076,0.198212683,0.390912205,-0.673024476,0.579197168,0.893259764,0.006811623,0.455320746,0.896991789,-0.005834388,108,109,359,81
turn_right,0.586947799,0.519751012,-0.083127283,0.390419483,0.538012505,-0.123685077,0.735168338,0.533088624,-0.012659555,0.261905283,0.564718783,-0.329828709,0.86491251,0.547834635,-0.144638106,0.201230556,0.382873863,-0.710219145,0.5791713,0.893211782,0.006823457,0.455333769,0.896995366,-0.005849456,108,108,359,83
turn_right,0.586302936,0.519548774,-0.083933324,0.390097857,0.537462056,-0.125504628,0.73451066,0.532955766,-0.009518828,0.262258917,0.565669835,-0.351485312,0.863606811,0.546794891,-0.141000092,0.222132012,0.37938872,-0.736558914,0.579218447,0.892723501,0.006846832,0.455704451,0.896949828,-0.005870007,108,108,359,90
turn_right,0.585852563,0.519529879,-0.045948323,0.389923334,0.537277341,-0.093988739,0.734044254,0.532804251,0.023350602,0.26245898,0.565595567,-0.341569215,0.86053437,0.54097718,-0.100660309,0.242872924,0.371814907,-0.733589172,0.579125941,0.892687619,0.006521333,0.455707312,0.89702636,-0.005554599,108,108,1,97
turn_right,0.585811734,0.519330978,-0.046175133,0.389294803,0.537271559,-0.098424338,0.733071685,0.532845318,0.032038677,0.262336254,0.565636694,-0.365501583,0.859221101,0.539190829,-0.085622154,0.273282439,0.372986585,-0.753186107,0.578842521,0.892682135,0.006842359,0.455451429,0.897240043,-0.005839161,108,108,2,106
turn_right,0.585540831,0.519286811,-0.053121965,0.388981938,0.537290037,-0.127780735,0.732080162,0.53292048,0.026594788,0.262420565,0.565571904,-0.413303524,0.857232213,0.538182676,-0.08148402,0.286192477,0.373506963,-0.791751802,0.578574657,0.891826332,0.00858977,0.455184937,0.897033513,-0.007458517,108,108,3,110
turn_right,0.585548759,0.519950926,-0.055857915,0.3889727,0.537295103,-0.144449562,0.731580615,0.533643007,0.022278722,0.263444841,0.564468682,-0.443875849,0.857108235,0.53812772,-0.072050259,0.301302165,0.38402468,-0.814340591,0.578342319,0.891301751,0.009459098,0.454672039,0.896230698,-0.008381085,108,108,3,114
turn_right,0.585730553,0.520285785,-0.067752391,0.388973564,0.537341297,-0.152465284,0.731388569,0.534222305,0.018294666,0.264203668,0.562676132,-0.44710356,0.85775423,0.538774252,-0.086551979,0.301486939,0.385327876,-0.820310891,0.578077674,0.891234398,0.009760983,0.454356611,0.895992637,-0.008705413,108,108,3,113
turn_right,0.586090446,0.520334542,-0.040183455,0.38904506,0.537327528,-0.101818308,0.73136723,0.534548104,0.032988615,0.264479578,0.56263864,-0.37702629,0.857886791,0.540145636,-0.08372812,0.289886504,0.381931245,-0.74207443,0.577757835,0.891272545,0.009525974,0.454345524,0.895997107,-0.008510062,108,108,3,109
turn_right,0.587944806,0.520333588,-0.057962619,0.389795452,0.537142336,-0.108114228,0.736060083,0.53454721,-0.001547359,0.264612824,0.562632263,-0.373802483,0.866889596,0.548019409,-0.14637351,0.270376056,0.376234621,-0.744656086,0.577771783,0.891323984,0.008856056,0.454370409,0.895950317,-0.007868761,108,108,360,103
turn_right,0.588707805,0.520331502,-0.064600199,0.390276134,0.537145734,-0.111965701,0.737155735,0.534536183,-0.01131133,0.26473099,0.562159359,-0.354010016,0.870236993,0.550695717,-0.158701167,0.240623146,0.373124123,-0.727894425,0.577758312,0.891340673,0.008239331,0.454375446,0.895952344,-0.007286438,109,108,359,94
turn_right,0.589292645,0.520397782,-0.054134429,0.390984029,0.537272573,-0.098316088,0.737694263,0.534537494,-0.004922504,0.264638007,0.561983764,-0.328790158,0.870280445,0.550704718,-0.154809877,0.226933807,0.372484118,-0.697043955,0.577757597,0.891377091,0.008173639,0.454343855,0.896125793,-0.007234298,109,109,358,90
turn_right,0.59065783,0.520416796,-0.057052165,0.393321365,0.53718853,-0.096138433,0.738484502,0.53453964,-0.015298721,0.264577419,0.557008862,-0.280498505,0.868934333,0.548369348,-0.165263101,0.202845335,0.374615699,-0.606887162,0.577778757,0.891853094,0.007868079,0.454414278,0.896824539,-0.006941345,109,110,359,80
turn_right,0.591133177,0.520415187,-0.057383001,0.39393729,0.537091553,-0.100371346,0.738773465,0.534531772,-0.019901238,0.264544696,0.555383265,-0.291027397,0.868448138,0.546144366,-0.159422204,0.19796361,0.379275024,-0.617466569,0.577778697,0.892242014,0.007852568,0.454451263,0.897516847,-0.006927928,109,111,0,77
turn_right,0.591634095,0.520479739,-0.048257276,0.394867301,0.537070215,-0.086859226,0.738732934,0.534570158,-0.017136591,0.264734685,0.555512488,-0.264887601,0.862992465,0.542951941,-0.153499335,0.199190035,0.380773276,-0.58539319,0.577847123,0.892867744,0.007502786,0.45453763,0.89799273,-0.006590323,109,111,2,78
turn_right,0.591715395,0.520480335,-0.036513321,0.39530015,0.536814928,-0.074748658,0.738433838,0.534573734,0.003547985,0.264722437,0.555526912,-0.263519406,0.858450532,0.539497137,-0.129247025,0.203551814,0.382371455,-0.596068263,0.577890813,0.893046379,0.007159802,0.454609454,0.898379266,-0.006264775,109,111,3,79
turn_right,0.591577113,0.520252824,-0.042036656,0.394462168,0.536817551,-0.082616247,0.737914681,0.534045339,0.006962995,0.264767677,0.555596888,-0.306657523,0.858828664,0.536066651,-0.121384308,0.224736184,0.376931757,-0.689051986,0.577832282,0.893059433,0.007142353,0.454600006,0.898379982,-0.006252531,109,111,4,86
turn_right,0.591525435,0.52021271,-0.040176451,0.393792927,0.536655545,-0.083224006,0.73789674,0.533613861,0.020579703,0.264791995,0.555571735,-0.328778446,0.86086148,0.53467983,-0.098226853,0.244515136,0.366471767,-0.712739706,0.577836752,0.893079221,0.006951114,0.45461902,0.89840728,-0.006079247,109,111,5,92
turn_right,0.591589391,0.519746542,-0.050314646,0.393322259,0.536779225,-0.087023094,0.736928821,0.532849312,0.017901596,0.264690459,0.556535721,-0.361960202,0.860701859,0.52827251,-0.105375469,0.268826336,0.366923153,-0.74230063,0.577717662,0.893071413,0.006827344,0.454433769,0.898262143,-0.005954107,109,110,7,100
turn_right,0.591582894,0.519267261,-0.050787915,0.392559052,0.537145436,-0.087386839,0.736323357,0.532149434,0.017453171,0.264830172,0.557496309,-0.370137811,0.860857844,0.525921285,-0.102659956,0.281537712,0.367026359,-0.750626683,0.577706814,0.893059433,0.006823233,0.454391062,0.898133039,-0.005948633,109,110,8,104
turn_right,0.591657758,0.519025028,-0.038172491,0.392458081,0.537567735,-0.083152719,0.736012816,0.531415462,0.032343019,0.264982373,0.557674527,-0.362206757,0.861932278,0.525528133,-0.080221936,0.288266957,0.370002419,-0.739185691,0.577592731,0.893056035,0.006832551,0.454061925,0.897971988,-0.00595614,109,110,8,106
turn_right,0.591892958,0.519022524,-0.04011431,0.392451346,0.537571788,-0.084801681,0.736220062,0.531387329,0.031733848,0.264984041,0.557264268,-0.365200341,0.863193333,0.525249243,-0.075979099,0.292302728,0.370900244,-0.740171611,0.577573657,0.893073618,0.006813273,0.454001367,0.89796263,-0.005939233,109,110,8,107
turn_right,0.592404246,0.518970013,-0.053467155,0.393070936,0.53731513,-0.096196391,0.738366663,0.531352818,0.01215995,0.264632404,0.556759179,-0.371023357,0.867311954,0.525528252,-0.092285201,0.283243775,0.36725387,-0.740391433,0.577599585,0.893082678,0.006272482,0.454003334,0.89786303,-0.005409698,109,110,7,104
turn_right,0.592567265,0.518915832,-0.038479947,0.393374026,0.53547591,-0.077278242,0.739437222,0.531367362,0.028838877,0.26460439,0.555560887,-0.337568879,0.869487643,0.525944412,-0.078697719,0.275233507,0.36122492,-0.71032989,0.577590823,0.89329201,0.005854256,0.453987986,0.897744298,-0.004998331,109,110,7,102
turn_right,0.592656493,0.518950284,-0.044382457,0.393436491,0.53221041,-0.101319239,0.738679111,0.531364501,0.027224455,0.264784992,0.545492887,-0.391610891,0.869346142,0.525941432,-0.080152772,0.292075068,0.356437355,-0.769491911,0.577639222,0.89271915,0.006145886,0.454062045,0.897147417,-0.005276102,109,112,7,104
turn_right,0.592535734,0.519314528,-0.092820823,0.393107206,0.532285213,-0.158676267,0.738804042,0.531288266,-0.011170441,0.264766991,0.546271563,-0.459086001,0.871855915,0.526081443,-0.089359201,0.301992685,0.356912136,-0.830091834,0.577666044,0.892671645,0.006422267,0.454108626,0.896913648,-0.005563567,109,112,7,107
turn_right,0.592513204,0.51937902,-0.06849841,0.393072039,0.53233397,-0.128339827,0.738502681,0.531192243,-0.001677996,0.264713079,0.546559155,-0.442858875,0.871764541,0.525736868,-0.089838028,0.29442361,0.357995719,-0.803144753,0.577672005,0.892559767,0.006411753,0.454224199,0.896552682,-0.005550205,109,112,7,105
turn_right,0.592513144,0.519438684,-0.062902763,0.393298954,0.532258868,-0.107873298,0.738418698,0.531125128,0.00061964,0.264608681,0.546872735,-0.389482796,0.871405482,0.525137007,-0.109020069,0.293037921,0.357703865,-0.761392295,0.577667534,0.892613053,0.00555733,0.454227388,0.896394491,-0.004716669,109,112,7,105
turn_right,0.592518628,0.519480348,-0.083671533,0.394005507,0.532088876,-0.123543024,0.738490701,0.531068206,-0.029018786,0.264472902,0.544500589,-0.356543809,0.871304035,0.525191486,-0.172095403,0.243721038,0.352319777,-0.701149106,0.577841997,0.8926211,0.005458479,0.454520851,0.896385252,-0.004613181,109,113,7,89
turn_right,0.592540145,0.519622147,-0.080122501,0.394293606,0.532088637,-0.11460425,0.739317596,0.530837476,-0.020426961,0.263455331,0.542402446,-0.325943649,0.873016715,0.525905252,-0.155903682,0.225324318,0.351485074,-0.669311643,0.577974975,0.892981291,0.004987602,0.454627693,0.896858037,-0.004167701,110,114,6,83
turn_right,0.592614412,0.51977694,-0.082146779,0.394529313,0.532265306,-0.122880198,0.739694238,0.531031489,-0.039793525,0.262694985,0.538231432,-0.292689502,0.873561561,0.529678166,-0.187193587,0.19051753,0.3554928,-0.598436356,0.57804656,0.894105136,0.00490034,0.454656512,0.898399115,-0.004073777,110,115,5,71
turn_right,0.592615783,0.519842744,-0.085394725,0.394579917,0.532284439,-0.124749854,0.739881098,0.53103745,-0.046186201,0.262413234,0.537020683,-0.298931539,0.873915076,0.530644655,-0.191440359,0.185309455,0.362623394,-0.624766111,0.578049123,0.894548476,0.004836346,0.454694599,0.898972511,-0.004005887,110,116,5,68
turn_right,0.592670023,0.52000159,-0.078970164,0.394800723,0.532291114,-0.106604896,0.740020931,0.531090975,-0.036716025,0.262102664,0.536474168,-0.283631772,0.873931706,0.532213211,-0.177943662,0.187588006,0.364577949,-0.620343089,0.578152955,0.895539939,0.003964231,0.454696745,0.899863005,-0.003154262,110,116,4,68
turn_right,0.592843235,0.520181239,-0.098594204,0.395236701,0.532302022,-0.119189277,0.740421176,0.531090796,-0.057910003,0.262076825,0.536896408,-0.297752887,0.87433517,0.532798827,-0.205265284,0.191521183,0.364650607,-0.634054065,0.578242123,0.895661354,0.003438262,0.454893827,0.899917006,-0.002618596,110,116,3,70
turn_right,0.592920065,0.520417333,-0.106980003,0.395794898,0.532301307,-0.130547196,0.740957975,0.531089365,-0.05699151,0.262081176,0.536983132,-0.318219334,0.875284672,0.532907069,-0.191515908,0.198292151,0.364393562,-0.661925197,0.57823354,0.895577073,0.003151644,0.45489651,0.899804771,-0.002343831,110,116,3,72
turn_right,0.592191875,0.520562828,-0.067243859,0.395235777,0.532341242,-0.110826038,0.74017936,0.531194925,-0.012432282,0.26235202,0.537447989,-0.318666309,0.874518275,0.531770051,-0.15128094,0.228389412,0.357446283,-0.665857136,0.578236878,0.895566821,0.003289171,0.455052465,0.899812281,-0.002449368,110,116,4,82
turn_right,0.591927588,0.520591378,-0.045197781,0.395010173,0.531971574,-0.088871628,0.740157485,0.531151175,0.01133074,0.262371927,0.537643254,-0.32187292,0.874465466,0.531670153,-0.111064233,0.24996841,0.352259278,-0.684205592,0.578235269,0.895217001,0.00312766,0.455051571,0.89969939,-0.002285457,110,116,4,89
turn_right,0.591293693,0.520652831,-0.050030828,0.393431038,0.532071471,-0.110269941,0.738214672,0.531232655,0.014569199,0.262118876,0.540161073,-0.401728302,0.873628497,0.531385779,-0.084951475,0.287646592,0.355171114,-0.780374765,0.578213334,0.894110858,0.004362694,0.455053419,0.899064481,-0.003557894,110,115,4,101
turn_right,0.591297567,0.52059561,-0.056025825,0.392923146,0.532080412,-0.114879049,0.737963855,0.531306803,0.011460224,0.262023777,0.542337298,-0.404653251,0.873561084,0.531464934,-0.083071314,0.294159591,0.360206902,-0.780782402,0.578148723,0.893329442,0.004619729,0.455010027,0.898672819,-0.003827733,110,114,4,104
turn_right,0.591018438,0.520603359,-0.079341605,0.391855568,0.532077134,-0.144408286,0.737278521,0.531472921,0.009661173,0.2621288,0.543370664,-0.44089064,0.873264492,0.531431496,-0.084334843,0.302274197,0.36357969,-0.806925476,0.578033328,0.89241004,0.005489639,0.454725176,0.897478998,-0.004692104,110,114,4,108
turn_right,0.590818763,0.520546198,-0.119065031,0.391235471,0.532080054,-0.187355191,0.736965895,0.531427979,-0.023944564,0.262154579,0.543829918,-0.482415378,0.873245835,0.531393111,-0.089950204,0.299685061,0.365355819,-0.849309146,0.57799536,0.890936613,0.006195307,0.454608589,0.896165729,-0.005388823,110,113,4,107
turn_right,0.590824962,0.520504057,-0.080118418,0.391254902,0.532082498,-0.130219847,0.736909032,0.531394362,-0.001755409,0.262139261,0.544020653,-0.420910031,0.871015728,0.530557334,-0.098303869,0.290672481,0.363367617,-0.82606709,0.578006029,0.890949428,0.006168442,0.454755068,0.896165133,-0.00536118,110,113,5,104
turn_right,0.590808511,0.520465791,-0.080079421,0.39127019,0.531717181,-0.126752108,0.736830652,0.531330585,-0.005659849,0.261866719,0.544158757,-0.407590091,0.870594025,0.530010462,-0.108517803,0.28594467,0.359698832,-0.797341049,0.577975333,0.890749872,0.005722811,0.454764932,0.896025777,-0.00492229,110,113,5,103
turn_right,0.590779901,0.520462096,-0.07942348,0.39128226,0.531851351,-0.121717945,0.737022102,0.531326234,-0.009961854,0.261847794,0.544050395,-0.35690853,0.870596886,0.529985964,-0.140821144,0.24877575,0.356370866,-0.715542614,0.578001022,0.890775502,0.005685747,0.455069155,0.896085978,-0.004877519,110,113,5,91
turn_right,0.590623319,0.520483494,-0.079453208,0.391204178,0.532049477,-0.121279143,0.73703444,0.531324863,-0.014261407,0.261310011,0.543528736,-0.343360543,0.870075047,0.529932737,-0.15275389,0.233777761,0.354077131,-0.697384,0.578002214,0.890787065,0.005635099,0.455092132,0.896093488,-0.004830467,110,114,5,87
turn_right,0.590625465,0.520486593,-0.06968759,0.391962916,0.532054663,-0.099511951,0.737038195,0.531320572,-0.01093848,0.259623706,0.542803764,-0.29737106,0.868386149,0.530486941,-0.147046134,0.211164445,0.354998678,-0.636566758,0.578026891,0.891284347,0.005240917,0.455452114,0.896554947,-0.004443127,110,114,5,80
turn_right,0.590625703,0.520495653,-0.07301195,0.392578483,0.53223443,-0.103272155,0.737559974,0.531290054,-0.021623479,0.259340376,0.542003095,-0.306163639,0.868067265,0.530866027,-0.165927976,0.204530075,0.356967896,-0.649531901,0.578276992,0.892206728,0.005029319,0.455783039,0.89775914,-0.004231522,110,115,4,78
turn_right,0.590838015,0.520705283,-0.070845976,0.392667115,0.532651722,-0.103573225,0.737580419,0.531408131,-0.021198049,0.258841455,0.541936815,-0.290841877,0.86678946,0.530929327,-0.163253829,0.206714779,0.358319253,-0.620741963,0.578279912,0.892967939,0.004967819,0.455774963,0.898476541,-0.004158463,110,115,4,78
turn_right,0.590836167,0.520777285,-0.073365904,0.392439306,0.533211291,-0.10773655,0.737908244,0.531629741,-0.020875808,0.256616563,0.541983426,-0.305260628,0.867365062,0.531053305,-0.158080533,0.209112316,0.357353866,-0.632855296,0.578278959,0.892968953,0.004862423,0.455729961,0.898510337,-0.004055555,110,115,4,79
turn_right,0.59083879,0.520781159,-0.067498125,0.392441183,0.533147335,-0.102074876,0.737991154,0.531624675,-0.012928869,0.257044703,0.545176387,-0.315191597,0.867658257,0.530612171,-0.146461219,0.223546267,0.356977642,-0.684300482,0.578274906,0.892917335,0.004757144,0.455713511,0.898463428,-0.003958403,110,114,5,85
turn_right,0.590840101,0.520737767,-0.066457488,0.392447472,0.533142626,-0.102792963,0.737817585,0.531613648,-0.006128108,0.258596629,0.545364559,-0.336139709,0.867676914,0.530149698,-0.136541575,0.245259166,0.355479598,-0.715487003,0.578266859,0.892814815,0.004747187,0.455715597,0.898344696,-0.003949329,110,114,5,91
turn_right,0.590842187,0.520513475,-0.057368565,0.391973704,0.533236921,-0.103687823,0.737224936,0.531633198,0.020586869,0.259019494,0.547664106,-0.378765523,0.867201209,0.530090213,-0.091962025,0.281935245,0.358232856,-0.762531698,0.578063428,0.892240822,0.005894998,0.455601126,0.897398353,-0.005079456,109,113,5,103
turn_right,0.590857029,0.520471871,-0.054445844,0.391552776,0.533271849,-0.104435027,0.737123549,0.531633437,0.030669445,0.259505093,0.548689306,-0.387356848,0.867285073,0.530143321,-0.061827451,0.292675823,0.360924065,-0.762835085,0.578059912,0.892304957,0.006293104,0.455500424,0.897337317,-0.005487684,109,113,5,107
turn_right,0.590884209,0.520439684,-0.074098065,0.391540855,0.533226132,-0.141818136,0.736254454,0.531812549,0.027512973,0.261027992,0.548614502,-0.440575778,0.86682862,0.530159175,-0.078399427,0.304427296,0.366265297,-0.806924939,0.577972829,0.892157912,0.007148625,0.455300391,0.896740735,-0.006325624,109,112,5,110
turn_right,0.591129959,0.520436108,-0.066452689,0.391960472,0.533042908,-0.116859064,0.736547112,0.532277167,0.02449589,0.261615813,0.548522592,-0.409785211,0.866848171,0.531139076,-0.074444376,0.297933936,0.366029114,-0.774314046,0.577839911,0.892300427,0.007079792,0.455138743,0.89692539,-0.006244562,109,112,5,108
turn_right,0.591461897,0.520449221,-0.084327519,0.39206177,0.533059776,-0.133082002,0.736840129,0.534014344,0.006368842,0.262644589,0.549600899,-0.42055741,0.869391441,0.53791976,-0.083757252,0.302577794,0.367811978,-0.77693373,0.57768178,0.892023861,0.007076306,0.454679072,0.896363199,-0.00624195,109,112,4,110
turn_right,0.591828704,0.520636201,-0.121883415,0.392099321,0.533077478,-0.170969769,0.737381995,0.535175443,-0.023978233,0.263527751,0.549716234,-0.460258305,0.871637344,0.54112488,-0.087690927,0.306546748,0.373343796,-0.817959964,0.577447593,0.891694307,0.007200119,0.453600794,0.895746827,-0.006365126,108,111,3,111
turn_right,0.592241049,0.520646214,-0.110157147,0.392343193,0.533199966,-0.161813006,0.73758626,0.536042154,-0.019626865,0.264858425,0.54975158,-0.433076948,0.87177515,0.542420149,-0.09067443,0.309262484,0.379690677,-0.804631591,0.577443242,0.891681075,0.007100417,0.453576624,0.895488024,-0.006272358,108,111,3,112
turn_right,0.592948079,0.520748377,-0.105829395,0.393075198,0.532665849,-0.157645315,0.738142371,0.536997437,-0.015630828,0.264874667,0.549087107,-0.421820641,0.872380137,0.542143583,-0.0860359,0.306544334,0.37848711,-0.789196789,0.577439964,0.891691566,0.007138537,0.45357728,0.895467579,-0.006303598,108,111,4,111
turn_right,0.593470156,0.520939648,-0.09925805,0.393304288,0.532257557,-0.147241205,0.740373015,0.536993206,-0.011778983,0.26478669,0.548786998,-0.41814667,0.876185536,0.541896462,-0.084221661,0.302783668,0.37623927,-0.780660391,0.577387929,0.891690969,0.007242768,0.453534842,0.895351768,-0.00640213,108,111,4,110
turn_right,0.594036162,0.521107495,-0.091258958,0.393331736,0.532241106,-0.127123088,0.740996063,0.537151217,-0.013272753,0.264539123,0.548810899,-0.358800322,0.876040816,0.541525841,-0.122434244,0.272286355,0.364546031,-0.6969136,0.577389479,0.891843379,0.006925717,0.453346342,0.89534688,-0.006069803,109,111,4,100
turn_right,0.595115483,0.521802366,-0.056232501,0.393927366,0.532313108,-0.085942455,0.743039668,0.537412643,-0.006113304,0.265163898,0.548655808,-0.316442251,0.877535224,0.541398108,-0.13357839,0.260574758,0.359780818,-0.666579902,0.577533484,0.893188477,0.006863718,0.453341335,0.896327257,-0.005996978,109,111,4,96
turn_right,0.595878422,0.522177935,-0.110619999,0.394925416,0.532364607,-0.137729689,0.743981183,0.537762523,-0.061709292,0.26461792,0.547114491,-0.331471354,0.877465129,0.541828811,-0.220207691,0.223101884,0.358928829,-0.664463341,0.57768631,0.893222928,0.006856698,0.453396887,0.896323085,-0.005989688,109,112,4,84
turn_right,0.597114146,0.522539675,-0.125293821,0.396212369,0.532561481,-0.145091146,0.745737731,0.537768245,-0.083526969,0.264861226,0.547138274,-0.331191808,0.878035843,0.541719854,-0.246270731,0.210985571,0.361656159,-0.665637493,0.577999175,0.89454776,0.006847851,0.453417927,0.896663725,-0.005980009,109,112,4,80
turn_right,0.597172141,0.52255702,-0.11616832,0.396859586,0.532638609,-0.141523942,0.745653272,0.537762284,-0.064721599,0.265253276,0.548233449,-0.32499823,0.877738774,0.541563809,-0.221343875,0.213934943,0.363334537,-0.662277579,0.578174293,0.895313919,0.006855153,0.453625023,0.897114515,-0.005983594,109,112,4,81
turn_right,0.597175717,0.522565603,-0.074891575,0.397060186,0.532684863,-0.106049158,0.745165169,0.537769377,-0.025013283,0.268264472,0.554415286,-0.314305544,0.877419829,0.54027009,-0.192954719,0.216340736,0.363496244,-0.665224195,0.578181207,0.895841002,0.006749784,0.453617632,0.897315919,-0.005867943,109,109,5,84
turn_right,0.597163558,0.522574306,-0.056821682,0.397100955,0.532824814,-0.084408872,0.744960189,0.537776589,-0.007067699,0.268820941,0.558459461,-0.318373173,0.876498818,0.539244711,-0.153980032,0.244102746,0.363206536,-0.673639178,0.578123629,0.895962298,0.006359031,0.453591824,0.89731425,-0.005494303,109,107,5,94
turn_right,0.596793413,0.522590339,-0.042268783,0.397129536,0.532891333,-0.074286118,0.744273961,0.537793696,0.012754756,0.268751204,0.558404565,-0.322515309,0.873282075,0.53748405,-0.115456417,0.264573216,0.363127291,-0.675630271,0.577843308,0.895961225,0.005587674,0.453446001,0.89717406,-0.004726022,109,107,6,100
turn_right,0.596752286,0.52259624,-0.048977096,0.396852732,0.533107579,-0.082764909,0.741110146,0.537795961,0.022560943,0.268804252,0.558050811,-0.353698522,0.870823205,0.535301328,-0.083315,0.300863296,0.374836564,-0.726031065,0.577695251,0.894898832,0.005916339,0.453012049,0.895659149,-0.005044421,109,108,7,111
turn_right,0.596611619,0.522395432,-0.041647874,0.396178544,0.533162832,-0.081872359,0.738929868,0.536836088,0.043132171,0.268776089,0.55767709,-0.360969752,0.869974911,0.533406138,-0.042794056,0.305554003,0.377717763,-0.731147051,0.577795088,0.89494133,0.005940054,0.453014076,0.895737112,-0.005077284,108,108,7,112
turn_right,0.596217871,0.522387505,-0.047787707,0.395444214,0.533204377,-0.084907308,0.736900926,0.536741018,0.027855739,0.268674225,0.557474852,-0.380348682,0.866233826,0.530751109,-0.076468706,0.302381456,0.379688442,-0.763401926,0.577802777,0.893833697,0.006076531,0.452940226,0.894823313,-0.005194384,108,108,8,112
turn_right,0.596207976,0.522368729,-0.021375915,0.395347655,0.533216774,-0.054888379,0.73668921,0.536741376,0.037476502,0.268195391,0.55613023,-0.307728231,0.864979565,0.528243542,-0.084981814,0.284289896,0.369948268,-0.658520758,0.577850401,0.8941167,0.005367517,0.452914327,0.894844413,-0.004493305,108,108,10,105
turn_right,0.596105337,0.522207677,-0.014531086,0.395151258,0.532691658,-0.053183496,0.736489058,0.536764264,0.047620796,0.26820761,0.556155503,-0.293766886,0.86524713,0.528107047,-0.086284265,0.272771865,0.367358297,-0.654655099,0.577978611,0.894169509,0.005542228,0.452909946,0.894949496,-0.004640636,108,108,10,102
turn_right,0.594910383,0.521544874,-0.061120383,0.394771695,0.53279978,-0.058571111,0.736547351,0.534406841,-0.005345324,0.263272107,0.555948615,-0.294332951,0.865455031,0.528156877,-0.131363362,0.23752217,0.367335916,-0.64618665,0.578617215,0.894480526,0.004026903,0.453591019,0.895289004,-0.003203168,108,109,8,92
turn_right,0.591735482,0.521543443,-0.046735216,0.394827783,0.534896493,-0.029857328,0.732955456,0.532905221,-0.003819713,0.258220524,0.555857718,-0.203614503,0.864388824,0.523464024,-0.127067477,0.21053803,0.369033903,-0.507196605,0.579182506,0.894866347,-0.00158355,0.455436379,0.896065354,0.002315692,108,111,9,84
turn_right,0.590987742,0.521542907,-0.036289528,0.394783318,0.536834002,-0.020456437,0.733086467,0.531379998,-0.003000018,0.254468948,0.555501699,-0.197070912,0.864709198,0.520680487,-0.124573648,0.200597882,0.372137576,-0.505217612,0.579557896,0.895676374,-0.003381885,0.455860704,0.898651898,0.004093044,109,113,9,81
turn_right,0.59082669,0.520483077,-0.085999086,0.394784003,0.537173331,-0.070887104,0.733246982,0.529989779,-0.04360652,0.25262326,0.555972278,-0.239850327,0.869156659,0.521024644,-0.16947341,0.200460583,0.374791324,-0.566784143,0.579572141,0.896153152,-0.004221088,0.455834478,0.89876163,0.004922145,109,113,8,81
turn_right,0.590804875,0.519712031,-0.106221661,0.394713819,0.537171066,-0.10948737,0.733944535,0.528487802,-0.061067738,0.251105517,0.556154549,-0.244809195,0.874189734,0.520956457,-0.186935216,0.204754084,0.374667317,-0.576073885,0.579662979,0.896130741,-0.003859321,0.455783904,0.898755074,0.004574123,109,113,7,83
turn_right,0.590606749,0.519217193,-0.056516141,0.394343793,0.537804902,-0.043578692,0.734040201,0.528206348,-0.012076035,0.251790047,0.556916654,-0.238590568,0.874070644,0.520379364,-0.119455196,0.209614277,0.374153137,-0.575119913,0.579661846,0.89618659,-0.003777375,0.4555583,0.898990333,0.004514149,109,113,7,85
turn_right,0.590890229,0.518481851,-0.023106407,0.393564105,0.538403511,-0.030733701,0.734275401,0.527418077,0.029595768,0.25383237,0.559900284,-0.265566945,0.873860478,0.519415438,-0.064109132,0.250244826,0.374343246,-0.623380244,0.579501688,0.89617312,-0.003610986,0.454177141,0.898985624,0.004355927,109,112,7,98
turn_right,0.590891182,0.517735302,-0.017965151,0.39244777,0.538412988,-0.036030032,0.734546185,0.527129591,0.038869731,0.256675661,0.560511351,-0.289628685,0.874183536,0.519463837,-0.054168206,0.266883433,0.374943584,-0.650209069,0.579155326,0.895478427,-0.003302178,0.453119278,0.898887455,0.004050099,109,111,7,102
turn_right,0.590883553,0.517230928,-0.026113335,0.392206281,0.542236984,-0.085997127,0.735423148,0.52717793,0.034397021,0.25856179,0.560340822,-0.398912966,0.878634751,0.519569516,-0.072124027,0.288468719,0.374953866,-0.773242116,0.578852892,0.895472527,-0.003159945,0.452789932,0.898991227,0.003884038,109,112,7,107
turn_right,0.590895295,0.517131031,-0.028405372,0.392053902,0.544374168,-0.113098308,0.735493302,0.527410626,0.031352352,0.259587526,0.558344483,-0.441189051,0.878706336,0.519666672,-0.074117556,0.294920772,0.374920905,-0.811657071,0.578597426,0.896036208,-0.002084055,0.452585042,0.899463594,0.002759209,109,113,7,107
turn_right,0.59045589,0.515653789,-0.056951337,0.391466111,0.544304013,-0.144542977,0.735535264,0.5274297,0.020851847,0.261756748,0.557428122,-0.48213619,0.878629088,0.519742072,-0.058427352,0.307024837,0.378207147,-0.837661147,0.578184247,0.895068705,-0.00022759,0.452204794,0.899091363,0.000911286,109,113,8,110
turn_right,0.592775345,0.516898751,-0.033051759,0.39198038,0.542501807,-0.085957028,0.737656713,0.528420329,0.021192741,0.262154341,0.555411518,-0.40390873,0.878812134,0.523215771,-0.067998536,0.297370613,0.373742759,-0.790267766,0.578185558,0.895309567,-0.000142885,0.452249855,0.899087846,0.000837853,109,113,7,107
turn_right,0.592239976,0.517309785,-0.02464892,0.391667694,0.540404081,-0.065173022,0.737657845,0.529772162,0.037189491,0.262229621,0.556169093,-0.311181158,0.877912343,0.525935113,-0.065554842,0.257909298,0.369404942,-0.693512142,0.578189313,0.895316243,-6.40E-05,0.452474535,0.899021029,0.000777415,109,112,6,96
turn_right,0.590365291,0.517945111,-0.025021862,0.391150326,0.538655043,-0.067998305,0.737481594,0.530383706,0.031391591,0.262264431,0.556488812,-0.321547776,0.875227094,0.526780188,-0.076954402,0.255438864,0.364470184,-0.724859595,0.578154683,0.895264983,-4.53E-05,0.452646643,0.898364902,0.00076022,109,111,6,96
turn_right,0.588611841,0.517949581,-0.027537625,0.38926512,0.538042903,-0.06964045,0.736830711,0.530388296,0.046768982,0.261969745,0.556251407,-0.34206149,0.873533845,0.52700299,-0.032473005,0.277241766,0.3645913,-0.729208291,0.578146398,0.894278347,0.000803396,0.452868849,0.898050845,-4.08E-05,109,111,6,103
turn_right,0.586874127,0.517825425,-0.062383067,0.388611734,0.537800252,-0.12128564,0.733644128,0.530393839,0.041480534,0.262478441,0.554857314,-0.422040164,0.872014642,0.524299681,-0.040323462,0.296110541,0.368224531,-0.790358126,0.578143239,0.89239192,0.002156165,0.453096241,0.897347629,-0.001348539,108,111,7,108
turn_right,0.586114526,0.517552912,-0.075277932,0.388495535,0.537523091,-0.151141405,0.732989907,0.530333102,0.040649876,0.263012618,0.553925872,-0.46361804,0.87135601,0.524146378,-0.042506181,0.30108273,0.370045841,-0.837290108,0.578324497,0.89193815,0.005638055,0.453494698,0.897332311,-0.004726219,108,112,8,109
turn_right,0.585354507,0.517645061,-0.067381486,0.388189912,0.536540091,-0.133627608,0.730006099,0.530680776,0.04185681,0.262996525,0.553799689,-0.425359428,0.866561413,0.524330735,-0.041513346,0.296197534,0.371367872,-0.808509469,0.578335166,0.891873538,0.006212385,0.45366627,0.897331059,-0.00528102,108,111,8,108
turn_right,0.585163116,0.517702758,-0.064557418,0.388014466,0.535777926,-0.125193253,0.728631079,0.530775368,0.039200913,0.262990415,0.553774118,-0.410934448,0.861863315,0.524303079,-0.063505679,0.293383181,0.371371895,-0.787731051,0.578457236,0.891325533,0.006798266,0.454412848,0.897337496,-0.005774381,107,111,8,108
turn_right,0.585125387,0.517700315,-0.073867679,0.388024032,0.535737097,-0.121101201,0.729030848,0.530836523,-0.004241874,0.263595253,0.553952038,-0.374721348,0.86250174,0.526400387,-0.137937278,0.269118667,0.368148476,-0.740457296,0.578480601,0.891337037,0.005941183,0.454551846,0.897386014,-0.00490756,107,111,7,100
turn_right,0.585114777,0.517702818,-0.080657348,0.388122022,0.535276771,-0.121413648,0.729532599,0.530895531,-0.018008774,0.263959229,0.554584205,-0.361487448,0.862832367,0.528070867,-0.16108191,0.253677905,0.367099792,-0.724613547,0.578461528,0.891347766,0.00548406,0.454563051,0.897335708,-0.004453887,108,110,6,96
turn_right,0.585136294,0.517687023,-0.08319179,0.388843536,0.535133719,-0.120907962,0.729608655,0.531109512,-0.019856656,0.264497101,0.554580569,-0.337550372,0.862950206,0.529254436,-0.165857613,0.229978845,0.368503958,-0.700212359,0.578460276,0.891076028,0.005470044,0.454638809,0.896494687,-0.004439533,107,110,6,88
turn_right,0.585198104,0.517672837,-0.098165654,0.389505118,0.535014093,-0.133967608,0.729711771,0.531390429,-0.035011061,0.265015602,0.554582655,-0.339858502,0.863201797,0.529542863,-0.190447554,0.224773005,0.370717883,-0.694812417,0.57845825,0.890726626,0.005438161,0.454737097,0.895912707,-0.004414209,107,110,6,87
turn_right,0.584482074,0.517918825,-0.092485949,0.389492095,0.534977973,-0.131947771,0.729411602,0.531415641,-0.025635257,0.265047252,0.556192636,-0.343032688,0.862087429,0.529380143,-0.159974962,0.234728366,0.371704459,-0.706319392,0.578422129,0.890665352,0.005654785,0.45476824,0.896166027,-0.004608053,107,109,6,90
turn_right,0.583977103,0.51822269,-0.06088116,0.389375001,0.534972429,-0.101951979,0.729530334,0.531431198,0.011833583,0.264917314,0.558991373,-0.346463174,0.862242341,0.529355168,-0.103023149,0.260606378,0.371781021,-0.712015688,0.578354895,0.890668929,0.005503776,0.454807431,0.896249056,-0.004455074,108,108,6,100
turn_right,0.583521008,0.518246651,-0.034475815,0.38913551,0.534928739,-0.086705342,0.729474306,0.531573057,0.043755449,0.264817566,0.561579466,-0.348490715,0.86176157,0.529161036,-0.059600145,0.275948495,0.374398023,-0.71603024,0.57846874,0.890700698,0.005751333,0.455075115,0.896723568,-0.00468677,108,107,6,106
turn_right,0.583428025,0.518304467,-0.070636742,0.389163673,0.534411192,-0.1558761,0.729547679,0.531584978,0.034641188,0.265959203,0.561464489,-0.461545467,0.861792743,0.528909147,-0.052290965,0.299484909,0.383300334,-0.833536446,0.578447521,0.890297949,0.007586683,0.454912573,0.895926535,-0.006545184,108,107,6,113
turn_right,0.583431959,0.518238842,-0.07894554,0.38940531,0.534153819,-0.162262544,0.729578912,0.531556308,0.030326825,0.267307937,0.561390221,-0.472353369,0.861827075,0.528854012,-0.04908381,0.308904886,0.39122352,-0.843485057,0.578179181,0.890096009,0.0085491,0.45450753,0.894979179,-0.007534442,108,107,6,116
turn_right,0.583438933,0.518307149,-0.089049406,0.389350355,0.534142554,-0.173901528,0.729867816,0.531560302,0.024473105,0.26747033,0.561310768,-0.479453981,0.861997426,0.528068721,-0.057607424,0.307197928,0.391831458,-0.847653508,0.578104079,0.889742076,0.009818443,0.454334915,0.894450903,-0.008783533,108,107,7,116
turn_right,0.583714068,0.518329203,-0.080328457,0.389251947,0.534449458,-0.153145969,0.72988832,0.531755567,0.022496097,0.266252011,0.561247647,-0.461921304,0.862215042,0.527390301,-0.071646012,0.303620398,0.389183223,-0.821531594,0.577959001,0.889653385,0.009760074,0.454329669,0.894376934,-0.008723412,108,107,7,115
turn_right,0.583913147,0.518454373,-0.057813216,0.389027566,0.535470247,-0.117433809,0.729940057,0.531766176,0.021686088,0.266152918,0.561219573,-0.400722444,0.862282872,0.525696337,-0.085901067,0.296061099,0.381628782,-0.764130712,0.577923,0.889848292,0.008993088,0.454327434,0.89458853,-0.007994769,108,108,8,111
turn_right,0.584065378,0.518607855,-0.075843193,0.389111757,0.535566747,-0.12282221,0.730085969,0.531916559,-0.014549566,0.265901178,0.560374141,-0.357571185,0.861598969,0.526848197,-0.171953708,0.253929734,0.368406117,-0.701459169,0.577919126,0.890044272,0.007295472,0.454353094,0.894645274,-0.006324257,108,108,7,98
turn_right,0.584443688,0.518610775,-0.083225824,0.389320582,0.535600901,-0.127042815,0.730354249,0.532213986,-0.02075137,0.265713066,0.557950199,-0.341645539,0.861519217,0.528495967,-0.179340869,0.238724381,0.364595026,-0.684930086,0.577866971,0.890186071,0.006671088,0.454239786,0.894638002,-0.005696272,108,109,7,92
turn_right,0.585172594,0.518658996,-0.081773169,0.391323715,0.535214245,-0.122252606,0.731368959,0.532221973,-0.020172935,0.264704525,0.55517906,-0.321693599,0.861498952,0.529251575,-0.167759404,0.209901258,0.365503162,-0.667967498,0.577875257,0.890279591,0.006341475,0.454735458,0.89497304,-0.005405272,108,110,7,83
turn_right,0.586283326,0.518665075,-0.090478919,0.392890126,0.535240173,-0.122625232,0.73480624,0.532216728,-0.042527925,0.264702559,0.554869652,-0.31455496,0.863922596,0.530880868,-0.198849112,0.201879352,0.373232752,-0.656821668,0.577985942,0.890868843,0.005636051,0.455069929,0.896003962,-0.004711167,108,110,6,80
turn_right,0.587395906,0.518683553,-0.066429965,0.393828571,0.535259485,-0.094383478,0.736413479,0.532263815,-0.039647602,0.264712036,0.554609656,-0.286474347,0.866062641,0.532483339,-0.17550914,0.201022223,0.377020389,-0.632682085,0.577985406,0.891634941,0.00484101,0.455111265,0.896649778,-0.003943915,109,111,5,79
turn_right,0.588062406,0.518766761,-0.059052061,0.394244552,0.535051942,-0.091760449,0.737571657,0.532392144,-0.031573303,0.264664948,0.554532826,-0.298056901,0.866803765,0.532827973,-0.166656494,0.204954535,0.376970679,-0.655252457,0.577986598,0.892243028,0.004625992,0.455174774,0.897342563,-0.003743449,109,111,5,80
turn_right,0.588534653,0.519030631,-0.070549063,0.394331127,0.53453058,-0.10669212,0.737546027,0.532508969,-0.028947314,0.265289724,0.554231405,-0.31834951,0.866840184,0.533847928,-0.174319595,0.208226725,0.371089935,-0.692852974,0.577989697,0.89229238,0.004634166,0.455141634,0.897177041,-0.003750252,109,110,5,81
turn_right,0.588633716,0.519165874,-0.076470338,0.394373327,0.53441298,-0.111016795,0.737499118,0.532588661,-0.025867414,0.265301853,0.554090321,-0.323131561,0.866222858,0.533918917,-0.170059651,0.224783868,0.364989311,-0.689310074,0.577976763,0.892186403,0.004566032,0.455144405,0.897018075,-0.003677758,109,110,5,87
turn_right,0.589108407,0.519418478,-0.060212351,0.394382507,0.534324348,-0.103556693,0.737786889,0.532736659,-0.008642574,0.26648584,0.555567384,-0.361225694,0.866725564,0.534996331,-0.143018916,0.268903047,0.365491897,-0.748151183,0.577933073,0.892381787,0.004787675,0.455095708,0.897380948,-0.003865175,109,109,4,100
turn_right,0.589313149,0.519803107,-0.049387321,0.394370407,0.534260929,-0.09305694,0.737769842,0.532968521,0.016185943,0.266926408,0.55555433,-0.363788247,0.866598248,0.535335004,-0.107935034,0.284649611,0.365651041,-0.750788331,0.577925622,0.892387211,0.004999244,0.455070436,0.897253692,-0.004060486,109,109,4,105
turn_right,0.589825571,0.519814432,-0.050555579,0.3943578,0.534565508,-0.096362337,0.73826611,0.531913996,0.010619415,0.26701659,0.556474268,-0.369899035,0.872009754,0.530827224,-0.103077397,0.276682794,0.365021437,-0.742963552,0.578044057,0.89301306,0.004998371,0.455019146,0.897862256,-0.004059878,109,109,5,103
turn_right,0.590622306,0.519491315,-0.043321248,0.394395202,0.534424543,-0.088435635,0.736388028,0.530139208,0.010163799,0.267043799,0.556613922,-0.367402494,0.869217753,0.512218177,-0.106932953,0.281734288,0.365485787,-0.737327814,0.578029573,0.892990232,0.005160167,0.454970449,0.897842646,-0.004207973,109,109,12,104
turn_right,0.590928674,0.519252062,-0.033688966,0.394385338,0.53438437,-0.084365211,0.73434186,0.528876126,0.019945197,0.267030209,0.556915522,-0.365107298,0.869171441,0.504879534,-0.089692503,0.282418638,0.366172701,-0.737364292,0.578035831,0.893044114,0.005689158,0.454819053,0.898065448,-0.004717139,109,109,14,105
turn_right,0.591183066,0.518343389,-0.037937682,0.39424482,0.534272194,-0.098968513,0.732304275,0.527986884,0.016894637,0.267026514,0.556765378,-0.378805697,0.869098783,0.502953291,-0.099765465,0.282286078,0.366483301,-0.755148768,0.578021407,0.892727613,0.00681651,0.454665035,0.897979021,-0.005803281,109,109,14,105
turn_right,0.5913831,0.517733395,-0.067417674,0.394234717,0.53366667,-0.136075005,0.732149899,0.52767396,0.014749996,0.266635001,0.555994987,-0.431901634,0.867789626,0.505742669,-0.08705923,0.296262205,0.367205083,-0.814285398,0.578008294,0.892053962,0.008488102,0.454592168,0.897274792,-0.007449941,109,109,13,109
turn_right,0.591492772,0.517734587,-0.083600663,0.394313663,0.533230364,-0.148679197,0.73200357,0.527650714,0.00799853,0.266783804,0.555689514,-0.446149737,0.865745425,0.507370889,-0.083663113,0.304843664,0.369079977,-0.816937327,0.577972591,0.891807497,0.008613512,0.454343259,0.896309137,-0.007595727,109,109,13,112
turn_right,0.591488659,0.517724574,-0.094498031,0.394309163,0.532519162,-0.175424144,0.73172915,0.527675033,0.008382508,0.267000794,0.555349588,-0.487676203,0.864388287,0.508514762,-0.049569882,0.317839354,0.382683218,-0.849727035,0.577874124,0.890798151,0.010698032,0.454203129,0.895249367,-0.009781345,109,109,12,117
turn_right,0.591426969,0.517728925,-0.092722148,0.394334704,0.532561421,-0.171125576,0.731364846,0.528077781,0.010267993,0.26729241,0.554854929,-0.469353378,0.86221534,0.509387553,-0.056268346,0.321093261,0.387670815,-0.826637149,0.577874303,0.890523374,0.011489639,0.454272658,0.893960059,-0.010553047,109,109,12,118
turn_right,0.591679513,0.517747641,-0.088160999,0.394236386,0.53253758,-0.159581229,0.731768787,0.528102458,0.005595158,0.267280281,0.553219378,-0.449609816,0.862448871,0.510002255,-0.057456546,0.312606782,0.386077404,-0.814151883,0.577869058,0.890410006,0.0114058,0.454278886,0.893760562,-0.010460425,109,110,12,114
turn_right,0.592173696,0.517720163,-0.085820735,0.394175112,0.532512307,-0.148848087,0.732514262,0.528144121,0.002535208,0.26691097,0.55326736,-0.428016573,0.863886833,0.510062039,-0.073244922,0.310297966,0.383524835,-0.802091241,0.577512145,0.889991343,0.010804775,0.454155624,0.893100023,-0.009877073,109,110,12,114
turn_right,0.592765629,0.517724574,-0.063902147,0.394150674,0.532604635,-0.105264828,0.735597193,0.528243542,0.002567764,0.265196294,0.553255796,-0.365665525,0.867325187,0.510668695,-0.095439531,0.290983468,0.372545421,-0.724099755,0.577474952,0.890438378,0.008442072,0.454138607,0.89319998,-0.007562845,109,110,12,107
turn_right,0.592744112,0.517599046,-0.084409714,0.39434877,0.53178829,-0.120561674,0.736810923,0.528262973,-0.022158999,0.265147597,0.550754547,-0.362774879,0.869345486,0.511101186,-0.151914313,0.249839813,0.36123988,-0.713894725,0.577454746,0.890427172,0.007583759,0.454295933,0.893208504,-0.006709897,110,111,12,94
turn_right,0.593041182,0.517596304,-0.094944343,0.395126402,0.531755984,-0.131254181,0.738936245,0.528162301,-0.034396488,0.263543069,0.547227085,-0.326957047,0.872374833,0.512471378,-0.169078499,0.216426089,0.36052987,-0.641499162,0.577552915,0.89170295,0.007376782,0.454327196,0.894093573,-0.006481726,110,112,11,83
turn_right,0.593045592,0.517598748,-0.091851331,0.395445764,0.53183949,-0.132630095,0.739402235,0.528114676,-0.02731958,0.262868166,0.545020998,-0.315015316,0.874061704,0.512581646,-0.148804396,0.210306332,0.36097002,-0.628444254,0.577814758,0.892224431,0.007754941,0.454485565,0.895359814,-0.006855256,110,113,11,80
turn_right,0.593005002,0.517490804,-0.099489681,0.395442009,0.531792462,-0.140023783,0.7399652,0.528091609,-0.036669787,0.262474537,0.544910073,-0.333786398,0.874409854,0.512812018,-0.172863528,0.22141847,0.357841402,-0.659889758,0.577784419,0.892227173,0.007216507,0.454608113,0.895375609,-0.006317587,110,113,11,83
turn_right,0.593028843,0.517376959,-0.098937467,0.395382702,0.531733632,-0.142449692,0.740298212,0.528038085,-0.031983402,0.262487113,0.544901013,-0.334744304,0.875005245,0.513187289,-0.164083034,0.230515957,0.355107278,-0.657153487,0.57778275,0.892230272,0.006489557,0.454609007,0.895386696,-0.005538533,110,113,10,86
turn_right,0.592972219,0.517096937,-0.091376923,0.394923747,0.531755865,-0.137333393,0.741065323,0.528043687,-0.031421117,0.262327373,0.546684921,-0.357884467,0.875695825,0.51347965,-0.141647175,0.259612948,0.355771273,-0.689267278,0.577683866,0.891899168,0.005947334,0.454612106,0.895050108,-0.005015537,110,112,10,96
turn_right,0.59246242,0.517094374,-0.091538876,0.393292725,0.531992495,-0.14248617,0.741033018,0.528227508,-0.028630624,0.262446851,0.547563255,-0.406562895,0.875786185,0.514152825,-0.126216963,0.27862674,0.3566764,-0.763047278,0.577582002,0.891422331,0.005676087,0.454454809,0.894443572,-0.004780495,110,112,10,102
turn_right,0.592252851,0.517240703,-0.07359004,0.393116385,0.532623589,-0.120277628,0.740429938,0.528446734,0.004241844,0.262573957,0.548194766,-0.400814831,0.875702739,0.514391065,-0.056814484,0.29995209,0.366275251,-0.746878505,0.577560842,0.89140296,0.005399709,0.454288185,0.894220233,-0.00455648,110,112,10,108
turn_right,0.592131019,0.517319262,-0.098836914,0.392494023,0.532927454,-0.154377535,0.74038595,0.528691351,-0.01921157,0.262828052,0.548618615,-0.439362854,0.875799298,0.514517069,-0.074640311,0.30211857,0.369826525,-0.782028198,0.577470243,0.890682995,0.005413278,0.45382309,0.893056273,-0.00456845,110,112,10,109
turn_right,0.592139602,0.517423451,-0.072669342,0.392163485,0.534082651,-0.125339061,0.740358055,0.52882421,-0.011056196,0.262938291,0.549553156,-0.409596384,0.875733256,0.515014708,-0.087791666,0.294120699,0.369564116,-0.772593617,0.577505291,0.891167104,0.005241774,0.454010814,0.893375397,-0.004391628,110,112,10,107
turn_right,0.592142463,0.517404556,-0.059804864,0.392166525,0.534129918,-0.108482599,0.740530849,0.528813004,-0.002552999,0.262967229,0.549765825,-0.374522328,0.87618506,0.515101314,-0.089889884,0.292467892,0.365039617,-0.737834752,0.577569187,0.89119947,0.005067547,0.454324067,0.893431425,-0.004205349,110,112,10,106
turn_right,0.592360139,0.51736176,-0.102855191,0.392677367,0.533582568,-0.144696414,0.740936399,0.528778255,-0.040056001,0.262746155,0.547452152,-0.356106818,0.87660867,0.515984535,-0.176431745,0.236132711,0.359981507,-0.684355736,0.577603161,0.891185641,0.005067195,0.454369009,0.893423796,-0.004203897,110,113,10,88
turn_right,0.592754543,0.517550647,-0.101071522,0.393375486,0.533550322,-0.136910945,0.741727233,0.528778553,-0.034140803,0.261087745,0.54327178,-0.31628266,0.878005624,0.516014159,-0.160657093,0.217456222,0.354925543,-0.623970032,0.577897668,0.891886592,0.004924109,0.454452932,0.894310832,-0.004068608,110,115,10,81
turn_right,0.593088031,0.517842352,-0.081595168,0.394271672,0.533621252,-0.101622321,0.741793275,0.528463483,-0.031909905,0.260502309,0.542107344,-0.277457893,0.878928304,0.51697731,-0.168600366,0.194081753,0.36006853,-0.606352746,0.578110635,0.893567681,0.00418276,0.454670042,0.895927668,-0.003342188,110,115,9,74
turn_right,0.593554914,0.518144846,-0.095330328,0.395108521,0.533611178,-0.104112878,0.742558599,0.528164029,-0.052859325,0.260312289,0.541927159,-0.300106525,0.881202877,0.517362177,-0.20313713,0.192834392,0.368573934,-0.635568917,0.57816267,0.893773377,0.003600395,0.454675585,0.896132827,-0.002758882,110,115,8,72
turn_right,0.593641341,0.518179238,-0.093664482,0.395121723,0.533855677,-0.105816506,0.742545187,0.528205752,-0.045755174,0.260491848,0.54252249,-0.298752874,0.881129622,0.518046319,-0.18153289,0.204961032,0.368083388,-0.620658994,0.578165829,0.893947899,0.003542092,0.454689682,0.896458685,-0.002689954,110,115,8,76
turn_right,0.593677163,0.518369734,-0.092611536,0.395095259,0.534164727,-0.10727106,0.742527127,0.528200984,-0.042087905,0.260569155,0.542843938,-0.310131758,0.881063581,0.518581808,-0.175972953,0.212039143,0.366015792,-0.638062119,0.578136265,0.893969536,0.003557864,0.454584539,0.896464705,-0.002708376,110,115,8,78
turn_right,0.593680024,0.518345535,-0.117453814,0.395081341,0.53440398,-0.157878369,0.742364705,0.528201878,-0.059430044,0.261094987,0.545168757,-0.342644244,0.880984306,0.518473804,-0.202440813,0.215959713,0.364800364,-0.660451233,0.578160584,0.893921614,0.004310484,0.454627424,0.896621525,-0.003377472,110,114,8,81
turn_right,0.593672395,0.518372416,-0.085865594,0.394052237,0.534726381,-0.123026051,0.742042482,0.52888304,-0.035648637,0.261730999,0.547656357,-0.349765062,0.879221559,0.518064201,-0.146649361,0.253628552,0.364607811,-0.683542907,0.578139603,0.893671691,0.00395533,0.454583734,0.8963449,-0.003052576,110,113,9,93
turn_right,0.593618989,0.518703759,-0.075103611,0.393898904,0.535098016,-0.119914152,0.742034912,0.529065371,-0.023276512,0.261971831,0.548799634,-0.354951322,0.879203498,0.519511282,-0.147570565,0.258297026,0.362696826,-0.708360374,0.578142881,0.893672407,0.004008767,0.454556376,0.896612823,-0.003099518,110,113,8,95
turn_right,0.593530774,0.518942058,-0.059717964,0.393810689,0.534967065,-0.106136516,0.74202162,0.52945298,-0.009761614,0.262047768,0.548939347,-0.351503402,0.877800941,0.521102965,-0.145277426,0.253871441,0.362576336,-0.707123816,0.578297794,0.893731296,0.004020857,0.45465222,0.896752775,-0.003117616,110,113,8,94
turn_right,0.59352833,0.519005775,-0.033711478,0.393661469,0.534758627,-0.070740364,0.74144423,0.52979809,0.025849234,0.261740983,0.549379885,-0.334452331,0.875972152,0.5225389,-0.085559689,0.272493631,0.362624764,-0.701738298,0.578186631,0.893589616,0.00375414,0.454671144,0.89621681,-0.002897202,110,113,7,100
turn_right,0.59349072,0.519175708,-0.032404751,0.393205822,0.534756958,-0.078438126,0.740971208,0.530316532,0.02840041,0.261752516,0.550574839,-0.343353659,0.874483585,0.523071587,-0.086662546,0.283769906,0.363228381,-0.716095626,0.578121841,0.893519282,0.004304324,0.454648495,0.896185696,-0.00343822,110,112,7,104
turn_right,0.593333364,0.519206941,-0.038009021,0.392865568,0.534752786,-0.108214691,0.73977983,0.531000376,0.0211918,0.26222977,0.550572217,-0.402789772,0.872412384,0.523218393,-0.076022238,0.301879942,0.366129279,-0.767495096,0.578064203,0.893273294,0.005877445,0.454601586,0.895569265,-0.00498578,109,112,8,109
turn_right,0.593403459,0.519249916,-0.045264319,0.392934918,0.534545779,-0.108058892,0.739719629,0.531918883,0.020026619,0.263037175,0.550502479,-0.393570036,0.872464538,0.523358285,-0.070483163,0.306320637,0.370518744,-0.752091348,0.578009725,0.8931849,0.005933058,0.454592943,0.89513737,-0.005050561,109,112,9,111
turn_right,0.593355656,0.519286513,-0.060819544,0.392934233,0.534193099,-0.125681743,0.739653468,0.532384098,0.018437849,0.263377368,0.550498605,-0.416121006,0.872276306,0.523533225,-0.077326111,0.306653321,0.371241659,-0.770690739,0.577995002,0.892701983,0.005955706,0.454592288,0.894641936,-0.00508893,109,112,9,111
turn_right,0.59335357,0.51957643,-0.05482607,0.392908663,0.53424269,-0.119065844,0.739652514,0.532628655,0.019729331,0.263573915,0.55031085,-0.400766313,0.871856987,0.523591578,-0.068206005,0.304791123,0.371056914,-0.75802654,0.578000963,0.892493308,0.005971766,0.454592079,0.894304335,-0.005107917,109,112,9,110
turn_right,0.59300077,0.519547343,-0.033029724,0.392639816,0.533955336,-0.080664754,0.739635408,0.532796681,0.035909884,0.263250679,0.550637066,-0.353036523,0.870906353,0.523595095,-0.061682098,0.303316504,0.369665295,-0.722115636,0.578001022,0.892505467,0.005839132,0.454801977,0.894391954,-0.004984166,109,112,9,110
turn_right,0.592743337,0.519603729,-0.038399618,0.392432302,0.53394717,-0.08148741,0.739251494,0.532761395,0.028896958,0.261643231,0.550728798,-0.344747812,0.869146466,0.5226143,-0.066974826,0.288688213,0.365705639,-0.712638021,0.578009665,0.892503917,0.005347358,0.454992443,0.894426525,-0.004497208,109,112,10,106
turn_right,0.591999829,0.519592822,-0.069200881,0.392078072,0.533929527,-0.108178459,0.738590479,0.532575786,-0.005816803,0.259693801,0.550709605,-0.339083344,0.867588997,0.522060692,-0.151953951,0.238302305,0.3623254,-0.69678241,0.578130603,0.892454028,0.005398453,0.45514375,0.894531429,-0.004541441,109,112,10,91
turn_right,0.591629803,0.519570053,-0.090059623,0.392045528,0.5338431,-0.124920763,0.73859024,0.532572031,-0.026974291,0.258089751,0.550693333,-0.326895535,0.867719948,0.522648931,-0.180406958,0.22410433,0.360782415,-0.662858963,0.578170359,0.892121434,0.005382569,0.455375731,0.894457757,-0.004522535,109,113,9,87
turn_right,0.591509342,0.519598007,-0.086519934,0.391943872,0.53438586,-0.123736784,0.738154948,0.532248199,-0.03229728,0.25641194,0.550554335,-0.292578161,0.866822124,0.523018062,-0.190965503,0.197427526,0.364481807,-0.608705521,0.578542173,0.892963648,0.005399868,0.455383241,0.896914065,-0.004530919,109,113,9,79
turn_right,0.591491163,0.519771218,-0.077625282,0.391803563,0.534674764,-0.106853917,0.738747716,0.532106519,-0.02632167,0.25513944,0.550024092,-0.291230857,0.867338836,0.523979485,-0.174706593,0.192204863,0.366551012,-0.632110715,0.578620195,0.893713295,0.005072153,0.455436409,0.898074031,-0.004210305,109,114,8,77
turn_right,0.591299593,0.519699872,-0.086610064,0.391685545,0.534430742,-0.114207402,0.738659263,0.531901002,-0.035369419,0.25331071,0.549704611,-0.305939257,0.867239833,0.52431041,-0.189722553,0.198749766,0.366535038,-0.648789287,0.578698933,0.893710911,0.005089181,0.455688417,0.89818114,-0.004226048,109,114,8,80
turn_right,0.590875506,0.519425988,-0.091776729,0.391659021,0.534236073,-0.125624597,0.737948179,0.531637073,-0.033669285,0.251823366,0.549298882,-0.321464479,0.866363347,0.524309695,-0.181699961,0.20611313,0.361649632,-0.664732099,0.578786731,0.893456161,0.005227701,0.456248283,0.898156166,-0.00435899,109,114,8,82
turn_right,0.590531647,0.519191504,-0.068780564,0.39146778,0.534038484,-0.107717253,0.736610055,0.531332612,-0.002987649,0.252941102,0.551378787,-0.337178886,0.86492461,0.523850501,-0.126707017,0.239789516,0.360131383,-0.715429783,0.578790426,0.893448412,0.004976138,0.456292152,0.898056686,-0.004107255,109,113,8,93
turn_right,0.590431571,0.518951237,-0.068955168,0.391197473,0.533618629,-0.112047732,0.7364887,0.530882239,-0.002469142,0.252993762,0.551479042,-0.356881142,0.864721,0.523852587,-0.117799863,0.254452288,0.358362168,-0.718353689,0.578727305,0.893416047,0.004634274,0.456259966,0.897880971,-0.003781491,109,113,8,98
turn_right,0.590420246,0.518937826,-0.065054886,0.391058385,0.53356415,-0.112049736,0.73548305,0.530875564,0.01746702,0.254378974,0.551742733,-0.381926239,0.864793897,0.523716807,-0.058400773,0.287878901,0.363744318,-0.739933193,0.578605294,0.893407702,0.004634814,0.456260383,0.897613525,-0.003783424,109,113,8,108
turn_right,0.590409219,0.518715441,-0.076335162,0.390777469,0.533502519,-0.140629917,0.735335946,0.530827343,0.011918494,0.256096423,0.551731348,-0.433888495,0.865516007,0.523884177,-0.069923557,0.299399674,0.365645438,-0.795949042,0.578327775,0.893061876,0.005716392,0.455968618,0.897364616,-0.004868749,109,112,8,111
turn_right,0.590354204,0.518595397,-0.084721282,0.39050898,0.533573568,-0.143850505,0.735772729,0.530686259,0.003087006,0.257367522,0.552527964,-0.428440511,0.868306816,0.524505973,-0.086385883,0.296657324,0.367703617,-0.789222836,0.578103662,0.892319739,0.00617515,0.455824375,0.897121608,-0.005341874,109,112,7,110
turn_right,0.590817511,0.518609166,-0.082528904,0.390707463,0.533484221,-0.137844056,0.737788558,0.530761719,-0.003548605,0.257877529,0.552869737,-0.423358023,0.871210098,0.52590698,-0.113852777,0.286573529,0.366281599,-0.772826672,0.578104496,0.892328143,0.005968194,0.455858052,0.896939397,-0.005124526,109,112,7,107
turn_right,0.591166198,0.51859194,-0.081861049,0.391077727,0.533477783,-0.132371008,0.738822401,0.530760646,-0.012525922,0.258011878,0.553100288,-0.415517002,0.872550786,0.526394486,-0.143345505,0.280845582,0.364219666,-0.759583116,0.578090012,0.892327189,0.005894213,0.455869615,0.89691633,-0.005043316,109,112,7,105
turn_right,0.591382921,0.51879698,-0.05310021,0.39164108,0.533284009,-0.094131455,0.739908695,0.530756593,0.005848952,0.257386595,0.551342309,-0.321412116,0.873104095,0.527267158,-0.122804299,0.23947227,0.360457778,-0.66599822,0.578102589,0.8923527,0.005370105,0.455873787,0.896900117,-0.004547652,110,112,6,92
turn_right,0.59147346,0.518819928,-0.068223752,0.392312974,0.533288062,-0.095722832,0.74046433,0.530770838,-0.023353336,0.256124377,0.548216999,-0.323508739,0.873093903,0.528910756,-0.166953146,0.210955232,0.360485643,-0.677653432,0.578180313,0.892496169,0.005233784,0.455894411,0.89726907,-0.004420504,110,114,5,83
turn_right,0.591544211,0.518824995,-0.083942756,0.392639279,0.533242941,-0.113208055,0.740553439,0.531009674,-0.036373902,0.255316556,0.545940757,-0.319363236,0.873049736,0.52978152,-0.18330881,0.200611979,0.361436486,-0.655380905,0.57823813,0.892530978,0.005197436,0.455892235,0.897475779,-0.004382732,110,114,5,79
turn_right,0.591588974,0.518822074,-0.096868411,0.392923027,0.533199847,-0.122173943,0.740576327,0.531211615,-0.048385013,0.25341171,0.54604888,-0.324839801,0.872559547,0.530222952,-0.192658857,0.197991073,0.364301264,-0.665013433,0.578271508,0.8924793,0.00514236,0.455896229,0.897476852,-0.004332502,109,115,5,78
turn_right,0.590863585,0.518855333,-0.095727898,0.392748773,0.533025384,-0.125607878,0.740447223,0.531308711,-0.034337051,0.253415644,0.544635952,-0.32842657,0.872424603,0.530303776,-0.172798783,0.209597826,0.357330859,-0.674878716,0.578272998,0.892594993,0.005136834,0.455895275,0.898386359,-0.004326507,109,115,5,82
turn_right,0.590078592,0.518860042,-0.087406911,0.392466486,0.532870948,-0.125275135,0.739587784,0.531467736,-0.018231897,0.254623801,0.544746935,-0.336057156,0.871291816,0.530381739,-0.152142853,0.21050176,0.355739743,-0.697025955,0.578326285,0.892595112,0.005146155,0.456111729,0.898784101,-0.00433576,109,115,5,82
turn_right,0.588839412,0.518966377,-0.047873411,0.392035723,0.532475471,-0.096902221,0.737782598,0.531676054,0.031361017,0.254846334,0.544527054,-0.349760354,0.870320678,0.530968189,-0.057865851,0.260934442,0.354508996,-0.712161481,0.578276813,0.892591298,0.005102103,0.456170708,0.898867965,-0.00429429,109,115,5,97
turn_right,0.588853359,0.518781424,-0.094075404,0.391755879,0.532806575,-0.137295634,0.737094998,0.530779123,-0.033076365,0.254633963,0.549777389,-0.345745265,0.869153798,0.526203215,-0.179487422,0.215512991,0.368871868,-0.69038111,0.578288198,0.892637968,0.005383539,0.456113249,0.898815572,-0.004542381,109,113,7,85
turn_right,0.588865161,0.518762469,-0.099714853,0.391985357,0.532982588,-0.148269847,0.736284733,0.530831933,-0.03568593,0.254820406,0.54973948,-0.345731735,0.867088795,0.524554372,-0.186754957,0.216008693,0.368388176,-0.684003949,0.578307211,0.892619073,0.006788337,0.456231594,0.898837268,-0.005819899,109,113,7,85
turn_right,0.589113116,0.518760741,-0.095824592,0.392022163,0.533182859,-0.143296868,0.736218214,0.530920923,-0.032514807,0.254899383,0.549860895,-0.337423623,0.865685582,0.524520457,-0.179795459,0.216598913,0.368029445,-0.668090761,0.578356504,0.892484665,0.007160074,0.456351936,0.898796499,-0.006165752,109,113,8,85
turn_right,0.589072347,0.518743157,-0.08561293,0.391899914,0.533333719,-0.127987683,0.736013114,0.53086412,-0.023089385,0.255625546,0.550924003,-0.338080913,0.86585772,0.523468614,-0.146729857,0.225156516,0.367693037,-0.677245736,0.57818073,0.892412305,0.006886137,0.456319809,0.898464978,-0.005921316,109,113,8,88
turn_right,0.589068115,0.518513083,-0.090107843,0.391808361,0.533339918,-0.129539281,0.73599416,0.530700862,-0.025848925,0.256813705,0.552218199,-0.358297318,0.865897775,0.522883415,-0.150176018,0.234491825,0.365859717,-0.725311935,0.578162551,0.891886652,0.006587359,0.45633167,0.897643209,-0.005650415,109,112,8,91
turn_right,0.589102745,0.518491983,-0.089520961,0.391776234,0.533338428,-0.126121968,0.736054599,0.530499995,-0.023893228,0.258093178,0.552369177,-0.369059235,0.865933895,0.522858739,-0.139823094,0.246834636,0.365248352,-0.747671306,0.578139126,0.891937375,0.006269596,0.456365049,0.897581816,-0.005360958,109,112,8,95
turn_right,0.589171052,0.518489063,-0.089344606,0.391458511,0.533660829,-0.131796509,0.735820889,0.530268252,-0.016299831,0.258430898,0.553265572,-0.408885419,0.866331935,0.522764266,-0.121254206,0.274789095,0.366065949,-0.7881459,0.578100502,0.891878366,0.006460231,0.456278265,0.897726655,-0.005567234,109,111,8,103
turn_right,0.589383304,0.5185256,-0.087147459,0.391304582,0.533758938,-0.137398943,0.735823572,0.530260503,-0.002281518,0.258530498,0.553327918,-0.417381853,0.866509318,0.522199571,-0.092282213,0.284988284,0.367321938,-0.789386451,0.578033864,0.891877115,0.007625219,0.456178844,0.897767365,-0.0066799,109,111,8,106
turn_right,0.58939147,0.518608451,-0.087617457,0.391240299,0.53378737,-0.15356271,0.735725939,0.530246854,0.003158989,0.259645343,0.553371251,-0.454761416,0.867504716,0.522166073,-0.058727808,0.300952762,0.375215501,-0.815716863,0.577949941,0.891908944,0.008483407,0.45576936,0.897745669,-0.007573875,109,111,8,112
turn_right,0.589244485,0.518395722,-0.089386478,0.391162962,0.533633053,-0.167386666,0.735077202,0.530246854,0.007791066,0.260437191,0.55336231,-0.466715187,0.867509723,0.522116482,-0.055504441,0.306150496,0.377241731,-0.826314628,0.577799857,0.891792297,0.009879628,0.455498755,0.897386193,-0.00898391,109,111,8,113
turn_right,0.589200079,0.518379629,-0.087228522,0.391156405,0.533653617,-0.160291672,0.734758914,0.530283153,0.009366663,0.260611981,0.553320348,-0.447724998,0.867471516,0.522127032,-0.062127482,0.304618776,0.377308816,-0.805116951,0.577753842,0.891535819,0.010033256,0.455299377,0.896710634,-0.009146295,109,111,8,113
turn_right,0.589224994,0.518332124,-0.090035349,0.39113912,0.533661008,-0.162812576,0.734760821,0.530293345,0.006942415,0.260603398,0.552601278,-0.452825546,0.867486,0.522141397,-0.066162288,0.302532226,0.376430929,-0.813863158,0.577711463,0.891286612,0.010030316,0.455289662,0.896636546,-0.009154727,109,111,8,112
turn_right,0.589228094,0.518395126,-0.081928559,0.390814006,0.53369993,-0.141178846,0.734888852,0.530372262,0.004309039,0.260533631,0.553202629,-0.419274092,0.868368149,0.523115575,-0.092052147,0.298545718,0.372938335,-0.789566815,0.577579379,0.891350567,0.009122891,0.454984099,0.89662087,-0.008284042,109,111,8,110
turn_right,0.589290321,0.518545449,-0.083764359,0.390608042,0.53377825,-0.141059116,0.735270023,0.530485272,-0.010686247,0.260087371,0.553343415,-0.418121427,0.868771672,0.524773896,-0.123866796,0.282926172,0.366669685,-0.788254917,0.577573121,0.891356349,0.008667191,0.454883516,0.896552742,-0.007828646,109,111,7,106
turn_right,0.590349734,0.519114316,-0.080300264,0.391184896,0.533797622,-0.121712044,0.739732504,0.530616045,-0.01835015,0.26005885,0.55203408,-0.359126955,0.874008536,0.527579725,-0.152218103,0.240755871,0.362762004,-0.725704014,0.577756763,0.891995668,0.008068972,0.45490098,0.896731317,-0.007226507,110,112,6,92
turn_right,0.591893196,0.519183218,-0.089347363,0.391818941,0.533820152,-0.125128031,0.741651356,0.530790031,-0.036082022,0.25933817,0.551037133,-0.361974508,0.875779927,0.52835691,-0.177501008,0.224236041,0.360010087,-0.725576103,0.577772975,0.892130077,0.007510136,0.454888642,0.896737397,-0.006692496,110,112,5,87
turn_right,0.59344095,0.519237518,-0.089260109,0.393427849,0.533898056,-0.118875884,0.742674947,0.530734003,-0.044938851,0.259220511,0.550070047,-0.325447053,0.878073573,0.528801262,-0.196441919,0.199524328,0.362422109,-0.682376504,0.577907741,0.893827736,0.006757629,0.454886615,0.898082078,-0.005946056,110,112,5,79
turn_right,0.59400934,0.519272089,-0.108476982,0.394131929,0.533924639,-0.134654313,0.743644655,0.530611813,-0.07227204,0.258980483,0.548450112,-0.332455754,0.8799631,0.528838515,-0.228136331,0.193014041,0.364368558,-0.674035668,0.577964187,0.893787622,0.006363486,0.454951197,0.898150802,-0.005547741,110,113,5,76
turn_right,0.594452322,0.51924783,-0.10211654,0.395131528,0.533977449,-0.126854107,0.743479669,0.530527055,-0.05761645,0.259029329,0.548469543,-0.303441405,0.879853904,0.528291106,-0.207077473,0.198496297,0.366719514,-0.632725179,0.578099906,0.894380331,0.006162951,0.454937607,0.898343921,-0.005331487,110,113,5,78
turn_right,0.594471812,0.519325852,-0.096682921,0.395234883,0.534098864,-0.12529625,0.743347406,0.530389667,-0.055378638,0.258994639,0.548485994,-0.308858931,0.879286945,0.52810204,-0.192884713,0.204482391,0.367288232,-0.644297242,0.578223646,0.894606709,0.006159237,0.454934031,0.898742616,-0.005324458,110,113,5,79
turn_right,0.593764365,0.519313753,-0.084118471,0.394714177,0.534108102,-0.11944399,0.741217256,0.530449629,-0.019448314,0.259006739,0.55049324,-0.313972026,0.874903858,0.527677894,-0.147838086,0.224833533,0.364121884,-0.687922359,0.578224063,0.89442569,0.005942512,0.454970062,0.898737371,-0.005111681,110,112,6,86
turn_right,0.593274176,0.51926893,-0.079044089,0.394337982,0.533890009,-0.114810601,0.740503073,0.53048414,-0.016975399,0.25948298,0.550488353,-0.344486624,0.873504043,0.527617931,-0.144599378,0.246420816,0.360558391,-0.733303964,0.578213871,0.893797338,0.005144249,0.455127776,0.897963107,-0.004349219,110,112,6,93
turn_right,0.592706323,0.519244492,-0.064063236,0.392821968,0.533771336,-0.104019307,0.73834002,0.531083405,0.020199506,0.259182185,0.551314294,-0.368930697,0.871900737,0.527643979,-0.073159084,0.283905715,0.362508148,-0.749016285,0.578122258,0.893225789,0.005203135,0.455113649,0.896609485,-0.004412671,109,112,6,105
turn_right,0.592690825,0.519128263,-0.093432859,0.392819643,0.533304751,-0.169200778,0.738238692,0.531330824,0.009710891,0.261085331,0.551419497,-0.472801834,0.871897697,0.52783221,-0.058551572,0.31172511,0.377387702,-0.82999599,0.578125715,0.891269267,0.008641276,0.454611719,0.894893527,-0.007779874,109,112,6,114
turn_right,0.592665255,0.518755972,-0.105183825,0.392809898,0.532964468,-0.181412548,0.737717986,0.531622469,0.00519115,0.262436807,0.551543236,-0.481879383,0.871384025,0.527816117,-0.06524308,0.318130672,0.382454306,-0.845743358,0.578127027,0.890031695,0.01030635,0.454626024,0.894156992,-0.009461889,109,111,7,116
turn_right,0.592659712,0.518670619,-0.120303988,0.39275521,0.532754004,-0.189958841,0.737682939,0.531716168,-0.017385876,0.262511313,0.551672518,-0.486171067,0.871402442,0.527963877,-0.084742352,0.309370697,0.381132811,-0.852168858,0.57810843,0.889491856,0.010387177,0.454612911,0.893447757,-0.009547291,109,111,7,114
turn_right,0.592658818,0.518604815,-0.12016201,0.392662555,0.532718122,-0.177186325,0.737876058,0.531655252,-0.031355515,0.262436807,0.551585913,-0.459283412,0.873950958,0.528604388,-0.090030618,0.304793775,0.378117859,-0.817613244,0.578036308,0.889493644,0.009569869,0.454549015,0.893382907,-0.008773804,109,111,6,112
turn_right,0.592656195,0.518605053,-0.089735858,0.392637968,0.532722175,-0.132350817,0.739438415,0.531663001,-0.027817328,0.261899948,0.551738977,-0.395430535,0.874667943,0.529999197,-0.123559102,0.292589128,0.37221688,-0.757485688,0.578060269,0.890349627,0.008590356,0.454781532,0.89402777,-0.007772518,109,111,6,108
turn_right,0.592667103,0.51875788,-0.089949116,0.392633468,0.532718956,-0.132672235,0.7406286,0.531726122,-0.028636109,0.260783374,0.551647723,-0.396330655,0.874979496,0.530175269,-0.143093616,0.275709212,0.365656823,-0.760425925,0.578081965,0.890448689,0.008238627,0.454882801,0.894409239,-0.007417375,109,111,6,103
turn_right,0.592698991,0.519134879,-0.0801851,0.392865002,0.532992542,-0.119164847,0.740736604,0.53190589,-0.027279343,0.260410577,0.551892221,-0.333735287,0.874953866,0.530230343,-0.156459361,0.239541799,0.363177449,-0.676627517,0.578235447,0.891263425,0.008004706,0.454961538,0.895406067,-0.007163138,109,111,6,92
turn_right,0.590429544,0.519096792,-0.051923506,0.391393185,0.533586681,-0.096823648,0.736031413,0.531899989,-0.000563101,0.260386884,0.552801788,-0.35959667,0.86872828,0.51917541,-0.119479023,0.262796462,0.364390641,-0.699137866,0.578257143,0.891392648,0.006740664,0.454963297,0.896149635,-0.005874631,109,111,11,99
turn_right,0.588080704,0.519635558,-0.031672772,0.392657787,0.532615483,-0.081707299,0.731244028,0.53452152,0.027578313,0.271612823,0.57257849,-0.367328644,0.851749539,0.523954988,-0.095107026,0.291321576,0.39208439,-0.740655541,0.577670693,0.891157269,0.007347728,0.453719079,0.896043241,-0.006379924,107,101,11,115
turn_right,0.586777091,0.519947827,-0.028280269,0.393424869,0.531950235,-0.080049276,0.729322314,0.536046386,0.032298088,0.275525272,0.578915238,-0.371150315,0.846678376,0.526659608,-0.09116675,0.298661768,0.399917126,-0.759636223,0.577306211,0.891034722,0.007867682,0.452984005,0.896009207,-0.006826343,107,98,11,119
turn_right,0.585378528,0.520572543,-0.018553732,0.393786043,0.531867445,-0.082029335,0.727717996,0.5370785,0.05862968,0.276989222,0.579509676,-0.372466058,0.845998585,0.529774308,-0.058227159,0.300545305,0.400097311,-0.762182474,0.577138543,0.890894175,0.00934805,0.452852249,0.895960987,-0.008213418,106,97,10,120
turn_right,0.584852815,0.521383464,-0.02127352,0.394248575,0.531873763,-0.086466447,0.727674305,0.537859261,0.052254163,0.277889758,0.578384101,-0.372634828,0.845872402,0.532097578,-0.060479052,0.299672902,0.398831636,-0.773481965,0.577063203,0.890858531,0.009429071,0.452861249,0.896057069,-0.008289318,107,97,9,119
turn_right,0.584609389,0.521448672,-0.014895082,0.393830389,0.532513857,-0.06879174,0.728043556,0.537857175,0.049335472,0.276804864,0.576318741,-0.321573198,0.847111404,0.532855451,-0.068067148,0.27649945,0.389490396,-0.687496901,0.57703191,0.890818775,0.008156398,0.452980697,0.896116912,-0.007117953,107,98,9,110
turn_right,0.584696591,0.521520734,-0.015321064,0.393731385,0.532641411,-0.062251728,0.728639722,0.53787303,0.049081299,0.276243031,0.572128356,-0.309190661,0.848395467,0.533946097,-0.07350342,0.268005997,0.382782638,-0.686290205,0.577042937,0.890909851,0.007460604,0.453483969,0.896644294,-0.006451223,107,100,8,106
turn_right,0.584371686,0.521506488,-0.035966285,0.3937397,0.532618761,-0.089687392,0.728808165,0.537727356,0.028661001,0.276165664,0.563567102,-0.321827382,0.849060178,0.534307718,-0.116649367,0.233558491,0.375292391,-0.680508018,0.577035785,0.890818536,0.007463354,0.454296201,0.89666301,-0.006459074,107,103,8,92
turn_right,0.584330201,0.52126199,-0.036552675,0.393852174,0.532622814,-0.089884669,0.72894156,0.537490845,0.028230567,0.275218427,0.557886362,-0.305785984,0.84928453,0.535642207,-0.114430413,0.22200945,0.372053713,-0.648141384,0.577072024,0.890808523,0.00744151,0.45496875,0.8967188,-0.006441366,107,106,7,86
turn_right,0.584552407,0.52126205,-0.088462129,0.393807948,0.532633543,-0.136553824,0.72988379,0.537272751,-0.028717775,0.272729695,0.550249994,-0.318290532,0.851783097,0.535927653,-0.184523135,0.207643673,0.372202665,-0.668150544,0.577176332,0.890851855,0.007317047,0.455066383,0.897204578,-0.006319835,107,109,7,78
turn_right,0.584831357,0.521255314,-0.092986412,0.393802822,0.532843649,-0.140246913,0.731318355,0.537158191,-0.032888304,0.271274269,0.548387408,-0.324570805,0.854322135,0.536004722,-0.183754846,0.205791026,0.372408718,-0.678297639,0.577314556,0.891137362,0.007297064,0.455159336,0.897975385,-0.006306037,107,111,7,77
turn_right,0.584929883,0.521295726,-0.081833929,0.393800437,0.533004165,-0.132124037,0.731340408,0.537138343,-0.019611087,0.26979053,0.547484815,-0.329246461,0.854994655,0.536050141,-0.171388596,0.213641733,0.366834521,-0.679029524,0.577447534,0.891541839,0.007263786,0.455279529,0.898685753,-0.006268282,107,111,7,79
turn_right,0.584957659,0.521304011,-0.077172741,0.393737853,0.533105969,-0.127238661,0.731343091,0.537120402,-0.016020488,0.269753158,0.547911286,-0.327287197,0.85572052,0.536047757,-0.161605507,0.218378305,0.365603954,-0.679752588,0.577520311,0.891889036,0.007257372,0.455450445,0.898985565,-0.006260675,107,111,7,81
turn_right,0.584945023,0.521338999,-0.069611326,0.392836034,0.533289135,-0.125020534,0.731229067,0.537107885,3.71E-05,0.269725442,0.55386281,-0.364812911,0.856102765,0.535709381,-0.127925292,0.260265619,0.365702659,-0.739958167,0.577522933,0.891872048,0.007246985,0.455459595,0.899110436,-0.006251529,107,109,7,97
turn_right,0.584913671,0.521419406,-0.06840457,0.392361313,0.533274472,-0.123279229,0.731543303,0.536968827,0.001244459,0.269726247,0.556870997,-0.389316291,0.85729754,0.535351813,-0.125836954,0.277775258,0.368228704,-0.773124337,0.577511668,0.891855419,0.007243789,0.455537081,0.899170101,-0.006248212,107,108,7,103
turn_right,0.584285796,0.521609962,-0.084747478,0.391831666,0.533444822,-0.165219009,0.731471419,0.53686893,0.001690603,0.270068228,0.561362803,-0.477623761,0.857422233,0.534095168,-0.073212907,0.298335284,0.380267173,-0.858012795,0.577386975,0.891763747,0.007822899,0.455414206,0.899109781,-0.006897475,108,106,7,112
turn_right,0.584292293,0.521643341,-0.086669281,0.39172563,0.533554971,-0.167528242,0.731322646,0.53673166,0.006206247,0.270569503,0.562829614,-0.471870601,0.857431889,0.533194959,-0.076943249,0.301472336,0.387345761,-0.863201439,0.577338338,0.891620576,0.009256672,0.455367506,0.899074256,-0.008319369,108,105,7,114
turn_right,0.584303021,0.521516919,-0.090963505,0.391654909,0.533802271,-0.176501006,0.731162667,0.536673486,0.006681903,0.270711154,0.563431323,-0.480629921,0.857849956,0.53291285,-0.081255198,0.300234914,0.388691843,-0.870455563,0.577338815,0.891353369,0.010565136,0.45540148,0.899014354,-0.009565056,108,105,8,113
turn_right,0.584287465,0.521517217,-0.092663631,0.391468734,0.534096658,-0.176793903,0.731152415,0.536363006,0.006833535,0.270738155,0.563314199,-0.477871984,0.858633518,0.532818377,-0.088182881,0.297622502,0.388009608,-0.871382892,0.577108741,0.891286671,0.011055207,0.455306441,0.899014771,-0.010060271,108,105,7,112
turn_right,0.584400594,0.521513045,-0.088073693,0.392148077,0.533704221,-0.138567418,0.731645346,0.535708785,-0.005101015,0.271090776,0.560496509,-0.390483439,0.85988462,0.532703161,-0.133546904,0.264267921,0.372935683,-0.775110304,0.577345192,0.892127037,0.008585697,0.455448002,0.899086654,-0.007675991,108,106,7,100
turn_right,0.584910512,0.521455228,-0.058677834,0.392743737,0.533676207,-0.103034452,0.731664538,0.535551012,0.003380477,0.271034896,0.557793379,-0.348146498,0.86003238,0.532451868,-0.129965127,0.244351715,0.369185865,-0.733649135,0.577347934,0.892685831,0.00798138,0.45544976,0.899114311,-0.007099018,108,107,7,93
turn_right,0.585145473,0.521476865,-0.059972506,0.392753482,0.533643901,-0.112328693,0.731897354,0.535385013,-0.004884052,0.268150896,0.546988308,-0.334639996,0.860033214,0.532215357,-0.144293651,0.210502431,0.364819437,-0.684993923,0.577487648,0.894253016,0.007594281,0.455429494,0.900188088,-0.006703609,108,112,7,79
turn_right,0.585436106,0.521392405,-0.101254687,0.392892212,0.533332765,-0.138015613,0.732607067,0.535094619,-0.049748909,0.267356694,0.541202188,-0.34325242,0.860366166,0.532209933,-0.201599434,0.198980808,0.36562404,-0.690920353,0.577527881,0.894298613,0.007023117,0.455427408,0.900506079,-0.00609611,108,114,7,72
turn_right,0.586708188,0.52143079,-0.109727219,0.393541723,0.533741176,-0.141512051,0.733317137,0.53499043,-0.061061449,0.267055124,0.542381406,-0.299947917,0.860358715,0.532204986,-0.233726457,0.190959334,0.373607606,-0.608606756,0.577658057,0.894562304,0.005774717,0.45552367,0.901448786,-0.004740136,108,114,7,70
turn_right,0.587303758,0.52153784,-0.102863923,0.393683702,0.535430312,-0.13645789,0.733964384,0.534908295,-0.046239756,0.266706407,0.543192923,-0.309016973,0.860404372,0.532257497,-0.199949548,0.192444608,0.37620762,-0.6423105,0.577906489,0.894956052,0.005206219,0.455667406,0.902152717,-0.004173305,108,114,6,70
turn_right,0.587359607,0.521408498,-0.115060113,0.393885761,0.53558296,-0.151999861,0.734344721,0.534880042,-0.051107787,0.266206592,0.543654144,-0.314497769,0.861625493,0.531978786,-0.195996806,0.203928664,0.369730026,-0.672160804,0.578014433,0.895105243,0.005007687,0.455739915,0.902166724,-0.00398607,108,114,7,74
turn_right,0.586959004,0.521332502,-0.097261503,0.393498451,0.535589635,-0.137282223,0.733102441,0.535014808,-0.027592968,0.267804086,0.553066075,-0.341337532,0.861601949,0.530404985,-0.150348276,0.245451421,0.368960202,-0.719429493,0.577968717,0.895140767,0.004693202,0.455660582,0.901885152,-0.003692749,108,110,7,91
turn_right,0.586882472,0.521170974,-0.09521921,0.393053293,0.535499275,-0.132369891,0.732186675,0.535240412,-0.026976194,0.268245995,0.554652095,-0.355389744,0.861595035,0.528870881,-0.151498169,0.262817144,0.368984193,-0.729493976,0.577960968,0.894667745,0.004327508,0.455709755,0.901245892,-0.003350432,108,110,8,97
turn_right,0.586765051,0.521163642,-0.093828365,0.393053263,0.535467148,-0.151246056,0.731747508,0.535432875,0.000611522,0.269325078,0.556179881,-0.446901321,0.861602128,0.528179526,-0.087538309,0.296573967,0.378623337,-0.821603,0.577857792,0.89452821,0.006552794,0.455610037,0.901075304,-0.005582938,108,109,9,108
turn_right,0.586723506,0.52147913,-0.08989878,0.393021762,0.535480797,-0.155177608,0.731520236,0.535603404,0.00887934,0.271042198,0.558554292,-0.46781534,0.862251401,0.528020859,-0.053803463,0.309707552,0.392007768,-0.839070499,0.577845573,0.89451766,0.007050608,0.455581278,0.900533557,-0.006149771,108,108,9,114
turn_right,0.587041855,0.520759344,-0.098775849,0.393051237,0.535240591,-0.15294674,0.731517494,0.535561562,-0.005716103,0.270981342,0.558515847,-0.441481262,0.863090336,0.527355671,-0.082024328,0.297561496,0.390375525,-0.824143887,0.57773912,0.894466043,0.007021655,0.455540746,0.900193751,-0.006127488,107,108,9,110
turn_right,0.586511493,0.520906627,-0.082593128,0.392873585,0.534212112,-0.146439821,0.73100704,0.535352528,-0.006869707,0.270965397,0.558117688,-0.387284249,0.861918926,0.520214498,-0.130862802,0.283183187,0.373775393,-0.731849968,0.577666461,0.894244015,0.007332438,0.455523789,0.900190294,-0.00636606,107,107,12,105
turn_right,0.58615005,0.520903885,-0.060355462,0.392734736,0.532990217,-0.129315645,0.729713559,0.534989893,0.024443235,0.270094961,0.558477342,-0.387286186,0.859503865,0.516689777,-0.096863225,0.286331773,0.374934614,-0.736543536,0.577490091,0.894103467,0.008282239,0.455432594,0.900179327,-0.007197492,107,107,14,107
turn_right,0.584986031,0.520682633,-0.063632198,0.39174825,0.531934202,-0.143832833,0.726678014,0.534765482,0.030303415,0.26979652,0.558445752,-0.445231766,0.856927216,0.51566267,-0.066892631,0.293510318,0.379265755,-0.823102951,0.577385068,0.89336133,0.009760565,0.455423534,0.89987576,-0.008740282,107,106,14,110
turn_right,0.584593296,0.520616889,-0.062243104,0.391012609,0.531578362,-0.144355178,0.72562027,0.534673929,0.032276578,0.269478381,0.558379173,-0.448687553,0.855833828,0.514558375,-0.050514113,0.294631869,0.380448341,-0.823599219,0.577302575,0.893206358,0.010274344,0.455407053,0.899837852,-0.009299938,107,106,14,110
turn_right,0.583865047,0.520782292,-0.03069615,0.389990151,0.531441987,-0.103453495,0.723446965,0.534710765,0.043785311,0.269467801,0.55878067,-0.365979016,0.85273397,0.512739897,-0.068021074,0.287179768,0.379919559,-0.721723437,0.57713902,0.892824948,0.010246173,0.455166489,0.89976877,-0.009280924,107,106,15,108
turn_right,0.583619237,0.521005929,-0.032972947,0.389941037,0.531446874,-0.100405395,0.723299265,0.534753919,0.034403116,0.269623667,0.560977995,-0.335647583,0.852635264,0.511749148,-0.084855363,0.273115695,0.377261132,-0.66689074,0.577133536,0.8929075,0.00990031,0.455121607,0.899931729,-0.008884268,107,105,16,105
turn_right,0.583514333,0.520981967,-0.041301642,0.389859289,0.531423807,-0.099422589,0.723543525,0.534317017,0.032931369,0.270026326,0.561017036,-0.335148424,0.853659153,0.511453569,-0.101662077,0.264453828,0.375485688,-0.692695796,0.577112079,0.892772138,0.00871553,0.454891205,0.899838209,-0.007735664,107,105,15,102
turn_right,0.583495796,0.521289945,-0.04149599,0.39045018,0.53173393,-0.093911529,0.725491464,0.534338295,0.030851569,0.269791394,0.560813963,-0.313223958,0.856023967,0.517481208,-0.104769886,0.220821887,0.375491917,-0.66664511,0.577266932,0.893027663,0.0085366,0.454927832,0.900114,-0.00757553,107,105,13,89
turn_right,0.583454192,0.521349907,-0.044928692,0.391443372,0.532262743,-0.099809341,0.727164805,0.534253895,0.009322925,0.269774377,0.559806228,-0.32745561,0.857082844,0.522816002,-0.136827841,0.21008268,0.378057897,-0.691952586,0.577391982,0.893496513,0.008203046,0.455198854,0.900536597,-0.007253283,108,106,10,85
turn_right,0.583547473,0.521445394,-0.085811011,0.391697377,0.532613754,-0.126637131,0.729450762,0.533992112,-0.032227065,0.269222021,0.559665382,-0.324422896,0.857821286,0.526162386,-0.187351733,0.199665338,0.382041037,-0.664463878,0.577464163,0.893571138,0.007850322,0.455314249,0.900794566,-0.006901451,108,106,8,81
turn_right,0.583564937,0.521517932,-0.0835611,0.391903818,0.53406018,-0.125782296,0.729960084,0.533458948,-0.029199615,0.269135147,0.559624434,-0.307538688,0.858015537,0.526435971,-0.187861651,0.200793624,0.384873539,-0.644656241,0.577485204,0.893583953,0.007656001,0.45532161,0.900992632,-0.006696942,108,107,8,80
turn_right,0.582952201,0.521375358,-0.095434025,0.390826046,0.534085453,-0.143737122,0.729645908,0.533269107,-0.02916424,0.267665178,0.560920835,-0.338000238,0.857596874,0.526281416,-0.183719069,0.207821921,0.379546463,-0.688826919,0.577293694,0.893402219,0.007658181,0.455231965,0.900991559,-0.006693554,108,107,8,84
turn_right,0.582166553,0.520321131,-0.098776989,0.38988167,0.533786178,-0.147756889,0.728953004,0.532096922,-0.02589713,0.267486811,0.562469721,-0.365529507,0.857100785,0.525348961,-0.174634814,0.226082757,0.379092485,-0.743676424,0.577153802,0.893233597,0.007668577,0.455201149,0.900881112,-0.00669707,108,106,8,90
turn_right,0.581731737,0.520333886,-0.07354302,0.388577014,0.53429693,-0.127277806,0.728681445,0.531693578,0.008134931,0.266991079,0.562557101,-0.387198716,0.857106209,0.52405113,-0.081575952,0.277676255,0.378269076,-0.759078324,0.57696718,0.893292665,0.007555932,0.45519954,0.900882363,-0.006613364,108,106,8,106
turn_right,0.581735551,0.520266473,-0.080035836,0.388297409,0.534546196,-0.136255771,0.728282213,0.531671166,0.003859654,0.266975105,0.561805665,-0.424628168,0.856893897,0.522123277,-0.094679467,0.290964425,0.378499389,-0.79508543,0.576751411,0.892571449,0.007490969,0.455095589,0.90026772,-0.006571364,108,106,9,110
turn_right,0.581608474,0.519970775,-0.085086994,0.38801077,0.534541428,-0.173769087,0.725831449,0.531344235,0.011774577,0.267181575,0.561547935,-0.478352696,0.855371833,0.519086659,-0.062217258,0.304546744,0.385900915,-0.839290977,0.576637864,0.892041624,0.010650082,0.455048621,0.900145769,-0.009709524,108,106,10,115
turn_right,0.581363916,0.519713461,-0.08455725,0.387605339,0.534519434,-0.165892094,0.724037528,0.53134346,0.013590191,0.267316431,0.561547458,-0.459715664,0.853446007,0.517678022,-0.06606926,0.304546416,0.389546782,-0.8274827,0.576312423,0.891184449,0.01122221,0.454764068,0.899454653,-0.010312865,108,106,11,115
turn_right,0.58173573,0.519193411,-0.080019422,0.387752473,0.534498096,-0.150148898,0.72451371,0.531109869,0.01145514,0.267104,0.561520636,-0.436315477,0.854145229,0.516667068,-0.079714097,0.295099676,0.388129771,-0.804093063,0.576283097,0.891172409,0.011144851,0.454707861,0.899285674,-0.010254653,108,106,11,112
turn_right,0.582233012,0.519070685,-0.0757664,0.387988389,0.534447074,-0.141381651,0.724731028,0.531027853,0.012700771,0.266987741,0.561699033,-0.426785886,0.854193866,0.516004682,-0.079635136,0.28962037,0.386208683,-0.798754692,0.576190233,0.891417325,0.010914189,0.454464018,0.899169981,-0.010034173,108,106,11,110
turn_right,0.582332194,0.518962085,-0.065590188,0.388208449,0.534472466,-0.116411604,0.725168109,0.531036556,0.012341409,0.266964942,0.561495662,-0.356033862,0.854219735,0.51502949,-0.114552215,0.25113219,0.37759009,-0.721316636,0.576386094,0.89147383,0.010252706,0.454688311,0.899142921,-0.009383241,108,107,12,98
turn_right,0.582631946,0.518690944,-0.058478158,0.389042348,0.534579098,-0.110717952,0.725404024,0.531033397,0.012437124,0.266773641,0.559619069,-0.312700927,0.854263961,0.514589846,-0.119299948,0.233062238,0.370722026,-0.644561648,0.576593041,0.891484857,0.010197201,0.454731643,0.899114311,-0.009304157,107,107,12,91
turn_right,0.583787322,0.5189026,-0.124030396,0.390316367,0.53565675,-0.164246082,0.728554606,0.530981004,-0.068318382,0.264080018,0.553931355,-0.334465444,0.859416842,0.516916037,-0.238727808,0.194375634,0.37122786,-0.654278696,0.577091396,0.891788304,0.010100009,0.455009788,0.899333596,-0.009131152,108,111,11,77
turn_right,0.584551215,0.518955529,-0.113070749,0.391136467,0.535894275,-0.162715226,0.731492698,0.530907273,-0.065418169,0.263235867,0.548692822,-0.308233082,0.862665057,0.519147515,-0.233623788,0.18421331,0.3748914,-0.632789731,0.577258587,0.891968012,0.007969749,0.455110461,0.899583042,-0.006963668,108,113,10,71
turn_right,0.585741818,0.519919574,-0.109620489,0.39216426,0.536014676,-0.162266612,0.734546423,0.530949354,-0.068814039,0.263263524,0.54910928,-0.275117695,0.863242269,0.523894072,-0.230772451,0.176448405,0.390120834,-0.572798669,0.577259958,0.892873704,0.006178771,0.455081791,0.899895549,-0.005219949,109,113,7,67
turn_right,0.585906684,0.520341754,-0.120514378,0.392232507,0.536018252,-0.161785617,0.735241234,0.530874312,-0.079065613,0.263019681,0.548456788,-0.293604523,0.863825202,0.527858973,-0.244379431,0.174361244,0.391372502,-0.591615319,0.577253878,0.89353466,0.005796356,0.454838932,0.90020299,-0.00486447,110,113,5,66
turn_right,0.58578074,0.52052474,-0.115758166,0.392290711,0.536462426,-0.15562585,0.735017478,0.530889153,-0.07499776,0.263274908,0.5507074,-0.298317015,0.863397419,0.529327452,-0.215354636,0.189462036,0.386117041,-0.64618814,0.577238739,0.893694341,0.005869265,0.454840809,0.900615811,-0.004932945,110,112,5,72
turn_right,0.585630774,0.520520687,-0.109414816,0.392263114,0.537282407,-0.15291062,0.734849691,0.5308339,-0.043763094,0.263298213,0.551966727,-0.321977794,0.863108337,0.530027926,-0.191951782,0.189820319,0.376708627,-0.673416257,0.577270448,0.893949687,0.00653581,0.454843372,0.900875032,-0.005555622,110,112,4,74
turn_right,0.585619688,0.520397902,-0.092263743,0.391796529,0.537281752,-0.140757591,0.734753966,0.530762136,-0.021824172,0.265155941,0.559134781,-0.375435621,0.863030314,0.530566514,-0.158175617,0.253170758,0.375130385,-0.754517913,0.57712692,0.893953085,0.006442512,0.454499811,0.900919259,-0.005476528,109,109,4,96
turn_right,0.585520387,0.520396471,-0.083422288,0.391509771,0.537135005,-0.136916712,0.734508991,0.530743361,-0.00684571,0.265765607,0.561218679,-0.400153965,0.862922668,0.530736327,-0.132840931,0.273415595,0.374661177,-0.786153674,0.576939106,0.893956959,0.006539787,0.454406977,0.900849223,-0.005577339,109,108,4,103
turn_right,0.586047471,0.520475149,-0.074804872,0.391506225,0.537844062,-0.119357564,0.734850407,0.530738652,9.02E-05,0.266210705,0.562112689,-0.38636148,0.862948239,0.53074199,-0.098229997,0.27026096,0.373655826,-0.761464477,0.576943815,0.894619524,0.005321573,0.454470456,0.901078343,-0.004492721,110,108,4,102
turn_right,0.586111546,0.520332217,-0.065707311,0.391559213,0.538070142,-0.107831761,0.734789729,0.530933976,0.003007423,0.266316146,0.562941849,-0.38056308,0.862932026,0.530383646,-0.112937167,0.262546599,0.372532994,-0.756433904,0.576964021,0.894651532,0.005174948,0.454546928,0.900829315,-0.00435459,109,108,4,100
turn_right,0.586104572,0.520337999,-0.047367148,0.391395032,0.538049042,-0.099163294,0.733836114,0.531274676,0.028792689,0.26593557,0.563026547,-0.378840685,0.862889946,0.528323948,-0.071192488,0.283299148,0.373761386,-0.754564166,0.576788902,0.894553602,0.005500887,0.454513073,0.900630772,-0.004669365,109,108,6,107
turn_right,0.585744917,0.520453155,-0.053492606,0.391021907,0.538046062,-0.109898761,0.732712388,0.531497836,0.017009195,0.2655949,0.56314069,-0.416233361,0.862539291,0.527612388,-0.079398759,0.291567624,0.376529694,-0.79060322,0.576452374,0.893668175,0.00600086,0.453989983,0.899114668,-0.005175825,109,108,6,109
turn_right,0.585274637,0.520535231,-0.079426728,0.390879422,0.53747046,-0.166592449,0.731388211,0.531958282,0.012296488,0.265781909,0.563100934,-0.487185478,0.861826718,0.527322948,-0.055247925,0.301231086,0.383483231,-0.862780929,0.576440215,0.893134296,0.007276226,0.454001427,0.898246586,-0.006497742,109,108,7,113
turn_right,0.585144401,0.520540655,-0.078715585,0.390875757,0.537238419,-0.156002253,0.73078078,0.53200841,0.017334336,0.265777409,0.562302411,-0.451894581,0.861751556,0.526578724,-0.049915709,0.301972777,0.383975804,-0.817743421,0.57637614,0.892757237,0.007308179,0.454002321,0.897738159,-0.006532598,109,108,7,113
turn_right,0.585808754,0.520357788,-0.078105882,0.390873432,0.53716737,-0.145837128,0.731327116,0.532006145,0.016168056,0.265669525,0.562303364,-0.450986326,0.863129258,0.526581705,-0.06470909,0.293055266,0.382952958,-0.807364821,0.576363325,0.892707944,0.007403367,0.453881979,0.897733092,-0.006605261,109,108,7,110
turn_right,0.586070657,0.519813895,-0.091762461,0.390953392,0.537174106,-0.149571791,0.731538236,0.531927884,-0.018462678,0.265717924,0.562109947,-0.439746469,0.864297509,0.526376307,-0.134558171,0.289767683,0.378948599,-0.796217084,0.576408505,0.892770767,0.007218418,0.453912169,0.897783279,-0.006372199,109,108,7,109
turn_right,0.586257041,0.519841969,-0.09160585,0.390951216,0.537250221,-0.147382289,0.731814265,0.531925082,-0.025207922,0.264898121,0.56291616,-0.434834391,0.86463511,0.526280999,-0.13691847,0.279332757,0.375812173,-0.7957412,0.5766626,0.893089116,0.006984218,0.454007208,0.898392439,-0.006132241,109,108,7,106
turn_right,0.5861516,0.519842684,-0.107578769,0.391023993,0.537111938,-0.163595617,0.732432485,0.531439304,-0.037324317,0.265211403,0.561957419,-0.420590103,0.86636126,0.526242197,-0.164162368,0.24280484,0.374298304,-0.784635365,0.576674879,0.893032432,0.007425074,0.453971565,0.897834659,-0.006548659,109,108,7,94
turn_right,0.586140513,0.51995939,-0.106473669,0.391385406,0.537008524,-0.165817052,0.733173609,0.531320274,-0.033745084,0.265102684,0.560980201,-0.381156445,0.867501378,0.524810851,-0.163160354,0.224743009,0.371134818,-0.716940701,0.576673925,0.893049061,0.007855217,0.453972578,0.89760226,-0.006968417,109,109,7,89
turn_right,0.586898208,0.519969523,-0.135307565,0.393295795,0.536432862,-0.177739546,0.735100806,0.53108269,-0.069136135,0.265090883,0.558497548,-0.361512035,0.869686425,0.524875939,-0.213120252,0.209483951,0.373806596,-0.683284283,0.576676965,0.892962992,0.007463322,0.453985751,0.897622466,-0.006573804,109,109,7,83
turn_right,0.587038755,0.519971788,-0.123726986,0.39436084,0.536423326,-0.172856227,0.735651672,0.531088948,-0.057279222,0.26517421,0.557819664,-0.347164303,0.869509995,0.524870574,-0.204643324,0.207643598,0.375015646,-0.67686975,0.576730072,0.892898142,0.007431782,0.454042852,0.897674322,-0.006539463,109,110,7,82
turn_right,0.586982131,0.519976735,-0.085498028,0.39417702,0.536425352,-0.148842245,0.735492051,0.531053007,-0.019169971,0.265186518,0.558691621,-0.354705364,0.868481338,0.523894608,-0.160821527,0.218466401,0.373712957,-0.699492097,0.576867998,0.892968297,0.0079236,0.454247862,0.898026109,-0.007032854,109,109,7,86
turn_right,0.586854815,0.519979119,-0.081487857,0.394082397,0.536197305,-0.149214387,0.734656334,0.5310449,-0.011732275,0.264987528,0.559462905,-0.378911763,0.865267277,0.521421552,-0.138045236,0.227496937,0.371557146,-0.736659408,0.57702446,0.892953515,0.008586225,0.45423913,0.897949576,-0.007666523,109,109,8,89
turn_right,0.586768985,0.519981384,-0.04656937,0.393036783,0.536025584,-0.101885952,0.73362112,0.531423628,0.021741126,0.264288515,0.559624553,-0.374920666,0.863009334,0.518313527,-0.075813763,0.27346614,0.371621758,-0.733467221,0.576878726,0.892750561,0.008220641,0.454013348,0.897235036,-0.007323811,109,109,10,103
turn_right,0.586731553,0.519985497,-0.059194166,0.392505467,0.535954893,-0.105220996,0.731143117,0.531915247,0.013142112,0.26429978,0.559805632,-0.404318333,0.86032629,0.517515004,-0.090320982,0.287066966,0.373041511,-0.768476188,0.576546192,0.891688883,0.008344572,0.453803062,0.895979345,-0.007448025,109,109,11,107
turn_right,0.586723745,0.519919515,-0.061186671,0.391883552,0.535979688,-0.138071984,0.729388535,0.532056451,0.0088022,0.264301747,0.55948329,-0.440310866,0.85961163,0.517992258,-0.088921838,0.295303792,0.374550432,-0.803080559,0.576512933,0.891339839,0.009083137,0.453622401,0.895971656,-0.008157862,108,109,11,110
turn_right,0.586711764,0.519923627,-0.066310756,0.391702294,0.535978854,-0.13858135,0.72927916,0.532170534,0.009086048,0.264261663,0.559493065,-0.432553202,0.85971278,0.518967569,-0.081731066,0.296144485,0.377425611,-0.796931863,0.576428771,0.891172349,0.009110427,0.453533232,0.895946264,-0.008189684,108,109,11,110
turn_right,0.586704552,0.519755006,-0.060569704,0.391682327,0.535976231,-0.119084522,0.729394376,0.531970084,0.015734768,0.264247358,0.560875773,-0.406301737,0.861526132,0.519725561,-0.082649752,0.288323015,0.377518117,-0.787017465,0.576427281,0.891302705,0.008742704,0.45353061,0.895970762,-0.007837231,108,108,10,109
turn_right,0.58678329,0.519709527,-0.074200511,0.391677052,0.536096573,-0.122737691,0.729631603,0.53178072,-0.007430085,0.264194638,0.562242746,-0.40001592,0.862338543,0.520179212,-0.123087965,0.287133634,0.377509058,-0.780084908,0.576411724,0.891309381,0.007896513,0.453008801,0.895897508,-0.007000045,108,108,10,109
turn_right,0.586988688,0.519718051,-0.074470706,0.391697377,0.536070287,-0.121342756,0.730804801,0.531827271,-0.008660198,0.264231294,0.561625242,-0.357597888,0.862785697,0.521231532,-0.139739305,0.249142081,0.375038832,-0.720538974,0.576409459,0.891896665,0.007695789,0.452687085,0.896181703,-0.006812692,108,108,9,97
turn_right,0.587133646,0.519762099,-0.071453609,0.391726315,0.536754668,-0.121993124,0.732280016,0.531860173,-0.008212879,0.264244378,0.561453819,-0.344273627,0.863732636,0.523318946,-0.142175719,0.230642632,0.372405082,-0.694702625,0.576454997,0.892186046,0.007612048,0.452685505,0.896842539,-0.006735485,109,108,8,91
turn_right,0.587276697,0.519929469,-0.114260793,0.392529696,0.537190616,-0.155196965,0.734029949,0.531864524,-0.053467743,0.264290988,0.561019719,-0.350818604,0.865036786,0.525048673,-0.206719249,0.210459396,0.377619416,-0.693328261,0.576529026,0.892165065,0.007545401,0.452677488,0.896846652,-0.006662434,109,109,8,84
turn_right,0.5872913,0.519934297,-0.121314928,0.392656744,0.537222147,-0.163110256,0.734300554,0.531875074,-0.062075548,0.264450371,0.561022341,-0.354628205,0.865029514,0.525278866,-0.212241977,0.20697467,0.382935941,-0.69710809,0.576692939,0.891686797,0.007529968,0.452671438,0.896581292,-0.006642761,109,109,8,83
turn_right,0.587328792,0.519729316,-0.140722483,0.39280355,0.53727603,-0.183177203,0.734886289,0.531651318,-0.072114453,0.264517277,0.561025381,-0.3655864,0.865194142,0.525265455,-0.205546096,0.208886296,0.383237273,-0.698342681,0.57670331,0.891655862,0.007464427,0.452566713,0.896378636,-0.006581948,109,109,7,83
turn_right,0.587340355,0.519504368,-0.126509219,0.392974675,0.537283719,-0.173543483,0.735014081,0.531498611,-0.05818842,0.26384148,0.560972869,-0.357766688,0.865115345,0.525260866,-0.189457133,0.209367231,0.382189453,-0.686669409,0.576702714,0.891633332,0.00765084,0.452479541,0.896203578,-0.006753078,109,109,7,83
turn_right,0.587357998,0.519322038,-0.120484844,0.392955601,0.536179304,-0.172319293,0.735193074,0.531370759,-0.056462444,0.264187992,0.561139286,-0.360048413,0.865507126,0.525267839,-0.185465306,0.223807767,0.377011418,-0.694818079,0.576569676,0.890561342,0.0070137,0.452193499,0.894661367,-0.006123063,109,108,7,89
turn_right,0.587382615,0.518874884,-0.117687143,0.392752588,0.536147475,-0.168378726,0.735194445,0.531249404,-0.053779673,0.264604956,0.562732697,-0.380192101,0.865713775,0.525291741,-0.184313431,0.247019678,0.37361449,-0.734912336,0.576516569,0.890233994,0.006926332,0.45209235,0.894138038,-0.006037887,109,108,7,96
turn_right,0.587404132,0.518821836,-0.090188146,0.392554581,0.536177337,-0.145399019,0.735160947,0.531215429,-0.02162157,0.264580399,0.562903166,-0.39770627,0.866813064,0.525251329,-0.144190922,0.278293252,0.374281704,-0.764891028,0.576393366,0.89005053,0.007070017,0.451973677,0.894015908,-0.006172321,109,108,7,106
turn_right,0.587161362,0.518819511,-0.090904891,0.3924658,0.535938621,-0.145802647,0.733853698,0.531357527,-0.023785235,0.264578402,0.562659264,-0.394942909,0.864701927,0.523779035,-0.16190666,0.268895268,0.37131983,-0.756518483,0.576570213,0.89078629,0.006947023,0.452281326,0.894564748,-0.006017734,109,108,8,103
turn_right,0.586923659,0.518778503,-0.124083795,0.392042369,0.536138654,-0.173354194,0.733369052,0.531376243,-0.056631111,0.261785358,0.563512146,-0.380985677,0.864364028,0.522347629,-0.211815745,0.231184646,0.370149463,-0.701809585,0.576570451,0.890758455,0.007172544,0.452155769,0.894688189,-0.0062234,109,108,9,93
turn_right,0.58693099,0.518510818,-0.098687083,0.391438276,0.53620559,-0.140907928,0.733339667,0.531445384,-0.024557009,0.261336982,0.567501247,-0.389790237,0.864224255,0.522188306,-0.141789198,0.250838161,0.370802015,-0.757291675,0.576563001,0.890890777,0.006921434,0.452154458,0.895021319,-0.006011776,109,107,9,100
turn_right,0.586501777,0.518742919,-0.073310263,0.391311586,0.536193728,-0.13467969,0.732420743,0.531983078,0.011030626,0.261581242,0.567436278,-0.430465698,0.863948226,0.523270071,-0.071781054,0.288003534,0.379769504,-0.806482315,0.576255441,0.89132154,0.007170168,0.451538742,0.895340562,-0.006313199,108,107,9,112
turn_right,0.586370885,0.518764734,-0.10233134,0.391014516,0.536174238,-0.177911833,0.732337415,0.532221973,0.005921979,0.261645555,0.568503618,-0.482386678,0.864324391,0.525363266,-0.095785812,0.296747983,0.387976438,-0.855028808,0.576176345,0.891226053,0.008104661,0.451315641,0.895315051,-0.007278075,108,106,8,115
turn_right,0.58628422,0.518789828,-0.111768141,0.390850931,0.536152065,-0.186134487,0.7322824,0.532402098,0.001051458,0.261750042,0.569220722,-0.48705554,0.864624619,0.526589334,-0.100900874,0.298515469,0.391431183,-0.85908556,0.576122761,0.891161919,0.00861786,0.451155901,0.895299315,-0.007807039,108,106,8,116
turn_right,0.586337924,0.518936753,-0.093091898,0.390847355,0.536099792,-0.168465421,0.732315481,0.532432973,0.005609666,0.261873752,0.569123864,-0.458515495,0.86459446,0.526780963,-0.086639434,0.294476092,0.390360266,-0.8322317,0.576128602,0.891133964,0.008813719,0.4514907,0.895278752,-0.007996493,108,106,8,115
turn_right,0.586345315,0.518897176,-0.085659511,0.390847147,0.535795867,-0.141141742,0.732434273,0.532438874,-0.000849277,0.261538446,0.569072902,-0.412593305,0.863862514,0.527182519,-0.098461047,0.277482778,0.384685367,-0.786069751,0.57607156,0.891112566,0.007687966,0.451447189,0.895026863,-0.00686736,108,106,8,109
turn_right,0.586342752,0.519117177,-0.050296705,0.390844584,0.535866976,-0.100876734,0.732474327,0.532485604,0.020210754,0.261897862,0.568818688,-0.372167438,0.863290131,0.527518928,-0.091555648,0.268154442,0.378694057,-0.750967681,0.57606256,0.891528726,0.007520705,0.451481342,0.89546138,-0.006705739,108,106,7,106
turn_right,0.586350501,0.519116282,-0.06192831,0.390880525,0.535859346,-0.116127089,0.73253268,0.532462239,0.013065966,0.262538582,0.568812966,-0.369370729,0.863083482,0.527576029,-0.119456187,0.254776329,0.377804428,-0.741686702,0.576012015,0.891643107,0.007183301,0.451315224,0.895446181,-0.006368754,108,106,7,102
turn_right,0.586376369,0.519353509,-0.06669642,0.390862465,0.536114156,-0.131598577,0.733276486,0.532405674,-0.004900512,0.261198699,0.567722082,-0.350267023,0.863101959,0.528227866,-0.147230715,0.217827633,0.377738059,-0.681069076,0.576473534,0.891997337,0.008922608,0.451514155,0.89659518,-0.008002653,108,106,7,91
turn_right,0.586359382,0.519327402,-0.15741761,0.391337574,0.536106825,-0.201445982,0.73332864,0.532089591,-0.092303596,0.26120466,0.568529069,-0.358418375,0.862772286,0.528924346,-0.256058037,0.20082581,0.388156891,-0.676425278,0.576468349,0.891828477,0.009058097,0.451556981,0.896602035,-0.008076671,109,106,6,85
turn_right,0.586345494,0.519273818,-0.162387967,0.391829312,0.535914183,-0.204013184,0.733344078,0.531941056,-0.101175293,0.26100266,0.568586588,-0.351515114,0.861706257,0.529105842,-0.265319109,0.197310299,0.390387475,-0.657070041,0.576347947,0.891780794,0.00906785,0.451381505,0.896718204,-0.00807263,109,106,6,84
turn_right,0.585827291,0.519269347,-0.14367497,0.391076893,0.536010206,-0.198011741,0.733371139,0.531601608,-0.075616419,0.259580493,0.568573654,-0.356880605,0.861665249,0.529385746,-0.220736906,0.206434056,0.386411071,-0.686545193,0.576369464,0.891785622,0.008856094,0.451649964,0.897431672,-0.007876391,109,106,6,88
turn_right,0.58562851,0.519270658,-0.13275744,0.39045614,0.536009729,-0.178328738,0.73336345,0.531451583,-0.069330968,0.25895223,0.5685606,-0.358574539,0.861856937,0.529597044,-0.206515521,0.213172123,0.382077903,-0.717140198,0.576418698,0.891793489,0.008832337,0.452132136,0.897737205,-0.007864553,109,107,6,90
turn_right,0.585577369,0.519293368,-0.130780309,0.390274882,0.53599602,-0.174551278,0.733758211,0.531250894,-0.063598357,0.258933485,0.568638086,-0.391478479,0.863086224,0.530013263,-0.199634865,0.215947226,0.377110362,-0.770047784,0.576417327,0.891766608,0.008510863,0.452364385,0.897752166,-0.007588237,109,106,5,91
turn_right,0.58550179,0.519456446,-0.113276497,0.389983177,0.536104441,-0.168306336,0.733799219,0.531274199,-0.036650516,0.25959754,0.567937613,-0.435719162,0.864028454,0.530067682,-0.140032679,0.27305755,0.37713024,-0.818739533,0.576430559,0.891762853,0.00847837,0.452399403,0.897752166,-0.007561116,109,107,5,108
turn_right,0.585462987,0.519561052,-0.108729623,0.389634311,0.536154509,-0.170042127,0.733822584,0.531390846,-0.025995847,0.259990752,0.567951798,-0.469177783,0.864636242,0.530641675,-0.117460668,0.28778705,0.379258901,-0.855343461,0.576427102,0.89180392,0.008540485,0.45240289,0.897880435,-0.007640582,109,106,5,112
turn_right,0.585455477,0.520182669,-0.102405667,0.389599621,0.536258876,-0.169584379,0.734186947,0.531469107,-0.017418625,0.262730539,0.56800282,-0.470252812,0.865737259,0.530704141,-0.095011704,0.302040905,0.388336211,-0.833201528,0.576453209,0.891795695,0.00881492,0.452411175,0.897929013,-0.007951078,109,106,5,116
turn_right,0.58543098,0.520353198,-0.08955811,0.389587313,0.536261797,-0.164915681,0.734199643,0.531510234,0.00570963,0.264094204,0.568029344,-0.45893541,0.865849495,0.530383945,-0.067812473,0.304701775,0.391853452,-0.822220445,0.576455414,0.891785264,0.00917175,0.452468544,0.897936285,-0.008289091,109,106,5,117
turn_right,0.585571885,0.520355761,-0.080181636,0.389724523,0.536274016,-0.142420441,0.73416537,0.531517029,0.000515837,0.264054716,0.568012238,-0.447278798,0.86367768,0.530184031,-0.095957324,0.293127179,0.390005618,-0.81203568,0.576435745,0.892006338,0.009191784,0.452470362,0.898098648,-0.008302661,109,106,5,113
turn_right,0.585609078,0.520399868,-0.058316477,0.389721572,0.536278665,-0.111811139,0.734167278,0.531609118,0.020087821,0.263926089,0.567995131,-0.394433916,0.863618016,0.530201674,-0.0787834,0.28683421,0.388222814,-0.771195352,0.576438248,0.89195931,0.008795027,0.4525567,0.898038864,-0.007918112,109,106,5,111
turn_right,0.585512459,0.520455956,-0.073183589,0.389711857,0.536365509,-0.120190486,0.734053016,0.53145963,-0.012065629,0.26392433,0.568004608,-0.371733487,0.863052011,0.53026247,-0.16010575,0.253768384,0.38036865,-0.734910488,0.576441288,0.891953349,0.007950587,0.452459574,0.89797467,-0.007079642,109,106,5,101
turn_right,0.585794747,0.520385444,-0.105543815,0.38970986,0.536938071,-0.155796438,0.734295189,0.531000614,-0.047101296,0.262418568,0.565878689,-0.364660472,0.863012135,0.530191064,-0.200525925,0.220222518,0.376832157,-0.694135308,0.576448619,0.89179486,0.007952999,0.452431589,0.897976339,-0.007080926,110,107,4,90
turn_right,0.58595258,0.520283759,-0.111248173,0.38985908,0.537335992,-0.156065181,0.734716594,0.530925035,-0.055574644,0.261303157,0.564313054,-0.345440269,0.863322616,0.530210018,-0.203268811,0.208465293,0.376403779,-0.668723524,0.576450706,0.891719103,0.007713903,0.452343225,0.897977769,-0.006839926,110,108,4,86
turn_right,0.586056769,0.520154834,-0.109570861,0.390298456,0.537359536,-0.156212807,0.734979212,0.530897498,-0.053053856,0.261374027,0.564739227,-0.353606492,0.863326669,0.529972315,-0.194178134,0.206041187,0.384694159,-0.69284153,0.576461434,0.891637862,0.007774399,0.452096552,0.897803903,-0.006892948,110,108,5,85
turn_right,0.586577475,0.520089269,-0.112963162,0.390372574,0.537846267,-0.156900018,0.735389829,0.530982375,-0.057515137,0.261127442,0.56476742,-0.354608029,0.864854634,0.529964387,-0.209656745,0.208957002,0.383368075,-0.692025006,0.576511502,0.891633809,0.007525912,0.451930702,0.897720993,-0.006658542,110,108,5,86
turn_right,0.586673617,0.519578218,-0.111915007,0.390615046,0.537850976,-0.157504931,0.735235512,0.53099215,-0.053753994,0.261654735,0.565508842,-0.360100061,0.864770532,0.529262185,-0.197623566,0.214505702,0.381332964,-0.70244807,0.576512814,0.891647875,0.007794402,0.451932192,0.897577584,-0.006913314,109,108,5,88
turn_right,0.587007999,0.519567609,-0.066154949,0.39055568,0.537816584,-0.103520237,0.735233128,0.531134844,-0.014612002,0.262451023,0.565748453,-0.35003072,0.864765048,0.528485537,-0.146014035,0.232007176,0.377671719,-0.705353022,0.576615393,0.891959786,0.007001197,0.451980531,0.897794962,-0.006128258,109,107,6,93
turn_right,0.587009311,0.519541502,-0.072243124,0.390580505,0.537650347,-0.112990223,0.735129118,0.531165838,-0.014043435,0.262452394,0.567377925,-0.354205996,0.864665687,0.528300583,-0.143697143,0.246680498,0.376651257,-0.708227277,0.576645017,0.892167926,0.006477621,0.452452421,0.897793412,-0.005593608,109,107,6,98
turn_right,0.586556077,0.519536078,-0.069067076,0.390131086,0.537784159,-0.103723906,0.73354876,0.531156182,-0.008249076,0.262622088,0.567553222,-0.357142121,0.861939549,0.525280476,-0.12705189,0.258479536,0.376636147,-0.728839576,0.576640785,0.892408133,0.005127266,0.452443987,0.897966444,-0.004292476,109,107,7,102
turn_right,0.586489975,0.519279003,-0.076375842,0.390050888,0.537753701,-0.106279887,0.731897652,0.531126797,-0.012694873,0.262862116,0.567381978,-0.352653176,0.859710991,0.52387768,-0.145277351,0.25292182,0.376643777,-0.718377709,0.576644599,0.892406046,0.005035693,0.452425241,0.897606254,-0.0041953,109,107,8,100
turn_right,0.586125553,0.519271374,-0.044667516,0.389824688,0.537917852,-0.07742618,0.731240809,0.531062067,0.023728296,0.262933969,0.567384899,-0.351245493,0.859625936,0.523492515,-0.080214344,0.274556488,0.377130091,-0.721163452,0.576611996,0.892410219,0.004687885,0.45242995,0.897348285,-0.003843863,109,107,8,107
turn_right,0.58599627,0.519279301,-0.053665429,0.389425993,0.538007379,-0.094087869,0.730834603,0.531062722,0.019538667,0.262944669,0.567384303,-0.371492654,0.859056592,0.523529172,-0.081245422,0.28437534,0.377354652,-0.74463582,0.576464534,0.892367125,0.004860066,0.452213466,0.896591783,-0.004000389,108,107,8,110
turn_right,0.585882962,0.519248426,-0.092565663,0.389463305,0.537957907,-0.153035924,0.73033607,0.530932128,0.014613656,0.263544559,0.567267418,-0.462029696,0.859107673,0.523415387,-0.069088429,0.298271626,0.386416137,-0.833895802,0.57627058,0.891204655,0.005115191,0.452022135,0.892950356,-0.004282397,109,107,8,114
turn_right,0.585880458,0.519193888,-0.110628225,0.389540285,0.537932396,-0.171495542,0.730013013,0.530925989,-0.011214129,0.264742315,0.567169428,-0.475726187,0.859128475,0.523437321,-0.08661297,0.299457282,0.38710773,-0.843775749,0.575761199,0.89028424,0.005121001,0.45121488,0.89019984,-0.004296066,109,107,8,114
turn_right,0.585974932,0.518954933,-0.107398495,0.389802635,0.537970781,-0.166154236,0.730588257,0.53092581,-0.005468776,0.264796674,0.567155838,-0.441313684,0.860805213,0.523953557,-0.077882625,0.291721791,0.38678661,-0.807524025,0.575410962,0.890067101,0.005121791,0.450720847,0.889645457,-0.004295263,109,107,8,112
turn_right,0.586114168,0.518871248,-0.104663409,0.389827669,0.538015962,-0.158185348,0.731141984,0.530920148,-0.013155453,0.265321791,0.567197561,-0.43135199,0.861321449,0.524545252,-0.095272034,0.287224531,0.386218578,-0.819478393,0.575204015,0.890063107,0.005073679,0.450193465,0.889639854,-0.004246184,109,107,8,110
turn_right,0.586316526,0.518783748,-0.103423715,0.390034974,0.537712216,-0.135422349,0.731698096,0.5309425,-0.016611537,0.265356988,0.566491365,-0.37374863,0.861204267,0.524714172,-0.131355911,0.257250816,0.381693035,-0.750041425,0.57521373,0.890139401,0.004804977,0.450260699,0.889726877,-0.003987855,109,107,8,100
turn_right,0.586371779,0.518745005,-0.083294593,0.390683234,0.537649572,-0.125410452,0.732001126,0.530967534,-0.013905441,0.265863478,0.563574195,-0.361423373,0.861206651,0.525235951,-0.135948926,0.242372245,0.378424525,-0.738863647,0.575292706,0.890693665,0.004834496,0.450593859,0.890751481,-0.004014387,109,108,7,95
turn_right,0.58639437,0.518746436,-0.124048986,0.391153812,0.537730277,-0.166564554,0.733133912,0.531100631,-0.060268164,0.264464706,0.557700813,-0.350435317,0.861496449,0.525195718,-0.208109587,0.213003084,0.37506178,-0.667907298,0.575629771,0.890619099,0.005081707,0.451352298,0.891117632,-0.004219852,109,110,7,83
turn_right,0.586460471,0.519060552,-0.116762877,0.392217934,0.53775996,-0.163854629,0.73467797,0.531186879,-0.057193905,0.264085382,0.552583516,-0.339434475,0.863065362,0.526311755,-0.199292332,0.207289979,0.374624431,-0.672310114,0.575908005,0.890416086,0.004983136,0.451961517,0.891436398,-0.004133973,109,112,7,79
turn_right,0.586572528,0.519056201,-0.119760953,0.392376751,0.537516713,-0.163551301,0.735767365,0.531099558,-0.057927947,0.263023436,0.547199368,-0.351040214,0.864558697,0.526264966,-0.187181398,0.205428571,0.37225619,-0.697249293,0.576340377,0.890402079,0.005224409,0.452854812,0.892403185,-0.004369854,109,115,7,76
turn_right,0.586600959,0.519477606,-0.115910292,0.392420918,0.537206352,-0.159458727,0.736603618,0.531118929,-0.051537342,0.26132828,0.543135643,-0.352174371,0.864601135,0.526237726,-0.188812077,0.206772566,0.364196479,-0.698836029,0.576602459,0.890756905,0.0052331,0.453351319,0.893277466,-0.004375258,110,116,7,76
turn_right,0.586601615,0.519517004,-0.070983492,0.392574042,0.537111819,-0.116020784,0.736724138,0.531129897,-0.011644396,0.261194766,0.539408326,-0.325377524,0.864389896,0.526221335,-0.146005243,0.209589332,0.356090009,-0.672749639,0.576737523,0.891323507,0.005111123,0.453386545,0.894255519,-0.004243465,110,117,7,75
turn_right,0.586605132,0.519634247,-0.069570452,0.392577529,0.536588311,-0.119830057,0.736714303,0.531281054,-0.011590649,0.261472791,0.535089076,-0.336538106,0.864290118,0.526196003,-0.147208586,0.225730225,0.34927395,-0.678851962,0.576963723,0.892693579,0.005084445,0.453871399,0.89644897,-0.004206903,109,119,7,78
turn_right,0.586596966,0.519691527,-0.072433397,0.392602861,0.536203325,-0.12284144,0.736638784,0.531252265,-0.013246804,0.262349665,0.53318584,-0.360347033,0.8642748,0.526218593,-0.146772757,0.243034914,0.346940786,-0.70891434,0.577123761,0.893541455,0.004819342,0.454022646,0.897886395,-0.00394809,109,119,7,83
turn_right,0.586598217,0.51966089,-0.064855948,0.392475098,0.535172343,-0.124416232,0.736394405,0.531254828,0.000594484,0.262358785,0.534707725,-0.384518534,0.864346504,0.526182115,-0.118498243,0.280244142,0.349050522,-0.732816517,0.577265382,0.893734217,0.004991861,0.454440266,0.898162067,-0.004094125,109,118,7,95
turn_right,0.58663398,0.519605279,-0.069245465,0.392121404,0.533771455,-0.135324925,0.736205339,0.531262934,-0.000777285,0.262411088,0.535766065,-0.430219114,0.86675179,0.526140869,-0.102274612,0.298137277,0.351690263,-0.796832323,0.577458322,0.894009888,0.005136309,0.454450697,0.898259163,-0.004232611,109,117,7,102
turn_right,0.586917996,0.519601047,-0.070089363,0.392052054,0.533295512,-0.133119553,0.736240506,0.531275392,-0.000988127,0.263046354,0.53632772,-0.419787079,0.868311584,0.526095092,-0.096426316,0.302211553,0.352481037,-0.783563495,0.57747376,0.894145668,0.004705162,0.454446226,0.898207545,-0.003835059,109,117,7,103
turn_right,0.587211192,0.519584537,-0.071443811,0.392000735,0.532741487,-0.132730439,0.736265361,0.531279147,-0.002430697,0.263363361,0.536701143,-0.418438584,0.869648933,0.52594465,-0.097272232,0.302850157,0.35306111,-0.781496346,0.577492595,0.894352376,0.004309296,0.454443783,0.898199141,-0.003461724,109,116,7,104
turn_right,0.58755976,0.519590795,-0.06268134,0.392060667,0.532715082,-0.126320958,0.736586034,0.531232953,0.003367924,0.263266236,0.536367774,-0.401164204,0.871625602,0.526175618,-0.100897767,0.292629063,0.353195727,-0.739069939,0.577554107,0.894894779,0.004306046,0.454631239,0.899161875,-0.003455976,109,116,7,101
turn_right,0.588476717,0.519624591,-0.07064312,0.393148124,0.532792568,-0.127042323,0.738914549,0.530962467,-0.013003918,0.263577491,0.535614848,-0.37832278,0.874280453,0.526324153,-0.138873488,0.269054651,0.349634111,-0.721631467,0.577845275,0.895639718,0.004045029,0.454753697,0.900618553,-0.00319255,110,116,6,93
turn_right,0.588925362,0.519933879,-0.085481621,0.393589526,0.532793641,-0.134725913,0.741107643,0.530956149,-0.036797233,0.263579339,0.534107268,-0.368312627,0.87650615,0.526918411,-0.176065072,0.247779697,0.346450448,-0.703496456,0.578021169,0.896485686,0.003671079,0.454825342,0.901310503,-0.002823357,110,117,6,86
turn_right,0.589258492,0.520131767,-0.085422926,0.394394457,0.532722771,-0.13717033,0.741221547,0.530946434,-0.032219242,0.263845861,0.529878616,-0.365960598,0.876945794,0.526933908,-0.167186156,0.236445278,0.344218165,-0.707153022,0.578147054,0.89704597,0.003952782,0.454839408,0.902336299,-0.003108497,110,118,6,80
turn_right,0.590109944,0.520181358,-0.084698915,0.395958364,0.532689154,-0.13347277,0.742229879,0.530948758,-0.030576399,0.264031261,0.530182004,-0.353438944,0.878406346,0.527122915,-0.160216749,0.224812001,0.344933033,-0.700298905,0.578191936,0.897503555,0.004066263,0.454983801,0.902784467,-0.003250634,110,118,6,77
turn_right,0.590661168,0.520201743,-0.084037133,0.396598041,0.532683909,-0.133559003,0.742435336,0.530928671,-0.029042104,0.264036328,0.529838383,-0.350487292,0.879057586,0.527153015,-0.158031121,0.22200644,0.343388945,-0.694080472,0.578259349,0.898566604,0.004769126,0.455031931,0.9033916,-0.003979723,110,118,6,76
turn_right,0.590788722,0.52020514,-0.078077883,0.396593839,0.532666802,-0.127360404,0.742340565,0.530849159,-0.022232974,0.264292896,0.531747937,-0.353969842,0.878760993,0.527232885,-0.149640962,0.236978695,0.343879819,-0.700121343,0.578265309,0.898568511,0.00441799,0.454897732,0.903376997,-0.003613449,110,118,6,81
turn_right,0.590787113,0.52024132,-0.068886429,0.396408141,0.532655954,-0.119971514,0.741856813,0.530827641,-0.01285167,0.264279395,0.531933963,-0.356024861,0.878643632,0.527295291,-0.134518072,0.249075696,0.344031036,-0.702798426,0.578264117,0.898574412,0.004178175,0.454852015,0.9034006,-0.00335965,110,117,5,85
turn_right,0.590647042,0.520366609,-0.073054098,0.396001428,0.532043934,-0.126614124,0.741116226,0.531067967,-0.009578163,0.264290065,0.534812927,-0.412820011,0.877549529,0.527208149,-0.116818085,0.289377064,0.351282597,-0.783796906,0.578270793,0.897648752,0.00436769,0.454902172,0.902695477,-0.003553451,110,116,6,99
turn_right,0.590510786,0.520363033,-0.072979696,0.395919353,0.532096624,-0.128655091,0.740689695,0.530906796,-0.010108978,0.264458895,0.541265249,-0.400560439,0.877523243,0.526698947,-0.120337918,0.280005485,0.352185845,-0.765837193,0.578193724,0.897611976,0.004507104,0.454873264,0.902602732,-0.003685066,110,114,6,99
turn_right,0.590511143,0.520157158,-0.068653665,0.394749612,0.532176077,-0.126966327,0.738359034,0.530967772,0.00332587,0.26446256,0.545635819,-0.402451664,0.871114612,0.523440719,-0.101683117,0.286252826,0.358462542,-0.768091798,0.578024507,0.896434069,0.004811763,0.454691499,0.901756287,-0.00397334,110,112,7,103
turn_right,0.59047097,0.519650221,-0.066263579,0.394338369,0.532301247,-0.127093226,0.73676759,0.530964017,0.00737982,0.264526099,0.550542295,-0.410039097,0.867032409,0.520826101,-0.093345746,0.290803522,0.36591053,-0.783096611,0.577817202,0.895658255,0.005438934,0.454421371,0.900518775,-0.004570708,109,110,9,106
turn_right,0.590436816,0.518695652,-0.072403729,0.394381016,0.531789124,-0.136573106,0.735520542,0.530942678,0.00704578,0.264671445,0.551293969,-0.427651167,0.866155028,0.518853903,-0.088304907,0.293967038,0.369194716,-0.796908975,0.577784538,0.894813716,0.00603182,0.45429197,0.899553359,-0.005116569,109,110,10,108
turn_right,0.590456605,0.517920136,-0.072821699,0.394447684,0.5311867,-0.1347498,0.735436559,0.530656874,0.006017172,0.264666855,0.552010715,-0.420018613,0.866320133,0.516501129,-0.082466096,0.293832481,0.369180739,-0.788517594,0.577620566,0.894778967,0.006082117,0.454086155,0.899258912,-0.00517063,108,109,11,108
turn_right,0.590510488,0.517875969,-0.072418347,0.394479722,0.531336606,-0.118023358,0.735450208,0.530491114,0.004778131,0.264667809,0.552553058,-0.377836406,0.866521955,0.516373813,-0.084665239,0.287837654,0.368748367,-0.737196982,0.577824473,0.894793212,0.005108708,0.454085439,0.899318814,-0.004223356,108,109,11,106
turn_right,0.590438426,0.517864823,-0.053305097,0.394343942,0.53137809,-0.108621217,0.73530829,0.530166864,0.031487443,0.26444158,0.552181542,-0.329022586,0.86554879,0.516345382,-0.064533994,0.272416353,0.363502771,-0.656847298,0.578528523,0.895608306,0.004888747,0.454107344,0.901459157,-0.003959944,108,109,11,102
turn_right,0.590344369,0.517859757,-0.085158452,0.395094931,0.530484378,-0.145981535,0.735309303,0.530143678,-0.015821092,0.264652997,0.546409309,-0.339014888,0.865707278,0.516128838,-0.155411854,0.24264577,0.360237777,-0.681059837,0.578611195,0.895839334,0.005529688,0.454104662,0.90203023,-0.004534056,108,111,11,90
turn_right,0.590355039,0.517728925,-0.090161458,0.395309538,0.530530691,-0.151545793,0.735322833,0.530118585,-0.020434083,0.264652073,0.543750525,-0.351224035,0.865828216,0.515042901,-0.166664809,0.229596451,0.358829826,-0.689007759,0.57886523,0.896093786,0.006249444,0.45410198,0.902352929,-0.005149112,108,112,11,85
turn_right,0.590508401,0.517708361,-0.089699097,0.395819664,0.530508101,-0.148967296,0.735250354,0.529985189,-0.024290469,0.26462245,0.543765128,-0.344276667,0.865446925,0.514975131,-0.174377084,0.224876195,0.358885467,-0.684048057,0.579590023,0.896359265,0.006257993,0.455032885,0.903464496,-0.005157687,108,112,11,84
turn_right,0.590548873,0.517338395,-0.097718187,0.395960152,0.530379832,-0.151565939,0.735251248,0.529816806,-0.027561162,0.26417923,0.543937027,-0.348239034,0.865506172,0.514784038,-0.174623922,0.226223305,0.358713269,-0.679750204,0.579706073,0.896369934,0.006324449,0.455424547,0.903617918,-0.005222212,108,112,12,84
turn_right,0.590615153,0.51711899,-0.105815373,0.396086514,0.53029573,-0.159196258,0.735399902,0.529487967,-0.029570803,0.264161766,0.544377208,-0.355169952,0.868187428,0.514810026,-0.166838303,0.230991244,0.358777672,-0.680686474,0.579807997,0.896422207,0.006313741,0.4556683,0.90418458,-0.005212707,108,112,11,86
turn_right,0.590364695,0.51694721,-0.080249265,0.395546317,0.530744672,-0.129856855,0.733887732,0.52915591,0.010108837,0.263038725,0.545478642,-0.37932092,0.865519047,0.51458627,-0.084012166,0.258918375,0.358308494,-0.744109333,0.579818189,0.896587491,0.005937064,0.455687582,0.904414356,-0.004932022,108,112,11,95
turn_right,0.590207219,0.5168311,-0.11048533,0.39538151,0.530734837,-0.165615231,0.733103693,0.528383493,-0.005570922,0.263024122,0.547407448,-0.45761022,0.864862323,0.514504611,-0.095295474,0.29002133,0.363420606,-0.835560322,0.579665542,0.896367073,0.006109222,0.455339581,0.903632104,-0.005150035,108,111,11,106
turn_right,0.589985549,0.516839743,-0.107520841,0.394657075,0.530844331,-0.163132787,0.732505441,0.528221548,0.001740342,0.263316572,0.548093855,-0.461500704,0.864220738,0.514506459,-0.069575965,0.302020371,0.364464283,-0.822312057,0.579767108,0.896200895,0.006333237,0.455330133,0.903025687,-0.005421359,108,111,11,109
turn_right,0.589866161,0.516651988,-0.105413005,0.394327104,0.53088063,-0.163717806,0.731797397,0.528064847,-0.006231467,0.263385296,0.549407542,-0.461117178,0.863539577,0.514518023,-0.083402634,0.30032438,0.368293315,-0.832781434,0.579795063,0.895949543,0.006353964,0.455459505,0.902677,-0.005462084,108,110,10,110
turn_right,0.58931011,0.516136706,-0.096941516,0.393946528,0.53088057,-0.148785979,0.731370389,0.527900994,-0.003754954,0.263213754,0.549919128,-0.460100234,0.862181008,0.514504611,-0.091502935,0.292435408,0.367921561,-0.8062374,0.5798105,0.895296514,0.006002139,0.455844015,0.90203923,-0.005151713,108,110,11,107
turn_right,0.588192105,0.515951216,-0.092307881,0.393870473,0.530882895,-0.144193679,0.730277359,0.527840078,-0.004011547,0.262939692,0.549414098,-0.378417104,0.858603835,0.514420629,-0.130390629,0.252870739,0.362059563,-0.725142241,0.579847693,0.894729912,0.005991994,0.45650363,0.901967883,-0.005135547,108,111,11,95
turn_right,0.587412417,0.515788972,-0.119418263,0.39359042,0.531036973,-0.171163812,0.730209172,0.527212262,-0.035201468,0.262244999,0.548677862,-0.380449861,0.858746707,0.514424622,-0.176145777,0.234685391,0.359808862,-0.719574332,0.579861462,0.894287109,0.006014158,0.456682861,0.901993811,-0.005147426,108,111,10,89
turn_right,0.587400317,0.51626128,-0.129246727,0.393717349,0.531723917,-0.172841668,0.730525792,0.527022243,-0.054183654,0.26077652,0.547887266,-0.357753724,0.85986793,0.514599741,-0.185154423,0.203315347,0.365574777,-0.681997836,0.579863966,0.894179225,0.005975884,0.456751913,0.902074397,-0.005095788,108,112,10,79
turn_right,0.587351441,0.516620398,-0.128220826,0.393726468,0.531931043,-0.170875341,0.730986357,0.526972532,-0.060256381,0.259834707,0.547687948,-0.356793225,0.860367119,0.514471292,-0.194120556,0.196624577,0.368958652,-0.68677789,0.579861999,0.893718421,0.005891175,0.456779659,0.901923358,-0.00500589,108,112,10,77
turn_right,0.587311983,0.516646266,-0.126550198,0.393352211,0.532572627,-0.168716207,0.7310009,0.52809155,-0.058778673,0.257260978,0.547831178,-0.341659367,0.859048724,0.514463484,-0.205531672,0.203653425,0.368678957,-0.656733751,0.579857945,0.893291473,0.005894125,0.456871092,0.901484668,-0.005006196,108,113,11,80
turn_right,0.58658272,0.51691848,-0.090705395,0.391622871,0.53275907,-0.132202774,0.731003642,0.528557718,-0.014754213,0.257157624,0.551202416,-0.337439626,0.859132946,0.51554054,-0.141147181,0.216066241,0.365444034,-0.670709193,0.580059767,0.893289864,0.005473647,0.456946284,0.901501834,-0.004592026,108,112,10,85
turn_right,0.586261511,0.517293394,-0.067168221,0.390947104,0.532759488,-0.110829458,0.731049538,0.529192388,0.013389735,0.257191241,0.551275313,-0.335056573,0.859045982,0.515641749,-0.093933038,0.239637882,0.360804349,-0.675823331,0.580006421,0.893292129,0.004304215,0.456775278,0.901499331,-0.003450873,108,112,11,93
turn_right,0.586089492,0.517306507,-0.076253667,0.390211999,0.532678008,-0.118840948,0.728543818,0.530127347,0.014638506,0.257256925,0.554624915,-0.394978583,0.856768787,0.515340388,-0.068113334,0.282478392,0.364893228,-0.750400424,0.579628468,0.892072976,0.004512905,0.456650645,0.899804771,-0.003682829,107,111,12,107
turn_right,0.585883975,0.517327309,-0.09371046,0.389592499,0.532664895,-0.165477186,0.728585839,0.530247569,0.006730137,0.257765204,0.554662943,-0.471471965,0.856868088,0.515470266,-0.066207722,0.308211386,0.380336136,-0.826280415,0.579232931,0.892026305,0.005905959,0.456294924,0.899321258,-0.005120643,107,110,12,116
turn_right,0.585481286,0.517380774,-0.093804747,0.389243066,0.532663286,-0.169001535,0.72863555,0.530354738,0.0147769,0.258414775,0.554605544,-0.471504211,0.857206702,0.515457928,-0.032104347,0.313226134,0.38391605,-0.82149756,0.579066932,0.891932309,0.007615632,0.456189781,0.899130106,-0.006891133,107,110,12,117
turn_right,0.585255265,0.518242538,-0.085456215,0.388958216,0.533004224,-0.167987734,0.728501558,0.530713677,0.01636577,0.258443743,0.554523051,-0.453977019,0.857316494,0.515811503,-0.051292438,0.303162545,0.383081913,-0.81149447,0.579048336,0.891896188,0.00769755,0.456091315,0.899027109,-0.00696443,108,110,12,114
turn_right,0.585262001,0.518424392,-0.089245044,0.388859093,0.533149183,-0.165618733,0.727862716,0.531224132,0.012788117,0.258242637,0.555290639,-0.446471542,0.8564744,0.516176283,-0.066543549,0.296084464,0.381477863,-0.806542993,0.579019487,0.891771078,0.007784169,0.456090599,0.898746848,-0.007031227,107,110,12,112
turn_right,0.585291982,0.518293619,-0.091725864,0.388902336,0.533463061,-0.15500924,0.727926314,0.531130433,-0.005515768,0.258028984,0.554726601,-0.380243301,0.856557071,0.516212106,-0.116558313,0.269070297,0.365902692,-0.712508738,0.579007506,0.89198041,0.005231211,0.455945194,0.898672998,-0.004439952,107,111,12,103
turn_right,0.585690141,0.518566072,-0.073591076,0.38909021,0.533702433,-0.11896269,0.729025662,0.531252444,0.001809794,0.258190751,0.554985166,-0.381472051,0.859490216,0.517367661,-0.105811261,0.269244254,0.364916861,-0.720019877,0.578861773,0.892984033,0.004735878,0.455753654,0.898880005,-0.003966614,107,111,11,103
turn_right,0.585972667,0.518588483,-0.063056715,0.389097512,0.534258246,-0.11514201,0.729207635,0.531261563,0.016684853,0.258649856,0.56125766,-0.387257695,0.859670758,0.517353356,-0.079817578,0.281227052,0.371431261,-0.762664557,0.578145921,0.892980397,0.005295153,0.454640239,0.898760378,-0.004444573,108,108,11,108
turn_right,0.586093307,0.51839906,-0.06582509,0.389088809,0.534606814,-0.118524648,0.729385972,0.531248391,0.016162064,0.25909856,0.563875973,-0.41087231,0.859926343,0.517227232,-0.084321305,0.281896144,0.37178424,-0.797376096,0.577925682,0.892639041,0.00595542,0.453829288,0.898512423,-0.005067247,108,108,11,109
turn_right,0.586157262,0.518301666,-0.110323891,0.389229,0.534672618,-0.1673989,0.729494214,0.531344831,-0.029849201,0.25949353,0.566131711,-0.401581913,0.859740257,0.517188072,-0.163256526,0.246697262,0.37173155,-0.752564669,0.577840328,0.892646492,0.007042712,0.452952325,0.898481667,-0.006049602,108,107,11,100
turn_right,0.586514175,0.518106818,-0.151461557,0.389515966,0.534638107,-0.208442003,0.730112433,0.531347454,-0.063593887,0.258626044,0.567314506,-0.400450647,0.859770656,0.517151296,-0.197644457,0.227170914,0.371169299,-0.725030661,0.577705026,0.892504573,0.007820873,0.452356339,0.89847821,-0.006731144,108,106,12,95
turn_right,0.586799026,0.518106818,-0.174689189,0.390483439,0.534749866,-0.230279177,0.73159945,0.531263947,-0.088473491,0.256135315,0.566995025,-0.393729448,0.860084355,0.517861366,-0.229345277,0.199742913,0.374979824,-0.702646017,0.577759862,0.891715169,0.008495744,0.452364534,0.89832437,-0.007329909,108,107,11,87
turn_right,0.586819887,0.518096089,-0.154318601,0.390679717,0.534758687,-0.227598757,0.731767058,0.531194091,-0.064767949,0.254313678,0.566373289,-0.384627849,0.86028254,0.518995225,-0.188127562,0.191680491,0.377082974,-0.675169289,0.577775836,0.891317546,0.012486661,0.452352762,0.898229182,-0.011254859,108,108,11,85
turn_right,0.586836219,0.518094063,-0.148555845,0.390692383,0.535703897,-0.210368782,0.731710017,0.531211734,-0.065220177,0.253853023,0.566038191,-0.366667062,0.860218406,0.519604743,-0.201334864,0.194401145,0.377450794,-0.678699136,0.577781558,0.891350091,0.012055577,0.452246994,0.898460269,-0.010787287,108,108,10,85
turn_right,0.586882055,0.51809603,-0.162615299,0.390711874,0.536399722,-0.212353081,0.731500506,0.531205118,-0.077932723,0.253888428,0.565979719,-0.372823536,0.859607399,0.519869506,-0.216417864,0.200865477,0.377292663,-0.693124712,0.577774346,0.891155124,0.011452883,0.452122629,0.898458421,-0.010167281,108,109,10,87
turn_right,0.586336374,0.518116832,-0.106470324,0.390267074,0.536124766,-0.157203048,0.72920841,0.531623781,-0.028864834,0.254428446,0.566211283,-0.359757543,0.857436657,0.519862711,-0.164933234,0.222890496,0.373629868,-0.697393537,0.577755153,0.891269863,0.010734598,0.45208326,0.898478925,-0.009512081,107,108,11,93
turn_right,0.585918903,0.518281996,-0.096325353,0.389888763,0.536194205,-0.146928981,0.729125381,0.531728208,-0.0157116,0.254533231,0.56815815,-0.372457862,0.857452691,0.521096766,-0.140047833,0.246397048,0.371500283,-0.74916178,0.577596843,0.891654313,0.009957034,0.452018827,0.898713171,-0.008761906,107,108,10,101
turn_right,0.585310876,0.519645631,-0.079377472,0.388331831,0.536661267,-0.146104053,0.729117095,0.532552481,0.006004608,0.254746735,0.567192614,-0.42128858,0.857730031,0.523945332,-0.075735554,0.2889871,0.372998774,-0.784405172,0.577455044,0.891694665,0.009875224,0.451990426,0.89863956,-0.008696396,108,108,9,113
turn_right,0.584735036,0.520191908,-0.083416767,0.387977064,0.536642373,-0.160971791,0.729115605,0.532714963,-0.004152068,0.255368441,0.567018688,-0.471671909,0.857521832,0.525700033,-0.087431237,0.299537927,0.383773386,-0.840267956,0.577448964,0.891636014,0.009881372,0.45206818,0.898299873,-0.008751041,108,108,8,116
turn_right,0.5848248,0.520976663,-0.084052876,0.387973547,0.537038982,-0.152597204,0.730419993,0.532783508,0.013620764,0.25764209,0.566932082,-0.458078712,0.857728958,0.527676344,-0.032123018,0.305310428,0.389076263,-0.825274825,0.577431321,0.892187297,0.009675497,0.451997042,0.898411632,-0.008603068,108,107,7,118
turn_right,0.584832251,0.520981729,-0.073284976,0.38792184,0.53706032,-0.135939687,0.730433583,0.532849669,0.026785512,0.258256882,0.566866577,-0.443457276,0.857766032,0.528806388,-0.028907696,0.301825881,0.388588816,-0.804430485,0.577375829,0.892622411,0.008666873,0.451812685,0.898350835,-0.007635193,108,107,6,117
turn_right,0.584891737,0.520980895,-0.072384126,0.387928516,0.537158012,-0.137686789,0.730962157,0.532797694,0.024227519,0.258319199,0.565842748,-0.442254722,0.859445095,0.530261338,-0.038227201,0.297951072,0.387676716,-0.812030017,0.577044308,0.892937541,0.008578761,0.451555312,0.898349106,-0.00757122,109,108,6,115
turn_right,0.585785508,0.520468175,-0.033366747,0.38832891,0.536237001,-0.089776665,0.731960177,0.532780707,0.042509384,0.258298397,0.565076828,-0.352380365,0.859582245,0.530103624,-0.044120241,0.27878654,0.373307824,-0.706728935,0.576848626,0.893047452,0.007909883,0.451539189,0.898334384,-0.006949612,108,108,6,109
turn_right,0.586103976,0.520842671,-0.046702348,0.388516009,0.536126554,-0.113341846,0.733638883,0.532984018,0.023327883,0.257651865,0.561425924,-0.338546097,0.861026585,0.530473053,-0.111944593,0.228667453,0.361754507,-0.651027918,0.576818466,0.893018484,0.009268301,0.451206595,0.898338675,-0.008263278,109,109,6,93
turn_right,0.586358428,0.521005452,-0.037027072,0.388785779,0.535948455,-0.100879118,0.733900428,0.533190787,0.03041845,0.256900251,0.559653461,-0.298897505,0.86066258,0.530512512,-0.1115738,0.214850694,0.361846715,-0.621923327,0.576812625,0.893264472,0.00925168,0.451121718,0.898506105,-0.008244324,109,110,6,88
turn_right,0.586532474,0.521332979,-0.049211808,0.388851225,0.535792172,-0.112997629,0.734322906,0.533239603,0.025919601,0.256116331,0.558777928,-0.316716999,0.860292256,0.530769587,-0.118302524,0.204641581,0.362881541,-0.646948814,0.57684505,0.893270433,0.009886177,0.451119006,0.898554683,-0.008907154,109,110,6,85
turn_right,0.587247193,0.521837294,-0.050730497,0.389165878,0.535918534,-0.112105988,0.734443784,0.533275008,0.013651997,0.255143404,0.557191789,-0.293266058,0.859914303,0.530719042,-0.142065972,0.191388339,0.369285971,-0.611674428,0.576841712,0.894228399,0.009885322,0.451179892,0.89951992,-0.008906535,109,111,6,80
turn_right,0.587884068,0.522204816,-0.060048472,0.38998574,0.535866022,-0.115936577,0.735460162,0.533452868,-0.015073041,0.255148232,0.555636227,-0.300101459,0.860218346,0.531307876,-0.172042355,0.189920679,0.372214705,-0.620655835,0.576818824,0.894569457,0.009131903,0.451198399,0.899867058,-0.008205013,109,111,5,79
turn_right,0.587435246,0.522033274,-0.083868884,0.389785945,0.535916626,-0.13774994,0.735205889,0.533246815,-0.013018267,0.254368722,0.557087243,-0.31469065,0.860190511,0.531388044,-0.151323467,0.202574894,0.367444068,-0.643956602,0.576856136,0.894241095,0.009177785,0.451209128,0.899867654,-0.008242426,109,111,5,84
turn_right,0.586904705,0.521954775,-0.107713953,0.389405787,0.535903573,-0.166634411,0.735161066,0.532736599,-0.014878014,0.25528121,0.558203697,-0.394223779,0.861109436,0.531483471,-0.150278196,0.234142259,0.364871383,-0.752260208,0.576951385,0.89386642,0.00912427,0.451264709,0.899863243,-0.0081669,109,110,5,93
turn_right,0.586898208,0.521580756,-0.105603114,0.389194071,0.535878956,-0.155961454,0.735142469,0.532737315,0.002957862,0.255117774,0.558632433,-0.381091237,0.86128366,0.531388223,-0.101018474,0.249096423,0.361951381,-0.728638053,0.576945305,0.893568337,0.008505491,0.451210886,0.899783134,-0.00749229,109,110,5,98
turn_right,0.586900055,0.521339774,-0.120827772,0.388284624,0.535963714,-0.179014385,0.73487401,0.532706082,-0.018962426,0.255094588,0.560128152,-0.462318897,0.861288905,0.531329393,-0.102656603,0.273008198,0.363679081,-0.839718699,0.576944411,0.89325434,0.008705074,0.451202005,0.899747133,-0.007700274,109,110,5,105
turn_right,0.586974323,0.521174967,-0.124289274,0.388215065,0.536032915,-0.193385631,0.734732747,0.532659888,-0.017173842,0.256687701,0.560075045,-0.492853791,0.861553192,0.531297982,-0.072704643,0.294740021,0.37173149,-0.856338501,0.576843202,0.893157721,0.008800524,0.450725257,0.899227798,-0.007816746,109,109,5,112
turn_right,0.586980045,0.521130502,-0.119837843,0.38825202,0.536031783,-0.184450269,0.734066308,0.532594383,-0.016574541,0.258029789,0.559595704,-0.477870703,0.860985637,0.531017721,-0.061891269,0.299202621,0.375416785,-0.836634815,0.576829553,0.892924368,0.008799507,0.450705707,0.898291886,-0.007817814,109,109,5,113
turn_right,0.5870049,0.521009564,-0.103500448,0.388237029,0.536015689,-0.152451366,0.734055638,0.53260839,0.004145938,0.258573025,0.559653878,-0.448372751,0.860956788,0.531243324,-0.051892053,0.296031475,0.376763493,-0.807731748,0.576818824,0.891661406,0.00884917,0.45065093,0.896674037,-0.007880143,109,109,5,112
turn_right,0.587070465,0.52091229,-0.12467964,0.38827768,0.536056638,-0.181443542,0.733891845,0.532610357,-0.005307973,0.258614779,0.560151219,-0.474656641,0.860705733,0.53124845,-0.063736066,0.292899162,0.377335459,-0.839228034,0.576838911,0.890954256,0.009019791,0.450582325,0.896126151,-0.00805273,109,109,5,111
turn_right,0.585907817,0.52147615,-0.088276029,0.38793391,0.536714137,-0.149978802,0.731889367,0.533011436,0.001002169,0.25860101,0.560854971,-0.455667317,0.857011974,0.531239688,-0.077548578,0.290548146,0.378262013,-0.830450833,0.576830745,0.890950322,0.008859423,0.450643718,0.895892978,-0.007908219,109,109,5,110
turn_right,0.585932076,0.521470129,-0.043131117,0.387985408,0.536500752,-0.105541766,0.732282639,0.533007205,0.050642967,0.25959301,0.561095834,-0.347694755,0.857047737,0.533606529,-0.060727693,0.263939321,0.37126863,-0.71236223,0.577763915,0.891102076,0.008858567,0.452553451,0.896714389,-0.007903796,109,109,4,102
turn_right,0.586252511,0.521561027,-0.048537143,0.38808322,0.536509454,-0.108425036,0.733759522,0.533018887,0.035122845,0.26046294,0.563386798,-0.348772645,0.861370087,0.539222538,-0.078665733,0.242481425,0.371327043,-0.712091267,0.577972531,0.891360104,0.008857034,0.45284003,0.897471189,-0.007901297,109,108,2,97
turn_right,0.586702764,0.521987557,-0.068603821,0.390050113,0.536460876,-0.113579705,0.735089898,0.533387303,-0.015862599,0.261531234,0.563185453,-0.349599063,0.864670157,0.54273659,-0.164720148,0.208486289,0.37651518,-0.71718061,0.578133762,0.891447902,0.008712156,0.453138202,0.898220897,-0.007751883,109,108,0,86
turn_right,0.587120593,0.522334278,-0.070752189,0.391217977,0.536454618,-0.11176528,0.736429632,0.534069419,-0.018631157,0.26192826,0.563160598,-0.322184175,0.86753571,0.546161473,-0.155757993,0.199787587,0.381821245,-0.689927876,0.578184187,0.891468167,0.007748162,0.453235328,0.898458242,-0.006813179,109,108,359,83
turn_right,0.587715149,0.522554338,-0.070864797,0.39221108,0.536493599,-0.113249615,0.73708266,0.534448981,-0.024123419,0.26275453,0.563492,-0.322754443,0.867708862,0.547102034,-0.163045079,0.199420571,0.386394113,-0.694058776,0.578510225,0.891569734,0.006876674,0.453591585,0.898633778,-0.005964711,109,108,359,82
turn_right,0.587980986,0.522544205,-0.072118111,0.392340362,0.536483765,-0.113969907,0.737540603,0.534458995,-0.020413179,0.262734652,0.563589931,-0.32888031,0.867491066,0.546524167,-0.151699871,0.205072016,0.386294454,-0.696085989,0.578534901,0.891542375,0.00667998,0.453587145,0.898359835,-0.005784699,109,108,359,84
turn_right,0.587980628,0.522487342,-0.053734064,0.392270207,0.535086215,-0.107358038,0.737122178,0.534457445,0.006103628,0.262774706,0.563581645,-0.338925779,0.863501906,0.540109575,-0.134801373,0.225461915,0.374658316,-0.708875,0.578528404,0.891526878,0.006742349,0.453505099,0.89822644,-0.005848221,109,107,2,91
turn_right,0.58798492,0.521833658,-0.054533981,0.392245084,0.533635974,-0.107738651,0.737063766,0.53407234,0.012894832,0.263198137,0.563521802,-0.35824874,0.863253474,0.536914468,-0.114449203,0.24616833,0.367788702,-0.750526726,0.578584313,0.891615629,0.006739114,0.453484297,0.898207843,-0.005845363,109,107,3,98
turn_right,0.587983727,0.521498144,-0.057532869,0.392044008,0.533847928,-0.114952207,0.736654878,0.534067214,0.01801404,0.263186306,0.563542187,-0.41423279,0.863226712,0.536179125,-0.079233661,0.284703135,0.370293051,-0.793505251,0.578276873,0.891617835,0.007157354,0.452482402,0.897793412,-0.006310261,109,107,4,109
turn_right,0.588021517,0.521400213,-0.052378226,0.392026484,0.533859074,-0.105412945,0.736015081,0.534086347,0.034728713,0.264013201,0.56364578,-0.403266191,0.86082828,0.534680426,-0.036760561,0.2972745,0.378447711,-0.77807194,0.577946186,0.891620874,0.007155167,0.451558024,0.896749198,-0.006311414,109,106,5,113
turn_right,0.58802551,0.52126044,-0.042207893,0.391909957,0.534059882,-0.087389812,0.735713005,0.534090877,0.059565656,0.263620615,0.56362164,-0.389772058,0.860624135,0.534056544,-0.005919581,0.289841473,0.378306389,-0.770577729,0.577945828,0.891674042,0.007151328,0.451384604,0.89678359,-0.006309735,109,106,5,111
turn_right,0.588049948,0.521180391,-0.057891052,0.391904384,0.534078717,-0.097266704,0.735701144,0.53410846,0.051932953,0.263229936,0.563937366,-0.402632326,0.860919178,0.534080803,-0.039813511,0.28302142,0.37828061,-0.792951524,0.577951729,0.891565263,0.007165439,0.451385349,0.896574736,-0.006321128,109,106,5,109
turn_right,0.588029444,0.52083981,-0.0218674,0.391823441,0.534092188,-0.083323769,0.735695004,0.534109652,0.086201288,0.263231009,0.563998044,-0.280650198,0.860932708,0.534057379,-0.006628827,0.237751529,0.371192575,-0.595809817,0.578131318,0.891548038,0.007167183,0.451422781,0.896852314,-0.00631874,109,106,5,96
turn_right,0.58822906,0.520776868,-0.032592129,0.39222455,0.534047544,-0.087486565,0.735687792,0.534146726,0.069880992,0.263333559,0.563291013,-0.306075722,0.860162616,0.53285116,-0.064440213,0.209542438,0.376018941,-0.653575778,0.578203201,0.89154911,0.009730399,0.451436341,0.898168743,-0.008584919,109,107,6,87
turn_right,0.58874476,0.520769358,-0.087526262,0.392749369,0.534042299,-0.126239583,0.737495184,0.534147799,-0.019657856,0.263555884,0.562923074,-0.312139332,0.862099171,0.533686101,-0.157717437,0.203772113,0.380321175,-0.644643605,0.578213513,0.89141953,0.009263378,0.451411784,0.898236454,-0.008085012,109,107,5,84
turn_right,0.589017987,0.520727217,-0.080721848,0.392984927,0.534094751,-0.128002107,0.737461925,0.534159243,-0.005445738,0.264682114,0.56292212,-0.323289007,0.862095952,0.533699632,-0.126734406,0.204269558,0.38472572,-0.659610093,0.578242898,0.891283393,0.009528052,0.451374203,0.898295641,-0.008350758,109,106,5,84
turn_right,0.589048028,0.519373477,-0.086903766,0.392459184,0.534030139,-0.14233312,0.737283587,0.533708751,-0.001877347,0.264740616,0.563901126,-0.373386085,0.862363219,0.531732202,-0.114564463,0.20735833,0.377053827,-0.747574449,0.578317225,0.891046345,0.009715199,0.451339096,0.898299932,-0.008544568,108,106,6,86
turn_right,0.589042485,0.518812358,-0.082686067,0.392329752,0.533902049,-0.140272409,0.736664414,0.533616245,0.014600565,0.263685763,0.563984931,-0.380600512,0.862361312,0.530204654,-0.072192296,0.248877913,0.370185882,-0.751337171,0.578363597,0.890984654,0.008355038,0.451309294,0.898112833,-0.007236234,108,106,7,99
turn_right,0.588335395,0.518764615,-0.080414265,0.39187938,0.534424663,-0.136574805,0.734749913,0.533559918,0.021072734,0.263598472,0.563801944,-0.432992637,0.862556815,0.529360116,-0.025927102,0.290952623,0.373690397,-0.809512913,0.578486919,0.891005218,0.008274485,0.451368004,0.89818269,-0.007200452,108,106,8,111
turn_right,0.587703526,0.518761098,-0.085319094,0.391724408,0.534461856,-0.143865198,0.733717144,0.53355366,0.020833561,0.263580978,0.563650131,-0.443994045,0.862466514,0.527958155,-0.027558019,0.304326385,0.381356627,-0.80278033,0.578334212,0.890977502,0.008643525,0.451366812,0.897797048,-0.007647718,108,107,8,115
turn_right,0.587472439,0.518771589,-0.092389561,0.391476542,0.534465253,-0.161137357,0.733488441,0.533639371,0.020520579,0.263755471,0.563708425,-0.462621033,0.862432837,0.527948737,-0.030351307,0.3102476,0.387563497,-0.826234818,0.578276038,0.890720069,0.01045388,0.45135802,0.897391558,-0.009552873,108,106,8,118
turn_right,0.587364018,0.519024193,-0.08327961,0.391350389,0.534906387,-0.148828015,0.733341157,0.533669829,0.024869176,0.26387459,0.563714266,-0.438257873,0.862919211,0.528399169,-0.029391307,0.306002796,0.388962895,-0.805148125,0.578236282,0.89061141,0.010479551,0.451247692,0.896798372,-0.009597188,108,107,8,116
turn_right,0.587140918,0.518890083,-0.050633453,0.390895784,0.536101937,-0.095686108,0.732933819,0.533504605,0.04757195,0.26342088,0.564035237,-0.392838567,0.862756848,0.528060853,-0.029663498,0.301721275,0.385496467,-0.794480503,0.578399122,0.890593231,0.010087136,0.451568067,0.89699018,-0.009162376,108,107,8,114
turn_right,0.587077975,0.518792689,-0.087533966,0.390824616,0.536416709,-0.134168729,0.733127952,0.533234,-0.012347711,0.262921751,0.56546092,-0.394995153,0.862855256,0.528075576,-0.134435177,0.247383714,0.381983131,-0.790301025,0.578514159,0.890544891,0.010073187,0.451859951,0.896999538,-0.009151306,108,107,8,98
turn_right,0.58707571,0.518747687,-0.099231116,0.390610158,0.53719157,-0.143397823,0.733106732,0.532870829,-0.026882406,0.260951966,0.565572143,-0.371633261,0.862776101,0.528109074,-0.151232958,0.219239518,0.377931237,-0.730113983,0.578578353,0.890464127,0.009481689,0.451875508,0.897039533,-0.008534881,108,108,8,90
turn_right,0.58712852,0.51862967,-0.097980879,0.390958488,0.53757751,-0.132335573,0.732953608,0.532856703,-0.021886267,0.260647506,0.567358375,-0.326952696,0.8620947,0.527907789,-0.162223086,0.2080746,0.388152957,-0.672762275,0.578612208,0.890499353,0.009397666,0.452086121,0.897604942,-0.008425909,108,107,8,87
turn_right,0.587113738,0.518559992,-0.079787552,0.390955418,0.538490891,-0.114739344,0.731875479,0.532851279,-0.003728465,0.260631561,0.568999052,-0.301175088,0.859961867,0.527298152,-0.147685915,0.20634596,0.392468154,-0.641434193,0.578658879,0.890536964,0.008728435,0.452154815,0.898223639,-0.007748161,108,107,8,86
turn_right,0.586440921,0.518324852,-0.079959556,0.390119016,0.538631022,-0.119725749,0.731286824,0.532418549,-0.00218952,0.259643614,0.571014524,-0.323515564,0.859800458,0.52628094,-0.127723888,0.21526213,0.386310965,-0.660733581,0.578665614,0.890451789,0.008722494,0.452143043,0.898366213,-0.007743505,108,107,8,90
turn_right,0.585766494,0.517807901,-0.08077053,0.38995105,0.538687527,-0.125227571,0.7298612,0.531863391,-0.00115338,0.259454012,0.571873665,-0.402553171,0.85687685,0.523397565,-0.108168915,0.257217586,0.382236332,-0.786509216,0.578644276,0.890345991,0.008046281,0.452177674,0.89806807,-0.007047972,107,106,9,104
turn_right,0.58562696,0.51765871,-0.080740578,0.38913399,0.539107382,-0.126638323,0.729057848,0.531861901,-0.006739719,0.259358525,0.57148546,-0.395948321,0.857139468,0.523465693,-0.137503177,0.254732907,0.373784959,-0.779501796,0.578408241,0.890490174,0.007932974,0.452070296,0.898117721,-0.006929164,107,107,9,103
turn_right,0.585504055,0.517646313,-0.062177055,0.388113946,0.539135277,-0.119311452,0.729094148,0.531838477,0.018108571,0.259070009,0.571782529,-0.398056209,0.858569741,0.524502158,-0.094553441,0.271946251,0.37414825,-0.782772958,0.57839179,0.89027065,0.008040905,0.451791137,0.897815764,-0.00702413,107,106,9,108
turn_right,0.585282147,0.517655909,-0.067136779,0.387224764,0.539230227,-0.129416361,0.729079008,0.531830549,0.008948468,0.259021431,0.57172972,-0.432492644,0.858888984,0.524745226,-0.102522656,0.282624185,0.374203861,-0.825834274,0.578368545,0.889492869,0.008206232,0.451393545,0.89673847,-0.007189983,107,106,9,111
turn_right,0.585265338,0.517691433,-0.038019277,0.387145221,0.539219916,-0.096971124,0.729001164,0.531854987,0.062282633,0.259196639,0.571370423,-0.419369519,0.859028935,0.524970472,0.006668652,0.300361693,0.382912636,-0.803532004,0.578279793,0.889280319,0.008252798,0.450604767,0.896219373,-0.007254936,107,106,9,116
turn_right,0.585268676,0.51772511,-0.046323646,0.387047231,0.538788557,-0.112963341,0.728799522,0.532055616,0.058914848,0.259723842,0.570754886,-0.444582999,0.859071434,0.525088012,0.009023599,0.304152817,0.390333295,-0.825119972,0.578019679,0.889257312,0.009301076,0.449717462,0.895849824,-0.008328507,107,106,9,118
turn_right,0.585509837,0.517594576,-0.045117736,0.387269914,0.538490057,-0.104800269,0.728891909,0.532027543,0.063446388,0.259560049,0.570174336,-0.427655041,0.860123813,0.525176406,0.002346289,0.295917302,0.388953775,-0.815419078,0.577876627,0.889154196,0.009223702,0.449704707,0.895518839,-0.008249418,107,106,9,115
turn_right,0.585675538,0.517585278,-0.041426141,0.387480408,0.538410723,-0.094649658,0.728940248,0.53205055,0.055270553,0.259141266,0.569309235,-0.426575005,0.860135674,0.52520448,-0.020765085,0.290791035,0.384809107,-0.806140125,0.577877402,0.889184237,0.009176458,0.449853659,0.895519912,-0.00818343,107,107,9,113
turn_right,0.586010396,0.517435431,-0.086400554,0.387628615,0.538151801,-0.13130182,0.730330586,0.531764805,-0.007008617,0.258870929,0.56943959,-0.404357255,0.861618996,0.525740027,-0.127503842,0.253746361,0.376745433,-0.771313667,0.577838421,0.889220834,0.009170366,0.449772209,0.895944536,-0.008176446,107,107,8,102
turn_right,0.586704791,0.517434359,-0.076935306,0.388024062,0.537662506,-0.119890414,0.73126775,0.531755507,0.001310877,0.258706868,0.5697456,-0.339971125,0.862280071,0.526694357,-0.107697271,0.236384392,0.375211388,-0.69220531,0.577809513,0.889618278,0.009177359,0.449771345,0.896803558,-0.008173423,108,106,8,97
turn_right,0.586838245,0.517430544,-0.086999342,0.388336241,0.537559271,-0.13119781,0.732175946,0.531716645,-0.009125558,0.257555127,0.568702281,-0.345511377,0.863765836,0.527950168,-0.127097338,0.212931424,0.37376228,-0.692866445,0.577811241,0.889490008,0.009179489,0.450025707,0.896929502,-0.008172408,108,107,7,91
turn_right,0.586895287,0.517285109,-0.083440736,0.388390422,0.537330329,-0.130029514,0.732352316,0.531642556,-0.012042629,0.257601261,0.568704784,-0.355361313,0.864078343,0.527289689,-0.140444547,0.218026072,0.372833669,-0.713025093,0.577806413,0.889474988,0.009218797,0.450292438,0.897092164,-0.008203277,108,107,8,92
turn_right,0.586902738,0.517285705,-0.089323007,0.388395548,0.537298143,-0.143758059,0.732292473,0.531586707,-0.006807911,0.257611364,0.568802476,-0.358640611,0.864303708,0.526514173,-0.122754134,0.221783191,0.369648159,-0.719189286,0.57783711,0.889471769,0.009407954,0.450307757,0.897314727,-0.008356511,108,107,8,93
turn_right,0.586356997,0.51726979,-0.086139992,0.388194829,0.537442088,-0.139784604,0.731504321,0.531440377,0.000363607,0.257692665,0.568902254,-0.404154241,0.862942874,0.52561146,-0.098160975,0.249930948,0.369917691,-0.784097075,0.577920079,0.889460981,0.009407488,0.450444221,0.897392809,-0.008353942,108,107,8,101
turn_right,0.585856318,0.51719743,-0.08400505,0.388065159,0.537439406,-0.140679434,0.730916679,0.531234503,0.002900642,0.257823527,0.568915963,-0.433074713,0.862872779,0.525618196,-0.085748836,0.269351631,0.37073952,-0.830759048,0.577893734,0.8891114,0.009493347,0.450498432,0.897276044,-0.008430334,108,107,8,107
turn_right,0.585264266,0.517305553,-0.098815896,0.387600601,0.53746289,-0.172883958,0.731134474,0.531226873,0.003909248,0.257833868,0.57013762,-0.49133119,0.865785956,0.525832713,-0.047671542,0.296727151,0.385583222,-0.866492927,0.577887177,0.888314962,0.009750958,0.450455666,0.896323562,-0.008755781,108,106,8,116
turn_right,0.585154533,0.517311096,-0.08017318,0.387599468,0.537461579,-0.16914162,0.731086552,0.531305611,0.025164226,0.258998901,0.570135117,-0.462385505,0.86573875,0.525761724,-0.019867208,0.301191509,0.390040576,-0.831932068,0.577825427,0.887668788,0.009769483,0.4504489,0.895359635,-0.008782838,108,106,8,117
turn_right,0.584980369,0.516828775,-0.084207192,0.38765949,0.537666976,-0.160791621,0.730638862,0.530844986,0.01119695,0.259030759,0.569638312,-0.450568765,0.863726258,0.523459673,-0.068502545,0.291188687,0.385899663,-0.840823054,0.577824473,0.887422204,0.009376923,0.45060578,0.895086229,-0.008396527,108,107,9,114
turn_right,0.585001349,0.516798317,-0.078530148,0.387652695,0.537894309,-0.140608564,0.731769681,0.530825794,0.006509186,0.258985519,0.570344746,-0.377649367,0.866237342,0.523536026,-0.11129979,0.244062692,0.383731395,-0.747332215,0.578001738,0.887660563,0.009375658,0.450715929,0.895881653,-0.008390663,108,106,9,100
turn_right,0.585079372,0.516975224,-0.081432171,0.387764394,0.5384323,-0.124283753,0.734217525,0.530794621,-0.0200531,0.257766902,0.569767654,-0.335402906,0.87004739,0.524667978,-0.152504921,0.209647819,0.381559283,-0.693834066,0.578026652,0.888704658,0.007716497,0.450864017,0.896699548,-0.006720019,108,107,8,89
turn_right,0.585098326,0.517092943,-0.087728277,0.387851238,0.538603663,-0.125347331,0.734827936,0.530767322,-0.025462564,0.257137507,0.569563508,-0.324564815,0.870782256,0.524923861,-0.153770342,0.206351787,0.381646454,-0.667358339,0.578051209,0.889049113,0.007465695,0.451129496,0.897466838,-0.006448517,108,107,8,88
turn_right,0.584793448,0.516933262,-0.096061297,0.38781637,0.538380206,-0.147865474,0.734516978,0.530609071,-0.019765405,0.256913662,0.569569349,-0.34383437,0.870173156,0.523835003,-0.135367602,0.214220122,0.377748698,-0.708244205,0.578122377,0.889047265,0.008387679,0.451318741,0.897465706,-0.007339685,108,107,8,91
turn_right,0.584327877,0.516895831,-0.104312181,0.387796611,0.538129568,-0.151946932,0.733873963,0.530601621,-0.016553139,0.256891221,0.570027769,-0.387201995,0.868500233,0.522775054,-0.12422137,0.234131724,0.377745926,-0.754301071,0.578131557,0.888691485,0.007980902,0.451613516,0.896744788,-0.006924993,108,107,9,97
turn_right,0.583969235,0.516723871,-0.117038108,0.387764812,0.538110316,-0.160175294,0.734333396,0.530110776,-0.026694488,0.256776631,0.570153534,-0.432794333,0.869134307,0.522733629,-0.11760591,0.256322086,0.377092004,-0.801894188,0.578237534,0.888598144,0.007070157,0.451993316,0.896736264,-0.006053718,108,107,8,104
turn_right,0.583881557,0.517278612,-0.083839074,0.387745112,0.537962914,-0.131743729,0.734316349,0.530110896,0.031310629,0.257170975,0.569764733,-0.424792528,0.867521405,0.522944629,-0.013078177,0.287497789,0.381847501,-0.779134631,0.578265905,0.888336539,0.007166205,0.451997191,0.896605194,-0.006160541,109,107,8,113
turn_right,0.583892703,0.517656147,-0.069653496,0.387826025,0.537950277,-0.118675373,0.734301209,0.530111432,0.036562819,0.258727223,0.568613172,-0.418816328,0.866718471,0.524585962,-0.007013949,0.29921788,0.385276288,-0.777392268,0.578412592,0.888569832,0.007175424,0.452086926,0.896608174,-0.006169752,109,107,7,116
turn_right,0.584143162,0.518068612,-0.075871155,0.387826622,0.53791827,-0.119787656,0.734823942,0.53012526,0.033123139,0.260428339,0.567285657,-0.425109476,0.866858959,0.526634336,-0.033875715,0.303313017,0.390259773,-0.783546209,0.578416586,0.888627112,0.006899531,0.452153146,0.896505475,-0.005965614,109,107,6,117
turn_right,0.584046125,0.518193543,-0.100799128,0.387822539,0.537545443,-0.16600205,0.734719634,0.530122817,0.013964513,0.260921955,0.56675458,-0.477877855,0.866538167,0.526816547,-0.044392563,0.301374555,0.389791191,-0.848375201,0.578393579,0.887866139,0.007255367,0.452176809,0.895018995,-0.006369302,109,107,6,116
turn_right,0.58431375,0.518187642,-0.057783376,0.387964725,0.537725151,-0.101635352,0.734801173,0.530139387,0.029225651,0.260949224,0.566471934,-0.38410601,0.86641252,0.526812494,-0.049697325,0.300085127,0.384743303,-0.771002769,0.578428626,0.887742996,0.006805865,0.452794641,0.894995093,-0.005904557,109,108,6,115
turn_right,0.584408104,0.518370211,-0.059374917,0.388057888,0.537794948,-0.097824827,0.735164046,0.530144334,0.025681768,0.260564834,0.565319359,-0.366587996,0.866650701,0.527935684,-0.070797935,0.28213203,0.376979083,-0.737775445,0.57842195,0.887931943,0.005941676,0.453015417,0.895062983,-0.005051299,109,108,5,109
turn_right,0.584580958,0.518421471,-0.062090337,0.388087481,0.537783921,-0.112885438,0.735787511,0.530104578,0.01763632,0.258942693,0.565558851,-0.359786838,0.867471516,0.528389037,-0.098953381,0.228879169,0.372463614,-0.70614475,0.578657568,0.887996674,0.006467872,0.45310536,0.896193802,-0.005500217,109,108,5,93
turn_right,0.584202886,0.518058717,-0.107302964,0.387770563,0.537787378,-0.152307168,0.735775113,0.529948235,-0.009934255,0.257283598,0.564784408,-0.394212663,0.868593335,0.527882814,-0.092924267,0.239456818,0.370930076,-0.719036281,0.578561783,0.888071001,0.005938304,0.453110874,0.896344304,-0.004994207,109,109,5,96
turn_right,0.584250629,0.518077254,-0.052003205,0.387705028,0.538183033,-0.091138922,0.735767305,0.529772222,0.012278762,0.257401288,0.565756261,-0.301861346,0.868593097,0.527222574,-0.094398007,0.2309113,0.371241689,-0.644055486,0.578505337,0.88803488,0.005877991,0.453115374,0.896303952,-0.00491109,109,109,6,94
turn_right,0.584602952,0.51808846,-0.055510174,0.387826771,0.53828311,-0.091993019,0.736795187,0.529690206,0.012173977,0.257272184,0.565899551,-0.299883306,0.870657444,0.527317941,-0.10450387,0.220610499,0.369477212,-0.635480523,0.578421474,0.887823522,0.005785905,0.453064144,0.895920217,-0.004795217,109,109,5,91
turn_right,0.584993064,0.518071234,-0.139628559,0.388347089,0.538235843,-0.165172592,0.737038255,0.52959311,-0.076346144,0.257075459,0.565905392,-0.33087033,0.870598912,0.527243316,-0.212357759,0.205296636,0.374108315,-0.662038207,0.578402519,0.887519717,0.005027638,0.45308128,0.895570755,-0.004048833,110,109,5,87
turn_right,0.585550427,0.518114507,-0.157801628,0.388974518,0.53824234,-0.183585122,0.737638593,0.529551864,-0.095881775,0.257080615,0.565911829,-0.347499549,0.871017337,0.527298331,-0.231922507,0.203272074,0.379584938,-0.684901953,0.578401744,0.886765301,0.004495828,0.453176439,0.894987524,-0.003506138,110,109,5,86
turn_right,0.58555454,0.518298507,-0.073003136,0.389054596,0.538257062,-0.105707191,0.737601399,0.529607356,-0.018473413,0.257520527,0.567152798,-0.315965742,0.869950294,0.527312756,-0.159095809,0.211894348,0.379538506,-0.670149148,0.578160167,0.886774659,0.004681897,0.453166962,0.894979656,-0.003675413,110,108,5,89
turn_right,0.585469842,0.51852113,-0.00442453,0.388938367,0.538578808,-0.037669469,0.737517416,0.529766202,0.045030005,0.257922262,0.568509042,-0.268467486,0.869220555,0.527494967,-0.080079421,0.216758683,0.376076996,-0.629506409,0.57791245,0.887336135,0.004688218,0.453075945,0.895115793,-0.003681529,110,108,5,91
turn_right,0.585471511,0.518524289,-0.036804598,0.388975799,0.538724661,-0.072485819,0.737119019,0.529764593,0.028103579,0.258238375,0.56881088,-0.32889846,0.868132412,0.527619481,-0.08075431,0.257465482,0.376025021,-0.722878337,0.577828825,0.887335718,0.004346542,0.452752829,0.894764662,-0.003350418,110,108,5,103
turn_right,0.58525598,0.518572867,-0.041580483,0.388945729,0.539357305,-0.082720093,0.735523582,0.529775977,0.040573519,0.258320838,0.568924665,-0.368371874,0.866870105,0.527840674,-0.046238083,0.274192333,0.37738058,-0.760236979,0.577758968,0.887351274,0.004349855,0.452733904,0.894699991,-0.003354357,110,108,5,107
turn_right,0.585109711,0.51897043,-0.0255588,0.388931811,0.539714575,-0.068143949,0.735086739,0.529840291,0.051732432,0.258536965,0.56946528,-0.365035027,0.865137756,0.527956367,-0.030776462,0.284844428,0.378430814,-0.74270165,0.577590823,0.887387216,0.004433152,0.452288449,0.894261003,-0.00344011,110,108,5,111
turn_right,0.585095644,0.519181073,-0.051729746,0.388930738,0.539714038,-0.132488474,0.734127879,0.530003607,0.043741755,0.260242164,0.569881558,-0.451764882,0.863896668,0.527936041,-0.037198894,0.302597582,0.390157193,-0.819815755,0.577294767,0.887225091,0.006452174,0.45168376,0.893523455,-0.00554509,110,107,5,116
turn_right,0.58509022,0.519731939,-0.063300118,0.388830453,0.539759755,-0.140898734,0.733750165,0.530170023,0.041829657,0.261342883,0.570052505,-0.454389036,0.86335814,0.52832526,-0.042759039,0.305932194,0.394429028,-0.821161449,0.576951981,0.887037575,0.0070131,0.451290846,0.892724216,-0.006147562,110,107,5,118
turn_right,0.585059285,0.519789159,-0.056477051,0.388764918,0.539969623,-0.132998303,0.732972503,0.530189395,0.042148296,0.261331737,0.569306612,-0.439385593,0.861179233,0.528375924,-0.02678757,0.296584189,0.393178284,-0.813569188,0.576702058,0.887072742,0.007248946,0.451235294,0.892845988,-0.006361964,110,107,5,114
turn_right,0.585061312,0.51998961,-0.037977435,0.388732821,0.540084898,-0.099107131,0.732965767,0.530340612,0.045938723,0.261325479,0.569212019,-0.42035532,0.860969365,0.528346956,-0.03915944,0.29150933,0.39059633,-0.792543173,0.576694727,0.887078047,0.007186988,0.451248974,0.89284867,-0.006293269,110,108,5,112
turn_right,0.585232377,0.519996822,-0.057389546,0.388304234,0.539999187,-0.099804685,0.733062983,0.530344188,0.002922594,0.261248052,0.569138646,-0.389857501,0.861011863,0.529174209,-0.133388624,0.265231729,0.386737972,-0.781507611,0.57611835,0.887028396,0.006906294,0.451007783,0.892860353,-0.005975574,110,107,5,104
turn_right,0.585206568,0.519935012,-0.047210228,0.388016313,0.540008008,-0.088827461,0.733069301,0.530313432,0.013648462,0.261104792,0.569476366,-0.335938424,0.860495925,0.529168189,-0.110292614,0.247134596,0.382516593,-0.707242906,0.576078892,0.887035012,0.006857384,0.450956732,0.893104017,-0.005904011,110,107,5,99
turn_right,0.585423648,0.519917011,-0.057416547,0.388154089,0.539993644,-0.093928069,0.733039618,0.530335784,0.003173466,0.258837402,0.568804562,-0.317067772,0.860361278,0.529209793,-0.13604635,0.20934324,0.380889773,-0.661912322,0.576370537,0.887004137,0.006791007,0.451128304,0.893627107,-0.005801646,110,108,5,88
turn_right,0.58581394,0.519912183,-0.044218414,0.388527811,0.539956987,-0.077770919,0.733117282,0.530342221,0.005364647,0.257797033,0.568964243,-0.286768377,0.860396981,0.529232562,-0.124921903,0.202847958,0.383364648,-0.639489055,0.576768041,0.887202263,0.006575238,0.451365709,0.894547343,-0.005575626,110,108,5,86
turn_right,0.585836768,0.519779027,-0.045130856,0.388637394,0.539775133,-0.080280654,0.733157814,0.53030616,0.007278373,0.257099926,0.56899631,-0.315768689,0.860420585,0.52911818,-0.117674038,0.208439738,0.381968528,-0.672531843,0.576924622,0.887225389,0.006714801,0.451368272,0.894972384,-0.00572101,110,108,5,88
turn_right,0.585837662,0.519209266,-0.070938513,0.388688028,0.539556682,-0.112423204,0.733737409,0.530240238,-0.012025668,0.25700438,0.569340646,-0.346377492,0.863655865,0.52946192,-0.142442435,0.214246958,0.380866557,-0.722412467,0.576926947,0.887113512,0.006720977,0.451594502,0.894747555,-0.005727266,109,108,5,90
turn_right,0.58560431,0.519097686,-0.04225561,0.388515651,0.539837599,-0.089502037,0.733783126,0.530166805,0.025630275,0.256999314,0.569878161,-0.355044276,0.864006639,0.529455125,-0.081247315,0.247600719,0.379531235,-0.73709017,0.576983929,0.887101114,0.006780521,0.451594442,0.894507647,-0.005787889,109,108,5,100
turn_right,0.585166514,0.519090772,-0.053446591,0.388484657,0.540049016,-0.109129354,0.733428836,0.530068576,0.022005107,0.257935673,0.569806695,-0.405699819,0.863528371,0.529040694,-0.085346788,0.269039303,0.378615558,-0.80097419,0.57701838,0.887086928,0.006449787,0.451601565,0.893985808,-0.005481325,109,108,5,106
turn_right,0.58500731,0.519425452,-0.062082846,0.38825947,0.540342331,-0.132673725,0.733187675,0.530112088,0.022481002,0.259632826,0.56981343,-0.438736349,0.863841832,0.529182851,-0.058979899,0.297254533,0.383163065,-0.809227109,0.576729834,0.886407673,0.006819596,0.450648069,0.891396165,-0.005914216,110,108,5,114
turn_right,0.584908068,0.519425988,-0.081708528,0.388349831,0.540352285,-0.157182738,0.732941091,0.530127645,0.021918261,0.260600895,0.569813728,-0.469591081,0.863746822,0.52943325,-0.041196793,0.305552185,0.389518321,-0.834921718,0.576661706,0.886271715,0.007631951,0.450320244,0.889968872,-0.006777367,110,108,4,117
turn_right,0.584785044,0.519292831,-0.08014711,0.388184011,0.540352702,-0.15269199,0.732799292,0.530122399,0.021593777,0.261039764,0.569592118,-0.461593777,0.863735557,0.529412568,-0.045520611,0.306674421,0.39256373,-0.82477206,0.57653439,0.886257172,0.007624957,0.449777067,0.889575303,-0.006768691,110,108,4,117
turn_right,0.584672332,0.519284427,-0.069426052,0.388184458,0.540389061,-0.138912886,0.732912898,0.530030489,0.0229224,0.261014521,0.569253087,-0.443256915,0.864382565,0.52938813,-0.054411061,0.295389116,0.388657689,-0.806536376,0.576533139,0.886255503,0.007236748,0.449797809,0.889572382,-0.006394577,110,108,4,114
turn_right,0.584538996,0.51927954,-0.052549005,0.388237059,0.540360689,-0.10839162,0.732683778,0.529998064,0.027272049,0.260873973,0.569254577,-0.39763847,0.863906503,0.528972387,-0.059077878,0.293990493,0.38535279,-0.778140485,0.576502681,0.885813057,0.006653465,0.449883223,0.888996661,-0.005801818,110,108,5,113
turn_right,0.584636331,0.519260347,-0.052891135,0.38816905,0.540199459,-0.108445011,0.732680261,0.529823542,0.011220194,0.26025179,0.568467259,-0.375859231,0.863146186,0.528464079,-0.115691997,0.239773586,0.376393199,-0.765579998,0.57648927,0.886106193,0.006777945,0.449976027,0.890079081,-0.005900743,110,108,5,96
turn_right,0.585616946,0.519174457,-0.044415072,0.38882491,0.540168166,-0.089290373,0.733493567,0.529832959,0.012145956,0.25888598,0.567447484,-0.302311569,0.863149166,0.528574824,-0.119188949,0.203878641,0.378382176,-0.66411078,0.576633334,0.886504352,0.006819793,0.450787544,0.892580867,-0.005933554,110,109,5,86
turn_right,0.586408615,0.518908858,-0.082562618,0.389609694,0.540069342,-0.118672907,0.734236121,0.529816806,-0.023283685,0.258121461,0.567070067,-0.308288783,0.863981426,0.528914094,-0.157885179,0.196360976,0.382258743,-0.634878755,0.576634884,0.886514068,0.00661198,0.450937808,0.892628491,-0.005699027,110,109,5,83
turn_right,0.586333692,0.517203212,-0.085523725,0.390058815,0.540075004,-0.138744742,0.732116163,0.529103339,-0.01337495,0.255881757,0.567493141,-0.319553643,0.860085666,0.521950603,-0.136410683,0.190837622,0.388551086,-0.63179189,0.57669121,0.886500537,0.007773586,0.451005161,0.892769277,-0.006787528,109,109,8,82
turn_right,0.585862219,0.515238166,-0.070810989,0.389995754,0.540374756,-0.113807581,0.728533268,0.528660119,0.004757261,0.255292386,0.570168734,-0.302247554,0.855875015,0.519682765,-0.111222066,0.199496865,0.390274853,-0.634345531,0.576679826,0.886466205,0.007857489,0.450955391,0.892822206,-0.006850621,108,109,9,85
turn_right,0.585836112,0.514767408,-0.068839386,0.389987499,0.540445566,-0.117029488,0.728644729,0.528365254,0.005053468,0.255298316,0.573306859,-0.319546729,0.856219649,0.519620121,-0.109750018,0.207068175,0.389277279,-0.655390382,0.576546788,0.886470973,0.009292163,0.450412095,0.892981112,-0.008261433,108,108,9,89
turn_right,0.585818708,0.513365149,-0.04023356,0.389947832,0.540416539,-0.084360167,0.728715062,0.527801335,0.026944106,0.255421728,0.574177861,-0.30181995,0.856405437,0.519014359,-0.091351874,0.211491734,0.386633903,-0.653159499,0.57649219,0.886980951,0.009272119,0.4502244,0.893400967,-0.008244739,107,107,10,91
turn_right,0.585752368,0.513222158,-0.054274827,0.389930636,0.540376484,-0.088650808,0.72831285,0.527706265,0.022854459,0.257594585,0.574047446,-0.365294039,0.856584549,0.518559515,-0.084776148,0.253416061,0.383962572,-0.744825482,0.576490223,0.886748672,0.007909467,0.450160831,0.893124819,-0.006882282,107,107,10,103
turn_right,0.58570087,0.513116598,-0.060286075,0.389907688,0.540329814,-0.090235755,0.727965713,0.527657092,0.020940755,0.258901656,0.573943794,-0.376711309,0.8567155,0.518277705,-0.081810601,0.262411058,0.382262349,-0.755429208,0.576484799,0.88657248,0.00705696,0.450094372,0.892937839,-0.00602864,107,107,10,105
turn_right,0.58568716,0.513944268,-0.066288359,0.3901425,0.540171206,-0.128899202,0.729974329,0.528160632,0.021311922,0.26094383,0.573724508,-0.450126886,0.864635289,0.521119356,-0.038462289,0.292069167,0.385547161,-0.826115429,0.576481938,0.886633635,0.007072093,0.449665934,0.892608523,-0.006060736,108,106,9,114
turn_right,0.58567822,0.514626861,-0.066190161,0.390270978,0.53983897,-0.135461897,0.731990576,0.528503597,0.022745814,0.262335956,0.573637903,-0.448965639,0.867237389,0.522653699,-0.033094022,0.306256354,0.394009084,-0.812090039,0.576428354,0.886632562,0.008126842,0.44945249,0.892151654,-0.007205754,108,106,8,119
turn_right,0.585644484,0.515080869,-0.062114585,0.390432358,0.539411128,-0.135541499,0.731484592,0.528695762,0.0370185,0.263034791,0.57237345,-0.455550671,0.86686933,0.522217751,-0.007652096,0.302867472,0.393419862,-0.826833904,0.576435924,0.886628568,0.00880812,0.449438959,0.891935945,-0.007888342,108,106,8,117
turn_right,0.585631788,0.514913678,-0.067111313,0.390433192,0.539410412,-0.137205511,0.730575204,0.528526664,0.03067179,0.262922227,0.571372628,-0.438824236,0.865173638,0.520156324,-0.02360809,0.290458083,0.388234258,-0.813988984,0.576436877,0.88645786,0.008726352,0.449509382,0.891844571,-0.007797215,108,106,9,113
turn_right,0.58562988,0.514883339,-0.064509496,0.390394986,0.539382935,-0.121818684,0.730447233,0.528448641,0.021269569,0.262510478,0.568872094,-0.403261423,0.864788234,0.518992007,-0.059701789,0.288519561,0.377026081,-0.763402998,0.576435447,0.88645941,0.006854554,0.449490696,0.891882777,-0.005936201,108,107,9,111
turn_right,0.585624695,0.514410734,-0.080329448,0.390387356,0.539283514,-0.127857894,0.730392635,0.527984977,-0.002643525,0.261555016,0.56528604,-0.399445117,0.864151657,0.518283427,-0.103452347,0.270918161,0.368995845,-0.760494173,0.576478422,0.886190236,0.005157522,0.449653566,0.891936481,-0.004205516,108,109,10,104
turn_right,0.585629821,0.514261484,-0.093847662,0.390393913,0.538908184,-0.132884428,0.730487883,0.527458847,-0.023764055,0.256199896,0.548313916,-0.332034439,0.864024818,0.518279254,-0.160461023,0.211553365,0.35999459,-0.65380764,0.57770592,0.886269748,0.004208281,0.451930761,0.893387258,-0.003197721,108,116,9,81
turn_right,0.585647106,0.514184117,-0.073364966,0.390486896,0.538902164,-0.088878468,0.731200337,0.526495934,-0.017393874,0.254250497,0.537526131,-0.299472123,0.865393639,0.518504202,-0.149511367,0.199028045,0.359426677,-0.648200452,0.578184247,0.886327505,0.00202935,0.453598648,0.893802941,-0.001108782,108,120,8,72
turn_right,0.585678101,0.514120877,-0.099980853,0.390683979,0.538437068,-0.115384243,0.732746601,0.525728166,-0.044207964,0.25334233,0.535582185,-0.318366975,0.867791295,0.5188393,-0.18760249,0.198809907,0.357392371,-0.651076794,0.578264594,0.885956228,-0.000424808,0.454085588,0.893387437,0.001297997,109,120,7,72
turn_right,0.585608482,0.513868988,-0.084456578,0.390712261,0.537638009,-0.114216253,0.732723355,0.525596023,-0.030827835,0.253520787,0.53790313,-0.333179772,0.867549062,0.518860757,-0.164265752,0.209698349,0.351233929,-0.674228489,0.578731954,0.885887325,-0.000209297,0.454512984,0.893402278,0.001086981,109,119,7,77
turn_right,0.585605502,0.513867855,-0.079081289,0.3906551,0.536956787,-0.114425384,0.732779622,0.52542305,-0.028646151,0.253643811,0.532411933,-0.335762769,0.867369294,0.518560708,-0.146912694,0.232033342,0.338739187,-0.679322064,0.578923762,0.885718763,-0.000502784,0.45482865,0.893398941,0.001395873,109,121,7,82
turn_right,0.585596323,0.513854802,-0.075801447,0.390385628,0.536023498,-0.115228847,0.733020425,0.525007784,-0.020212587,0.253758967,0.531889141,-0.385881364,0.869420886,0.518842995,-0.1072919,0.257622898,0.338035077,-0.738936841,0.579051852,0.885570943,-0.000616953,0.45502609,0.893394172,0.001488118,109,121,7,89
turn_right,0.585594058,0.513855278,-0.103974007,0.389930815,0.533841312,-0.178659976,0.733864248,0.524997056,-0.024081098,0.253861964,0.529392481,-0.474848986,0.873112857,0.520385504,-0.105771959,0.281900406,0.339235634,-0.83432734,0.57904613,0.885272145,1.38E-05,0.455000013,0.89248085,0.000824703,109,121,6,97
turn_right,0.585663438,0.513795555,-0.050739609,0.389829606,0.532592654,-0.129887193,0.733757257,0.525422573,0.030989915,0.254300892,0.530897617,-0.430972099,0.872690856,0.522779047,-0.054431736,0.294164598,0.341412276,-0.787772238,0.579053223,0.885309756,0.000591182,0.454978079,0.891929746,0.000217287,109,120,6,101
turn_right,0.585884869,0.514395952,-0.020233775,0.389630944,0.532497466,-0.072781779,0.735090852,0.525509238,0.051966883,0.254326642,0.531831443,-0.369271427,0.873649299,0.525051951,-0.03180664,0.294922352,0.342885017,-0.724824786,0.579172075,0.885306656,0.000675312,0.454932153,0.891729057,0.000117826,109,119,4,102
turn_right,0.586126864,0.514953375,-0.004081472,0.389633119,0.532380998,-0.047117669,0.736647069,0.525757134,0.05666896,0.254430473,0.531007051,-0.298246861,0.873367131,0.52662921,-0.037767321,0.279443383,0.338026524,-0.636451304,0.579176843,0.885728836,-0.000794108,0.454915851,0.891727149,0.001565541,110,120,4,97
turn_right,0.586613655,0.515751302,-0.02186415,0.389668584,0.532117605,-0.070296191,0.738191962,0.525824904,0.047817193,0.254655659,0.530375302,-0.322759777,0.873359978,0.527562737,-0.07166101,0.261356741,0.336015999,-0.664363146,0.579186916,0.885891557,-0.000914244,0.454902738,0.891741335,0.001695227,110,120,3,91
turn_right,0.586664855,0.516190648,-0.022960132,0.389453143,0.532921076,-0.076254115,0.738471389,0.526014388,0.038815089,0.254733056,0.528069735,-0.308270216,0.873120129,0.528795063,-0.075696461,0.222953126,0.334988296,-0.647879481,0.579644561,0.886684835,-0.000784859,0.455324799,0.892674148,0.001547373,110,121,3,79
turn_right,0.586119831,0.51606214,-0.022826348,0.38947171,0.533250511,-0.076616444,0.738217235,0.525823534,0.036917441,0.253970951,0.528602242,-0.279735714,0.870357513,0.526753247,-0.076261774,0.20330897,0.341210276,-0.600275159,0.579718649,0.886675477,8.87E-05,0.455695778,0.893240333,0.000732237,110,121,3,73
turn_right,0.585716724,0.515879929,-0.033668704,0.389557183,0.533862412,-0.076801315,0.737310708,0.525609553,0.021298917,0.253617346,0.528667927,-0.284817994,0.868756294,0.522556603,-0.117146954,0.201932386,0.342411399,-0.609818161,0.579716384,0.886711955,0.000101336,0.455895841,0.894067168,0.000725257,110,121,5,72
turn_right,0.584490895,0.515873611,-0.063291207,0.389402241,0.534288526,-0.121889248,0.733692229,0.525515139,0.001457885,0.253114671,0.529927969,-0.295379639,0.862580299,0.518612921,-0.142175406,0.205979466,0.342599869,-0.633711636,0.57971251,0.886698186,0.000895811,0.455946386,0.89451015,-1.04E-05,109,121,7,74
turn_right,0.583349109,0.514832139,-0.065192863,0.389189392,0.534291506,-0.121659957,0.729079723,0.525176167,-0.00119068,0.253897548,0.538731694,-0.344652534,0.8558321,0.515466452,-0.144831479,0.210993364,0.346542954,-0.702383995,0.579688668,0.885691881,0.003038879,0.455988556,0.894355714,-0.002073395,108,118,8,79
turn_right,0.582697272,0.514442027,-0.061219908,0.388625085,0.534313738,-0.121265352,0.726365745,0.524424016,0.007281895,0.254986495,0.542656243,-0.360045493,0.854473889,0.513774574,-0.134316623,0.23289606,0.348198861,-0.733426213,0.579694152,0.883539021,0.00435982,0.455976009,0.893827498,-0.003380993,108,116,9,87
turn_right,0.580234408,0.513709307,-0.069400683,0.386874408,0.535640299,-0.144067004,0.724220812,0.523661733,0.009883069,0.254402816,0.546999693,-0.447171926,0.855027795,0.512355089,-0.072965451,0.277969271,0.358660847,-0.813507259,0.579576313,0.881557047,0.004382769,0.455932915,0.892945528,-0.003417217,108,115,9,102
turn_right,0.580319226,0.513251245,0.007001129,0.386417061,0.5361076,-0.019065004,0.724551976,0.523621857,0.06701906,0.252625585,0.547854722,-0.27630946,0.855526567,0.514428318,-0.029853761,0.266827762,0.357990146,-0.62308538,0.578827024,0.880933583,0.002721738,0.454073608,0.892403722,-0.001795008,108,115,8,99
turn_right,0.57981807,0.512957633,-0.05191331,0.384829342,0.538003147,-0.109574974,0.722519219,0.522792161,0.047992542,0.252314031,0.553076923,-0.411227375,0.855195045,0.51446265,-0.051589422,0.289188117,0.370810658,-0.769626081,0.578169227,0.880122125,0.003561416,0.452304989,0.891902804,-0.00260255,108,114,8,108
turn_right,0.579830647,0.512827754,-0.081178784,0.383626938,0.538680375,-0.140373737,0.722083569,0.522478402,0.028984809,0.252642781,0.555933356,-0.437259018,0.855467498,0.514572799,-0.047700964,0.297939658,0.380693227,-0.785883188,0.577642798,0.879276216,0.00424772,0.450567812,0.890884399,-0.003285773,108,113,7,112
turn_right,0.580220222,0.513102591,-0.099761888,0.383666009,0.538843036,-0.16428709,0.724056065,0.522984445,0.000821014,0.253744841,0.557976186,-0.470231473,0.866589069,0.518486857,-0.054164331,0.306931019,0.39032355,-0.813194454,0.576387525,0.879301131,0.004468432,0.448871911,0.890363336,-0.003552963,109,112,6,116
turn_right,0.580257952,0.514358461,-0.089165315,0.383742273,0.539089143,-0.149007946,0.72455287,0.523265123,0.002843234,0.255129784,0.561060071,-0.446759939,0.86695081,0.521553278,-0.037236363,0.303926229,0.39077571,-0.798486173,0.575606585,0.879592896,0.004459583,0.447919071,0.889896333,-0.003546625,109,111,4,116
turn_right,0.581850886,0.514806569,-0.073479392,0.384304136,0.539854467,-0.086933538,0.728265524,0.523478925,0.003032035,0.25526008,0.563892007,-0.334878951,0.868847549,0.526904464,-0.045902893,0.283667833,0.386507154,-0.684233606,0.575423717,0.88281405,0.00150163,0.447862864,0.889982581,-0.000683169,110,110,2,110
turn_right,0.583595872,0.514811218,-0.077321097,0.384959161,0.539852977,-0.094145954,0.729581475,0.523724616,-0.009139857,0.25597626,0.564791381,-0.343946993,0.868714154,0.529107392,-0.117445692,0.262186348,0.381791979,-0.702804923,0.575093687,0.88374573,0.00138842,0.447766781,0.890134394,-0.000546148,110,110,1,103
turn_right,0.584353566,0.515269101,-0.065579623,0.386636138,0.539915681,-0.081631944,0.730234504,0.524256885,-0.006111154,0.25584048,0.563652635,-0.266862094,0.868484974,0.530712128,-0.131007776,0.198484257,0.380128354,-0.600376844,0.575227857,0.885209799,0.001022051,0.448447555,0.891792893,-0.00017292,110,110,1,83
turn_right,0.585456192,0.515671432,-0.056704383,0.387708902,0.539909244,-0.059426159,0.731743634,0.524699271,-0.014291537,0.255500972,0.559713721,-0.225720361,0.868319154,0.531701803,-0.153678447,0.181287691,0.382320732,-0.545181572,0.575246394,0.887533426,-0.001507528,0.448550642,0.89370352,0.002324677,110,112,1,76
turn_right,0.586840451,0.516129673,-0.053407378,0.388908803,0.540074348,-0.064775631,0.733074903,0.525114954,-0.025521005,0.255523264,0.558332264,-0.253056377,0.868207097,0.53249079,-0.176730961,0.176884517,0.386574447,-0.590285301,0.575608075,0.889559507,-0.0014137,0.449337393,0.896386504,0.002239599,110,112,0,73
turn_right,0.58697629,0.516706347,-0.006107104,0.389588505,0.540429711,-0.019104069,0.733391762,0.525659859,0.002883033,0.255678505,0.558139563,-0.194640905,0.868096352,0.534054697,-0.152357191,0.177301452,0.388837934,-0.509537041,0.575806737,0.89029026,-0.001386497,0.450950623,0.89846158,0.00222756,110,112,360,73
turn_right,0.586346745,0.517131746,-0.019561369,0.389537692,0.540361702,-0.047478218,0.733448863,0.526038527,0.005691336,0.255095214,0.557408035,-0.219587117,0.867918789,0.533581376,-0.134354249,0.193677813,0.370616317,-0.531829,0.576254606,0.889901698,-0.001349504,0.451800257,0.898324251,0.002201624,110,113,0,79
turn_right,0.585655212,0.51718545,-0.026982352,0.389309973,0.539980054,-0.072203323,0.73335278,0.526046574,0.018124485,0.255141824,0.557348073,-0.28477639,0.866755962,0.532561183,-0.117373921,0.200283617,0.363745898,-0.641759455,0.57685703,0.889725685,-0.000382137,0.452841282,0.898207605,0.00130452,110,113,1,82
turn_right,0.584956765,0.517366946,-0.073405311,0.388228357,0.539968431,-0.126800686,0.732934415,0.526133835,0.006312986,0.255057544,0.557405353,-0.409122378,0.865846276,0.531826973,-0.112302378,0.260795385,0.364537805,-0.795209825,0.576862574,0.888844192,0.000298068,0.452887058,0.897423208,0.00060359,110,113,1,99
turn_right,0.58466953,0.51737231,-0.099425845,0.387917489,0.539699435,-0.162917092,0.732696652,0.526138723,-0.005832159,0.255043298,0.557526469,-0.464911163,0.865595043,0.531178653,-0.111548588,0.278835714,0.364862174,-0.853872657,0.576870203,0.886884272,0.002047739,0.452985913,0.895151317,-0.001166759,110,113,1,105
turn_right,0.584542811,0.517568171,-0.088425502,0.387675554,0.53969574,-0.138914526,0.732356906,0.526217997,5.22E-05,0.257136762,0.557357907,-0.428234249,0.865577996,0.53056252,-0.076545313,0.301254719,0.373243332,-0.789264381,0.57685864,0.886774302,0.002621595,0.45262152,0.894248903,-0.001752532,110,112,1,111
turn_right,0.584143996,0.517568946,-0.083630092,0.387607604,0.539575338,-0.130271941,0.732118487,0.526223183,0.015518668,0.258240521,0.557323337,-0.412715375,0.865327716,0.528856874,-0.04616347,0.307084382,0.379331291,-0.761047781,0.576858103,0.886531591,0.002736955,0.452410311,0.892619014,-0.001880469,110,112,2,113
turn_right,0.584137201,0.517575443,-0.079918168,0.387602091,0.539594889,-0.128190666,0.731966972,0.526223302,0.017718565,0.258611917,0.556997359,-0.417379081,0.865008712,0.528294861,-0.047485724,0.303848892,0.380228847,-0.768845022,0.576751113,0.885724723,0.002827506,0.452148288,0.890965402,-0.001989609,110,112,2,112
turn_right,0.583622396,0.517654955,-0.099762052,0.387320608,0.539612889,-0.160955787,0.73191762,0.526269257,-0.009339815,0.25857693,0.556909323,-0.459137917,0.865090072,0.527943254,-0.077952877,0.299764186,0.380025804,-0.815870464,0.576521158,0.884299994,0.002858929,0.45203051,0.889913261,-0.002030634,110,113,3,111
turn_right,0.583349288,0.517581582,-0.092524752,0.387247384,0.539612651,-0.148194224,0.731455028,0.526274443,-0.001737675,0.258454263,0.555989444,-0.437540382,0.864504814,0.52664268,-0.073156908,0.29646641,0.376041055,-0.798705161,0.576393425,0.882897735,0.002907335,0.451958418,0.888572693,-0.002072692,110,113,3,109
turn_right,0.582922816,0.517425358,-0.093302265,0.387009621,0.539726913,-0.143654674,0.731309772,0.526271164,-0.013323894,0.256426632,0.555967629,-0.432363361,0.864016235,0.525160849,-0.11215204,0.27613318,0.365300149,-0.788033545,0.576202869,0.882888794,0.002552192,0.451975644,0.888608575,-0.001712285,110,113,4,103
turn_right,0.582931876,0.516860545,-0.094787188,0.387004584,0.539655566,-0.141062349,0.731738627,0.526266634,-0.018023362,0.255504906,0.555947959,-0.353706211,0.864182591,0.52464962,-0.134069279,0.22662136,0.361189395,-0.681721687,0.576179087,0.882801414,0.002555105,0.451919556,0.888797581,-0.001711952,110,113,4,89
turn_right,0.582932889,0.515801609,-0.093542226,0.387052655,0.539470732,-0.139556542,0.731700599,0.526282609,-0.01809039,0.254928231,0.555960655,-0.349388212,0.864058018,0.524196804,-0.13878268,0.213500887,0.362018973,-0.699253857,0.576177597,0.882131636,0.002955726,0.451969534,0.888874352,-0.002085321,110,114,5,85
turn_right,0.583173394,0.515629411,-0.120997094,0.387588441,0.539340377,-0.150702983,0.732378066,0.525928438,-0.051094372,0.253250688,0.556188941,-0.356718689,0.865411103,0.524795234,-0.182076588,0.201607823,0.36593321,-0.708979249,0.576205611,0.882171512,0.003205464,0.452239126,0.890850425,-0.002315511,110,114,4,82
turn_right,0.583176076,0.515289187,-0.120476805,0.387611091,0.539227486,-0.149157539,0.732630551,0.525569856,-0.048399735,0.251518935,0.555939853,-0.356280506,0.867681384,0.52577424,-0.169320419,0.200881287,0.365989625,-0.708583474,0.57626754,0.882113755,0.00320842,0.452724874,0.891293883,-0.002318381,110,114,4,82
turn_right,0.583175302,0.51460588,-0.114409469,0.38738811,0.539103746,-0.152937353,0.73280859,0.525507331,-0.041214664,0.252018034,0.556757629,-0.378701746,0.868900299,0.525407553,-0.160773531,0.211679339,0.365154833,-0.745747805,0.576111317,0.882096469,0.003724679,0.452249676,0.89117676,-0.002815817,110,113,4,86
turn_right,0.583173573,0.514164448,-0.113435723,0.387189925,0.538958848,-0.150718659,0.732870281,0.525461376,-0.038408019,0.252155304,0.559567869,-0.396959484,0.868796825,0.524847984,-0.152806848,0.221914142,0.363776058,-0.777464449,0.576025307,0.882089019,0.003904543,0.452132314,0.891074955,-0.002971909,109,112,5,90
turn_right,0.583168864,0.514430225,-0.079505369,0.387103558,0.539681077,-0.120271467,0.732972741,0.52546066,0.003771041,0.252202213,0.559274733,-0.394966781,0.868867397,0.524861395,-0.083657674,0.268717825,0.363821477,-0.765749514,0.576080739,0.88223964,0.003688185,0.452144325,0.890911341,-0.002754666,110,113,4,103
turn_right,0.583037615,0.514813483,-0.095065556,0.386812627,0.54011029,-0.151077002,0.732409954,0.525507092,0.001165701,0.252244025,0.558896482,-0.44331187,0.868775368,0.525066555,-0.093929276,0.282739967,0.364976734,-0.804876208,0.576090515,0.882216394,0.003742212,0.452143103,0.890542686,-0.002819263,110,113,4,107
turn_right,0.582389891,0.515441895,-0.10870292,0.386727005,0.540183723,-0.179963738,0.731382072,0.525636792,-0.002489749,0.254575372,0.558379769,-0.479949653,0.867992401,0.525061488,-0.05666237,0.301718384,0.377338409,-0.822194457,0.575749457,0.882280648,0.004959496,0.451595604,0.890330851,-0.004119451,110,113,4,112
