class,11x,11y,11z,12x,12y,12z,13x,13y,13z,14x,14y,14z,15x,15y,15z,16x,16y,16z,23x,23y,23z,24x,24y,24z,lshoulder,rshoulder,lelbow,relbow
straight_ahead,0.5994029641151428,0.5613338947296143,-0.0927228331565857,0.3996437191963196,0.5567077398300171,-0.1097219809889793,0.7396852970123291,0.5698915719985962,-0.0666118785738945,0.2648725211620331,0.5548561811447144,-0.1050328016281127,0.8789232969284058,0.5588124990463257,-0.3287359476089477,0.1383943259716034,0.5304149389266968,-0.3514715731143951,0.576923131942749,0.9398793578147888,-0.0013584905536845,0.4512235224246979,0.9474400281906128,0.0028041552286595,110,116,8,10
straight_ahead,0.5960230827331543,0.5613107681274414,0.0012470923829823,0.3982252478599548,0.5587401986122131,-0.050772774964571,0.7309170961380005,0.5674880146980286,-0.0084366705268621,0.2637390494346618,0.5581991076469421,-0.0956777855753898,0.8192373514175415,0.4424434006214142,-0.2135113775730133,0.1710785925388336,0.4236095547676086,-0.3296760320663452,0.5767931342124939,0.939233899116516,0.0002838302170857,0.4477619230747223,0.943669855594635,0.0012250504223629,110,116,57,55
straight_ahead,0.5931321382522583,0.5613458156585693,0.0173173956573009,0.3950197100639343,0.5603727102279663,-0.0304986499249935,0.7247825264930725,0.5673415660858154,-0.0222990401089191,0.2618035972118377,0.559861421585083,-0.1017085760831832,0.7977718114852905,0.4212681949138641,-0.2422689199447631,0.1865671724081039,0.3996384739875793,-0.3602101802825928,0.5766390562057495,0.9390259385108948,0.0023804137017577,0.4457885324954986,0.9425874948501588,-0.000827076495625,109,116,66,65
straight_ahead,0.5920976996421814,0.5618276000022888,-0.0093478932976722,0.3934486508369446,0.5617865920066833,-0.0246900506317615,0.7219475507736206,0.5674912929534912,-0.0452917553484439,0.261837363243103,0.5652385354042053,-0.0295542571693658,0.7527202367782593,0.384896457195282,-0.2527633309364319,0.2328989803791046,0.3819855451583862,-0.1234101057052612,0.5755471587181091,0.9380186200141908,-0.0007785080815665,0.442662239074707,0.9395011067390442,0.002470510546118,109,114,83,83
straight_ahead,0.5910618305206299,0.5617380142211914,-0.0146993575617671,0.3917227983474731,0.562471330165863,-0.0172490887343883,0.7213963270187378,0.5675252079963684,-0.0926565676927566,0.262397825717926,0.5677594542503357,-0.042963046580553,0.7344711422920227,0.3809349238872528,-0.2759807407855987,0.2545364201068878,0.3781534433364868,-0.2214386910200119,0.5749355554580688,0.936145842075348,-0.001520876889117,0.4416821897029876,0.9372926354408264,0.0031930997502058,109,114,89,90
straight_ahead,0.5907565951347351,0.560684859752655,-0.0109391752630472,0.3919035196304321,0.5641825795173645,-0.0074874609708786,0.7216101884841919,0.5665355324745178,-0.164569079875946,0.2634380459785461,0.5711753368377686,-0.218287318944931,0.6801750659942627,0.3904756903648376,-0.3198851644992828,0.2901073694229126,0.3889382481575012,-0.4820861220359802,0.5745187997817993,0.9340910315513612,-0.0011200864100828,0.4414834976196289,0.935644030570984,0.0026344426441937,109,113,106,101
straight_ahead,0.590735673904419,0.5600655674934387,-0.0158739443868398,0.392042726278305,0.5651647448539734,-0.0218127556145191,0.7213600277900696,0.5665463805198669,-0.1695083975791931,0.2639475166797638,0.5749015808105469,-0.2767521440982818,0.6721588373184204,0.3973117768764496,-0.3160791397094726,0.297741949558258,0.3971717059612274,-0.5489309430122375,0.5736528038978577,0.9312819242477416,0.0014101272681728,0.4408088624477386,0.9321197867393494,-0.0001612071355339,109,112,109,105
straight_ahead,0.5907369256019592,0.56000816822052,-0.0067553878761827,0.3921406865119934,0.5653465390205383,0.0066284788772463,0.7218692898750305,0.5666208863258362,-0.1458743959665298,0.2661136984825134,0.5756152868270874,-0.2078983783721923,0.7031916379928589,0.3891879022121429,-0.3142639994621277,0.2851130068302154,0.38731849193573,-0.458407461643219,0.5736643075942993,0.9304025173187256,3.680917143356055e-05,0.4409595131874084,0.9314960241317748,0.0012128135422244,109,112,99,100
straight_ahead,0.5896404981613159,0.5613600015640259,-0.0108491759747266,0.3913948237895965,0.5653349757194519,-0.0100562078878283,0.7205855250358582,0.5691900849342346,-0.0847610458731651,0.2627524733543396,0.5743778347969055,-0.1287582218647003,0.7188047170639038,0.3991177678108215,-0.2826999425888061,0.2422838509082794,0.387029618024826,-0.3780518472194671,0.5736598968505859,0.9305305480957032,0.0002612090029288,0.441079318523407,0.9329521059989928,0.0010695288656279,109,112,94,88
straight_ahead,0.5896626710891724,0.5635802745819092,0.0058460915461182,0.3909512460231781,0.56612229347229,-0.0124806780368089,0.7209365367889404,0.5697908401489258,-0.0678810402750969,0.2602592706680298,0.5690385103225708,-0.1127542406320571,0.7530257105827332,0.4058255553245544,-0.2817282080650329,0.2076003104448318,0.3871703445911407,-0.367390364408493,0.5737162828445435,0.9316624402999878,0.001234536524862,0.4410615563392639,0.93473619222641,0.0002346686815144,109,115,82,75
straight_ahead,0.5896848440170288,0.5638836622238159,0.0021619338076561,0.3909774124622345,0.5663731098175049,-0.0247145257890224,0.7211859822273254,0.5710878968238831,-0.1110275164246559,0.2599436044692993,0.5676295757293701,-0.1080425828695297,0.775319516658783,0.4085157513618469,-0.3946433067321777,0.1882523000240326,0.3927652537822723,-0.357414960861206,0.5742238759994507,0.9317300319671632,0.0014083145651966,0.4413162171840668,0.9348604679107666,9.889165812637656e-05,109,116,75,68
straight_ahead,0.5915456414222717,0.5654889345169067,-0.0631609931588172,0.3910646438598633,0.566788375377655,-0.1079103574156761,0.7251521348953247,0.5787287354469299,-0.1391269713640213,0.258819043636322,0.5675877928733826,-0.1293753534555435,0.8155332803726196,0.4547204375267029,-0.4229603409767151,0.1410451978445053,0.4370344877243042,-0.3578749001026153,0.5742753744125366,0.9317864179611206,0.0034275338985025,0.4411424994468689,0.934959352016449,-0.0018550347303971,107,116,60,48
straight_ahead,0.5933364629745483,0.5662477016448975,-0.0892029628157615,0.3915114104747772,0.5673911571502686,-0.1139018908143043,0.730139970779419,0.580066442489624,-0.1687150746583938,0.2582907080650329,0.5677546262741089,-0.1305790245532989,0.8258554339408875,0.4645254909992218,-0.4637028574943542,0.1348129212856292,0.4542059004306793,-0.3563642799854278,0.5743425488471985,0.932045042514801,0.0028937896713614,0.4410461485385895,0.935013711452484,-0.0013000011676922,108,116,56,43
straight_ahead,0.5943016409873962,0.5663781762123108,-0.0710233449935913,0.3914759457111358,0.5675840973854065,-0.112649455666542,0.7314530611038208,0.5797753930091858,-0.1546292603015899,0.2571642398834228,0.5673924684524536,-0.1443701684474945,0.8241499066352844,0.463578313589096,-0.3998917639255523,0.1394827365875244,0.4479914307594299,-0.3556037545204162,0.5744083523750305,0.9321256279945374,0.0044269608333706,0.4409240186214447,0.9350866675376892,-0.0028631407767534,108,117,57,45
straight_ahead,0.5955246686935425,0.5663525462150574,-0.0665225535631179,0.3914978802204132,0.5676246881484985,-0.1024368777871131,0.7325047254562378,0.577595055103302,-0.1429378092288971,0.2571918666362762,0.567318856716156,-0.1432439386844635,0.8180767893791199,0.4630822241306305,-0.4041345119476318,0.1527797877788543,0.4408895671367645,-0.3573106229305267,0.5744365453720093,0.9331170320510864,0.0030632312409579,0.4409360885620117,0.9356326460838318,-0.001458010985516,109,117,58,50
straight_ahead,0.595400333404541,0.5659008026123047,-0.0509878322482109,0.39153653383255,0.567298173904419,-0.0538185723125934,0.7322466969490051,0.5729500651359558,-0.1194788590073585,0.2572358548641205,0.5672792792320251,-0.0798160061240196,0.781059741973877,0.400966465473175,-0.372132658958435,0.2060554325580597,0.3950538039207458,-0.2849168181419372,0.5734681487083435,0.9342203140258788,-0.003311724634841,0.4407059550285339,0.93573796749115,0.0048875389620661,111,116,77,73
straight_ahead,0.5948565602302551,0.5658847093582153,-0.0409176424145698,0.3915063738822937,0.5663477778434753,-0.0311547257006168,0.7302719950675964,0.572660505771637,-0.1191137582063674,0.2572757303714752,0.5672040581703186,-0.0934611335396766,0.7585904598236084,0.3949941992759704,-0.356640875339508,0.2308179140090942,0.3838351964950561,-0.3100911974906921,0.5732481479644775,0.9342327117919922,-0.0051625599153339,0.4406099319458008,0.935447096824646,0.0067822271957993,111,116,84,82
straight_ahead,0.5947734117507935,0.5644174218177795,-0.0389975979924202,0.3929442465305328,0.5663373470306396,-0.0080719217658042,0.7303422689437866,0.5707975029945374,-0.1779028475284576,0.2576966881752014,0.5656288266181946,-0.1036826744675636,0.7068843841552734,0.3846243917942047,-0.3636630773544311,0.2866542339324951,0.3806279301643371,-0.3067639470100403,0.5727784633636475,0.9336562752723694,-0.0067020840942859,0.4403370022773742,0.9345438480377196,0.0082349786534905,111,117,100,99
straight_ahead,0.5948489904403687,0.5633583068847656,-0.0394584313035011,0.3940185010433197,0.5663388967514038,-0.0067624920047819,0.7304994463920593,0.5695316791534424,-0.2301031798124313,0.2586473822593689,0.5652893781661987,-0.2008455246686935,0.6775996088981628,0.3906338512897491,-0.3953824937343597,0.2978430092334747,0.3863445818424225,-0.4363811910152435,0.571954607963562,0.9321507811546326,-0.0069038667716085,0.4397230744361877,0.9324130415916444,0.008367957547307,111,117,109,102
straight_ahead,0.5947455167770386,0.5613070726394653,-0.0203173011541366,0.3943682312965393,0.5666128396987915,-0.0024089440703392,0.7304791212081909,0.5688416361808777,-0.1980740129947662,0.2590626180171966,0.5652810335159302,-0.2233406007289886,0.6776142120361328,0.3927649557590484,-0.3656545579433441,0.2992554306983948,0.3878339827060699,-0.4670383930206299,0.5719500780105591,0.9298661947250366,-0.0067338705994188,0.4397273659706116,0.9300776124000548,0.0082219997420907,111,117,110,102
straight_ahead,0.5945596098899841,0.5602684020996094,-0.015138454735279,0.3948359191417694,0.5667712688446045,0.00017968667089,0.7304509878158569,0.568498969078064,-0.1934840232133865,0.2597775459289551,0.5650971531867981,-0.2178655415773391,0.6773073077201843,0.3937143385410309,-0.3599241971969604,0.3000176846981048,0.3879852592945099,-0.4530093669891357,0.5719566941261292,0.9297409653663636,-0.0066147902980446,0.4397028386592865,0.9299253821372986,0.0081270188093185,110,117,110,102
straight_ahead,0.5926382541656494,0.5603311061859131,-0.0190411917865276,0.3923552632331848,0.5667466521263123,-0.0048304963856935,0.7298867106437683,0.5686508417129517,-0.1405944675207138,0.2596928477287292,0.5651816129684448,-0.2053025960922241,0.691226601600647,0.3921188414096832,-0.3195905387401581,0.2911995053291321,0.382942646741867,-0.4307610392570495,0.572106122970581,0.9298599362373352,-0.0068204915151,0.4413108825683594,0.9302635192871094,0.0083524482324719,110,117,106,99
straight_ahead,0.5913149118423462,0.5615411400794983,-0.0211292747408151,0.3912038207054138,0.5667659640312195,-0.006584852002561,0.7294882535934448,0.5689160823822021,-0.1161138862371444,0.2594551742076874,0.5651031136512756,-0.1555153876543045,0.720672607421875,0.3901581168174743,-0.3179644048213959,0.2503775954246521,0.3743053078651428,-0.4261335730552673,0.5721283555030823,0.930408537387848,-0.0070150671526789,0.4413046836853027,0.9311746954917908,0.008574778214097,110,117,96,87
straight_ahead,0.5913309454917908,0.5619804859161377,0.0060456334613263,0.3907523453235626,0.566921055316925,-0.0116128716617822,0.7286580801010132,0.5702953934669495,-0.0893805772066116,0.2592473328113556,0.5634963512420654,-0.1077822670340538,0.7759260535240173,0.4092617928981781,-0.3261264860630035,0.1859480291604995,0.3855499625205993,-0.372009128332138,0.5725691318511963,0.9325647950172424,-0.0032067853026092,0.4411569535732269,0.9352067112922668,0.0049412148073315,110,118,77,66
straight_ahead,0.5915195345878601,0.5624319314956665,0.001213556388393,0.3905615210533142,0.5669394731521606,-0.0240880362689495,0.7293300032615662,0.570870041847229,-0.091158702969551,0.2581014037132263,0.5603210926055908,-0.0978752374649047,0.7997531890869141,0.4177315831184387,-0.3308352530002594,0.1612037420272827,0.3987877666950226,-0.3415462374687195,0.57264244556427,0.9331930875778198,-0.0021219667978584,0.4407320618629455,0.9367494583129884,0.0038581131957471,110,119,69,56
straight_ahead,0.5925713777542114,0.5634315609931946,-0.083902820944786,0.3899399042129516,0.5670632719993591,-0.1241152137517929,0.7364882230758667,0.5709021687507629,-0.0962777286767959,0.2525798082351684,0.5602203011512756,-0.1370593160390854,0.8372370004653931,0.4431392252445221,-0.3149541914463043,0.1255635172128677,0.426340639591217,-0.3533300459384918,0.5729995965957642,0.933207094669342,-0.004374667070806,0.4407340586185455,0.937167465686798,0.0058355461806058,111,119,55,44
straight_ahead,0.5933550596237183,0.5642014741897583,-0.0999515131115913,0.3896607160568237,0.5672510862350464,-0.1544926762580871,0.7385667562484741,0.5710324645042419,-0.1002673357725143,0.2495605498552322,0.5602470636367798,-0.1785826236009597,0.8405567407608032,0.453407347202301,-0.3133204579353332,0.1216172128915786,0.4321739077568054,-0.3766780793666839,0.5731967091560364,0.9333328008651732,-0.0027466332539916,0.4410354197025299,0.9376087188720704,0.0041415928862988,112,120,52,42
straight_ahead,0.594506561756134,0.5642026662826538,-0.0927401930093765,0.3904830813407898,0.5671112537384033,-0.112512968480587,0.7384872436523438,0.5709055662155151,-0.0948134884238243,0.2515022456645965,0.5602144002914429,-0.1487674862146377,0.8266352415084839,0.445938766002655,-0.2806345820426941,0.1465054303407669,0.4272456467151642,-0.3318997919559479,0.5735362768173218,0.9345566034317015,0.000962094112765,0.4410606026649475,0.9378175735473632,0.0004607249866239,112,119,57,49
straight_ahead,0.594169020652771,0.5641792416572571,-0.0361650250852108,0.3906932771205902,0.56744784116745,-0.0352343469858169,0.734911322593689,0.5691302418708801,-0.1134897693991661,0.2533775568008423,0.5602496862411499,-0.1250230371952057,0.8143801689147949,0.4329037070274353,-0.383133590221405,0.1665147840976715,0.3976747393608093,-0.3584607243537903,0.5734025239944458,0.9362554550170898,-0.0004401018377393,0.4407760202884674,0.9387691020965576,0.0019435530994087,112,119,62,59
straight_ahead,0.5938501954078674,0.5640221238136292,-0.0302087310701608,0.3907073140144348,0.5674646496772766,-0.0156317315995693,0.7327370047569275,0.5685434937477112,-0.1325413733720779,0.2545863389968872,0.5605428218841553,-0.1177117377519607,0.7924011945724487,0.4187531769275665,-0.3999294638633728,0.1925834715366363,0.385029673576355,-0.3684962093830108,0.5732948780059814,0.9378741979599,-0.0046631298027932,0.440773069858551,0.9405935406684875,0.0062023270875215,111,119,70,68
straight_ahead,0.5946298837661743,0.5641277432441711,-0.0309927053749561,0.3915914297103882,0.5672738552093506,-0.033579759299755,0.7333637475967407,0.5686951875686646,-0.1856766790151596,0.2546762824058532,0.562167763710022,-0.1119173020124435,0.8051573634147644,0.4370230734348297,-0.5362994074821472,0.1666458696126938,0.4159730970859527,-0.345420092344284,0.5734837055206299,0.9383576512336732,-0.0022153561003506,0.4407745003700256,0.941967248916626,0.0038700595032423,112,118,63,57
straight_ahead,0.5951341986656189,0.5653899312019348,-0.0707791894674301,0.3919122517108917,0.5680961608886719,-0.1084526926279068,0.7350112795829773,0.5807512998580933,-0.1728850901126861,0.2543259561061859,0.5674684643745422,-0.1401552259922027,0.8178655505180359,0.4662220776081085,-0.4014843106269836,0.1295251101255417,0.4560621976852417,-0.3503276407718658,0.574054479598999,0.9371296167373656,-0.0023643458262085,0.4416252076625824,0.9402315020561218,0.0040028607472777,108,117,60,41
straight_ahead,0.595247745513916,0.5663741827011108,-0.0783021301031112,0.3921611905097961,0.5686534643173218,-0.1343314200639724,0.7353975772857666,0.5869219899177551,-0.0988159701228141,0.2545039057731628,0.572533369064331,-0.1623248159885406,0.8232203722000122,0.478655606508255,-0.2448920756578445,0.1296474933624267,0.4782713949680328,-0.357899010181427,0.5747194290161133,0.9355512261390686,-0.0017794497543945,0.4439330995082855,0.9377663731575012,0.0032900446094572,106,116,59,39
straight_ahead,0.5953100919723511,0.5666234493255615,-0.0843975692987442,0.392097532749176,0.5682042837142944,-0.1414647102355957,0.7354783415794373,0.5861818790435791,-0.1015581265091896,0.2525831460952759,0.5720975399017334,-0.1783851683139801,0.8247822523117065,0.4737656712532043,-0.2761836349964142,0.125879168510437,0.4615901112556457,-0.3751034438610077,0.5747211575508118,0.9348322749137878,-0.0017855016048997,0.4438804686069488,0.937674343585968,0.0032953824847936,107,116,59,43
straight_ahead,0.5952360033988953,0.5665239095687866,-0.0268990285694599,0.392809510231018,0.5675898790359497,-0.037139642983675,0.7354670166969299,0.5780054926872253,-0.0836984515190124,0.2526470422744751,0.5712485909461975,-0.0812225341796875,0.8088868856430054,0.4328884482383728,-0.2943188846111297,0.1674866676330566,0.4139736890792846,-0.3016804456710815,0.5747181177139282,0.9352496266365052,-0.0035523071419447,0.443864494562149,0.9376710057258606,0.0050622844137251,110,116,68,63
straight_ahead,0.5949744582176208,0.5658700466156006,-0.0168939214199781,0.3931970000267029,0.567385733127594,-0.0350209921598434,0.7343489527702332,0.5745853185653687,-0.0868814885616302,0.2529531419277191,0.5710450410842896,-0.0987835004925727,0.793327808380127,0.4178220629692077,-0.3073942959308624,0.190515249967575,0.397308886051178,-0.3227898180484772,0.5747275948524475,0.9349285364151,-0.001561046228744,0.4438175559043884,0.93685382604599,0.0031804214231669,110,116,73,72
straight_ahead,0.5936571359634399,0.5657134652137756,-0.0162882898002862,0.3929782211780548,0.5670846104621887,-0.0347594320774078,0.7345629930496216,0.5730815529823303,-0.091293878853321,0.2529778480529785,0.5705747008323669,-0.1419067978858947,0.759384274482727,0.3972575962543487,-0.2937867641448974,0.2315609008073806,0.3756327927112579,-0.3794979155063629,0.5747225880622864,0.9347327947616576,-0.0001843093778006,0.4439897537231445,0.9367740154266356,0.0018796259537339,111,116,85,85
straight_ahead,0.5935925245285034,0.5648686289787292,-0.0208541080355644,0.3935493528842926,0.5669335126876831,-0.0060010375455021,0.7344807386398315,0.5719947814941406,-0.1886248290538787,0.2539320588111877,0.5704280138015747,-0.206918403506279,0.703750491142273,0.3897242248058319,-0.3513073027133941,0.2925415933132171,0.380063533782959,-0.4688471853733063,0.5744831562042236,0.9337605834007264,-0.0039392858743667,0.4438186287879944,0.9355901479721068,0.0055636381730437,111,116,102,103
straight_ahead,0.5935677289962769,0.5638350248336792,-0.0227360390126705,0.3940285146236419,0.5665773749351501,0.023191737011075,0.7344487309455872,0.5720252990722656,-0.1869653612375259,0.2574850916862488,0.5703408718109131,-0.1831202656030655,0.6683667302131653,0.3977564573287964,-0.3016071319580078,0.309237390756607,0.3840822279453277,-0.3403773009777069,0.5744796991348267,0.9304661154747008,-0.0100760133937001,0.4437587261199951,0.9335859417915344,0.0114829922094941,111,116,114,107
straight_ahead,0.5935394763946533,0.5628898739814758,-0.0328461565077304,0.39478600025177,0.5655304789543152,0.024994833394885,0.7342301607131958,0.5719276666641235,-0.197555735707283,0.2577430307865143,0.5702037811279297,-0.1223475709557533,0.6712057590484619,0.3986588418483734,-0.3073742985725403,0.3030355274677276,0.3879996836185455,-0.268939197063446,0.5740711092948914,0.9295958280563354,-0.0143454270437359,0.4432191252708435,0.9325785040855408,0.0157355573028326,110,115,114,106
straight_ahead,0.5924423336982727,0.5632643103599548,-0.0410859622061252,0.3938408195972442,0.5653969645500183,0.0072475150227546,0.7342230081558228,0.5719282627105713,-0.1781215071678161,0.2578274011611938,0.5722885131835938,-0.1081826314330101,0.7005965709686279,0.3912909626960754,-0.3441769182682037,0.2897964417934418,0.3862276077270508,-0.301424503326416,0.5739988088607788,0.9296438694000244,-0.0139510501176118,0.442801296710968,0.932429015636444,0.0154195697978138,111,114,104,103
straight_ahead,0.5922542810440063,0.563258707523346,-0.0278749503195285,0.3938732743263244,0.5649518370628357,-0.0030248127877712,0.7342273592948914,0.5722333788871765,-0.1281465739011764,0.2578634023666382,0.5733090043067932,-0.0599666014313697,0.7397572994232178,0.3950174748897552,-0.3469947278499603,0.2166402041912078,0.3914617300033569,-0.23565474152565,0.5743138194084167,0.9307149648666382,-0.0090532349422574,0.4427886009216308,0.932999312877655,0.0107416696846485,110,114,92,81
straight_ahead,0.5923363566398621,0.5634629726409912,-0.004897987935692,0.3935806453227997,0.5655778050422668,-0.0148907620459795,0.7313007116317749,0.5740256905555725,-0.0910182446241378,0.2577128112316131,0.5779871344566345,-0.0682735219597816,0.7761358022689819,0.4169262945652008,-0.3443134427070617,0.1815939098596573,0.429976612329483,-0.3777918517589569,0.5743095278739929,0.930739402770996,-0.0007205820875242,0.4427769184112549,0.9333271384239196,0.0025703760329633,109,112,78,68
straight_ahead,0.5925151109695435,0.5637619495391846,-0.0089648822322487,0.393413782119751,0.5662479996681213,-0.0633900016546249,0.7310218811035156,0.5748592019081116,-0.0771864429116249,0.2565816044807434,0.5812801718711853,-0.1648626774549484,0.7875021696090698,0.4259057939052582,-0.3197964429855346,0.1731045693159103,0.4372033178806305,-0.4620941579341888,0.5743257403373718,0.9311487674713136,0.0063254474662244,0.4428016543388366,0.9342847466468812,-0.0044679236598312,109,112,74,66
straight_ahead,0.592471182346344,0.5639740824699402,-0.0110599221661686,0.3933736979961395,0.5666530728340149,-0.0716463774442672,0.7306712865829468,0.5748598575592041,-0.0869205594062805,0.2564526498317718,0.5837249159812927,-0.2002340108156204,0.7894740104675293,0.4305201768875122,-0.3207982182502746,0.1755187511444091,0.4382813572883606,-0.5026005506515503,0.5746690034866333,0.9317760467529296,0.0105811581015586,0.4436748921871185,0.935321033000946,-0.0087493602186441,109,111,72,68
straight_ahead,0.5920974612236023,0.563365638256073,0.0090296324342489,0.392747014760971,0.5673200488090515,-0.0360775478184223,0.7315706014633179,0.5741850733757019,-0.0732120871543884,0.2552522420883178,0.5838316082954407,-0.1406920105218887,0.7869692444801331,0.4131735861301422,-0.2844749093055725,0.1807909309864044,0.4127266705036163,-0.3558631539344787,0.5742770433425903,0.9314351677894592,0.0092736138030886,0.4433045387268066,0.9343995451927184,-0.0074697122909128,109,111,75,73
straight_ahead,0.5918062925338745,0.5629767775535583,0.0105992993339896,0.3922881782054901,0.5676546096801758,-0.0252510719001293,0.7320420742034912,0.5737637281417847,-0.0738987028598785,0.2543392777442932,0.5839301943778992,-0.1232325583696365,0.7857151627540588,0.4056717157363891,-0.2828401327133178,0.1839937269687652,0.4029706418514251,-0.331729918718338,0.5738897323608398,0.9312101006507874,0.0083767129108309,0.4428669512271881,0.9337087869644164,-0.0065923281945288,109,112,77,75
straight_ahead,0.5913587808609009,0.5628651976585388,-0.0129325734451413,0.392302006483078,0.5677346587181091,-0.0516664981842041,0.7316178679466248,0.5723981857299805,-0.0823330506682396,0.2542822659015655,0.5856510996818542,-0.1978019326925277,0.7459660768508911,0.3941650390625,-0.2634521722793579,0.2425678968429565,0.3960679471492767,-0.405104249715805,0.5717273950576782,0.9293127059936525,0.0076296194456517,0.4418728947639465,0.9323818683624268,-0.0058712139725685,110,111,89,94
straight_ahead,0.5906704068183899,0.5623418092727661,-0.0128537686541676,0.3923473656177521,0.5677353143692017,-0.0494686365127563,0.7304930090904236,0.5712022185325623,-0.0861391276121139,0.2528887987136841,0.586162805557251,-0.2274806499481201,0.7282274961471558,0.391567587852478,-0.2607836127281189,0.2576059401035309,0.3923662602901459,-0.4741590917110443,0.5698002576828003,0.9290369749069214,0.0071537280455231,0.4405893683433532,0.9318791031837464,-0.0054168161004781,111,111,94,99
straight_ahead,0.5899796485900879,0.5609132051467896,0.0446791499853134,0.3922573029994964,0.5686493515968323,-0.0102068027481436,0.7278356552124023,0.5712207555770874,-0.0414240434765815,0.2528054118156433,0.5871994495391846,-0.2185964584350586,0.6768690347671509,0.3952740728855133,-0.0981997475028038,0.305265337228775,0.3945799171924591,-0.394103080034256,0.5698471665382385,0.9284493923187256,0.008147794753313,0.4401478767395019,0.9298766851425172,-0.0065918588079512,110,111,110,113
straight_ahead,0.5890166759490967,0.560256838798523,0.0269745681434869,0.3925798535346985,0.5688810348510742,-0.0009476415580138,0.7259069681167603,0.5726574659347534,-0.0613937079906463,0.2529555559158325,0.5882236361503601,-0.2015349566936493,0.6629279255867004,0.4114799201488495,-0.136149376630783,0.3162781000137329,0.4031633734703064,-0.2894220054149627,0.5695005059242249,0.9280491471290588,0.0058036386035382,0.4385037422180176,0.9289425015449524,-0.0043804226443171,109,111,117,117
straight_ahead,0.5884002447128296,0.5601367950439453,0.0470516830682754,0.3926036655902862,0.5689127445220947,0.0205698460340499,0.7241004705429077,0.5745649337768555,-0.0533741600811481,0.2530384659767151,0.5885674953460693,-0.1859523057937622,0.6628568172454834,0.4202480316162109,-0.1053343415260315,0.3155285120010376,0.4056147634983063,-0.2798698842525482,0.5694791078567505,0.926561713218689,0.0057456390932202,0.438275396823883,0.9281145930290222,-0.004258126951754,108,111,118,117
straight_ahead,0.5879340171813965,0.5598270893096924,0.0340113416314125,0.3924606144428253,0.5690352916717529,0.0191052015870809,0.7237464189529419,0.5758324265480042,-0.0763276666402816,0.2510867714881897,0.590039849281311,-0.2644067406654358,0.6804618239402771,0.4172945320606231,-0.15110944211483,0.2984673380851745,0.4040335416793823,-0.5434892177581787,0.569586455821991,0.9253590106964112,0.0056342459283769,0.4386395812034607,0.9282845854759216,-0.004138228483498,107,111,112,113
straight_ahead,0.5876390337944031,0.5598172545433044,0.0025005368515849,0.3924275636672973,0.5694493055343628,-0.029750283807516,0.722248375415802,0.5764960646629333,-0.10846708714962,0.250093936920166,0.5901177525520325,-0.2808001637458801,0.6890735030174255,0.411363422870636,-0.2535986304283142,0.2893534302711487,0.4002369046211242,-0.5739030838012695,0.5696247816085815,0.9253332018852234,0.0037335101515054,0.4388436675071716,0.9295511841773988,-0.0021411224734038,107,111,108,110
straight_ahead,0.5858926773071289,0.5601183176040649,0.0289415959268808,0.3913833796977997,0.5699672102928162,-0.0387021228671073,0.7182778716087341,0.577727198600769,0.0128080369904637,0.2462930232286453,0.5900735259056091,-0.2595573961734772,0.7193772196769714,0.4094487726688385,-0.1277994513511657,0.2373835295438766,0.3914631307125091,-0.4875950217247009,0.5696287155151367,0.9253438711166382,0.0049371561035513,0.43889981508255,0.9303476214408876,-0.0033712100703269,106,112,97,95
straight_ahead,0.5854737758636475,0.5606529712677002,0.0378931537270545,0.3904227614402771,0.5706132054328918,-0.036895353347063,0.716728687286377,0.5784465670585632,0.0119797782972455,0.2425730675458908,0.5899478793144226,-0.1974852383136749,0.7333964705467224,0.4093199968338012,-0.1486502885818481,0.2122415602207183,0.3882857263088226,-0.4264132082462311,0.5696179270744324,0.925431191921234,0.0059722634032368,0.4385249614715576,0.9317110776901244,-0.0043039647862315,105,112,92,89
straight_ahead,0.5855042934417725,0.5607349872589111,0.0462275817990303,0.3896896243095398,0.5706341862678528,-0.0380544662475585,0.7170906066894531,0.5761625170707703,0.01626543328166,0.2428276538848877,0.5856151580810547,-0.1691504269838333,0.760227382183075,0.4113863408565521,-0.1662405282258987,0.1815545856952667,0.3955880999565124,-0.4095604419708252,0.5696331262588501,0.9266201257705688,0.0062564485706388,0.4379688203334808,0.9330495595932008,-0.0045751994475722,106,113,82,78
straight_ahead,0.5855275392532349,0.5607373118400574,0.0400953963398933,0.3896538019180298,0.5705691576004028,-0.0596788004040718,0.7168261408805847,0.5752690434455872,0.0403707697987556,0.2431337833404541,0.583006739616394,-0.1739619672298431,0.7646104097366333,0.4202259182929992,-0.1136394739151001,0.1782442033290863,0.3998118937015533,-0.4097900390625,0.569678783416748,0.9269179701805116,0.0064246887341141,0.4378179013729095,0.9330535531044006,-0.004737134091556,106,114,79,75
straight_ahead,0.5853564739227295,0.5607366561889648,0.0381598249077796,0.3892801105976105,0.5705498456954956,-0.0541310608386993,0.7164096236228943,0.5748983025550842,0.0106608504429459,0.2434005439281463,0.5820510983467102,-0.1600521951913833,0.765863835811615,0.4239515364170074,-0.1737089306116104,0.1772865355014801,0.4017812311649322,-0.3895554840564728,0.5698438882827759,0.9287680983543396,0.0070621496997773,0.438110202550888,0.9345839619636536,-0.0053884941153228,106,114,78,74
straight_ahead,0.5844297409057617,0.5607449412345886,0.0235727839171886,0.3887513279914856,0.5709505081176758,-0.0909202992916107,0.7158609628677368,0.5737391114234924,0.0085908910259604,0.2422358989715576,0.5820819139480591,-0.2466799467802047,0.7591084241867065,0.4195291399955749,-0.1515167951583862,0.191344752907753,0.3940680921077728,-0.4996244311332702,0.5696431994438171,0.9293188452720642,0.0079857790842652,0.4383078515529632,0.9354954361915588,-0.0063133449293673,107,115,80,79
straight_ahead,0.595204770565033,0.5664783120155334,-0.0800262838602066,0.3945396542549133,0.5765736699104309,-0.0303053352981805,0.744983434677124,0.574708104133606,-0.2377275228500366,0.2560767233371734,0.5967071056365967,-0.2209467589855194,0.7415688037872314,0.3814915418624878,-0.4266172349452972,0.2435903996229171,0.4069676101207733,-0.4922955632209778,0.5710845589637756,0.9294030666351318,-0.0099073611199855,0.4432357251644134,0.9315465092658995,0.0117418970912694,113,111,94,95
straight_ahead,0.5952023267745972,0.5667078495025635,-0.1075683012604713,0.3942211270332336,0.5769737362861633,0.0061104847118258,0.7438802123069763,0.5795886516571045,-0.3182919919490814,0.2592523694038391,0.5980456471443176,-0.1525595784187317,0.6746264100074768,0.4006039798259735,-0.4748662114143371,0.3000719845294952,0.417190283536911,-0.3424668312072754,0.5710792541503906,0.9299221634864808,-0.0172554105520248,0.4426119923591614,0.9316629767417908,0.0190328396856784,111,110,116,112
straight_ahead,0.5951963663101196,0.5671713948249817,-0.1091832146048545,0.3936779797077179,0.5774413347244263,0.0092840008437633,0.7437790632247925,0.5803369879722595,-0.3303768336772918,0.2605180144309997,0.5982509255409241,-0.1747852861881256,0.6835564374923706,0.3981798887252807,-0.5057768821716309,0.2928465008735657,0.4169097542762756,-0.423159122467041,0.5716150999069214,0.9319595098495485,-0.0186756588518619,0.4428966641426086,0.933692991733551,0.0204875227063894,111,110,113,109
straight_ahead,0.5951030850410461,0.5677056908607483,-0.1070521920919418,0.393636018037796,0.5779303908348083,0.009317266754806,0.743732213973999,0.581830620765686,-0.3139310777187347,0.2618842720985412,0.5981895327568054,-0.1730276048183441,0.691208004951477,0.3949957489967346,-0.4941185414791107,0.2861275672912597,0.4160619676113128,-0.3948359787464142,0.5716735124588013,0.93310284614563,-0.0193677321076393,0.4428177773952484,0.934234619140625,0.0212597493082284,111,110,111,106
straight_ahead,0.5945064425468445,0.5677587985992432,-0.1154730767011642,0.3929530084133148,0.577813446521759,-0.0351744517683982,0.7437103986740112,0.5836641192436218,-0.298131912946701,0.2617084383964538,0.5980004072189331,-0.1149626523256301,0.7264136075973511,0.3948063254356384,-0.5480072498321533,0.2373463213443756,0.4154478311538696,-0.2527888417243957,0.571699321269989,0.9334639310836792,-0.0181202162057161,0.4425301551818847,0.934399425983429,0.0201335959136486,110,110,101,91
straight_ahead,0.5943781137466431,0.5678309202194214,-0.1111799106001854,0.3929400146007538,0.5773390531539917,-0.0505726225674152,0.7429655194282532,0.5856654644012451,-0.2355443984270095,0.2615125179290771,0.5983250141143799,-0.1276315152645111,0.7671657204627991,0.3961966633796692,-0.516752302646637,0.2043030709028244,0.4290070235729217,-0.328269213438034,0.571021556854248,0.9338142275810242,-0.0174221582710742,0.4413330554962158,0.9346302151679992,0.0194695144891738,109,109,90,80
straight_ahead,0.5943011045455933,0.5679445266723633,-0.1074199900031089,0.3929513096809387,0.5772521495819092,-0.0542986504733562,0.7425127625465393,0.5864001512527466,-0.2051564902067184,0.2613473236560821,0.5985225439071655,-0.1410331577062606,0.7824425101280212,0.4090993702411651,-0.45633465051651,0.1925975531339645,0.437585711479187,-0.3318732678890228,0.5709632635116577,0.9341430068016052,-0.0159169621765613,0.4413106441497803,0.9347403049468994,0.017979422584176,109,109,84,76
straight_ahead,0.5940431356430054,0.5679726004600525,-0.1032590419054031,0.3929390907287597,0.5772117376327515,-0.0494703128933906,0.741805911064148,0.5869752168655396,-0.195610299706459,0.2613016664981842,0.5989094376564026,-0.1412821561098098,0.7856196165084839,0.4159134328365326,-0.4303268790245056,0.1939524561166763,0.4411287307739258,-0.4001809060573578,0.570838987827301,0.9341028928756714,-0.0139239635318517,0.4410453736782074,0.9346982836723328,0.0160198081284761,109,109,83,76
straight_ahead,0.5933895111083984,0.5676236748695374,-0.1149497404694557,0.3926363587379455,0.5771455764770508,-0.0454347245395183,0.7415019273757935,0.5868351459503174,-0.2727446258068084,0.2608494758605957,0.5991731286048889,-0.0956115052103996,0.7712353467941284,0.4113503694534302,-0.5466150641441345,0.2072113454341888,0.4335615932941437,-0.262819766998291,0.5708178281784058,0.9340639710426332,-0.0175945591181516,0.4409852027893066,0.9346257448196412,0.0195265747606754,109,109,88,82
straight_ahead,0.5932159423828125,0.5676038861274719,-0.1120414137840271,0.3922174274921417,0.5772239565849304,-0.0221731178462505,0.7416799068450928,0.5867266058921814,-0.2780390381813049,0.2615108788013458,0.5991600155830383,-0.1130254119634628,0.7450162172317505,0.3917657136917114,-0.5132833123207092,0.2413753569126129,0.4226970970630646,-0.3044150769710541,0.5702746510505676,0.9339979887008668,-0.0196649245917797,0.4408958554267883,0.9346526265144348,0.0215493254363536,109,109,96,93
straight_ahead,0.5930155515670776,0.5675552487373352,-0.1100456565618515,0.3920603692531585,0.5772778391838074,-0.0090837096795439,0.7406870722770691,0.5866438746452332,-0.3033181130886078,0.2620415091514587,0.6011830568313599,-0.1362325251102447,0.7149736881256104,0.3909876048564911,-0.516639232635498,0.2734828591346741,0.4206224083900451,-0.3114791512489319,0.5702638030052185,0.9319744110107422,-0.019423084333539,0.4408559799194336,0.9329878687858582,0.0213009789586067,109,108,105,104
straight_ahead,0.5930551290512085,0.5674540996551514,-0.129020407795906,0.3919470906257629,0.577354371547699,-0.0108897965401411,0.7406752705574036,0.587151825428009,-0.3562628924846649,0.2627808153629303,0.6055477857589722,-0.1835561096668243,0.6717506647109985,0.3999775648117065,-0.536588728427887,0.3099812567234039,0.4366531074047088,-0.3884410262107849,0.5702677965164185,0.9303586483001708,-0.019654968753457,0.4408473372459411,0.9309670329093932,0.0214908085763454,109,106,118,118
straight_ahead,0.5930812954902649,0.566952645778656,-0.1243325471878051,0.3919196128845215,0.5773543119430542,0.0173833258450031,0.7394610643386841,0.5871292948722839,-0.3418365120887756,0.2649436593055725,0.6069908142089844,-0.1764436215162277,0.66219162940979,0.4030129015445709,-0.5210555195808411,0.3182878494262695,0.4396973550319671,-0.3871448934078216,0.5703173875808716,0.9294933676719666,-0.0199732892215251,0.4408454895019531,0.9303303956985474,0.0217721629887819,108,105,121,121
straight_ahead,0.592904269695282,0.5669992566108704,-0.1217504367232322,0.3916425108909607,0.5784294605255127,0.0240670945495367,0.7391229867935181,0.5868183374404907,-0.3465601801872253,0.2648252844810486,0.6096414923667908,-0.1901313960552215,0.6771830320358276,0.39726322889328,-0.5232135057449341,0.3037510514259338,0.4383336305618286,-0.4500236511230469,0.570304811000824,0.9290884137153624,-0.0200207103043794,0.4408136010169983,0.9298567175865172,0.0218407325446605,109,105,116,117
straight_ahead,0.592838704586029,0.5671874284744263,-0.1239434480667114,0.3914988040924072,0.5789366364479065,0.0194863006472587,0.7391744256019592,0.5869160890579224,-0.3636752068996429,0.2654054760932922,0.6104161143302917,-0.2260982543230056,0.6867775917053223,0.3926577866077423,-0.5689707398414612,0.29581218957901,0.4347853064537048,-0.5005582571029663,0.5703738927841187,0.9288145303726196,-0.0199649780988693,0.4408868253231048,0.928766906261444,0.0218033250421285,109,105,113,114
straight_ahead,0.5924638509750366,0.5678734183311462,-0.1330543160438537,0.3916809856891632,0.5793994069099426,0.0066525540314614,0.7378950119018555,0.5870552659034729,-0.3463338017463684,0.2654086649417877,0.6101474761962891,-0.037978459149599,0.7242745161056519,0.3922328948974609,-0.6009042263031006,0.2542397677898407,0.4341098666191101,-0.1321923285722732,0.5703994035720825,0.928941011428833,-0.0221490953117609,0.4409800171852112,0.9289143681526184,0.0240655727684497,109,105,102,100
straight_ahead,0.5922570824623108,0.5681588053703308,-0.1289105713367462,0.3917911350727081,0.5793374180793762,0.0016230307519435,0.7350350618362427,0.587943434715271,-0.3101855516433716,0.2653977274894714,0.6095861792564392,-0.0467514470219612,0.7513323426246643,0.3942152857780456,-0.5696690082550049,0.2270743548870086,0.4347835183143616,-0.1993376910686493,0.5704058408737183,0.9288641810417176,-0.0223546735942363,0.4411896765232086,0.9287795424461364,0.0242390260100364,108,105,93,91
straight_ahead,0.5920268893241882,0.5687448978424072,-0.1095684766769409,0.3918911814689636,0.5791377425193787,0.0013416243018582,0.7332803010940552,0.58937007188797,-0.2731898427009582,0.2653517723083496,0.6090759038925171,-0.0664561763405799,0.7627521753311157,0.4007397592067718,-0.5423654913902283,0.2168271839618683,0.4353545010089874,-0.3635214269161224,0.5704087018966675,0.9288610816001892,-0.0211078934371471,0.4411734938621521,0.9287979006767272,0.022985104471445,107,105,89,88
straight_ahead,0.5918877720832825,0.5688831210136414,-0.0948759764432907,0.3920448124408722,0.5790051221847534,0.006003851071,0.7316352128982544,0.5908828377723694,-0.2523925900459289,0.2655410766601562,0.6089109778404236,-0.0855858772993087,0.7688038945198059,0.4074767827987671,-0.5151928067207336,0.2139361798763275,0.4400526583194732,-0.3574488759040832,0.5703868269920349,0.9289165139198304,-0.0195051953196525,0.4410354495048523,0.9288203120231628,0.0213263295590877,107,105,87,86
straight_ahead,0.5918351411819458,0.569493293762207,-0.1179350614547729,0.3921762108802795,0.5787378549575806,-0.0210371185094118,0.7318029999732971,0.5912933349609375,-0.2649912536144256,0.2655135095119476,0.608875036239624,-0.0884530693292617,0.7659722566604614,0.4068993031978607,-0.5370270013809204,0.2183500975370407,0.4398140907287597,-0.2845791280269623,0.5704210996627808,0.928922474384308,-0.0196691192686557,0.4412035048007965,0.9288342595100404,0.0215174406766891,107,105,88,88
straight_ahead,0.5914538502693176,0.5695170760154724,-0.1273683905601501,0.3917580842971802,0.5786715149879456,-0.019607838243246,0.7321587204933167,0.5912458300590515,-0.267080694437027,0.2656734585762024,0.6087521314620972,-0.0245104394853115,0.7634437084197998,0.3982080519199371,-0.5349776744842529,0.2219541072845459,0.4337306916713714,-0.1397156119346618,0.5704403519630432,0.9289078116416932,-0.0225989073514938,0.4416791498661041,0.9288093447685242,0.024407535791397,107,105,90,89
straight_ahead,0.5910571813583374,0.5694065093994141,-0.1243874877691268,0.391370415687561,0.5786682367324829,0.0120003605261445,0.7322690486907959,0.5898513793945312,-0.3202111721038818,0.2672431468963623,0.6088616251945496,-0.0762855783104896,0.7169732451438904,0.390671819448471,-0.5414465665817261,0.2635800242424011,0.4289309084415436,-0.2791491150856018,0.5704516768455505,0.9274883270263672,-0.0232058279216289,0.4419332444667816,0.928191065788269,0.0250401142984628,107,105,103,103
straight_ahead,0.5910526514053345,0.5693929195404053,-0.1326452195644378,0.3914086818695068,0.5785829424858093,0.0256842318922281,0.7323521971702576,0.5898352265357971,-0.3849055469036102,0.269231766462326,0.6081006526947021,-0.0142496842890977,0.6751975417137146,0.3931556046009063,-0.5973896980285645,0.3038244843482971,0.4289704263210296,-0.0741574019193649,0.5704656839370728,0.9252908825874328,-0.0240278281271457,0.4424420297145843,0.9267142415046692,0.0257838070392608,108,105,114,115
straight_ahead,0.5910655856132507,0.5688382983207703,-0.1286407858133316,0.3917711973190307,0.5782290101051331,0.0583095662295818,0.7324178814888,0.5898205041885376,-0.3550534546375274,0.27065110206604,0.6072748303413391,0.0429137609899044,0.6679850816726685,0.3979577422142029,-0.5223117470741272,0.310499370098114,0.4319757223129272,0.0025343364104628,0.5704870223999023,0.9234767556190492,-0.0276149362325668,0.4426265656948089,0.925317108631134,0.029320616275072,107,105,117,116
straight_ahead,0.5911177396774292,0.5683192014694214,-0.1287150830030441,0.3919711112976074,0.5778812170028687,0.0434623248875141,0.732461154460907,0.58981853723526,-0.3737301230430603,0.2721731066703796,0.6071150898933411,-0.0053573357872664,0.6693789958953857,0.4012481570243835,-0.5617623329162598,0.3122602105140686,0.4322401285171509,-0.098107025027275,0.5706154108047485,0.921168863773346,-0.0273520834743976,0.4427175521850586,0.922837257385254,0.0290643088519573,107,105,117,117
straight_ahead,0.591124415397644,0.5686343908309937,-0.1430250853300094,0.3925963640213012,0.5778175592422485,0.0251263491809368,0.7337261438369751,0.5900324583053589,-0.4078754782676697,0.2733944058418274,0.6072067022323608,-0.093749925494194,0.6813868284225464,0.3915796875953674,-0.6386492252349854,0.3007504343986511,0.4275425374507904,-0.2780529260635376,0.5707286596298218,0.9215344786643982,-0.0270207375288009,0.4431098103523254,0.9237685799598694,0.0287757664918899,108,104,113,113
straight_ahead,0.5910845994949341,0.5691357254981995,-0.1522938758134842,0.3929646611213684,0.57781583070755,-0.0035715822596102,0.7352139949798584,0.5916872620582581,-0.3995295763015747,0.2737654745578766,0.6077710390090942,-0.1001993268728256,0.6846361756324768,0.3912877142429352,-0.6350167989730835,0.2957827448844909,0.4260107576847076,-0.2733952403068542,0.570749044418335,0.9216023683547974,-0.0253179222345352,0.4431657195091247,0.9237974882125854,0.0271134488284587,108,104,113,111
straight_ahead,0.5910263657569885,0.569780707359314,-0.1467496156692505,0.3931880593299866,0.5777307748794556,-0.0102650318294763,0.7352677583694458,0.5934715270996094,-0.3262160718441009,0.2744380533695221,0.6073538661003113,-0.0564200393855571,0.7135588526725769,0.3916141092777252,-0.5597676038742065,0.2632152736186981,0.4254187345504761,-0.2215501815080642,0.5707544088363647,0.9230135679244996,-0.0252641625702381,0.4432471692562103,0.9257270693778992,0.0270657632499933,107,104,105,100
straight_ahead,0.5910585522651672,0.5699702501296997,-0.1437736600637436,0.3951446115970611,0.5774485468864441,-0.0131890075281262,0.7352977991104126,0.5935328602790833,-0.3166976571083069,0.2748229801654815,0.6068475246429443,-0.0001094361796276,0.7365469932556152,0.3929492533206939,-0.5640449523925781,0.2387990206480026,0.4322087168693542,-0.0911251530051231,0.5709194540977478,0.9236360788345336,-0.024618174880743,0.4435764849185943,0.926512897014618,0.0264517627656459,107,104,99,92
straight_ahead,0.5911162495613098,0.5700610280036926,-0.122431144118309,0.3968040347099304,0.5773603916168213,-0.0119266211986541,0.7353631258010864,0.5938442945480347,-0.3040052354335785,0.2753647267818451,0.6068313121795654,-0.0100708035752177,0.7425956130027771,0.4001128375530243,-0.5644673109054565,0.2335541248321533,0.4369402825832367,-0.1289649903774261,0.571082353591919,0.9244817495346068,-0.0208670068532228,0.4435940384864807,0.9266677498817444,0.0226874165236949,107,104,97,90
straight_ahead,0.5910762548446655,0.5705806612968445,-0.144816368818283,0.3982125222682953,0.5772219896316528,-0.0131644327193498,0.73371422290802,0.5950223803520203,-0.3207722306251526,0.2754736244678497,0.6044548153877258,0.0748480409383773,0.7442847490310669,0.4004030227661133,-0.616362452507019,0.2235264778137207,0.438306450843811,0.0680810660123825,0.5712469816207886,0.9252185225486756,-0.021475214511156,0.4436233639717102,0.9273656606674194,0.0232964325696229,106,105,97,85
straight_ahead,0.5910776853561401,0.5704707503318787,-0.1368748247623443,0.3981442451477051,0.573979377746582,-0.0142047656700015,0.7337319850921631,0.5943280458450317,-0.2896230220794678,0.269596666097641,0.6040323376655579,0.0452887639403343,0.7389121055603027,0.3989119827747345,-0.5561853647232056,0.2295978367328643,0.4359627366065979,-0.1106524094939231,0.5709019899368286,0.9255387783050536,-0.0209475737065076,0.4428081512451172,0.9274654388427734,0.022827573120594,107,105,98,90
straight_ahead,0.5910906195640564,0.5701118111610413,-0.1350571811199188,0.3980683982372284,0.5721734762191772,-0.0214856397360563,0.7337496876716614,0.5935955047607422,-0.2960076630115509,0.2678327560424804,0.6040402054786682,-0.029893672093749,0.7386746406555176,0.3984566330909729,-0.556878387928009,0.2290861904621124,0.4362254440784454,-0.2100116312503814,0.5709066987037659,0.9260517954826356,-0.0191811472177505,0.442650705575943,0.9275285005569458,0.0211443789303302,107,105,98,91
straight_ahead,0.5910888314247131,0.5699998736381531,-0.1259066015481948,0.3979261517524719,0.5720713138580322,-0.02780007943511,0.7337392568588257,0.5923042297363281,-0.2887910306453705,0.2671152949333191,0.6021936535835266,-0.0923626571893692,0.7436286211013794,0.3988480865955353,-0.5514169335365295,0.2244698107242584,0.4358954131603241,-0.3061615526676178,0.5707101225852966,0.9264081716537476,-0.012846328318119,0.4420304894447326,0.9275469183921814,0.014802424237132,107,105,96,89
straight_ahead,0.5910733938217163,0.5694822669029236,-0.1332983076572418,0.3976225554943084,0.5718047022819519,-0.0482931658625602,0.7339931130409241,0.590949296951294,-0.2924186587333679,0.2662755846977234,0.6014877557754517,-0.1210200041532516,0.7460523247718811,0.3992446362972259,-0.5531984567642212,0.2258880585432052,0.4348382651805877,-0.343070775270462,0.5706629753112793,0.9262255430221558,-0.0125322472304105,0.4417372345924377,0.926707923412323,0.0144556481391191,107,106,95,89
straight_ahead,0.5912855863571167,0.5697096586227417,-0.1140920296311378,0.3963050544261932,0.5716030597686768,-0.0451729036867618,0.7349011301994324,0.5881347060203552,-0.2768520712852478,0.266399085521698,0.6011785864830017,-0.1287114322185516,0.7430559396743774,0.3890404999256134,-0.5019038915634155,0.2399196326732635,0.4229262769222259,-0.3480678498744964,0.5698406100273132,0.9262453317642212,-0.0128523679450154,0.4407753944396972,0.9267569184303284,0.0147487688809633,109,105,95,94
straight_ahead,0.5913645625114441,0.5696954727172852,-0.112198568880558,0.3959422409534454,0.5715099573135376,-0.0376234166324138,0.7351759672164917,0.5877820253372192,-0.2704822719097137,0.2665006518363952,0.6013062596321106,-0.156654343008995,0.740301251411438,0.3854957222938537,-0.4825893342494964,0.2542064189910888,0.4219966530799866,-0.3923702538013458,0.569848358631134,0.9262825846672058,-0.0129550080746412,0.4408431649208069,0.9270859956741332,0.0148693574592471,109,105,96,99
straight_ahead,0.5913652181625366,0.5696703791618347,-0.1585374474525451,0.3950429558753967,0.5715923309326172,-0.0565809793770313,0.7351899147033691,0.5876674652099609,-0.3920697569847107,0.2663257718086242,0.6045225262641907,-0.2232238948345184,0.7072255611419678,0.3856700956821441,-0.6250038146972656,0.2874355018138885,0.4224601686000824,-0.4803606569766998,0.5697892308235168,0.9263233542442322,-0.0131226237863302,0.4406941533088684,0.9271271228790284,0.0150403305888175,109,104,105,111
straight_ahead,0.5913572907447815,0.569407045841217,-0.155753806233406,0.3949198126792907,0.571715235710144,-0.0517556853592395,0.7350805997848511,0.5869151949882507,-0.3694216310977936,0.2664069831371307,0.6059849858283997,-0.2357949912548065,0.6926724910736084,0.3861784040927887,-0.5961554646492004,0.2985120415687561,0.4227814376354217,-0.5197949409484863,0.5697919726371765,0.9256247878074646,-0.0140331564471125,0.440788596868515,0.9268170595169068,0.0159339532256126,109,104,109,115
straight_ahead,0.5915349721908569,0.5688034296035767,-0.1172914654016494,0.3953408002853393,0.571540117263794,-0.0124265849590301,0.7350820899009705,0.587148129940033,-0.3536973595619201,0.2663184702396393,0.6075689792633057,-0.2586997151374817,0.6731075048446655,0.3993676304817199,-0.5496014356613159,0.3103509545326233,0.4333966672420501,-0.5590393543243408,0.5693734288215637,0.92342871427536,-0.0133471144363284,0.4401625096797943,0.9247480630874634,0.0150817800313234,109,103,116,120
straight_ahead,0.591922402381897,0.5681031346321106,-0.1118115335702896,0.3957099914550781,0.571549654006958,0.0139825288206338,0.7352566123008728,0.5874144434928894,-0.3511026799678802,0.2663279175758362,0.6097118258476257,-0.2148414850234985,0.6686519980430603,0.4037012159824371,-0.5398776531219482,0.3119663596153259,0.440746396780014,-0.4825035035610199,0.5690690279006958,0.9229723215103148,-0.0144767863675951,0.439934641122818,0.9239284992218018,0.016088493168354,109,102,118,122
straight_ahead,0.5924005508422852,0.5678633451461792,-0.1316933333873748,0.396104484796524,0.57161545753479,0.0078836064785718,0.7375510334968567,0.5880020260810852,-0.3779323697090149,0.2664920091629028,0.6102787852287292,-0.2073038816452026,0.6786507368087769,0.404733270406723,-0.5919132828712463,0.3056884109973907,0.4391109347343445,-0.419229120016098,0.5691552758216858,0.922404170036316,-0.0175137631595134,0.440068781375885,0.9225682616233826,0.0192019511014223,109,102,116,120
straight_ahead,0.5924049019813538,0.5679616928100586,-0.1285943686962127,0.3957546651363373,0.5718570351600647,-0.0153938652947545,0.7384845614433289,0.5886141061782837,-0.339964896440506,0.2667076289653778,0.6107178330421448,-0.1986675560474395,0.6988471150398254,0.4042540192604065,-0.5841621160507202,0.2780958116054535,0.4383244812488556,-0.4614533483982086,0.5694268941879272,0.923490345478058,-0.0169560201466083,0.440662533044815,0.925500512123108,0.0186596903949975,109,102,110,111
straight_ahead,0.5924793481826782,0.5682935118675232,-0.0981911271810531,0.3950797915458679,0.5723321437835693,-0.0167499668896198,0.7394381761550903,0.5899349451065063,-0.266864150762558,0.2645696401596069,0.6104190945625305,-0.1952296197414398,0.7144177556037903,0.4039012789726257,-0.4956375062465668,0.2550579607486725,0.4314242005348205,-0.4395753443241119,0.5694301128387451,0.9239291548728944,-0.013951351866126,0.4406686723232269,0.9263499975204468,0.0155857829377055,109,103,106,103
straight_ahead,0.5924773812294006,0.5687621235847473,-0.100833311676979,0.3953862190246582,0.5729144811630249,-0.0279912445694208,0.73963463306427,0.5925902724266052,-0.2598709166049957,0.2637284398078918,0.610400915145874,-0.1032787188887596,0.7448157072067261,0.4066254496574402,-0.5156667828559875,0.2175085842609405,0.4384611546993255,-0.2806937396526336,0.569889485836029,0.9284195303916932,-0.0149244889616966,0.4413450360298157,0.9291152358055116,0.0166433230042457,108,103,98,91
straight_ahead,0.5924790501594543,0.5688093900680542,-0.1009058207273483,0.3953915238380432,0.5730451941490173,-0.0381625667214393,0.7398945093154907,0.5933080315589905,-0.2409559041261673,0.2626067101955414,0.610358476638794,-0.1223290339112281,0.7621939182281494,0.4073056280612945,-0.4975100457668304,0.2063278257846832,0.4435194730758667,-0.3345905840396881,0.5700101256370544,0.9299797415733336,-0.0163313467055559,0.4414573311805725,0.930027186870575,0.0181062705814838,107,104,93,87
straight_ahead,0.5930389165878296,0.5689691305160522,-0.0470470711588859,0.3955566883087158,0.5744422078132629,-0.0355970002710819,0.7396907210350037,0.5933024883270264,-0.1457011103630066,0.2619176208972931,0.6103979349136353,-0.1315804123878479,0.7824996113777161,0.4241572022438049,-0.3788034319877624,0.190669983625412,0.4548853635787964,-0.4311427474021911,0.5700085163116455,0.9304169416427612,-0.0084809558466076,0.4412895739078522,0.9306414127349854,0.0102158095687627,107,104,85,80
straight_ahead,0.5937052369117737,0.5689719915390015,-0.0585123114287853,0.3956233561038971,0.5748795866966248,-0.0592832490801811,0.7396488785743713,0.5931954979896545,-0.1545104086399078,0.2611006498336792,0.6103762984275818,-0.2281092703342437,0.7861526608467102,0.428762286901474,-0.3814688324928283,0.1878969818353653,0.4564320743083954,-0.5769839286804199,0.5700989365577698,0.9303616285324096,-0.0020047032739967,0.4412768483161926,0.931209921836853,0.0039248373359441,107,105,84,79
straight_ahead,0.5941658020019531,0.5689688324928284,-0.0667988210916519,0.3956150710582733,0.5747950673103333,-0.0524287410080432,0.7412595152854919,0.5898286700248718,-0.1930972933769226,0.2607080340385437,0.6103623509407043,-0.2131962031126022,0.7842605710029602,0.4257508814334869,-0.4322685599327087,0.1979056298732757,0.4546298384666443,-0.5267481803894043,0.5701181292533875,0.9303867816925048,-0.003214358119294,0.4412146508693695,0.9310556650161744,0.0051362407393753,109,105,83,83
straight_ahead,0.5943106412887573,0.5689700245857239,-0.0658303946256637,0.395598828792572,0.5746700167655945,-0.0519355311989784,0.7427881956100464,0.5864090323448181,-0.1617452055215835,0.2597315013408661,0.6099218726158142,-0.2072118073701858,0.7826150059700012,0.4182881116867065,-0.3630309998989105,0.2043164074420929,0.4506020843982696,-0.4293859004974365,0.5702317953109741,0.930362343788147,-0.0037493160925805,0.4412204623222351,0.9308308959007264,0.0056073116138577,110,105,83,85
straight_ahead,0.5945526361465454,0.5685779452323914,-0.0547028854489326,0.3956212103366852,0.5740590691566467,-0.0228849612176418,0.7432711720466614,0.586060643196106,-0.1912222206592559,0.258069783449173,0.6079208254814148,-0.1866871416568756,0.7719672322273254,0.4079001843929291,-0.4089542031288147,0.225614994764328,0.4205732643604278,-0.4062318205833435,0.5694733262062073,0.930286169052124,-0.0043523698113858,0.439960241317749,0.9308157563209534,0.0062443735077977,110,106,88,94
straight_ahead,0.5946006178855896,0.5681983828544617,-0.0574753694236278,0.3956555724143982,0.5737983584403992,-0.0134361805394291,0.7431937456130981,0.5832886099815369,-0.1962008774280548,0.2580313086509704,0.604123055934906,-0.1845797449350357,0.7558015584945679,0.3945536911487579,-0.4263772368431091,0.24098901450634,0.4129153490066528,-0.4102274775505066,0.5686622262001038,0.9295774698257446,-0.0047934125177562,0.4394383430480957,0.930224359035492,0.0066858404316008,111,107,92,97
straight_ahead,0.5950295925140381,0.5678924918174744,-0.0617824979126453,0.3957695960998535,0.573738694190979,-0.0066647082567214,0.7432422637939453,0.5790202617645264,-0.2595711350440979,0.2580834329128265,0.6041072010993958,-0.2197392880916595,0.7247356176376343,0.3917514979839325,-0.477320522069931,0.2727959752082824,0.4121926128864288,-0.4738527834415436,0.5682350993156433,0.927927315235138,-0.0060578887350857,0.4387133717536926,0.9290677309036256,0.0080076493322849,112,107,100,107
straight_ahead,0.5951858162879944,0.5671908855438232,-0.0709863826632499,0.395907461643219,0.5735985040664673,-0.0097730737179517,0.7434203028678894,0.5785331726074219,-0.2816295325756073,0.2576351463794708,0.6041073203086853,-0.2444759607315063,0.7144554257392883,0.3920641541481018,-0.5001120567321777,0.2852398455142975,0.4133232831954956,-0.5174737572669983,0.5680482983589172,0.9268710017204284,-0.0062209339812397,0.4385357499122619,0.9280888438224792,0.0081939045339822,112,107,103,111
straight_ahead,0.595565676689148,0.5669469833374023,-0.0562521927058696,0.3963319659233093,0.5737921595573425,0.0369065999984741,0.7429121136665344,0.577003538608551,-0.2678512930870056,0.2576707005500793,0.6041076183319092,-0.2249822318553924,0.6894213557243347,0.3930082321166992,-0.4291038513183594,0.3068024516105652,0.4152683913707733,-0.4955267906188965,0.5678949952125549,0.9267168641090392,-0.0124718118458986,0.4384702146053314,0.9278691411018372,0.0143705355003476,113,107,110,117
straight_ahead,0.5958802700042725,0.5668718814849854,-0.0583697259426116,0.3965582847595215,0.5742999911308289,0.0241875294595956,0.7427921891212463,0.5760524868965149,-0.3122894465923309,0.2577115297317505,0.6042197346687317,-0.2660160660743713,0.6877350211143494,0.3939853608608246,-0.5226691961288452,0.3053148090839386,0.4165053367614746,-0.5837094783782959,0.5673968195915222,0.9264646768569946,-0.0122285690158605,0.4379402697086334,0.9278647899627686,0.0140917478129267,113,107,110,116
straight_ahead,0.5959876179695129,0.5667866468429565,-0.0668082609772682,0.3967809081077575,0.5748538374900818,0.0217971727252006,0.7427815794944763,0.5759292840957642,-0.3218157887458801,0.2577427923679352,0.6042462587356567,-0.2884939908981323,0.6881704926490784,0.3949799239635467,-0.5430232286453247,0.3011700212955475,0.4172173738479614,-0.6089938879013062,0.5673903822898865,0.9260435700416564,-0.0118998475372791,0.4380470812320709,0.9277997612953186,0.0137385176494717,113,107,110,115
straight_ahead,0.5960147976875305,0.5662146806716919,-0.0697901844978332,0.3968365490436554,0.5748574733734131,-0.0034731663763523,0.7427626252174377,0.5761077404022217,-0.3021479845046997,0.2576759755611419,0.6040575504302979,-0.2664493024349212,0.6947882175445557,0.3955508768558502,-0.5182791948318481,0.2949621677398681,0.4134936034679413,-0.5665488243103027,0.5673671960830688,0.9259958863258362,-0.0110925268381834,0.4379954934120178,0.9285532832145692,0.0129276812076568,113,107,109,113
straight_ahead,0.5960077047348022,0.5658507943153381,-0.0836471915245056,0.3968410491943359,0.5743328332901001,-0.0326236896216869,0.7425068020820618,0.5758957266807556,-0.2835397720336914,0.2576112151145935,0.6038588285446167,-0.2593710124492645,0.6965981721878052,0.39296355843544,-0.5120476484298706,0.2822665572166443,0.413580983877182,-0.5622408390045166,0.5672040581703186,0.9250001907348632,-0.0093340035527944,0.437913566827774,0.92875999212265,0.011116893030703,113,107,108,109
straight_ahead,0.5960097908973694,0.5662204027175903,-0.0627327337861061,0.3967629075050354,0.5743333697319031,-0.0202086400240659,0.7426450252532959,0.5754246115684509,-0.1919256299734115,0.2564468383789062,0.602767825126648,-0.1559053361415863,0.7198175191879272,0.3885570168495178,-0.3856560587882995,0.2388012707233429,0.4124094843864441,-0.3813602030277252,0.5672169923782349,0.925681471824646,-0.0093742329627275,0.4382198452949524,0.9303401112556458,0.0111477877944707,113,108,101,96
straight_ahead,0.5949544310569763,0.565771222114563,-0.0205352529883384,0.3968344628810882,0.5744225382804871,-0.0200684331357479,0.7399482131004333,0.5928348302841187,-0.2025097906589508,0.2564684450626373,0.6031754016876221,-0.3182341754436493,0.7118508815765381,0.4182242453098297,-0.4100185036659241,0.2938433289527893,0.4128620028495788,-0.6458930969238281,0.5668257474899292,0.924753963947296,-0.0046403356827795,0.4373170733451843,0.9288104772567748,0.0065945559181272,107,107,110,113
straight_ahead,0.5932347774505615,0.5655644536018372,-0.0341761074960231,0.3966450691223144,0.5747987031936646,-0.0947376191616058,0.735820472240448,0.5952121615409851,-0.1820735484361648,0.2561986148357391,0.6054883599281311,-0.4427177309989929,0.6968845129013062,0.4276193678379059,-0.3321189880371094,0.3137819766998291,0.4172392189502716,-0.806307315826416,0.5667175054550171,0.9246986508369446,0.0040344768203794,0.4373422265052795,0.9288063049316406,-0.0022093716543167,105,107,115,119
straight_ahead,0.591866135597229,0.5661452412605286,-0.0227652732282876,0.396598756313324,0.5747640132904053,-0.0696854069828987,0.733208179473877,0.5959758758544922,-0.1331063210964203,0.2562098801136017,0.6052113175392151,-0.3718356192111969,0.7021302580833435,0.4251043200492859,-0.3209269344806671,0.3080450892448425,0.410768061876297,-0.6252609491348267,0.5667120218276978,0.925050973892212,0.0035304340999573,0.4373223185539245,0.9299162030220032,-0.0015711961314082,105,107,112,117
straight_ahead,0.5910349488258362,0.5666001439094543,-0.0281498283147811,0.3963483572006225,0.5749138593673706,-0.0788307934999466,0.7317187786102295,0.5961992740631104,-0.115400455892086,0.2537187933921814,0.6052676439285278,-0.3225427865982055,0.7337419986724854,0.4225400984287262,-0.3148435652256012,0.2485075294971466,0.4098729491233825,-0.6131077408790588,0.5666592121124268,0.9256426692008972,0.00810784753412,0.4371135830879211,0.9320307970046996,-0.0062296972610056,105,107,101,100
straight_ahead,0.5906380414962769,0.5673800706863403,-0.0086137820035219,0.3958341479301452,0.5757471323013306,-0.0949383750557899,0.7309468388557434,0.6027132272720337,-0.0248117092996835,0.2523865401744842,0.6089304089546204,-0.3075167536735534,0.7624036073684692,0.4322428703308105,-0.189785897731781,0.2049926817417144,0.4275122284889221,-0.6068126559257507,0.5671455264091492,0.9258285164833068,0.0119397789239883,0.4371897578239441,0.9322468638420104,-0.0100295152515172,103,107,94,88
straight_ahead,0.5906635522842407,0.5688803791999817,0.0094405952841043,0.3951765894889831,0.5767516493797302,-0.0983411222696304,0.7311702370643616,0.6076990962028503,-0.0082546165212988,0.2515587508678436,0.6120246648788452,-0.2765102088451385,0.7691096067428589,0.4382017254829407,-0.2009248733520507,0.1958469897508621,0.4365056157112121,-0.5646032691001892,0.5682210922241211,0.928379237651825,0.0163567699491977,0.438381016254425,0.935741662979126,-0.0143601400777697,101,106,93,86
straight_ahead,0.5906976461410522,0.5691598057746887,-0.0048167584463953,0.3952309489250183,0.5779010057449341,-0.0854162201285362,0.7313393354415894,0.6067356467247009,-0.0732218921184539,0.2516618371009826,0.6121907830238342,-0.2253317832946777,0.770817756652832,0.4372340440750122,-0.2720518708229065,0.197238877415657,0.4356015026569366,-0.5026779174804688,0.5691025257110596,0.9288222193717957,0.0148247126489877,0.4389613568782806,0.9353198409080504,-0.0128464382141828,102,107,92,86
straight_ahead,0.5902981162071228,0.5691613554954529,0.0240766629576683,0.3944430947303772,0.5776751637458801,-0.0554655008018016,0.7315007448196411,0.6051229238510132,-0.0582826547324657,0.2491967976093292,0.6011213064193726,-0.1981013119220733,0.7619661688804626,0.4302485883235931,-0.2732482552528381,0.2099852114915847,0.4047042727470398,-0.4597916007041931,0.5693050026893616,0.928470492362976,0.0146402064710855,0.4390656054019928,0.9328324794769288,-0.0126955509185791,102,111,94,88
straight_ahead,0.5900679230690002,0.5692194104194641,-0.0043968386016786,0.3935350179672241,0.5776681900024414,-0.0555397272109985,0.7316030263900757,0.5980113744735718,-0.1232033818960189,0.2493826448917389,0.5796108245849609,-0.2614403367042541,0.7438264489173889,0.4171710312366485,-0.3226986527442932,0.2503133118152618,0.37714883685112,-0.4926892817020416,0.569496750831604,0.9286890625953674,0.0081303995102643,0.442310631275177,0.9334846138954164,-0.0062915296293795,105,118,98,91
straight_ahead,0.5899460911750793,0.5693342685699463,-0.0079092634841799,0.3933271765708923,0.5776672959327698,-0.0564741194248199,0.7314339876174927,0.5907458066940308,-0.1382605731487274,0.2495172768831253,0.5714656114578247,-0.2834678888320923,0.7280546426773071,0.4074176549911499,-0.3344769775867462,0.2672564089298248,0.3698192834854126,-0.4962210059165954,0.5694608092308044,0.9290193915367126,0.0055382903665304,0.4425094723701477,0.9337451457977296,-0.0036250271368771,107,121,100,93
straight_ahead,0.5898654460906982,0.5687205195426941,-0.008947355672717,0.3930472731590271,0.5773429274559021,-0.0576910264790058,0.7309234738349915,0.5860797762870789,-0.1364414393901825,0.2495989352464676,0.5696593523025513,-0.3279345035552978,0.6957541108131409,0.406449019908905,-0.2984927296638489,0.3029906749725342,0.3752708435058594,-0.5698586106300354,0.5694595575332642,0.9283888936042786,0.0045850193127989,0.4424519538879394,0.9337210059165956,-0.002591370139271,108,121,108,102
straight_ahead,0.5897868871688843,0.5681813955307007,0.0022526180837303,0.3931388854980469,0.577335774898529,-0.0276313461363315,0.7297956347465515,0.5858280062675476,-0.124223306775093,0.2525038421154022,0.5732045769691467,-0.3154948651790619,0.6742770075798035,0.413014680147171,-0.2169331014156341,0.3197178244590759,0.3785922229290008,-0.5259258151054382,0.5694446563720703,0.928087055683136,0.0028942520730197,0.4424110352993011,0.9336479902267456,-0.0009494094410911,108,119,115,107
straight_ahead,0.5897049307823181,0.5678566098213196,-0.0015215614112094,0.393149197101593,0.5773380398750305,-0.0318318046629428,0.7298671007156372,0.5795992612838745,-0.1719385683536529,0.2526209354400635,0.5725845694541931,-0.3442658185958862,0.6818687319755554,0.4063595831394195,-0.3302203714847564,0.3122448027133941,0.3810950219631195,-0.6280777454376221,0.5693517327308655,0.9279512763023376,0.002799994777888,0.4419185519218445,0.9336528182029724,-0.0008543436415493,110,120,110,105
straight_ahead,0.5896051526069641,0.5674408078193665,-0.0024673950392752,0.393027126789093,0.5773325562477112,-0.0394671186804771,0.7298974394798279,0.5748741626739502,-0.17420694231987,0.2525584697723388,0.5718413591384888,-0.3652735948562622,0.6878158450126648,0.3984834253787994,-0.3516220152378082,0.3066959977149963,0.3788667619228363,-0.6605708003044128,0.5692451000213623,0.9274420142173768,0.002600114326924,0.4417659640312195,0.933386206626892,-0.0006570998812094,111,120,106,103
straight_ahead,0.5896056890487671,0.5677141547203064,-0.0105432635173201,0.3927248120307922,0.5777552127838135,-0.0411213785409927,0.7299973964691162,0.5675755143165588,-0.1660205274820327,0.25242480635643,0.5729027390480042,-0.2933093905448913,0.709453284740448,0.3877113759517669,-0.363226443529129,0.2825263440608978,0.3729914426803589,-0.5359455347061157,0.5692383050918579,0.9301645159721376,0.0011921715922653,0.4419714510440826,0.9359086751937866,0.0006222339579835,114,120,96,97
straight_ahead,0.589530348777771,0.568193793296814,-0.0078308265656232,0.3912526965141296,0.5778794884681702,-0.0472037158906459,0.7301631569862366,0.5631067752838135,-0.1245102286338806,0.2498902976512909,0.5738357901573181,-0.2638827860355377,0.7391365766525269,0.3843761086463928,-0.3417925238609314,0.2349819391965866,0.3730804622173309,-0.5147857666015625,0.5692010521888733,0.9304558038711548,0.0024051533546298,0.4418986737728119,0.9372332096099854,-0.0005517458776012,116,119,85,84
straight_ahead,0.5895262956619263,0.5684081315994263,0.0040477542206645,0.3906722068786621,0.5782862305641174,-0.0474570728838443,0.730652391910553,0.5589765906333923,-0.0889807194471359,0.2481232434511184,0.5744962096214294,-0.2375349551439285,0.7499944567680359,0.381207138299942,-0.287152349948883,0.2192237675189972,0.3740045130252838,-0.4686783850193023,0.5691390037536621,0.930536925792694,0.0049519496969878,0.4413954615592956,0.9376980662345886,-0.0030428189784288,117,120,80,80
straight_ahead,0.5895308256149292,0.5691240429878235,-0.0035279535222798,0.3904973566532135,0.5788679718971252,-0.0749887079000473,0.7316805720329285,0.557087242603302,-0.0816631764173507,0.2469893246889114,0.5787328481674194,-0.2364293336868286,0.758645236492157,0.3768505156040191,-0.2603859007358551,0.2043860703706741,0.3791755139827728,-0.4492565989494324,0.5689029097557068,0.9306336641311646,0.0054613249376416,0.4410839080810547,0.9379101395606996,-0.0035327945370227,118,118,77,78
straight_ahead,0.5894514322280884,0.5693559646606445,-0.0103032607585191,0.3905104994773865,0.5790086984634399,-0.0883762314915657,0.7323628664016724,0.5590483546257019,-0.0852956399321556,0.24705770611763,0.580555260181427,-0.2534806728363037,0.7504187226295471,0.3756810426712036,-0.2673426866531372,0.2202861756086349,0.3784927129745483,-0.4815955758094787,0.5688944458961487,0.9304801225662231,0.0063643329776823,0.4411022067070007,0.9373387098312378,-0.0043839015997946,118,118,80,83
straight_ahead,0.5894303917884827,0.5697588324546814,-0.0278411451727151,0.3904617428779602,0.5792630910873413,-0.086025595664978,0.7327840328216553,0.5602038502693176,-0.1243347078561782,0.2470893859863281,0.580813467502594,-0.2635476887226105,0.7495894432067871,0.3770425915718078,-0.3321074247360229,0.227332592010498,0.377568244934082,-0.4920409321784973,0.5688155293464661,0.9306132197380066,0.0063652545213699,0.4409988522529602,0.9373233914375304,-0.0043983738869428,118,118,81,85
straight_ahead,0.5894497632980347,0.5696548819541931,0.0251300670206546,0.3908952474594116,0.5791566967964172,-0.0352368578314781,0.7324892282485962,0.5611903071403503,-0.0858839750289917,0.2477554827928543,0.5802069902420044,-0.2624261081218719,0.7116844058036804,0.377482920885086,-0.2575032114982605,0.2696932256221771,0.3763822317123413,-0.4960387647151947,0.5688618421554565,0.9294755458831788,0.0068058357574045,0.4409847855567932,0.9372079968452454,-0.0048317871987819,117,118,93,97
straight_ahead,0.5894151926040649,0.5695745348930359,0.019228370860219,0.3909209668636322,0.5791130661964417,-0.0382109954953193,0.7321740984916687,0.5619022846221924,-0.1526205986738205,0.248235136270523,0.5790441036224365,-0.3130239844322204,0.6936798691749573,0.3782615959644317,-0.3442274034023285,0.2851306200027466,0.3765680491924286,-0.581577479839325,0.5688561797142029,0.9290057420730592,0.0048531494103372,0.4409960210323334,0.936957597732544,-0.0028778268024325,117,118,99,100
straight_ahead,0.5903102159500122,0.5692580938339233,0.0435672886669635,0.3921604454517364,0.5783742666244507,0.0214884001761674,0.7315674424171448,0.564571738243103,-0.1047975867986679,0.2530826926231384,0.5790026187896729,-0.2847352623939514,0.6700409650802612,0.402972549200058,-0.1959947347640991,0.3205244839191437,0.3864085972309112,-0.5253219604492188,0.5689483880996704,0.9262570142745972,0.0027860845439136,0.4409757554531097,0.9333093166351318,-0.0009019983117468,116,118,109,110
straight_ahead,0.5908163189888,0.5692563652992249,0.0357571132481098,0.394091784954071,0.5770352482795715,0.0160484462976455,0.7308460474014282,0.5674092173576355,-0.1050543934106826,0.2560902237892151,0.5790603160858154,-0.2786202728748321,0.6667543053627014,0.4117254614830017,-0.1751146912574768,0.3326046764850616,0.3957136571407318,-0.4840494692325592,0.5688802003860474,0.92569762468338,0.0012073094258084,0.4407220780849457,0.9303496479988098,0.000578072911594,115,117,112,113
straight_ahead,0.591483473777771,0.5690951943397522,0.0421286895871162,0.3953956067562103,0.5756969451904297,0.0192865915596485,0.7307995557785034,0.5702667832374573,-0.0928739756345748,0.2568636536598205,0.5790888667106628,-0.2893957495689392,0.6692920923233032,0.4133936762809753,-0.1583746969699859,0.3312419056892395,0.3985049128532409,-0.5289582014083862,0.5688254237174988,0.9251223802566528,0.0012646184768527,0.4398724436759949,0.9278257489204408,0.0005285664810799,114,116,112,114
straight_ahead,0.5914764404296875,0.5687030553817749,0.0342324860394001,0.3953491747379303,0.5757095813751221,-0.0211434438824653,0.7308038473129272,0.5703691840171814,-0.0943211838603019,0.2568250000476837,0.5767125487327576,-0.3160116970539093,0.6800033450126648,0.4107667207717895,-0.2104097604751587,0.3164039552211761,0.3939577043056488,-0.5815020799636841,0.5690137147903442,0.9251605272293092,0.0013892666902393,0.4407649636268616,0.92886483669281,0.0004076001350767,114,117,108,108
straight_ahead,0.5914103984832764,0.5690494775772095,0.0253837201744318,0.3952838778495788,0.5761204361915588,-0.0364018008112907,0.7318814992904663,0.5705440044403076,-0.0956712737679481,0.2565092146396637,0.5770664215087891,-0.258104532957077,0.7207514047622681,0.3978413343429565,-0.309099793434143,0.2801674604415893,0.3815374076366424,-0.4903631210327148,0.5689226984977722,0.9270297288894652,0.0014479894889518,0.4410602450370788,0.9310903549194336,0.0003466332855168,114,117,94,97
straight_ahead,0.5914264917373657,0.5690961480140686,0.0286910589784383,0.3945924639701843,0.5763704776763916,-0.0595159456133842,0.7322090864181519,0.5728909969329834,-0.0341112129390239,0.2540895044803619,0.5766609311103821,-0.2476691305637359,0.7626310586929321,0.3985280692577362,-0.2343524694442749,0.2330693751573562,0.3710572123527527,-0.4820899963378906,0.5689191818237305,0.927027463912964,0.0049075335264205,0.440364122390747,0.9311187863349916,-0.0030705514363944,113,118,82,84
straight_ahead,0.5912069082260132,0.5689287185668945,0.0274184085428714,0.3939116597175598,0.5766739249229431,-0.0761602520942688,0.7319964170455933,0.5736697316169739,0.0002775201865006,0.2517049312591553,0.5744178295135498,-0.2393601685762405,0.7729500532150269,0.404019147157669,-0.1889030039310455,0.2161815911531448,0.3706359565258026,-0.4842248857021332,0.5689643025398254,0.9268736243247986,0.0094270026311278,0.4403334259986877,0.93050217628479,-0.0074965879321098,113,119,78,79
straight_ahead,0.591118335723877,0.5693135857582092,0.0255225263535976,0.3932563066482544,0.5769233703613281,-0.0698408707976341,0.7311449646949768,0.573688268661499,-0.0330994948744773,0.2515035271644592,0.5681594610214233,-0.2355543375015258,0.7794536352157593,0.4127708673477173,-0.2379093617200851,0.200861856341362,0.3716053664684295,-0.4889087677001953,0.5690662860870361,0.9273825287818908,0.0092503381893038,0.4403465390205383,0.9314561486244202,-0.0073565668426454,113,121,75,72
straight_ahead,0.5897053480148315,0.5700250864028931,0.0247176326811313,0.3924428820610046,0.5775130391120911,-0.0853785127401351,0.7306708097457886,0.5784744620323181,-0.0385610163211822,0.2524922490119934,0.5686691999435425,-0.2748792171478271,0.7722353935241699,0.4083568453788757,-0.2302329987287521,0.2251565903425216,0.367742508649826,-0.4918943345546722,0.5692766308784485,0.9304015636444092,0.0103823933750391,0.4409038424491882,0.934293806552887,-0.0083891274407505,111,121,80,79
straight_ahead,0.5888981819152832,0.5700244307518005,0.0160030703991651,0.3925825953483581,0.5772765278816223,-0.1036141067743301,0.7281513810157776,0.5798615217208862,-0.0317002795636653,0.2525549530982971,0.568856954574585,-0.351063996553421,0.7258515954017639,0.4078697264194488,-0.1820848733186721,0.2724979519844055,0.3676130473613739,-0.5933850407600403,0.5691788792610168,0.9303559064865112,0.0102066090330481,0.4409107267856598,0.9352983236312866,-0.0082122962921857,110,121,95,92
straight_ahead,0.5876595377922058,0.570139467716217,0.0200756378471851,0.3926378488540649,0.5771315097808838,-0.0902095511555671,0.7267850637435913,0.5813094973564148,-0.0308626107871532,0.2529023289680481,0.569126307964325,-0.3261762857437134,0.7194079160690308,0.4075154960155487,-0.1941667050123214,0.2739138007164001,0.3668769001960754,-0.5625935792922974,0.5687328577041626,0.9305689334869384,0.0107275620102882,0.4403329491615295,0.9370130896568298,-0.0087617570534348,110,120,97,93
straight_ahead,0.5868471264839172,0.570155918598175,0.0194007996469736,0.3913869261741638,0.5771340131759644,-0.1146976575255394,0.7263044714927673,0.5831888914108276,-0.0040543559007346,0.2492943108081817,0.5693753957748413,-0.326629489660263,0.7442824840545654,0.4078222513198852,-0.177286297082901,0.2195504456758499,0.3673716783523559,-0.5876096487045288,0.5687412023544312,0.930572748184204,0.0171460844576358,0.4403296113014221,0.937998592853546,-0.0151678267866373,109,121,89,78
straight_ahead,0.5868639349937439,0.5702513456344604,-0.0151665108278393,0.3910578191280365,0.5774616599082947,-0.1141484975814819,0.7235474586486816,0.5839888453483582,-0.0705805867910385,0.2480257302522659,0.5721403360366821,-0.3213492035865783,0.7670048475265503,0.4306143224239349,-0.3134793639183044,0.1940059810876846,0.3850539326667785,-0.6187485456466675,0.5688503384590149,0.9318513870239258,0.0153052983805537,0.4401915073394775,0.9390131831169128,-0.0132635356858372,108,120,80,72
straight_ahead,0.5867370367050171,0.5702412128448486,-0.0140931429341435,0.3904584646224975,0.5764668583869934,-0.1045165881514549,0.7232757210731506,0.5839545130729675,-0.0322351157665252,0.2466148883104324,0.5719634294509888,-0.29645836353302,0.7705398797988892,0.4268532991409302,-0.253057599067688,0.1947889029979705,0.3848829865455627,-0.60176682472229,0.5689026117324829,0.9315062165260316,0.0151625694707036,0.4402482509613037,0.9385348558425904,-0.0131052210927009,108,120,79,73
straight_ahead,0.586371898651123,0.5702013373374939,0.0100779449567198,0.3897486925125122,0.5763053297996521,-0.0998043417930603,0.7231408357620239,0.5838819742202759,-0.0063725225627422,0.2452692687511444,0.5690311789512634,-0.2918564677238464,0.764816164970398,0.4251335263252258,-0.2002246081829071,0.2055553942918777,0.3799056112766266,-0.5763938426971436,0.5689510107040405,0.9311055541038512,0.0177629329264163,0.4402588307857513,0.9376489520072936,-0.015641076490283,108,121,81,75
straight_ahead,0.5860229134559631,0.5702002644538879,-0.0222457721829414,0.3892790675163269,0.5761367082595825,-0.123210109770298,0.7243844270706177,0.5840142369270325,-0.0554756522178649,0.245399072766304,0.5692161321640015,-0.328119695186615,0.7528420686721802,0.4109773933887481,-0.2348542511463165,0.2381792366504669,0.3782281279563904,-0.5880695581436157,0.5686734914779663,0.930833637714386,0.0174306072294712,0.4401068687438965,0.9374035596847534,-0.0153311397880315,108,121,86,85
straight_ahead,0.5857523083686829,0.5702639818191528,-0.014853112399578,0.3892822861671448,0.57477867603302,-0.1253819763660431,0.7248080372810364,0.583854615688324,-0.0543361492455005,0.2455281317234039,0.5693942904472351,-0.3785094022750854,0.7280291318893433,0.4070881009101867,-0.2006930857896804,0.2747213244438171,0.377388060092926,-0.6334887742996216,0.5685815811157227,0.930706262588501,0.0169739685952663,0.4401283264160156,0.9373313188552856,-0.0148348631337285,109,120,95,97
straight_ahead,0.5856846570968628,0.5702566504478455,-0.0214944873005151,0.3893888592720032,0.5740533471107483,-0.1207763776183128,0.7252143621444702,0.5835498571395874,-0.1019349843263626,0.2460626810789108,0.5689194798469543,-0.3630615174770355,0.7155722975730896,0.4058278501033783,-0.2687918841838836,0.292050689458847,0.3763918876647949,-0.6200082898139954,0.5686510801315308,0.9308070540428162,0.0120597379282116,0.4405068457126617,0.9373711347579956,-0.0100554767996072,109,120,99,101
straight_ahead,0.5863088965415955,0.5700303316116333,-0.0352690741419792,0.3902385532855987,0.5728937387466431,-0.1050326377153396,0.7267571687698364,0.5836039781570435,-0.168234646320343,0.2501181662082672,0.5690270066261292,-0.3703334927558899,0.6903781890869141,0.407183974981308,-0.3236509561538696,0.3170116543769836,0.3850730955600738,-0.6163212656974792,0.5689045190811157,0.9306837916374208,0.0077418386936187,0.4406459331512451,0.9354745745658876,-0.0057474393397569,109,119,107,108
straight_ahead,0.5872350931167603,0.5693933367729187,-0.0307079292833805,0.3908098340034485,0.5718972086906433,-0.0691862106323242,0.7285868525505066,0.5839213132858276,-0.1712875217199325,0.2518583834171295,0.5692066550254822,-0.369695633649826,0.6851851940155029,0.411477655172348,-0.3071566522121429,0.3218626976013183,0.3925120234489441,-0.63454270362854,0.5692005157470703,0.9303233027458192,0.0043977871537208,0.4408712387084961,0.9335612654685974,-0.0025101255159825,109,119,110,111
straight_ahead,0.5878022909164429,0.5688278079032898,-0.0282224863767623,0.3913387060165405,0.5709717273712158,-0.0604125969111919,0.729070782661438,0.5841236710548401,-0.1662516146898269,0.2519417703151703,0.5702529549598694,-0.3664562106132507,0.6832338571548462,0.4139903783798218,-0.3036743700504303,0.3184494376182556,0.3960092961788177,-0.653481125831604,0.5693260431289673,0.9282582998275756,0.0023781291674822,0.441516637802124,0.9314205050468444,-0.0005246796063147,109,118,111,111
straight_ahead,0.5880871415138245,0.5688158273696899,-0.0375722981989383,0.3914565145969391,0.5707831978797913,-0.0622420795261859,0.7295268177986145,0.5840555429458618,-0.2018329352140426,0.2519240081310272,0.5719735622406006,-0.3613594770431518,0.6876647472381592,0.4125790297985077,-0.3767571747303009,0.3089408874511719,0.3955882489681244,-0.6517636775970459,0.569362223148346,0.9280310273170472,0.0017115820664912,0.4415193200111389,0.930881917476654,0.0001321150339208,109,117,110,108
straight_ahead,0.5881659388542175,0.5690891146659851,-0.0483316555619239,0.3914606273174286,0.5708091259002686,-0.0744288712739944,0.7303251624107361,0.5840805768966675,-0.1972105503082275,0.2514531016349792,0.5726116895675659,-0.3582906126976013,0.6923342347145081,0.4119036495685577,-0.3889943361282348,0.3034449517726898,0.3947778642177582,-0.6480019092559814,0.5693877935409546,0.928127646446228,0.0001456006721127,0.4416748583316803,0.9314232468605042,0.001783843152225,109,117,108,107
straight_ahead,0.58835369348526,0.5696558356285095,-0.0423594936728477,0.3914715349674225,0.5722707509994507,-0.0582628734409809,0.7325692176818848,0.5840045809745789,-0.1737326830625534,0.2514412105083465,0.5741692781448364,-0.2557496130466461,0.7139121294021606,0.4048349559307098,-0.3664524257183075,0.2674145102500915,0.3909650444984436,-0.4795753359794616,0.5693959593772888,0.9285598993301392,-0.0007388574304059,0.4418448805809021,0.9314903616905212,0.0026099325623363,110,117,102,96
straight_ahead,0.588489830493927,0.5697048902511597,-0.0401960276067256,0.3912366032600403,0.5742853879928589,-0.0569359958171844,0.7347465753555298,0.5842218995094299,-0.1629932522773742,0.2514101564884186,0.5755028128623962,-0.2431520223617553,0.7347279787063599,0.4031204581260681,-0.3745592832565307,0.2376079559326172,0.3868824541568756,-0.4952209889888763,0.5699805021286011,0.9294072985649108,-0.0006663937238045,0.4421495795249939,0.9323359131813048,0.0025682689156383,110,118,96,86
straight_ahead,0.5900195240974426,0.5697659254074097,-0.0363585464656353,0.3912326097488403,0.5754894018173218,-0.0622546449303627,0.7371540665626526,0.5844279527664185,-0.120901845395565,0.2509420216083526,0.576428234577179,-0.2076609879732132,0.770105242729187,0.4026625454425812,-0.3611095547676086,0.2021877318620681,0.3920528292655945,-0.4427067339420318,0.5701033473014832,0.9294565320014954,0.004895067308098,0.4420989155769348,0.9323425889015198,-0.0030216618906706,110,118,85,76
straight_ahead,0.5909247994422913,0.5702086687088013,-0.0169957019388675,0.3915591835975647,0.5758424401283264,-0.0642587319016456,0.7380013465881348,0.5844240784645081,-0.0830844268202781,0.2509292662143707,0.5765798091888428,-0.2387306988239288,0.7818798422813416,0.4090848565101623,-0.2887406051158905,0.1937025487422943,0.3983916342258453,-0.498218685388565,0.5704550743103027,0.9293481111526488,0.0105255972594022,0.4420999586582184,0.9322935342788696,-0.008618127554655,110,118,81,72
straight_ahead,0.5913724899291992,0.5705379247665405,-0.0182744283229112,0.3915835618972778,0.5759552121162415,-0.0657588392496109,0.7385905981063843,0.5844078063964844,-0.0914065688848495,0.250706285238266,0.5766230821609497,-0.2351033240556717,0.7826474905014038,0.4090637266635895,-0.28816819190979,0.2021084129810333,0.3982880711555481,-0.4993295073509216,0.5704540610313416,0.929347276687622,0.0102192116901278,0.4411543905735016,0.931715965270996,-0.0083330953493714,111,118,81,75
straight_ahead,0.5915895700454712,0.5707352757453918,-0.0306708849966526,0.3917126059532165,0.5755771398544312,-0.0611570701003074,0.7402622103691101,0.5851635336875916,-0.1249265298247337,0.2506969571113586,0.5768623352050781,-0.2116555869579315,0.7694308161735535,0.4034128487110138,-0.3498089015483856,0.2106486558914184,0.3893540203571319,-0.4480173587799072,0.5704136490821838,0.927913784980774,0.0079520652070641,0.4405922889709472,0.9289519190788268,-0.0061434260569512,111,118,86,78
straight_ahead,0.5916534662246704,0.5708329081535339,-0.0395872518420219,0.3918007612228393,0.5753900408744812,-0.0501168966293334,0.7410692572593689,0.5854225158691406,-0.1418971270322799,0.2519680857658386,0.5792356729507446,-0.2022166550159454,0.7667684555053711,0.4000292122364044,-0.354130208492279,0.2314867079257965,0.3880939185619354,-0.4288094043731689,0.5703272223472595,0.9279587864875792,0.0014641421148553,0.4403989911079407,0.9288126230239868,0.0002205355121986,111,117,88,85
straight_ahead,0.5924440622329712,0.5708325505256653,-0.0622185841202735,0.3922320902347564,0.5751248002052307,-0.0535740628838539,0.7408739924430847,0.5857014060020447,-0.2032463550567627,0.2561726868152618,0.5824763178825378,-0.2893029153347015,0.716598629951477,0.400170624256134,-0.3914366066455841,0.2910877168178558,0.3970416784286499,-0.5764549374580383,0.5702389478683472,0.9280662536621094,-0.0041654105298221,0.4403968751430511,0.9282876253128052,0.0060216803103685,111,115,103,104
straight_ahead,0.5937604904174805,0.570489764213562,-0.0980067402124404,0.3930982053279876,0.5736448764801025,-0.0707505792379379,0.7410609126091003,0.5864102840423584,-0.2660512328147888,0.2587957084178924,0.5835877060890198,-0.3284962475299835,0.6885872483253479,0.4091241955757141,-0.4253634810447693,0.3108440041542053,0.4065293371677398,-0.6031337380409241,0.5698106288909912,0.9267902374267578,-0.0057216291315853,0.4401289522647857,0.924688160419464,0.0075204283930361,111,114,113,111
straight_ahead,0.5943652391433716,0.5702903270721436,-0.1085161417722702,0.3934613764286041,0.5736435055732727,-0.0652191862463951,0.7408857345581055,0.5864570140838623,-0.2955972254276275,0.2593289017677307,0.5839901566505432,-0.3073708117008209,0.6837592124938965,0.4107633829116821,-0.4696225523948669,0.3093604445457458,0.4068541228771209,-0.5730833411216736,0.56974196434021,0.9268030524253844,-0.0090661523863673,0.4402169287204742,0.9247731566429138,0.0108455484732985,110,114,114,110
straight_ahead,0.5948530435562134,0.5699546337127686,-0.0980287045240402,0.3935518264770508,0.57382732629776,-0.0531711988151073,0.7408460378646851,0.5862867832183838,-0.267616331577301,0.2595625519752502,0.5844041109085083,-0.2800283432006836,0.6871331334114075,0.4101573228836059,-0.4418846666812897,0.3052412867546081,0.4059025347232818,-0.5276898145675659,0.5697117447853088,0.9259507060050964,-0.0101401126012206,0.440267264842987,0.9245144128799438,0.0118470173329114,110,113,113,109
straight_ahead,0.5947616100311279,0.5699726343154907,-0.0975153967738151,0.3936521410942077,0.573790967464447,-0.0425519421696662,0.7411990165710449,0.5862156748771667,-0.2560477554798126,0.2593476474285126,0.5824558734893799,-0.2255757302045822,0.7092762589454651,0.4062462151050567,-0.4187088906764984,0.2746634483337402,0.3939040303230285,-0.459027349948883,0.5697842240333557,0.9259684681892396,-0.0094279134646058,0.4408966898918152,0.9246119856834412,0.0111509952694177,110,114,106,98
straight_ahead,0.5944786667823792,0.5699744820594788,-0.0887405350804328,0.3936714828014374,0.5738309621810913,-0.0458179078996181,0.7411176562309265,0.5858967900276184,-0.191828966140747,0.2589098215103149,0.5812308192253113,-0.1972373127937317,0.7223159670829773,0.4010962545871734,-0.376005470752716,0.2558023035526275,0.3889828622341156,-0.4215075373649597,0.5697849988937378,0.9259284138679504,-0.0091425953432917,0.4416884481906891,0.9244882464408876,0.01087864395231,111,115,102,92
straight_ahead,0.5942826867103577,0.5699682235717773,-0.0412975624203681,0.393687903881073,0.5738363862037659,-0.0293875150382518,0.7410653829574585,0.5861843824386597,-0.1491159349679947,0.2564186751842499,0.5811873078346252,-0.1714506596326828,0.7421920299530029,0.4016402661800384,-0.3630353510379791,0.2260691374540329,0.3870754539966583,-0.4147413372993469,0.5698488354682922,0.9258972406387328,-0.0073686623945832,0.4416766166687011,0.9245322942733764,0.0091321757063269,110,115,96,84
straight_ahead,0.594393253326416,0.5700141787528992,-0.0422633290290832,0.3938247561454773,0.5738063454627991,-0.0354785248637199,0.7410783171653748,0.586181104183197,-0.1313228607177734,0.2551489472389221,0.5809125304222107,-0.1694619953632354,0.7691943049430847,0.4012742042541504,-0.340645968914032,0.2039972096681594,0.3927227556705475,-0.4190480709075928,0.5702120661735535,0.9259492754936218,-0.0050960117951035,0.4417614042758941,0.9246892929077148,0.0068444497883319,110,116,88,78
straight_ahead,0.594383180141449,0.5704984068870544,-0.0350222438573837,0.3939134478569031,0.5738071799278259,-0.0363799780607223,0.7410792708396912,0.5858154296875,-0.0966983586549758,0.2531695663928985,0.577567994594574,-0.1496243774890899,0.7791770100593567,0.400349497795105,-0.2914355993270874,0.1946111023426056,0.392694354057312,-0.3722792863845825,0.570268988609314,0.9278450012207032,-0.0037180152721703,0.441861629486084,0.9263018369674684,0.0054628774523735,111,117,84,74
straight_ahead,0.5934277772903442,0.5710752010345459,-0.0283941384404897,0.3939447999000549,0.5737720131874084,-0.036354549229145,0.7405520677566528,0.5890625715255737,-0.0939492210745811,0.2508856356143951,0.5775944590568542,-0.1385656148195266,0.7681785821914673,0.4011406004428863,-0.2879010438919067,0.1994520127773285,0.3914359509944916,-0.3379151225090027,0.5701546669006348,0.9295126795768738,-0.0026226043701171,0.4417293667793274,0.9273732900619508,0.0044291960075497,110,117,89,76
straight_ahead,0.5929824113845825,0.5713829398155212,-0.0322250835597515,0.3941310048103332,0.573764979839325,-0.0465090833604335,0.7397895455360413,0.5908511281013489,-0.0831918492913246,0.2506030201911926,0.577738344669342,-0.1617370545864105,0.7715921998023987,0.4029848277568817,-0.261909931898117,0.197928175330162,0.3935805857181549,-0.3785538971424103,0.5700260996818542,0.9305914044380188,-0.0017384320963174,0.4416705667972564,0.9285828471183776,0.0035560564137995,109,117,88,76
straight_ahead,0.5926443934440613,0.5714944005012512,-0.0336321964859962,0.3941952884197235,0.5737205743789673,-0.0784757584333419,0.7393280267715454,0.5902348160743713,-0.0541912540793418,0.2506462335586548,0.5777589082717896,-0.1976163983345031,0.7846529483795166,0.4172595143318176,-0.2273250073194503,0.1931860595941543,0.3974065780639648,-0.4620245993137359,0.5700150728225708,0.930685579776764,-0.000159365707077,0.4416598677635193,0.9285889863967896,0.0020256016869097,109,117,83,74
straight_ahead,0.5926405191421509,0.5715360045433044,-0.0198809094727039,0.3940288126468658,0.5739721059799194,-0.0328276045620441,0.7393215894699097,0.5883232951164246,-0.0850108042359352,0.2499600201845169,0.5769010782241821,-0.1295694857835769,0.7822567224502563,0.4153423309326172,-0.2970030009746551,0.1979327946901321,0.392587661743164,-0.3485170602798462,0.5700911283493042,0.930875599384308,-0.0027052348013967,0.4416089057922363,0.9288832545280457,0.0043648555874824,110,117,83,75
straight_ahead,0.5925418138504028,0.571544885635376,-0.0203225370496511,0.3939926028251648,0.5739884972572327,-0.0367912873625755,0.7389659881591797,0.5871837735176086,-0.089614525437355,0.2492483109235763,0.575486958026886,-0.1467348039150238,0.7774985432624817,0.4049075841903686,-0.2920013964176178,0.2023358643054962,0.3861171901226043,-0.354684054851532,0.5700908899307251,0.9304155707359314,-0.0023216633126139,0.4416710436344147,0.9288870096206664,0.0039547304622828,110,118,84,77
straight_ahead,0.5920053720474243,0.571715235710144,-0.023473959416151,0.3938988447189331,0.5738477110862732,-0.0285424403846263,0.738647997379303,0.5868380665779114,-0.1225432530045509,0.2501785457134247,0.5753998160362244,-0.1686238497495651,0.7470554113388062,0.3977774679660797,-0.3141553103923797,0.2438772171735763,0.3811404109001159,-0.361125499010086,0.5699300169944763,0.9302087426185608,-0.0024602247867733,0.4417634010314941,0.9288169145584106,0.004116672091186,110,118,93,89
straight_ahead,0.5915827751159668,0.5717915892601013,-0.0414739996194839,0.3939821720123291,0.5738474130630493,-0.031902365386486,0.7379294633865356,0.5848710536956787,-0.1733613908290863,0.2504393458366394,0.5746496915817261,-0.2656739354133606,0.7089335918426514,0.3960947394371032,-0.3337180018424988,0.285256028175354,0.381616473197937,-0.5296640396118164,0.5698416233062744,0.9300931692123412,-0.0041979132220149,0.441830962896347,0.9287796020507812,0.0059729004278779,111,118,104,101
straight_ahead,0.591621994972229,0.5712558031082153,-0.0631386190652847,0.3939884305000305,0.5734120607376099,-0.0239057205617427,0.7366294860839844,0.5830616354942322,-0.2280531227588653,0.2522562444210052,0.5746733546257019,-0.256876528263092,0.6747339963912964,0.4035156369209289,-0.3616456687450409,0.3113175332546234,0.3875839114189148,-0.4907016158103943,0.5697513818740845,0.928721010684967,-0.0061679016798734,0.4417178034782409,0.9282346367836,0.0079407477751374,111,118,114,108
straight_ahead,0.5917745232582092,0.5710929036140442,-0.058954369276762,0.3941418528556824,0.572888970375061,-0.0049280934035778,0.7356964349746704,0.5808233618736267,-0.2201887816190719,0.2537865340709686,0.574194073677063,-0.242052286863327,0.6691762208938599,0.4054398536682129,-0.3507349491119385,0.3156891167163849,0.3911584913730621,-0.4713220596313476,0.5697485208511353,0.9278477430343628,-0.007482414599508,0.4417240023612976,0.927338719367981,0.0092313420027494,112,117,115,109
straight_ahead,0.59195876121521,0.5700257420539856,-0.0639983341097831,0.3945144712924957,0.5723105669021606,-0.0116843059659004,0.7357029914855957,0.5683868527412415,-0.2507960200309753,0.2543243169784546,0.574134111404419,-0.2674753367900848,0.6809053421020508,0.3938742578029632,-0.4159610867500305,0.3114159405231476,0.3916574120521545,-0.5413373708724976,0.569552481174469,0.92712140083313,-0.0075591662898659,0.4416295886039734,0.926424205303192,0.0092807011678814,116,117,107,108
straight_ahead,0.5925166606903076,0.5691732168197632,-0.0699753761291503,0.3948321044445038,0.5722373127937317,-0.0069482615217566,0.735975980758667,0.5604460835456848,-0.2392003834247589,0.2543106079101562,0.5731447339057922,-0.2371899783611297,0.6928314566612244,0.3766104578971863,-0.4131763875484466,0.2963891625404358,0.3845550715923309,-0.5187147259712219,0.5694872140884399,0.9271400570869446,-0.0097614601254463,0.441602885723114,0.926563560962677,0.0114637538790702,118,118,100,103
straight_ahead,0.5928796529769897,0.5686683654785156,-0.0466679483652114,0.395266592502594,0.5720614790916443,0.0084913102909922,0.737578272819519,0.5583535432815552,-0.2280602157115936,0.2543413043022156,0.572404146194458,-0.1845390498638153,0.6955121755599976,0.3736530542373657,-0.39195716381073,0.2909495234489441,0.3801717162132263,-0.4056656956672668,0.5694807767868042,0.9271581768989564,-0.0098840305581688,0.4416207373142242,0.9267245531082152,0.0116296727210283,119,118,99,101
straight_ahead,0.5928581357002258,0.5692681074142456,-0.0468441173434257,0.3952675461769104,0.5722220540046692,0.0010378976585343,0.7380173206329346,0.5602272748947144,-0.2094409465789795,0.2542913556098938,0.5703794956207275,-0.1507848650217056,0.7173228859901428,0.3724498748779297,-0.3864234089851379,0.2566449046134949,0.3744246661663055,-0.3594096302986145,0.569415807723999,0.928061842918396,-0.0098001342266798,0.4416283071041107,0.9272157549858092,0.0115191638469696,118,118,93,90
straight_ahead,0.5929898023605347,0.5695599317550659,0.0001925039396155,0.3956872820854187,0.5720069408416748,0.0070947869680821,0.738549530506134,0.5609912276268005,-0.0940216109156608,0.2525434195995331,0.5698109269142151,-0.1230650916695594,0.7475996017456055,0.3747037649154663,-0.2825773656368255,0.2210132330656051,0.375160664319992,-0.3253229260444641,0.5694977045059204,0.927882194519043,-0.004632513038814,0.4417464137077331,0.9270913600921632,0.0064506093040108,118,119,84,80
straight_ahead,0.5929893851280212,0.5697473287582397,0.0043743271380662,0.3957116603851318,0.5718786120414734,0.006867341697216,0.7385866641998291,0.5617120265960693,-0.0929362997412681,0.2511496841907501,0.5693314075469971,-0.1063838377594947,0.7594162821769714,0.3755572140216827,-0.2995794415473938,0.2100080698728561,0.3754767775535583,-0.3095234036445617,0.5693985223770142,0.9275476932525636,-0.0033574004191905,0.4415988028049469,0.9266557693481444,0.0051262006163597,118,119,80,77
straight_ahead,0.5930105447769165,0.569847822189331,-0.0053065931424498,0.3957460820674896,0.5718816518783569,0.0049585355445742,0.7386992573738098,0.5638763308525085,-0.1146995648741722,0.2510803043842315,0.5693382024765015,-0.1260901540517807,0.7533391714096069,0.3770796060562134,-0.3131558299064636,0.2209457159042358,0.3741416931152344,-0.3248282968997955,0.5693584084510803,0.9276084303855896,-0.0033778282813727,0.4415470659732818,0.926701843738556,0.0051463921554386,117,119,83,80
straight_ahead,0.5928760170936584,0.5698539614677429,-0.0056218258105218,0.3956988751888275,0.5720128417015076,0.0142431799322366,0.7384175658226013,0.5644378066062927,-0.1220220327377319,0.2512231469154358,0.5698484778404236,-0.1311892122030258,0.7267893552780151,0.3781395852565765,-0.3145543932914734,0.2573153674602508,0.3729583323001861,-0.3094975352287292,0.5693579316139221,0.9281479120254515,-0.0121522266417741,0.4416981339454651,0.927402138710022,0.0138742942363023,117,119,91,91
straight_ahead,0.5928612947463989,0.5698597431182861,-0.0114170527085661,0.3957282900810241,0.5720431804656982,0.019145393744111,0.738311767578125,0.5660666227340698,-0.1468771398067474,0.2513555288314819,0.5701622366905212,-0.1650004684925079,0.7079466581344604,0.3784391283988952,-0.3179515898227691,0.2788332104682922,0.3733543455600738,-0.3797692656517029,0.5693529844284058,0.9281686544418336,-0.0118697704747319,0.441690981388092,0.9274996519088744,0.0136125059798359,117,119,98,97
straight_ahead,0.5936773419380188,0.5694951415061951,-0.0518287606537342,0.3962223827838897,0.5717456340789795,0.0190301109105348,0.7382457852363586,0.574406623840332,-0.211991474032402,0.2554574906826019,0.5716188549995422,-0.2131848335266113,0.6732825040817261,0.4041521847248077,-0.312044084072113,0.3147327601909637,0.3952345252037048,-0.4333527982234955,0.5692756772041321,0.926355481147766,-0.0135164512321352,0.4413007795810699,0.9232921600341796,0.0152123887091875,114,118,113,109
straight_ahead,0.5937539935112,0.5694549083709717,-0.0738225653767585,0.3962758183479309,0.5717028975486755,-0.0117286629974842,0.7381850481033325,0.5800973176956177,-0.2063631266355514,0.2599402070045471,0.5742830038070679,-0.2739211916923523,0.6629959344863892,0.4157061278820038,-0.2615696787834167,0.3285848498344421,0.4078364074230194,-0.4881820678710937,0.5692904591560364,0.9255672097206116,-0.0131835443899035,0.441102921962738,0.9229711294174194,0.0148179531097412,112,116,119,113
straight_ahead,0.5937908887863159,0.5694220066070557,-0.0634416043758392,0.3961126804351806,0.5717544555664062,0.0077007738873362,0.7381032109260559,0.5824719071388245,-0.2027159184217453,0.2599112391471863,0.5751160383224487,-0.2534849345684051,0.6663989424705505,0.4192100167274475,-0.278030514717102,0.3244901299476623,0.4088846147060394,-0.4917805194854736,0.5692869424819946,0.9253037571907043,-0.0135511327534914,0.4408014416694641,0.9230504631996156,0.0151780201122164,111,116,119,113
straight_ahead,0.5937086939811707,0.569435715675354,-0.0574246235191822,0.3958393335342407,0.5718690156936646,0.0094438791275024,0.7385836839675903,0.5821911692619324,-0.2021415680646896,0.2592050433158874,0.5753013491630554,-0.2506873309612274,0.6770607829093933,0.4070734977722168,-0.3414838910102844,0.3173443675041199,0.4026230275630951,-0.519818902015686,0.5693305134773254,0.9255210757255554,-0.0128564834594726,0.44080251455307,0.923404574394226,0.014560523442924,111,116,114,110
straight_ahead,0.5935741066932678,0.570432722568512,-0.057209700345993,0.3953040242195129,0.5726837515830994,-0.0231903940439224,0.738707423210144,0.582621157169342,-0.1967342346906662,0.2586664259433746,0.575882077217102,-0.2125710546970367,0.7245121598243713,0.4018440246582031,-0.389900654554367,0.2567387819290161,0.3911027014255523,-0.4496304094791412,0.5693374276161194,0.9267042875289916,-0.0090785399079322,0.4408424794673919,0.9246711730957032,0.0108965281397104,111,116,99,91
straight_ahead,0.5934706330299377,0.5711557269096375,-0.0549523457884788,0.3947102427482605,0.5733353495597839,-0.0317447893321514,0.7388531565666199,0.5841948390007019,-0.1679659038782119,0.2551570832729339,0.5759037137031555,-0.2065935879945755,0.7438762187957764,0.4018318355083465,-0.3658762574195862,0.2303352057933807,0.3846666514873504,-0.4421847760677337,0.5693547129631042,0.927394151687622,-0.0064187087118625,0.4408357143402099,0.9256744384765624,0.0083166575059294,111,117,94,84
straight_ahead,0.59349125623703,0.571420431137085,-0.0327053144574165,0.3946269452571869,0.5733683109283447,-0.0520019456744194,0.7390930652618408,0.5842828750610352,-0.0765765383839607,0.2534820437431335,0.5763279795646667,-0.200461059808731,0.7761263251304626,0.4038906693458557,-0.2361545860767364,0.1988542228937149,0.3903535902500152,-0.4331434667110443,0.5693563222885132,0.9278717637062072,0.0025512273423373,0.4405469298362732,0.9258648157119752,-0.0005456546205095,111,117,83,75
straight_ahead,0.5935465097427368,0.5714461207389832,-0.02921624481678,0.3946042656898498,0.5735144019126892,-0.0529296621680259,0.7394734025001526,0.5842038989067078,-0.0941544622182846,0.252267062664032,0.5761038661003113,-0.2005511075258255,0.7725385427474976,0.4036484360694885,-0.2643121480941772,0.2006653547286987,0.3900589942932129,-0.4366119503974914,0.5694199800491333,0.9278461933135986,0.0051329499110579,0.4403191208839416,0.9255953431129456,-0.0031249171588569,111,117,85,76
straight_ahead,0.5932993292808533,0.5714425444602966,-0.0293384753167629,0.3946049809455871,0.5731443762779236,-0.0457706935703754,0.7394776344299316,0.5793895125389099,-0.1111911311745643,0.2522767186164856,0.572026252746582,-0.1921064555644989,0.761218249797821,0.3881518542766571,-0.3089699149131775,0.2127698957920074,0.3775625228881836,-0.4183472096920013,0.569377601146698,0.9271692037582396,0.0046967137604951,0.4407325387001037,0.9246082305908204,-0.0026134676299989,113,119,87,78
straight_ahead,0.5932891964912415,0.5714362263679504,-0.0315045043826103,0.3945508301258087,0.5728645324707031,-0.0402636304497718,0.7396535277366638,0.5759016275405884,-0.1290832459926605,0.2526761591434479,0.5701467990875244,-0.192866563796997,0.7499715089797974,0.3815807998180389,-0.3278999924659729,0.2351778447628021,0.3743769228458404,-0.406381756067276,0.5693031549453735,0.9269473552703856,0.003704359056428,0.4407445788383484,0.9243283867836,-0.0017281206091865,114,119,89,84
straight_ahead,0.5933603644371033,0.5714470148086548,-0.0298690199851989,0.3945062756538391,0.5735709071159363,-0.0078441323712468,0.7386050820350647,0.5759252905845642,-0.2209747582674026,0.253107339143753,0.5704401135444641,-0.2626082599163055,0.7011011838912964,0.3841092884540558,-0.414815604686737,0.2920604646205902,0.379661500453949,-0.5395461916923523,0.5691890120506287,0.9267357587814332,0.0017637650016695,0.4407478868961334,0.9241949319839478,0.0001298287097597,114,119,103,100
straight_ahead,0.5933621525764465,0.5711921453475952,-0.0560136251151561,0.3945448398590088,0.5730756521224976,-0.0173814315348863,0.7392069697380066,0.5759745240211487,-0.2207059413194656,0.253076821565628,0.5702943205833435,-0.2424376755952835,0.7079793810844421,0.3848992884159088,-0.4140673577785492,0.2823385894298553,0.3765212893486023,-0.4929514527320862,0.5691866874694824,0.926745355129242,-0.0007190749747678,0.4407386183738708,0.92438805103302,0.0025332649238407,114,119,101,97
straight_ahead,0.5927067995071411,0.5711881518363953,-0.0542795360088348,0.3944621384143829,0.5728668570518494,-0.0335523411631584,0.7393036484718323,0.5738972425460815,-0.1792638450860977,0.2530602812767029,0.5659065842628479,-0.234169453382492,0.7103396654129028,0.3816791474819183,-0.3439261317253113,0.2769132554531097,0.3731114566326141,-0.4868059158325195,0.5690337419509888,0.9266405701637268,-0.0007991201127879,0.4408520758152008,0.9243780374526978,0.0025844341143965,115,120,100,94
straight_ahead,0.592715859413147,0.5700454711914062,-0.052556324750185,0.3947868943214416,0.5728972554206848,-0.004100676625967,0.7383811473846436,0.5705322027206421,-0.2103197276592254,0.2535769343376159,0.5632328391075134,-0.2420661449432373,0.6923033595085144,0.3822089433670044,-0.352974534034729,0.300287127494812,0.37352055311203,-0.5027793645858765,0.5690804123878479,0.9262506365776062,-0.0031518917530775,0.4417096674442291,0.923942804336548,0.0047624502331018,115,121,104,100
straight_ahead,0.5927829146385193,0.5696057677268982,-0.0623728148639202,0.394908607006073,0.5728833675384521,-0.0027723975945264,0.7380064725875854,0.5695909857749939,-0.2435597479343414,0.2545111775398254,0.5623090267181396,-0.2411337792873382,0.6866495013237,0.3824704587459564,-0.3951404094696045,0.3072043061256408,0.3762340545654297,-0.4818475842475891,0.5690811276435852,0.9257570505142212,-0.0062780850566923,0.4419990479946136,0.9232656955718994,0.0078597227111458,115,122,105,102
straight_ahead,0.5928512215614319,0.5691832304000854,-0.0597840137779712,0.3950406312942505,0.5728819966316223,0.0153228845447301,0.7369728684425354,0.5697889924049377,-0.2230521738529205,0.2566683888435364,0.5623721480369568,-0.1826503127813339,0.6727567911148071,0.393616646528244,-0.3387933373451233,0.3154165744781494,0.3812086880207062,-0.345500499010086,0.5691466927528381,0.9245426058769226,-0.0083132851868867,0.4421730935573578,0.9223162531852722,0.0097439903765916,115,122,110,104
straight_ahead,0.5928522944450378,0.5689566135406494,-0.072986364364624,0.3950472772121429,0.5731045007705688,-0.0067568831145763,0.7369834184646606,0.5699530839920044,-0.25770303606987,0.2566531002521515,0.562184751033783,-0.2611892819404602,0.6817419528961182,0.3938480019569397,-0.409531682729721,0.3076633810997009,0.3834166526794433,-0.5148053765296936,0.5690823793411255,0.9244226813316344,-0.0081784566864371,0.4421569406986236,0.922263503074646,0.0096045080572366,115,122,108,101
straight_ahead,0.5925118327140808,0.5689952969551086,-0.0762258172035217,0.3944293856620788,0.5735326409339905,-0.0449476465582847,0.7372435331344604,0.5730494856834412,-0.2380600720643997,0.2552598118782043,0.5616142153739929,-0.2498038560152053,0.6923428773880005,0.3951116502285003,-0.394733190536499,0.2900876402854919,0.3779400885105133,-0.4926445484161377,0.5693701505661011,0.9248578548431396,-0.0077383061870932,0.4422271251678467,0.9228132963180542,0.0091886110603809,114,122,106,96
straight_ahead,0.5919802784919739,0.5689956545829773,-0.0722628086805343,0.3937030136585235,0.5735328793525696,-0.0426862761378288,0.737209677696228,0.5737221240997314,-0.1984613984823227,0.2544218301773071,0.5612332224845886,-0.2116353511810302,0.7082186937332153,0.3934535384178161,-0.3861569464206695,0.2599619030952453,0.3737682402133941,-0.4631614685058594,0.5693696737289429,0.9248839020729064,-0.0063678817823529,0.4421658515930176,0.9231765270233154,0.0078419428318738,114,122,101,87
straight_ahead,0.5915704965591431,0.5690802931785583,-0.0697275698184967,0.3926466107368469,0.573533296585083,-0.0566104874014854,0.7370532751083374,0.5743106603622437,-0.1774853318929672,0.2538951337337494,0.5606010556221008,-0.2138603627681732,0.7204034924507141,0.3928539156913757,-0.3832211494445801,0.2449708729982376,0.3724383115768432,-0.4671549797058105,0.5694295763969421,0.924841046333313,-0.0037923126947134,0.4422427117824554,0.9232698082923888,0.0053219590336084,113,123,97,82
straight_ahead,0.5910036563873291,0.5695009231567383,-0.0690814703702926,0.3922985196113586,0.5735204815864563,-0.0528012290596962,0.737045168876648,0.575509786605835,-0.1861732751131057,0.2532331645488739,0.5606752634048462,-0.2066431790590286,0.7266845703125,0.3919510245323181,-0.4222638607025146,0.2385768443346023,0.3726831674575805,-0.4495888352394104,0.5694399476051331,0.924846887588501,-0.0028182589448988,0.4422425329685211,0.9232740998268129,0.0043650367297232,113,123,96,80
straight_ahead,0.590458333492279,0.5696847438812256,-0.0684217512607574,0.3918143808841705,0.5735225081443787,-0.057039301842451,0.7370486259460449,0.575534462928772,-0.1875079572200775,0.2518072724342346,0.5607030987739563,-0.2184714376926422,0.7274184823036194,0.3901467025279999,-0.4131694436073303,0.2377339303493499,0.3728103935718536,-0.46439129114151,0.569383442401886,0.9248496890068054,-0.0018331855535507,0.4420962333679199,0.923352301120758,0.003466825466603,113,123,95,80
straight_ahead,0.5896080136299133,0.5696880221366882,-0.0680042281746864,0.3910805284976959,0.5736277103424072,-0.0320055112242698,0.7355656623840332,0.5760634541511536,-0.2163903266191482,0.2511906027793884,0.5631407499313354,-0.211761400103569,0.717310905456543,0.3905373215675354,-0.4181938171386719,0.2507470846176147,0.3729753792285919,-0.4581364095211029,0.5691912174224854,0.9249956607818604,-0.0028959540650248,0.4411730766296386,0.9239529967308044,0.004577144049108,113,122,98,86
straight_ahead,0.588718593120575,0.5696901679039001,-0.0737719759345054,0.3906325399875641,0.5736266374588013,-0.0317836627364158,0.7350614070892334,0.5759432911872864,-0.2407962530851364,0.2505819797515869,0.5652269124984741,-0.2263407260179519,0.7053781747817993,0.3897947669029236,-0.4334444403648376,0.2668824791908264,0.3751041293144226,-0.4751868844032287,0.5691167116165161,0.9252288937568665,-0.0042927996255457,0.4408279955387115,0.9244105815887452,0.0060253404080867,113,121,102,91
straight_ahead,0.5886421799659729,0.5693572759628296,-0.0828142315149307,0.3906238973140716,0.5731285810470581,-0.0112887704744935,0.7344135046005249,0.5783594846725464,-0.293009340763092,0.2506106495857239,0.5677105784416199,-0.1887970119714737,0.6769534349441528,0.4032784402370453,-0.4889620244503021,0.2991853952407837,0.3915265798568725,-0.3823163509368896,0.5690355896949768,0.924298107624054,-0.0078365057706832,0.4405657649040222,0.924049437046051,0.0095613915473222,112,120,112,103
straight_ahead,0.5886613130569458,0.5693486928939819,-0.0879313945770263,0.3904455304145813,0.5731016397476196,-0.0125896288082003,0.7336447834968567,0.5805551409721375,-0.2998793721199035,0.2510438859462738,0.5691030621528625,-0.2030880004167556,0.6673458218574524,0.4110440909862518,-0.4786373972892761,0.3102417588233948,0.3964571356773376,-0.4024201333522796,0.5690407156944275,0.9232848286628724,-0.0078246621415019,0.440519243478775,0.9236069321632384,0.0095345564186573,111,120,116,107
straight_ahead,0.5886498093605042,0.5693618059158325,-0.0953656211495399,0.3904117941856384,0.5731684565544128,-0.014136241748929,0.7333683371543884,0.5805090069770813,-0.2956190705299377,0.2511269152164459,0.5690503716468811,-0.1952501684427261,0.6701039671897888,0.4099437296390533,-0.4709841609001159,0.3077695369720459,0.3962605595588684,-0.3827139139175415,0.5689651966094971,0.9229742884635924,-0.0096460590139031,0.4405211508274078,0.9234336614608764,0.0113553991541266,111,120,115,106
straight_ahead,0.5885193347930908,0.5693244934082031,-0.0950532108545303,0.3903645873069763,0.5734957456588745,-0.0388996675610542,0.7333872318267822,0.5805343389511108,-0.275063157081604,0.2509088218212127,0.5686784982681274,-0.2271722853183746,0.6874412298202515,0.4069247543811798,-0.4524045884609222,0.2893765270709991,0.3874387145042419,-0.4484593868255615,0.5689748525619507,0.9231350421905518,-0.0093904789537191,0.4405161440372467,0.9238396286964417,0.011119152419269,111,120,109,100
straight_ahead,0.5884629487991333,0.5693000555038452,-0.0925166457891464,0.390380322933197,0.5738353133201599,-0.0454817675054073,0.7333061099052429,0.5807586908340454,-0.2467602491378784,0.2508966326713562,0.5683832764625549,-0.2251894921064376,0.7019628882408142,0.4067908525466919,-0.4407391548156738,0.2749193608760834,0.3800400495529175,-0.4430297315120697,0.5693201422691345,0.9237094521522522,-0.0091424342244863,0.4410468935966491,0.9243152141571044,0.0109060127288103,111,120,105,95
straight_ahead,0.5884069204330444,0.5699039697647095,-0.0911778956651687,0.3903910517692566,0.5738410949707031,-0.0677128210663795,0.7333104014396667,0.5828721523284912,-0.1961088478565216,0.2490801066160202,0.5684943795204163,-0.2278331816196441,0.7354639768600464,0.406128853559494,-0.4033071100711822,0.2295622080564499,0.3774174749851227,-0.4586764872074127,0.569553554058075,0.9244396090507508,-0.0049787000752985,0.4413074553012848,0.924795389175415,0.0068386658094823,111,121,94,82
straight_ahead,0.5883846282958984,0.5700896978378296,-0.0626865699887275,0.3904035687446594,0.5738049745559692,-0.0630751028656959,0.7331987619400024,0.5842363834381104,-0.1379511356353759,0.2485475838184356,0.5747061371803284,-0.2102885544300079,0.7467414140701294,0.4056614637374878,-0.3428583443164825,0.1998987197875976,0.3894465863704681,-0.4560354351997375,0.569610059261322,0.9248389005661012,0.0001701929868431,0.4412021040916443,0.9250412583351136,0.0017328057438135,110,118,91,76
straight_ahead,0.5883982181549072,0.5704023838043213,-0.0607255883514881,0.3903407156467438,0.5738509893417358,-0.0769462585449218,0.7332085371017456,0.5844802260398865,-0.1217129975557327,0.2481251657009124,0.5799816846847534,-0.2124544084072113,0.750177264213562,0.4050217270851135,-0.3078538179397583,0.1934787780046463,0.3989940285682678,-0.4673941135406494,0.5696507096290588,0.9251970052719116,0.0025669911410659,0.4411130845546722,0.925899863243103,-0.0006634424789808,110,117,90,76
straight_ahead,0.5884038209915161,0.5709992051124573,-0.0631308853626251,0.3903351426124573,0.5751196146011353,-0.0699625462293624,0.7331865429878235,0.5845485925674438,-0.1496943682432174,0.2477302253246307,0.5876823663711548,-0.1628491133451461,0.7498896718025208,0.4053863286972046,-0.345579594373703,0.1891864091157913,0.4166997373104095,-0.3687704801559448,0.5696583986282349,0.927010715007782,0.0022230462636798,0.4410819113254547,0.926832377910614,-0.0003354185319039,110,115,90,76
straight_ahead,0.5884042978286743,0.5712360143661499,-0.0514068193733692,0.3898133039474487,0.575283944606781,-0.0576177537441253,0.7341960668563843,0.5844402313232422,-0.1556403636932373,0.2467960119247436,0.5878866314888,-0.1471916139125824,0.7436847686767578,0.3991694748401642,-0.3608119189739227,0.1971610188484192,0.4116145372390747,-0.3431676030158996,0.5695983171463013,0.9281885623931884,0.0019159184303134,0.4403256475925445,0.9279455542564392,-4.720823562820442e-05,110,115,92,79
straight_ahead,0.5884105563163757,0.5714703798294067,-0.0635074228048324,0.3897825479507446,0.5754282474517822,-0.0591501183807849,0.7349539995193481,0.5844009518623352,-0.182579904794693,0.2455265820026397,0.5867844223976135,-0.1616996675729751,0.7403074502944946,0.3971522748470306,-0.4125610888004303,0.2016996890306472,0.4036034345626831,-0.3486563563346863,0.5696009397506714,0.9284456372261048,0.0009943295735865,0.4404478967189789,0.9279410243034364,0.0007617371156811,111,115,93,81
straight_ahead,0.5882755517959595,0.5714263319969177,-0.0641371607780456,0.3897827863693237,0.5753950476646423,-0.0325899980962276,0.7349778413772583,0.583705484867096,-0.2053584605455398,0.2455755025148391,0.5855042934417725,-0.2011671960353851,0.7083680033683777,0.396126925945282,-0.4109498560428619,0.2478525638580322,0.3919024765491485,-0.4375394284725189,0.5693736672401428,0.9280229806900024,-0.0011185986222699,0.4404428005218506,0.9279300570487976,0.0027406984008848,111,116,103,95
straight_ahead,0.588276207447052,0.5709893107414246,-0.0776174440979957,0.3897798955440521,0.5754135847091675,-0.0186971761286258,0.7347812652587891,0.5820397734642029,-0.2796754539012909,0.2456689178943634,0.583307683467865,-0.221093088388443,0.6887194514274597,0.39644256234169,-0.4726800918579101,0.2663729786872864,0.3894541561603546,-0.4802103042602539,0.5693780779838562,0.9276649951934814,-0.003382570343092,0.440298467874527,0.9278470873832704,0.0049724695272743,111,116,108,99
straight_ahead,0.5884845852851868,0.5708907842636108,-0.1397406011819839,0.3902211189270019,0.5753950476646423,-0.0474503710865974,0.7340977787971497,0.5823439955711365,-0.3321971893310547,0.2499637603759765,0.582897961139679,-0.2176910638809204,0.6606014370918274,0.4105807244777679,-0.4713230729103088,0.3078995645046234,0.4004707336425781,-0.3667532801628113,0.5693735480308533,0.9262588024139404,-0.0081225093454122,0.4407410621643066,0.9269028306007384,0.0095581691712141,111,116,118,111
straight_ahead,0.5886024236679077,0.5706795454025269,-0.1318413913249969,0.3904282748699188,0.5752138495445251,-0.0508174896240234,0.733411967754364,0.582408607006073,-0.3295126557350158,0.2519389390945434,0.5826906561851501,-0.2711847722530365,0.6565068364143372,0.4153024554252624,-0.46736940741539,0.314600795507431,0.4095643758773803,-0.4707014560699463,0.5693714618682861,0.9241106510162354,-0.0081558628007769,0.4408811926841736,0.9251136779785156,0.009576971642673,111,116,119,113
straight_ahead,0.5885156393051147,0.5705579519271851,-0.0982227325439453,0.3902389109134674,0.5752024054527283,-0.0274450127035379,0.7333546876907349,0.5820463299751282,-0.2982495427131653,0.2520009577274322,0.5826022028923035,-0.2669645845890045,0.6700268983840942,0.4147573411464691,-0.4770801961421966,0.3073459267616272,0.4076949059963226,-0.521637499332428,0.5693432092666626,0.9241313338279724,-0.0081094875931739,0.4406598508358001,0.9255637526512146,0.009516853839159,111,116,115,111
straight_ahead,0.588124692440033,0.5706834197044373,-0.0937391966581344,0.3901322484016418,0.5752074122428894,-0.0319869741797447,0.7331029176712036,0.5818964242935181,-0.213956668972969,0.2513612806797027,0.5809724926948547,-0.2293358147144317,0.6911389827728271,0.4040209054946899,-0.3616467118263244,0.3050878047943115,0.3941409289836883,-0.4527294039726257,0.5693422555923462,0.9252657294273376,-0.0080815581604838,0.4406634271144867,0.9264442324638368,0.0094749946147203,111,116,108,108
straight_ahead,0.5882457494735718,0.5706415176391602,-0.092250257730484,0.3905892074108124,0.5746029615402222,-0.0130537841469049,0.7331016063690186,0.5826354622840881,-0.2694836258888244,0.2527750432491302,0.5808523297309875,-0.2242106944322586,0.6744540929794312,0.4119183421134949,-0.4253941178321838,0.3092603087425232,0.397050678730011,-0.4388583302497864,0.5693374276161194,0.9250041842460632,-0.0094310957938432,0.440781682729721,0.9256848096847534,0.0108497701585292,111,116,114,110
straight_ahead,0.5884256362915039,0.5709574818611145,-0.0919744595885276,0.3904767036437988,0.5745943188667297,-0.0172754358500242,0.7326714396476746,0.5856828689575195,-0.2701071798801422,0.2542814314365387,0.5812135934829712,-0.2783621847629547,0.6594169735908508,0.4266034662723541,-0.3920753598213196,0.3187801241874695,0.4085268974304199,-0.491399198770523,0.5694087147712708,0.9247437119483948,-0.0090212989598512,0.4408056735992431,0.9256652593612672,0.0103833368048071,110,116,121,113
straight_ahead,0.588600218296051,0.5714190602302551,-0.0643035098910331,0.3903875350952148,0.5745994448661804,-0.0069322548806667,0.7318605184555054,0.5867908596992493,-0.2436729669570922,0.2554455995559692,0.5812966823577881,-0.2897655069828033,0.6549697518348694,0.4279346466064453,-0.338962972164154,0.3199160397052765,0.4118824601173401,-0.5422312021255493,0.5693994760513306,0.9242566823959352,-0.0087904091924428,0.4407904744148254,0.9255210757255554,0.0101296696811914,110,115,122,114
straight_ahead,0.5887091755867004,0.5714111328125,-0.0688568577170372,0.3902094960212707,0.5747858285903931,-0.0218751840293407,0.7327528595924377,0.5881316661834717,-0.2365096509456634,0.2545796036720276,0.5805200338363647,-0.271860808134079,0.6865106821060181,0.4217613935470581,-0.3768492341041565,0.2978495657444,0.3984574973583221,-0.5116040706634521,0.5694253444671631,0.9248255491256714,-0.0083619970828294,0.4409948289394378,0.9262546896934508,0.0097752241417765,109,116,112,106
straight_ahead,0.5885571837425232,0.57182776927948,-0.0708865895867347,0.3894313275814056,0.5751241445541382,-0.0514739640057086,0.736201822757721,0.5928420424461365,-0.189175084233284,0.2500407099723816,0.5802837014198303,-0.1729490458965301,0.7326276302337646,0.4136476516723633,-0.385250449180603,0.2342117726802826,0.3867494463920593,-0.3595140278339386,0.5694746375083923,0.9254209995269777,-0.0074311657808721,0.4413143992424011,0.9263147711753844,0.0089153992012143,109,117,99,87
straight_ahead,0.5885071158409119,0.5719013214111328,-0.0065176086500287,0.3886483311653137,0.5752484798431396,-0.0536950454115867,0.7352192997932434,0.5938772559165955,-0.0444814935326576,0.2485848665237426,0.5803171396255493,-0.1819622665643692,0.7771213054656982,0.4168159663677215,-0.2390966862440109,0.1919187605381012,0.3918676376342773,-0.3827121555805206,0.5695018172264099,0.9256101846694946,0.0033338193316012,0.4411405622959137,0.9268580079078674,-0.0016558762872591,108,117,85,75
straight_ahead,0.5886449217796326,0.5718737244606018,-0.0242610853165388,0.3887216448783874,0.5750730633735657,-0.1046677604317665,0.735780656337738,0.5944167375564575,-0.0468959584832191,0.248339369893074,0.5805671811103821,-0.2199137955904007,0.7986199855804443,0.434511125087738,-0.2243413031101226,0.1692635267972946,0.4125710129737854,-0.4773030281066894,0.5699450969696045,0.9260758757591248,0.0076404870487749,0.4414142072200775,0.927425503730774,-0.0058553363196551,108,117,77,67
straight_ahead,0.5888910293579102,0.5720318555831909,-0.1129676550626754,0.3889739215373993,0.5752131938934326,-0.2038587778806686,0.7361406683921814,0.5942404866218567,-0.1076899617910385,0.2486619502305984,0.581137478351593,-0.2725328803062439,0.8173375129699707,0.4508005380630493,-0.270334392786026,0.1549143642187118,0.4443151652812958,-0.484896570444107,0.570412814617157,0.9272592663764954,0.0067016026005148,0.4424956440925598,0.9286064505577089,-0.0049602324143052,108,117,69,58
straight_ahead,0.5889759063720703,0.5721110105514526,-0.0977874919772148,0.3890921175479889,0.5754817128181458,-0.179704338312149,0.7363313436508179,0.5941024422645569,-0.0734515860676765,0.248564526438713,0.5815556645393372,-0.3132521510124206,0.8161706924438477,0.4503598809242248,-0.2019482105970382,0.1600115597248077,0.4375001490116119,-0.5764291286468506,0.5704907178878784,0.9281588196754456,0.0062939822673797,0.4428509175777435,0.9296672940254213,-0.0045439042150974,108,117,69,61
straight_ahead,0.5891143083572388,0.5721453428268433,-0.0688641518354415,0.3891167640686035,0.5756842494010925,-0.1566250920295715,0.7366513609886169,0.593267023563385,-0.0543882921338081,0.248570516705513,0.5815683603286743,-0.3022622168064117,0.8134415745735168,0.4475972354412079,-0.1942387968301773,0.167146623134613,0.432313859462738,-0.5591893196105957,0.5707410573959351,0.928553342819214,0.0104341423138976,0.4430879950523376,0.9298330545425416,-0.0086281150579452,108,117,70,64
straight_ahead,0.5891200304031372,0.5720837116241455,-0.0425540991127491,0.3895710706710815,0.575462281703949,-0.0809773057699203,0.736165463924408,0.5944709181785583,-0.0556003041565418,0.2481004297733307,0.580396831035614,-0.2309908419847488,0.8018350601196289,0.425527423620224,-0.3130751252174377,0.1900912523269653,0.3947771489620209,-0.4714818000793457,0.5707004070281982,0.9284738302230836,0.0148793682456016,0.4428780674934387,0.9292663335800172,-0.0129808280616998,108,117,77,75
straight_ahead,0.5886175632476807,0.5723504424095154,-0.0464151091873645,0.3899586796760559,0.5751270651817322,-0.0501937977969646,0.7366050481796265,0.5957874059677124,-0.1338557600975036,0.2496505230665207,0.5801457166671753,-0.233952909708023,0.7424380779266357,0.4124550223350525,-0.3287099003791809,0.2596683502197265,0.3863969445228576,-0.4598552584648132,0.5705466270446777,0.9283656477928162,0.0082301767542958,0.4430932998657226,0.9291366338729858,-0.0065144747495651,108,117,97,95
straight_ahead,0.5884503722190857,0.5723603963851929,-0.0471130684018135,0.3900714218616485,0.5749958157539368,-0.0438104681670665,0.7365456819534302,0.5959270596504211,-0.1726621091365814,0.2500034868717193,0.5802151560783386,-0.2366758584976196,0.7185051441192627,0.4100963175296783,-0.3592455685138702,0.2786302268505096,0.3868813514709472,-0.4639959335327148,0.5704838633537292,0.9282207489013672,0.0044096722267568,0.4430908560752868,0.9285470247268676,-0.002660947619006,108,117,105,101
straight_ahead,0.5885800123214722,0.5721456408500671,-0.050393272191286,0.3901952803134918,0.5749284029006958,-0.0223456434905529,0.7365289926528931,0.5958956480026245,-0.2631220817565918,0.251838743686676,0.5808650851249695,-0.2752647697925567,0.6913450360298157,0.4115203022956848,-0.4686246812343597,0.3013841509819031,0.3919003903865814,-0.5606674551963806,0.5704019665718079,0.9279233813285828,-0.0022196322679519,0.4431414604187011,0.9285157322883606,0.0039601391181349,107,116,113,107
straight_ahead,0.5893129110336304,0.5710742473602295,-0.061071615666151,0.3910197615623474,0.5741164088249207,-0.0108152898028492,0.7365155816078186,0.5958268642425537,-0.2702445983886719,0.2542886435985565,0.5810502767562866,-0.2701382637023926,0.6838120818138123,0.414448618888855,-0.4542605280876159,0.3108750581741333,0.3964258730411529,-0.5416814684867859,0.5704012513160706,0.927341103553772,-0.0048279832117259,0.4432863295078277,0.9278277158737184,0.0064632752910256,107,116,116,110
straight_ahead,0.5895126461982727,0.5706902742385864,-0.1002106070518493,0.3912245631217956,0.573792576789856,-0.0295682549476623,0.7361899614334106,0.5954810976982117,-0.3152200877666473,0.255814641714096,0.5813075304031372,-0.2423900663852691,0.6699254512786865,0.4180305600166321,-0.5062381029129028,0.3126552104949951,0.4021935164928436,-0.4342451691627502,0.5702700018882751,0.927171528339386,-0.0090470807626843,0.4430212378501892,0.9275804162025452,0.0106548927724361,107,115,120,111
straight_ahead,0.5894330143928528,0.570756733417511,-0.0906998664140701,0.3910008072853088,0.5738272070884705,-0.0357775948941707,0.7361560463905334,0.5954390168190002,-0.2739595174789428,0.2553813457489013,0.5813273191452026,-0.2619860470294952,0.6863633394241333,0.4166459441184997,-0.4779999256134033,0.2954569458961487,0.4011701643466949,-0.5259009003639221,0.5701756477355957,0.927218735218048,-0.0085132513195276,0.4427939355373382,0.9276851415634156,0.0101579818874597,107,115,115,106
straight_ahead,0.5886508822441101,0.5718371868133545,-0.0787593573331832,0.389834314584732,0.5739545226097107,-0.0431770719587802,0.737043023109436,0.5971089005470276,-0.1928830444812774,0.2531923055648803,0.5813494324684143,-0.2106713950634002,0.716084361076355,0.4099429845809936,-0.4384997487068176,0.2515773177146911,0.390296995639801,-0.4500371813774109,0.5698517560958862,0.92739599943161,-0.0066842557862401,0.4426019191741943,0.928642213344574,0.0083654765039682,107,116,106,93
straight_ahead,0.5878824591636658,0.571878969669342,-0.0510802492499351,0.3890314698219299,0.5739894509315491,-0.0512545704841613,0.737102746963501,0.5983940958976746,-0.1521636396646499,0.2480278462171554,0.5818240642547607,-0.2088372409343719,0.7408812046051025,0.4074287414550781,-0.3941426873207092,0.2139127254486084,0.3902364075183868,-0.4509731829166412,0.5698618292808533,0.927571177482605,0.0017604588065296,0.4423632025718689,0.9291334748268129,3.5072815080638975e-05,107,116,99,83
straight_ahead,0.587950587272644,0.5721651911735535,-0.0276522040367126,0.3889251351356506,0.5742528438568115,-0.076851412653923,0.737022340297699,0.5983448624610901,-0.0800658836960792,0.2477516680955886,0.5826352834701538,-0.2162058353424072,0.7807593941688538,0.4217937588691711,-0.2840684354305267,0.1792414933443069,0.4082873165607452,-0.4609639048576355,0.5699721574783325,0.928441882133484,0.0068462723866105,0.4419408440589905,0.9306190013885498,-0.0048936516977846,107,116,86,72
straight_ahead,0.5881691575050354,0.5723525285720825,-0.0353180542588233,0.3891001343727112,0.5742562413215637,-0.1202733740210533,0.7367953062057495,0.598628044128418,-0.0867676436901092,0.2478429079055786,0.583914577960968,-0.2442480623722076,0.7994800806045532,0.4482378959655761,-0.2876473069190979,0.166962057352066,0.4343598186969757,-0.5199796557426453,0.5699955224990845,0.9286587238311768,0.006871785968542,0.441901683807373,0.9309987425804138,-0.0049329912289977,107,115,77,66
straight_ahead,0.58868408203125,0.5723875164985657,-0.0419217199087142,0.3894274532794952,0.574334979057312,-0.1253020614385604,0.7368694543838501,0.5984719395637512,-0.1037130951881408,0.247918963432312,0.5861870646476746,-0.2581219971179962,0.803412914276123,0.4534732401371002,-0.3085998296737671,0.1663389354944229,0.4433609843254089,-0.5373390913009644,0.570092499256134,0.928979516029358,0.0075912340544164,0.4418723583221435,0.9314394593238832,-0.0056757447309792,107,115,75,65
straight_ahead,0.5885022878646851,0.5723907351493835,-0.039790540933609,0.3894122242927551,0.574415385723114,-0.1203499585390091,0.7359298467636108,0.5975950360298157,-0.0952282920479774,0.2468111962080001,0.5862407088279724,-0.2273557633161544,0.7896419763565063,0.4379977583885193,-0.2960106134414673,0.1813768595457077,0.4243614971637726,-0.4906424880027771,0.5700753331184387,0.9301901459693908,0.0081260856240987,0.441443920135498,0.9335767030715942,-0.0061735436320304,107,115,81,73
straight_ahead,0.5881837606430054,0.5723374485969543,-0.0420300886034965,0.3894804716110229,0.5744187235832214,-0.0692681297659874,0.7359055280685425,0.5960528254508972,-0.1103181838989257,0.2468471974134445,0.5863242745399475,-0.1770047545433044,0.7697076201438904,0.4080023765563965,-0.3349139094352722,0.199653759598732,0.3952191174030304,-0.3800956606864929,0.5696178674697876,0.9302266836166382,0.0051578702405095,0.4412313401699066,0.9332348704338074,-0.0032372125424444,107,114,89,81
straight_ahead,0.5881068110466003,0.5723719000816345,-0.0491426438093185,0.3901503682136535,0.5743706226348877,-0.0500464364886283,0.7353407740592957,0.5925062894821167,-0.1692052781581878,0.2485683262348175,0.5857985019683838,-0.195737823843956,0.7178791761398315,0.4004381597042084,-0.346946507692337,0.2586790919303894,0.3886831104755401,-0.4105271399021148,0.5694978833198547,0.9301828145980836,0.0019691719207912,0.4413479268550873,0.9327538013458252,-0.000190580569324,108,114,103,98
straight_ahead,0.5881964564323425,0.5722740292549133,-0.0664290711283683,0.3907770812511444,0.5741809010505676,-0.0435551181435585,0.7352918386459351,0.5906819701194763,-0.2165708839893341,0.2501853406429291,0.5852747559547424,-0.2232735455036163,0.701237678527832,0.398009717464447,-0.4013023972511291,0.2799350023269653,0.3881377279758453,-0.4550546705722809,0.5693392753601074,0.9298089742660522,-0.0019742636941373,0.441511332988739,0.9314531087875366,0.0037900977768003,109,114,107,103
straight_ahead,0.5893778204917908,0.5716254115104675,-0.0893548652529716,0.3916584551334381,0.574104905128479,-0.022444324567914,0.7351212501525879,0.5903646349906921,-0.3059675991535187,0.2542230486869812,0.5851799845695496,-0.2330385446548462,0.6693553328514099,0.40557461977005,-0.4682644009590149,0.3117705285549164,0.4051135182380676,-0.4483515620231628,0.5693415403366089,0.9295636415481568,-0.0067400559782981,0.4415346682071686,0.930144190788269,0.0083747887983918,109,114,117,112
straight_ahead,0.5896299481391907,0.5710124373435974,-0.1219283565878868,0.3919748961925506,0.5739020109176636,-0.0333770439028739,0.7349217534065247,0.5899322628974915,-0.3312854766845703,0.2558052241802215,0.5852187275886536,-0.2403391152620315,0.6636545658111572,0.4118910431861877,-0.4899508953094482,0.3165227770805359,0.4115152359008789,-0.4355689883232116,0.5693978071212769,0.928938627243042,-0.0115304682403802,0.4415674209594726,0.9286192655563354,0.013014311902225,109,114,119,114
straight_ahead,0.5898211598396301,0.5704284310340881,-0.0836375579237937,0.3919718563556671,0.5739313960075378,0.013030613772571,0.7349817752838135,0.5899629592895508,-0.2986304461956024,0.2564124763011932,0.5848300457000732,-0.2407633960247039,0.6744676232337952,0.4145420491695404,-0.5013893246650696,0.308334618806839,0.4114091992378235,-0.4993459284305572,0.5694272518157959,0.9285512566566468,-0.0125401336699724,0.4416330754756927,0.9282934069633484,0.0141236651688814,108,114,117,111
straight_ahead,0.5895372629165649,0.5704777240753174,-0.0822134390473365,0.3909173011779785,0.5745247006416321,-0.0071263103745877,0.734984278678894,0.5899523496627808,-0.2782369554042816,0.2552886605262756,0.5850297808647156,-0.2233949154615402,0.6769689321517944,0.407070517539978,-0.4615060687065124,0.3062836825847626,0.3970449268817901,-0.4541748166084289,0.569421648979187,0.9295902848243712,-0.0116651551797986,0.441633939743042,0.9300909042358398,0.0132753197103738,108,114,115,110
straight_ahead,0.5901459455490112,0.5701274275779724,-0.0979308038949966,0.3914592266082763,0.5734567046165466,-0.0180754400789737,0.7350739240646362,0.5914307236671448,-0.3253512978553772,0.2568000853061676,0.5859524011611938,-0.2472843825817108,0.6747879385948181,0.4165794551372528,-0.5287180542945862,0.3133042156696319,0.4045064151287079,-0.4738122820854187,0.5693164467811584,0.9285126328468324,-0.011219659820199,0.4414729475975036,0.929266631603241,0.0128242745995521,108,113,117,113
straight_ahead,0.5899908542633057,0.5704787373542786,-0.0628933757543563,0.3914227187633514,0.5736745595932007,-0.0468302071094512,0.7359111905097961,0.5916461944580078,-0.1969816088676452,0.2552629113197326,0.5825784206390381,-0.2813175022602081,0.7058060169219971,0.4091346561908722,-0.3819702267646789,0.3029229938983917,0.3896901905536651,-0.5339714288711548,0.5693596601486206,0.9284471869468688,-0.0079630929976701,0.4418966770172119,0.929387390613556,0.00946388207376,108,115,108,108
straight_ahead,0.5901432037353516,0.5702512860298157,-0.0519827604293823,0.3914584517478943,0.5736287832260132,-0.0476091019809246,0.7366255521774292,0.5916507244110107,-0.2432764321565628,0.2552381455898285,0.5814457535743713,-0.3660379946231842,0.6905568838119507,0.4102786481380462,-0.4558797478675842,0.309608906507492,0.3907206356525421,-0.6813654899597168,0.5693653225898743,0.9280850291252136,-0.0040968162938952,0.4418157041072845,0.9293553233146667,0.0056705316528677,108,115,113,109
straight_ahead,0.5910845398902893,0.5700197219848633,-0.1081984639167785,0.3917852342128753,0.573025107383728,-0.0794853121042251,0.737369954586029,0.5919640064239502,-0.34464031457901,0.2556899785995483,0.5805553197860718,-0.3770008683204651,0.6824659705162048,0.4186781346797943,-0.5626339912414551,0.3164462149143219,0.3930601477622986,-0.6600427627563477,0.5693665742874146,0.9278581738471984,-0.004062105435878,0.4416905343532562,0.9282387495040894,0.0056361611932516,108,115,116,111
straight_ahead,0.5919781923294067,0.57013338804245,-0.1463538706302642,0.3935941457748413,0.5720197558403015,-0.0894550830125808,0.7374119758605957,0.5919695496559143,-0.3342219293117523,0.2570469975471496,0.580581784248352,-0.3126426637172699,0.6683669090270996,0.4231539964675903,-0.5112854242324829,0.3222703039646148,0.4031724631786346,-0.4329511225223541,0.5693265199661255,0.9268605709075928,-0.0066601773723959,0.4414834976196289,0.9268845319747924,0.0082125542685389,108,114,121,114
straight_ahead,0.5919644236564636,0.5702916383743286,-0.1183984875679016,0.3928198218345642,0.5733469128608704,-0.0573497824370861,0.7379352450370789,0.592037558555603,-0.3067578971385956,0.2559421956539154,0.58059161901474,-0.2800368964672088,0.6733823418617249,0.4209314286708832,-0.5055580139160156,0.3176209032535553,0.4019638299942016,-0.4413667321205139,0.569038987159729,0.9269065260887146,-0.0075063914991915,0.4409781992435455,0.9271680116653442,0.0091331005096435,108,115,119,112
straight_ahead,0.5919579267501831,0.5703678727149963,-0.1095047816634178,0.3923943638801574,0.5735862851142883,-0.0554853677749633,0.7380374073982239,0.5921550989151001,-0.3052995204925537,0.2545448243618011,0.5805976390838623,-0.268492192029953,0.6857792139053345,0.4167413711547851,-0.489309549331665,0.3005868792533874,0.3964225649833679,-0.4554248452186584,0.569003164768219,0.9269139170646667,-0.0075034974142909,0.4409112930297851,0.9275230169296264,0.0091417618095874,108,115,115,107
straight_ahead,0.5909848809242249,0.570748507976532,-0.0681034550070762,0.3909912705421448,0.5744442343711853,-0.0621504411101341,0.7380474805831909,0.593163788318634,-0.1798951476812362,0.2538047432899475,0.5814202427864075,-0.2486115396022796,0.7268760204315186,0.4099401533603668,-0.3937779068946838,0.248049646615982,0.389426976442337,-0.4822369217872619,0.5689963102340698,0.9273783564567566,-0.0024827918969094,0.4408423006534576,0.929308295249939,0.0041076885536313,108,115,102,91
straight_ahead,0.5898533463478088,0.5710751414299011,-0.0515015311539173,0.3897251188755035,0.5748218297958374,-0.0639148578047752,0.7380231022834778,0.5940262079238892,-0.1754866987466812,0.250856339931488,0.5820388793945312,-0.2268475741147995,0.7408180832862854,0.4079800248146057,-0.4132815897464752,0.2221764028072357,0.3886769115924835,-0.4743283689022064,0.5693597197532654,0.927653193473816,0.0029889778234064,0.4408668577671051,0.9301072955131532,-0.001350729027763,108,116,98,85
straight_ahead,0.5898019075393677,0.5712934732437134,-0.0248860660940408,0.3892354071140289,0.5751094222068787,-0.0764309018850326,0.7376229166984558,0.5937983989715576,-0.0849221795797348,0.2483114004135131,0.5827230215072632,-0.1998141855001449,0.7788606882095337,0.4163213074207306,-0.2961920797824859,0.1822415888309478,0.4018027484416961,-0.4449050426483154,0.5693967938423157,0.9282384514808656,0.0089274812489748,0.4399818480014801,0.9308051466941832,-0.0070694996975362,108,116,86,73
straight_ahead,0.5898032188415527,0.5715535879135132,-0.0262095481157302,0.3892453014850616,0.575143039226532,-0.0879973620176315,0.737623929977417,0.59392249584198,-0.0676717460155487,0.2484561949968338,0.584392249584198,-0.2196631431579589,0.7953406572341919,0.4283756911754608,-0.2536587417125702,0.1740539222955703,0.4183778464794159,-0.451040118932724,0.5694811940193176,0.9291425943374634,0.0079997535794973,0.4398821294307709,0.9320573806762696,-0.0061432430520653,108,115,79,70
straight_ahead,0.5901139974594116,0.572323739528656,-0.0640231221914291,0.3891969621181488,0.5754989981651306,-0.1542844474315643,0.7374429702758789,0.5951620936393738,-0.0999263674020767,0.2483109682798385,0.5881536602973938,-0.2689459025859833,0.8121339678764343,0.4551844894886017,-0.291322112083435,0.1653284132480621,0.4406795501708984,-0.5288848876953125,0.5695077180862427,0.9304117560386658,0.0078854393213987,0.4398959577083587,0.9338315725326538,-0.0061044115573167,108,114,71,66
straight_ahead,0.5903751850128174,0.5725319981575012,-0.079724296927452,0.3891898393630981,0.5754964351654053,-0.1798866689205169,0.737317681312561,0.5966235995292664,-0.0977874621748924,0.248243361711502,0.5904302000999451,-0.3299356400966644,0.8169783353805542,0.4611661732196808,-0.2726901173591614,0.1668249368667602,0.4467897713184356,-0.6208412647247314,0.5693328380584717,0.9302008152008056,0.0119371907785534,0.4393927156925201,0.9339942932128906,-0.010197970084846,107,113,69,67
straight_ahead,0.5902891755104065,0.5727606415748596,-0.0324439220130443,0.3891975879669189,0.575518786907196,-0.1244622319936752,0.7371537685394287,0.5987988710403442,-0.0554287321865558,0.2478585541248321,0.5903933644294739,-0.2844628691673279,0.8035262823104858,0.4594403803348541,-0.2400027960538864,0.1789097040891647,0.432321548461914,-0.6161569356918335,0.5693343877792358,0.9305012822151184,0.0110320728272199,0.4389587044715881,0.9343723058700562,-0.009295673109591,107,113,75,72
straight_ahead,0.5902377367019653,0.5727728605270386,-0.0208511017262935,0.3896279036998749,0.5750344395637512,-0.1055819615721702,0.7373110055923462,0.5990169644355774,-0.038013145327568,0.2478550374507904,0.5902490615844727,-0.2821320593357086,0.7988200187683105,0.4582756757736206,-0.1916331648826599,0.1879098266363144,0.4159536361694336,-0.5799840688705444,0.5695449113845825,0.9304974675178528,0.0109307561069726,0.4389782845973968,0.9343502521514891,-0.0091414032503962,107,113,77,77
straight_ahead,0.5898334980010986,0.5728243589401245,-0.0229079294949769,0.3900879323482513,0.5743854641914368,-0.0748128741979599,0.7373677492141724,0.6008192300796509,-0.1734081208705902,0.2478743344545364,0.5881859660148621,-0.2549722492694855,0.7657006978988647,0.4216800630092621,-0.4083017706871032,0.2269126623868942,0.3922028243541717,-0.5009875297546387,0.5692328214645386,0.9299964904785156,0.0098373107612133,0.4389296174049377,0.933616578578949,-0.007983835414052,106,113,92,89
straight_ahead,0.589166522026062,0.5728131532669067,-0.0267387684434652,0.3901082277297973,0.573422372341156,-0.0595183782279491,0.7374594211578369,0.6011160016059875,-0.1775319874286651,0.2487545311450958,0.5874289274215698,-0.2538149058818817,0.7469349503517151,0.4097576141357422,-0.3977459073066711,0.2481900006532669,0.3875856399536133,-0.501522421836853,0.5690199136734009,0.9292973279953004,0.0063879331573843,0.43894162774086,0.932302176952362,-0.0044995085336267,106,113,98,95
straight_ahead,0.589272141456604,0.5724294185638428,-0.0270104594528675,0.3908697366714477,0.5733131170272827,-0.0421820059418678,0.7374413013458252,0.6014594435691833,-0.2243768274784088,0.2503013014793396,0.586414635181427,-0.2872920334339142,0.7121187448501587,0.4122487306594848,-0.4457350373268127,0.2922803163528442,0.3902287483215332,-0.5780429244041443,0.5690429210662842,0.9290741086006165,0.002689077751711,0.4395785331726074,0.932037353515625,-0.0009424557210877,106,113,109,107
straight_ahead,0.589889407157898,0.5718764662742615,-0.0659136325120925,0.391548216342926,0.5726799368858337,-0.0474385097622871,0.737525463104248,0.6035627126693726,-0.2814324200153351,0.2520342171192169,0.5866066217422485,-0.3036217987537384,0.7021896243095398,0.4131559729576111,-0.5143277049064636,0.3023144006729126,0.3940650522708893,-0.5970817804336548,0.56891930103302,0.9290659427642822,-0.0020565520972013,0.4395154416561126,0.9316392540931702,0.003816868411377,105,113,113,110
straight_ahead,0.5905526280403137,0.5708819031715393,-0.0650073289871215,0.3921413123607635,0.5716548562049866,-0.0192137248814106,0.7375263571739197,0.6036383509635925,-0.2766367793083191,0.2559258937835693,0.5865412950515747,-0.2724120020866394,0.6861653923988342,0.4220842719078064,-0.4830480217933655,0.3149419128894806,0.4024292230606079,-0.5197373628616333,0.5689243078231812,0.9291216731071472,-0.0075685097835958,0.4397288262844085,0.9312484860420228,0.0093478523194789,105,112,118,114
straight_ahead,0.5911707282066345,0.5708311796188354,-0.0997299924492836,0.3933521807193756,0.5714433789253235,-0.0346512272953987,0.7375641465187073,0.6035995483398438,-0.3149627149105072,0.2585662603378296,0.5865049958229065,-0.2722455561161041,0.6825299263000488,0.4254735112190246,-0.5254616141319275,0.3152365088462829,0.4060993492603302,-0.5119456648826599,0.5688886046409607,0.9290075898170472,-0.0115959281101822,0.4400239586830139,0.9304878115653992,0.0133915962651371,105,111,120,114
straight_ahead,0.5911836624145508,0.5708600282669067,-0.1011931151151657,0.3945809006690979,0.5708457827568054,-0.0396743863821029,0.7378383874893188,0.605461835861206,-0.2828490436077118,0.2585025429725647,0.5858981609344482,-0.2255447804927826,0.697041392326355,0.425541877746582,-0.4921234250068664,0.2974142432212829,0.4013292491436004,-0.4485909044742584,0.5688019394874573,0.9289961457252502,-0.0117200417444109,0.4401162266731262,0.9293879866600036,0.0135197443887591,104,112,116,108
straight_ahead,0.5911826491355896,0.5710432529449463,-0.100710429251194,0.3947689235210418,0.5707799196243286,-0.0406099408864975,0.7382110357284546,0.6057472825050354,-0.2678449153900146,0.2583003044128418,0.5847702026367188,-0.1998176425695419,0.7035577297210693,0.4225898385047912,-0.4707434773445129,0.2925242185592651,0.3935316503047943,-0.4092676639556885,0.5687749981880188,0.9290921092033386,-0.0129622519016265,0.4402028918266296,0.9291449785232544,0.0146872503682971,104,112,114,106
straight_ahead,0.5907503366470337,0.5720930695533752,-0.0943327248096466,0.3947512507438659,0.571132481098175,-0.0424743592739105,0.7393485903739929,0.6071096062660217,-0.2341852635145187,0.2565738558769226,0.5805028080940247,-0.1586287319660186,0.726456344127655,0.4211736023426056,-0.4717444479465484,0.24020417034626,0.3836418688297272,-0.3519837260246277,0.5687400102615356,0.9297802448272704,-0.0126418340951204,0.4401990473270416,0.9295164942741394,0.0144058261066675,105,114,107,89
straight_ahead,0.5903321504592896,0.5727292895317078,-0.0860694348812103,0.3945451974868774,0.5711717009544373,-0.061964251101017,0.7394275665283203,0.6102838516235352,-0.2061970978975296,0.252704381942749,0.5768534541130066,-0.1923950761556625,0.7394713759422302,0.421281635761261,-0.4532104134559631,0.2189310789108276,0.3810156881809234,-0.4134517610073089,0.5687239766120911,0.9294177293777466,-0.0073393643833696,0.4399996697902679,0.929202914237976,0.0091858906671404,104,116,104,83
straight_ahead,0.5901550054550171,0.5730371475219727,-0.0518805868923664,0.3934507369995117,0.5716528296470642,-0.0859272629022598,0.7393073439598083,0.612133264541626,-0.1117915287613868,0.2518238425254822,0.5745261907577515,-0.1966453343629837,0.7669929265975952,0.4254507422447204,-0.3314895033836365,0.1946952044963836,0.3818272054195404,-0.4655471742153168,0.5691636204719543,0.9295806288719176,0.0042410129681229,0.440484344959259,0.9292767643928528,-0.0022210120223462,104,117,96,75
straight_ahead,0.5901550054550171,0.5732672214508057,-0.0558259487152099,0.3934526741504669,0.5716561675071716,-0.0957507789134979,0.7389043569564819,0.6123276948928833,-0.1327835470438003,0.2516135275363922,0.5737395882606506,-0.1994486600160598,0.7746057510375977,0.4357442855834961,-0.3670688569545746,0.1860361397266388,0.3924794495105743,-0.4525869488716125,0.5691639184951782,0.9300171732902528,0.0043448149226605,0.4406212270259857,0.9294432401657104,-0.002339341212064,103,117,93,71
straight_ahead,0.5899806618690491,0.573263943195343,-0.0179215837270021,0.3925859928131103,0.5722993016242981,-0.0938537344336509,0.7385096549987793,0.6090379357337952,-0.028625825420022,0.2508246898651123,0.5738512873649597,-0.21161949634552,0.789304792881012,0.4417877495288849,-0.2066689431667328,0.182450383901596,0.3987358808517456,-0.489018976688385,0.5692728757858276,0.9300177693367004,0.0065267598256468,0.440716803073883,0.929528832435608,-0.0045189498923718,104,117,87,69
straight_ahead,0.5899906158447266,0.573556661605835,-0.0320357792079448,0.3925328254699707,0.5723459124565125,-0.0966970771551132,0.7382005453109741,0.6074856519699097,-0.0657639130949974,0.2508063614368438,0.5745023488998413,-0.2424350976943969,0.7914298176765442,0.4443338811397552,-0.2452179938554763,0.1876256614923477,0.3988870084285736,-0.5276505947113037,0.5692590475082397,0.9300596714019777,0.0061301202513277,0.440551221370697,0.9295341372489928,-0.00414719292894,105,117,85,71
straight_ahead,0.5895492434501648,0.5734516382217407,-0.0375103279948234,0.3908726572990417,0.5723093748092651,-0.0815608352422714,0.7375977039337158,0.6046475768089294,-0.1003758087754249,0.2498585283756256,0.5726178288459778,-0.2150668203830719,0.780775249004364,0.4329647123813629,-0.301708847284317,0.1906865984201431,0.3837212920188904,-0.4569051861763,0.5693150758743286,0.9300689101219176,0.0059393583796918,0.4406006336212158,0.9291805028915404,-0.0039472351782023,105,118,88,73
straight_ahead,0.5899563431739807,0.5736205577850342,-0.0432027466595172,0.3917895257472992,0.572328507900238,-0.0884806960821151,0.7375479936599731,0.6060552000999451,-0.1126165613532066,0.2498640120029449,0.5825310945510864,-0.2165147066116333,0.7846530675888062,0.4425729215145111,-0.3420795202255249,0.1770143359899521,0.4249512255191803,-0.4749654233455658,0.5694540739059448,0.9300985336303712,0.0057431990280747,0.4413569867610931,0.9298084378242492,-0.0037613739259541,105,115,86,69
straight_ahead,0.5895219445228577,0.5738734602928162,-0.048686321824789,0.3911986947059631,0.5735329389572144,-0.0734554678201675,0.7376839518547058,0.6060551404953003,-0.1923149675130844,0.2490068227052688,0.588290810585022,-0.2174920290708542,0.7521273493766785,0.4245935976505279,-0.450526475906372,0.2039378881454467,0.4138692915439605,-0.4641024470329284,0.5691948533058167,0.930712878704071,0.0050408807583153,0.4406191706657409,0.9321765899658204,-0.003137107938528,105,113,98,81
straight_ahead,0.5895782709121704,0.5738804936408997,-0.0051208133809268,0.3910987973213196,0.5736372470855713,-0.0456860437989234,0.7370980978012085,0.5984600186347961,-0.1026058346033096,0.2483738958835601,0.5885328650474548,-0.1696590483188629,0.7686276435852051,0.4236379265785217,-0.3418563306331634,0.1914948225021362,0.4135084748268127,-0.4150094985961914,0.5691823363304138,0.9308163523674012,0.009694842621684,0.4394363760948181,0.933268666267395,-0.0078019248321652,107,113,89,78
straight_ahead,0.5916274785995483,0.573886513710022,-0.0176625289022922,0.3912325501441955,0.5737969875335693,-0.0606259889900684,0.7374569177627563,0.589299738407135,-0.101150631904602,0.2482850551605224,0.5889432430267334,-0.1879046261310577,0.790960431098938,0.4251353442668915,-0.3251014053821563,0.1783860474824905,0.4257524907588959,-0.4630328118801117,0.5692189931869507,0.9313884377479552,0.0104158278554677,0.4392786026000976,0.9336508512496948,-0.0085111148655414,110,113,78,73
straight_ahead,0.591914713382721,0.5738893747329712,-0.0228736288845539,0.3912700116634369,0.5738332867622375,-0.0730470493435859,0.7377411723136902,0.5864120721817017,-0.1022149920463562,0.248243898153305,0.5891115069389343,-0.1920778751373291,0.7874557375907898,0.421989232301712,-0.2960384488105774,0.1789477914571762,0.4233707189559936,-0.4610172808170318,0.569219172000885,0.9314299821853638,0.0121307419613003,0.4390714168548584,0.9334575533866882,-0.0101689789444208,111,113,78,73
straight_ahead,0.5915441513061523,0.57410728931427,-0.0210754703730344,0.3912662267684936,0.5738227367401123,-0.0384007729589939,0.7378519773483276,0.5869300961494446,-0.1358213424682617,0.2473952323198318,0.5901556015014648,-0.1887844204902649,0.768006443977356,0.4155190885066986,-0.3639708161354065,0.1894921362400055,0.4085268378257751,-0.4372285008430481,0.5692192316055298,0.931425929069519,0.0117947096005082,0.438859611749649,0.9334420561790466,-0.009883695282042,111,113,85,79
straight_ahead,0.5909562706947327,0.5744379758834839,-0.0236547086387872,0.3912439048290252,0.573848307132721,-0.0441698879003524,0.7384234666824341,0.5902515649795532,-0.1582104861736297,0.247353121638298,0.5903735756874084,-0.1978931576013565,0.748049259185791,0.4091372787952423,-0.4002896845340729,0.2113628685474395,0.3984266519546509,-0.456139326095581,0.5692339539527893,0.9314467310905457,0.0116840405389666,0.4388768672943115,0.9334703683853148,-0.0097461640834808,110,113,93,86
straight_ahead,0.5906142592430115,0.574487030506134,-0.04501723498106,0.3913938701152801,0.5738494992256165,-0.0469869598746299,0.7388163208961487,0.5948007702827454,-0.2246896028518676,0.2485805302858352,0.590493381023407,-0.2656072378158569,0.7152712345123291,0.4101243019104004,-0.4412074983119964,0.2617745995521545,0.3982878625392914,-0.5163012742996216,0.5691750645637512,0.9312534332275392,0.0070705423131585,0.4388782083988189,0.9333972930908204,-0.0051651210524141,109,112,105,101
straight_ahead,0.5906914472579956,0.5743908286094666,-0.0615282133221626,0.3920761942863464,0.5733987092971802,-0.0342988222837448,0.7381914258003235,0.5967782735824585,-0.2821641564369201,0.2504107356071472,0.5912391543388367,-0.3063726425170898,0.6798320412635803,0.4215817749500274,-0.4951068460941314,0.3085856735706329,0.4069932103157043,-0.5888232588768005,0.5691631436347961,0.930475890636444,-0.0016455671284347,0.4390064179897308,0.9330036640167236,0.0034309786278754,108,112,117,115
straight_ahead,0.5906912684440613,0.573182225227356,-0.0881453678011894,0.3933711349964142,0.5713827610015869,-0.0392237491905689,0.7374257445335388,0.5972611904144287,-0.3240533471107483,0.2510074377059936,0.592270016670227,-0.3405893743038177,0.6823281049728394,0.4242647588253021,-0.5470642447471619,0.3143813014030456,0.4152393341064453,-0.649752140045166,0.5687128901481628,0.9287765026092528,-0.0030294463504105,0.4389296472072601,0.9318841099739076,0.0047135716304183,108,111,117,118
straight_ahead,0.590706467628479,0.572975754737854,-0.0816682800650596,0.3944182991981506,0.5710437297821045,-0.0013406903017312,0.7374187707901001,0.598038911819458,-0.2881956696510315,0.2523795068264007,0.5923392176628113,-0.3143002986907959,0.6865118741989136,0.4242256283760071,-0.5091274380683899,0.3118732571601867,0.4149236679077148,-0.5789292454719543,0.5685656070709229,0.9283910393714904,-0.0055203987285494,0.4389773905277252,0.9313657879829408,0.0072190361097455,107,110,116,117
straight_ahead,0.589888334274292,0.5743353962898254,-0.0733254179358482,0.3932048082351684,0.5715474486351013,-0.0118103558197617,0.7382716536521912,0.600524365901947,-0.2575922608375549,0.2523382306098938,0.5921697020530701,-0.3080478310585022,0.6920231580734253,0.4212468564510345,-0.4763640761375427,0.3019835650920868,0.4009231030941009,-0.5610975623130798,0.5685455203056335,0.9296520352363586,-0.0051546776667237,0.4389848709106445,0.9333155155181884,0.0068803653120994,107,110,114,113
straight_ahead,0.58985835313797,0.5746530890464783,-0.0603132620453834,0.3929236233234405,0.5719802379608154,-0.0173761751502752,0.7383432984352112,0.6015957593917847,-0.2069510221481323,0.251430869102478,0.5889747738838196,-0.1914264857769012,0.7510881423950195,0.4186809360980987,-0.4656925797462463,0.218029648065567,0.3979136049747467,-0.4090477526187897,0.5686522722244263,0.9310075044631958,-0.0044798790477216,0.4388116896152496,0.9337027072906494,0.0061854352243244,107,112,96,87
straight_ahead,0.5898517966270447,0.5750457048416138,-0.040544856339693,0.3925767838954925,0.5720757246017456,-0.0229403246194124,0.738307535648346,0.6018655896186829,-0.1733426004648208,0.2500418722629547,0.5862203240394592,-0.1757250726222992,0.7691818475723267,0.4188364148139953,-0.4474178850650787,0.1980182826519012,0.3970673680305481,-0.3970373868942261,0.568693995475769,0.931244432926178,0.0026082028634846,0.4387021958827972,0.9336883425712584,-0.0008531712228432,107,113,91,80
straight_ahead,0.5903911590576172,0.5752269625663757,-0.036746796220541,0.3926542401313782,0.5720856189727783,-0.0897629484534263,0.7386851906776428,0.6004391312599182,-0.0851552635431289,0.2499973475933075,0.5852524638175964,-0.2317572385072708,0.7917741537094116,0.4288512468338012,-0.2738266289234161,0.1782551556825637,0.4124340116977691,-0.5008689165115356,0.5688372254371643,0.9313350319862366,0.0076499856077134,0.4387315809726715,0.933632493019104,-0.0057115731760859,108,113,82,73
straight_ahead,0.5908882021903992,0.57533198595047,-0.0109407920390367,0.3925977647304535,0.5730812549591064,-0.0792030021548271,0.7386758327484131,0.5994226932525635,-0.064501866698265,0.2499361932277679,0.5840780138969421,-0.2101428508758545,0.7913888692855835,0.4301392138004303,-0.263226568698883,0.1774751096963882,0.4119473397731781,-0.4673845171928406,0.569003701210022,0.931671679019928,0.0082447724416852,0.4387751519680023,0.9336130619049072,-0.0062935436144471,108,114,82,72
straight_ahead,0.590822696685791,0.5753322839736938,-0.0285728983581066,0.392594426870346,0.5729151368141174,-0.0609902516007423,0.7387043237686157,0.5999711155891418,-0.1063616871833801,0.2490276843309402,0.5820544362068176,-0.1864413917064666,0.7794948816299438,0.4258249998092651,-0.3166404366493225,0.1923837661743164,0.3954243659973144,-0.4201560020446777,0.5687317252159119,0.931664228439331,0.0071878535673022,0.4385164678096771,0.9333513379096984,-0.0052159922197461,108,115,86,77
straight_ahead,0.5906465649604797,0.5753247737884521,-0.0259143151342868,0.3925593197345733,0.5726572871208191,-0.0496292933821678,0.7386025190353394,0.5997889637947083,-0.114969827234745,0.2485178261995315,0.5806503295898438,-0.1980011463165283,0.7743017077445984,0.4176953732967376,-0.3616084456443786,0.1995406299829483,0.3859111368656158,-0.4411329329013824,0.568688690662384,0.9314914345741272,0.008336610160768,0.4385094046592712,0.9329339861869812,-0.006343531422317,108,115,88,79
straight_ahead,0.5904608964920044,0.5761674046516418,-0.0467258505523204,0.3923416137695312,0.5728840231895447,-0.03277238458395,0.7386003732681274,0.5996760725975037,-0.2136801928281784,0.2491660416126251,0.5813464522361755,-0.2021983116865158,0.7329855561256409,0.4144567251205444,-0.4344280362129211,0.2574840188026428,0.3846787512302398,-0.438612163066864,0.5681586265563965,0.9316672682762146,-0.0036155867855995,0.4385562539100647,0.9329178929328918,0.0053931507281959,108,115,101,96
straight_ahead,0.5906938314437866,0.5759193897247314,-0.070691205561161,0.3930289149284363,0.5725073218345642,-0.018931558355689,0.7382917404174805,0.6009378433227539,-0.2928672432899475,0.2523386478424072,0.5822741985321045,-0.2201568335294723,0.687124490737915,0.4215384125709533,-0.5100672245025635,0.3031083941459656,0.3965611755847931,-0.4459057450294494,0.5680073499679565,0.9304617047309875,-0.0091504696756601,0.4387763440608978,0.9314220547676086,0.0109548550099134,108,114,116,109
straight_ahead,0.5907431840896606,0.5758218765258789,-0.0678872317075729,0.393055647611618,0.572587788105011,0.0099305277690291,0.735932469367981,0.6010693311691284,-0.2483098804950714,0.2546031177043915,0.5850821733474731,-0.2428812682628631,0.6711305379867554,0.4284462928771972,-0.4071806967258453,0.3140642046928406,0.4099960327148437,-0.5037814378738403,0.5680420994758606,0.9302836060523988,-0.0096377674490213,0.4390466809272766,0.9301143288612366,0.0113840494304895,107,113,120,114
straight_ahead,0.5906752347946167,0.5759842991828918,-0.0630211159586906,0.3929436802864074,0.5726800560951233,0.0054034311324357,0.7340784668922424,0.6022902727127075,-0.2330354154109954,0.2554140985012054,0.5917049646377563,-0.2455358058214187,0.6632840633392334,0.4361359179019928,-0.3552122712135315,0.319968044757843,0.4220607876777649,-0.4943403601646423,0.5681396722793579,0.9302800893783568,-0.0140361506491899,0.4395057559013366,0.9301599860191344,0.0157056264579296,106,111,123,119
straight_ahead,0.5905937552452087,0.5755001306533813,-0.0605230443179607,0.3929871916770935,0.5726792812347412,-0.0016304136952385,0.7348554730415344,0.6052625775337219,-0.2591612040996551,0.2552531063556671,0.59526127576828,-0.2556547522544861,0.6822224259376526,0.4352060854434967,-0.4875349104404449,0.3048479557037353,0.4200524687767029,-0.548468828201294,0.5680492520332336,0.9302558302879332,-0.0136897712945938,0.4394593238830566,0.9304431676864624,0.0155478287488222,106,109,119,115
straight_ahead,0.5896909236907959,0.5758374929428101,-0.064190424978733,0.3922695815563202,0.5728680491447449,-0.0147835407406091,0.7370911240577698,0.6092765927314758,-0.2542400360107422,0.2551278471946716,0.5971145033836365,-0.2516335844993591,0.6965750455856323,0.4350467920303345,-0.4871765077114105,0.2797674834728241,0.4126867353916168,-0.5319809913635254,0.5679837465286255,0.930257260799408,-0.0127520291134715,0.4394533634185791,0.9308406710624696,0.0146118430420756,105,109,116,108
straight_ahead,0.5893776416778564,0.5762344002723694,-0.0664049237966537,0.391981691122055,0.5729306936264038,-0.0253983028233051,0.7384403944015503,0.6121734976768494,-0.2452954053878784,0.2550881206989288,0.598785936832428,-0.25114306807518,0.7133954763412476,0.4315415024757385,-0.4836752414703369,0.2574602961540222,0.4089694023132324,-0.525883674621582,0.5678076148033142,0.9302813410758972,-0.0122428238391876,0.4394503235816955,0.9315163493156432,0.0140593741089105,105,108,111,101
straight_ahead,0.5889609456062317,0.5764481425285339,-0.0429249033331871,0.3909758925437927,0.5733646154403687,-0.0318611226975917,0.7385423183441162,0.6145315766334534,-0.152507871389389,0.2519696652889251,0.600085973739624,-0.2108605206012725,0.7425509691238403,0.4312788844108581,-0.3798530697822571,0.2129618823528289,0.4111193120479584,-0.4824987947940826,0.5679903626441956,0.9306838512420654,-0.007799984421581,0.439453512430191,0.9331960678100586,0.0096605475991964,104,108,103,89
straight_ahead,0.5888007879257202,0.5764890909194946,-0.0438494011759758,0.3910085558891296,0.5733497142791748,-0.0448964014649391,0.7390987277030945,0.6149961352348328,-0.1547293215990066,0.2498682737350464,0.6017676591873169,-0.2006412744522094,0.7615936994552612,0.4307742416858673,-0.3818905353546142,0.2014579772949218,0.4177116751670837,-0.4633776545524597,0.5682154297828674,0.9308213591575624,-0.0041487920098006,0.4394300878047943,0.9335164427757264,0.0060911290347576,104,108,97,87
straight_ahead,0.5891331434249878,0.5764995217323303,-0.0379948988556861,0.3910709917545318,0.573321521282196,-0.0591413453221321,0.7382480502128601,0.6140891313552856,-0.1370620429515838,0.2488014996051788,0.601356565952301,-0.2059224545955658,0.7745757102966309,0.4356853663921356,-0.377163827419281,0.1866899579763412,0.4273476898670196,-0.5134708881378174,0.5683184266090393,0.9308292865753174,0.0031033046543598,0.4393820762634277,0.9334900975227356,-0.0010429990943521,104,109,93,82
straight_ahead,0.5892691016197205,0.5764236450195312,-0.0518423542380332,0.3909262716770172,0.5733227133750916,-0.0661917328834533,0.7381523847579956,0.6138439774513245,-0.1580261886119842,0.2473229169845581,0.6005370616912842,-0.2102597951889038,0.7711431384086609,0.4355058372020721,-0.3959594070911407,0.1975858062505722,0.4242919981479645,-0.4916447699069977,0.5683012008666992,0.9308428168296814,0.003512701485306,0.4390325546264648,0.9334868788719176,-0.001483779400587,104,109,94,85
straight_ahead,0.5892389416694641,0.5763917565345764,-0.053927969187498,0.3908905386924743,0.5732075572013855,-0.071032740175724,0.7380351424217224,0.6136837601661682,-0.1663956344127655,0.2458740770816803,0.5987682342529297,-0.2107533663511276,0.7679914832115173,0.4339127242565155,-0.4189474582672119,0.2014089077711105,0.414116770029068,-0.4916666150093078,0.568328320980072,0.9308490753173828,0.0055967285297811,0.4389460980892181,0.9334831237792968,-0.0035643454175442,104,110,95,86
straight_ahead,0.5904228091239929,0.5766907334327698,-0.0539041832089424,0.3911876976490021,0.5732383728027344,-0.1306024938821792,0.7383698225021362,0.6093622446060181,-0.0764165297150611,0.2473225593566894,0.5967301726341248,-0.2869090735912323,0.8011549711227417,0.4458523392677307,-0.2427376806735992,0.1812439262866974,0.4267677068710327,-0.576386570930481,0.5688105821609497,0.9311691522598268,0.0096945893019437,0.4396075308322906,0.9334809184074402,-0.0075634764507412,105,110,81,78
straight_ahead,0.5908368825912476,0.5767307281494141,-0.0626613423228263,0.3913377225399017,0.5733190774917603,-0.1311340034008026,0.7382988333702087,0.6093149781227112,-0.1072667390108108,0.2474526166915893,0.5902197957038879,-0.2745326161384582,0.7991346716880798,0.4543070495128631,-0.3138847947120666,0.1777216345071792,0.4239216446876526,-0.5455664396286011,0.5688648223876953,0.9308382272720336,0.0099919717758893,0.439591497182846,0.9319468140602112,-0.0080202566459774,105,113,81,74
straight_ahead,0.5916424989700317,0.5768490433692932,-0.0879055187106132,0.391526460647583,0.5733193159103394,-0.1630207002162933,0.7396473288536072,0.609431803226471,-0.1224493756890297,0.2474831640720367,0.588995635509491,-0.3016643822193146,0.8146548271179199,0.456935703754425,-0.3203117847442627,0.1702302545309066,0.4308299124240875,-0.5660474300384521,0.5690621137619019,0.9308825731277466,0.0094036441296339,0.4398947358131408,0.9321630001068116,-0.0074569201096892,106,113,76,70
straight_ahead,0.5916811227798462,0.5768460631370544,-0.0811545401811599,0.3915794491767883,0.5736109614372253,-0.1374372839927673,0.7401512861251831,0.6083891987800598,-0.1142109185457229,0.2475139200687408,0.5859962105751038,-0.2978668212890625,0.8021894693374634,0.4567647278308868,-0.2963449358940124,0.1803654730319976,0.4128152132034302,-0.5676430463790894,0.5690440535545349,0.931060552597046,0.0090460572391748,0.4398472905158996,0.9323316216468812,-0.0070879510603845,106,114,80,74
straight_ahead,0.5910008549690247,0.576596200466156,-0.0480467267334461,0.3914859890937805,0.5734436511993408,-0.0826544612646102,0.7395027875900269,0.6085062623023987,-0.1311571598052978,0.2475511282682418,0.5862255096435547,-0.2897043526172638,0.7862523794174194,0.4399434626102447,-0.3615774512290954,0.2076175957918167,0.3948247730731964,-0.5552594661712646,0.5689609050750732,0.93024480342865,0.0100353239104151,0.4395142495632171,0.9321539998054504,-0.0080582378432154,106,114,87,83
straight_ahead,0.5903320908546448,0.5765198469161987,-0.048126645386219,0.3914520740509033,0.5731717944145203,-0.0827061384916305,0.7394490838050842,0.6088382005691528,-0.1710425913333892,0.2476339787244796,0.5865981578826904,-0.3011015355587005,0.7713239192962646,0.428037166595459,-0.4111422896385193,0.2295742779970169,0.3915083706378937,-0.5956516265869141,0.5687170028686523,0.9296835660934448,0.0121560655534267,0.4392317235469818,0.932117760181427,-0.0101816290989518,106,114,92,90
straight_ahead,0.5901240110397339,0.5763639211654663,-0.0435241013765335,0.3914949595928192,0.5731620788574219,-0.0346893444657325,0.7392275929450989,0.6101077198982239,-0.1969263851642608,0.2483190596103668,0.5866706967353821,-0.2989729344844818,0.7217899560928345,0.4249992370605469,-0.407372236251831,0.290540486574173,0.391950249671936,-0.6034615635871887,0.5684018135070801,0.929688572883606,0.0050385100767016,0.4390506744384765,0.9321501851081848,-0.0031634992919862,105,114,108,108
straight_ahead,0.5901676416397095,0.5751074552536011,-0.0408611074090004,0.3919858634471893,0.571422278881073,-0.0332696549594402,0.7387118339538574,0.6103352904319763,-0.2206229418516159,0.2493933737277984,0.5883952379226685,-0.3310114443302154,0.6925837993621826,0.4275126457214355,-0.4213555753231048,0.3122838735580444,0.407316505908966,-0.6500415802001953,0.5680721402168274,0.9293991923332214,0.0006127568776719,0.4387321472167969,0.931690752506256,0.001188845722936,105,112,118,116
straight_ahead,0.5902881026268005,0.574846088886261,-0.0425353832542896,0.3922351896762848,0.5714251399040222,-0.0362011902034282,0.7388107180595398,0.611561119556427,-0.232030913233757,0.2509683668613434,0.5886403918266296,-0.3243620991706848,0.6958275437355042,0.4280629158020019,-0.4389567375183105,0.3090088367462158,0.4085809588432312,-0.6285320520401001,0.5679801106452942,0.9293873310089112,0.0003306124999653,0.4386994242668152,0.9309763312339784,0.0015062135644257,104,112,117,115
straight_ahead,0.5903217792510986,0.5747950673103333,-0.0431115627288818,0.3926230072975158,0.5714303851127625,-0.0300549902021884,0.7388703227043152,0.6115459203720093,-0.2154930830001831,0.2511288225650787,0.588319718837738,-0.2679986357688904,0.7041280269622803,0.4268353879451751,-0.4293276667594909,0.2951343655586242,0.4079445004463196,-0.5300538539886475,0.5679686069488525,0.9293697476387024,-0.0009861601283773,0.4387789666652679,0.9308655858039856,0.0028960027266293,104,112,115,111
straight_ahead,0.590022087097168,0.5748489499092102,-0.050986148416996,0.3918185234069824,0.5721307396888733,-0.0388492755591869,0.7388563752174377,0.608084499835968,-0.2069385945796966,0.2512562572956085,0.5883435606956482,-0.2564164102077484,0.7171808481216431,0.4150551855564117,-0.4201869964599609,0.2789438664913177,0.4004391431808471,-0.5292288064956665,0.5679656267166138,0.9298206567764282,-0.0009998787427321,0.4388202726840973,0.9315947890281676,0.0028833239339292,105,112,109,105
straight_ahead,0.590028703212738,0.5746715068817139,-0.0509580746293067,0.3916306495666504,0.5721514225006104,-0.0423429831862449,0.7384334802627563,0.604123055934906,-0.1638282239437103,0.2499841749668121,0.5883805751800537,-0.2427271157503128,0.7641509771347046,0.4159757494926452,-0.3828013837337494,0.2341266125440597,0.3963707387447357,-0.5285141468048096,0.5679694414138794,0.9298187494277954,7.086609548423439e-05,0.4387967586517334,0.9316053986549376,0.0018022982403635,106,112,93,92
straight_ahead,0.5901445746421814,0.5745561122894287,-0.043661069124937,0.3915882706642151,0.5722330212593079,-0.0521721728146076,0.7382358908653259,0.6015457510948181,-0.114821121096611,0.2485858649015426,0.5884210467338562,-0.2342691123485565,0.7778275609016418,0.418906420469284,-0.3216989934444427,0.212113931775093,0.3966298699378967,-0.5205177068710327,0.5680092573165894,0.9303473830223083,0.0011419794755056,0.4388966560363769,0.9319171905517578,0.0007969645666889,107,113,88,86
straight_ahead,0.5908603072166443,0.5748839974403381,-0.0852762013673782,0.3918268382549286,0.5722464919090271,-0.1567402780055999,0.738235354423523,0.601761519908905,-0.1052159890532493,0.2483633756637573,0.587882399559021,-0.2974356412887573,0.7995849847793579,0.4460883140563965,-0.2765725255012512,0.1751235872507095,0.4207097589969635,-0.5679744482040405,0.5682216882705688,0.9305382370948792,0.0024783227127045,0.4396614134311676,0.931935966014862,-0.0005443260888569,107,113,79,73
straight_ahead,0.5916496515274048,0.5749789476394653,-0.0567078366875648,0.3923214673995971,0.5723191499710083,-0.1259044557809829,0.7383694648742676,0.601613461971283,-0.0801386684179306,0.2488711327314376,0.5883452892303467,-0.2768508791923523,0.801169216632843,0.4582477807998657,-0.2816580832004547,0.1714790910482406,0.436764657497406,-0.5513030290603638,0.5693028569221497,0.9310614466667176,0.0052628805860877,0.4413527548313141,0.932226300239563,-0.0033070866484194,107,113,77,69
straight_ahead,0.5920771360397339,0.5749727487564087,-0.0519721284508705,0.3926249146461487,0.5723506808280945,-0.1184957846999168,0.7384467124938965,0.6014384031295776,-0.0737211033701896,0.2489011585712433,0.5883007049560547,-0.2742775082588196,0.8016837239265442,0.4577179551124573,-0.2610226273536682,0.1715174615383148,0.4354311823844909,-0.5510409474372864,0.5694847106933594,0.9314972758293152,0.0057459413073956,0.4416480958461761,0.9326558709144592,-0.0037747714668512,107,113,76,69
straight_ahead,0.5920864343643188,0.5747900009155273,-0.0485139265656471,0.3926513791084289,0.5724981427192688,-0.1008303016424179,0.7378774881362915,0.6002255082130432,-0.0979990512132644,0.2485962808132171,0.5882921814918518,-0.2376778572797775,0.7931514382362366,0.4548511505126953,-0.3139585852622986,0.18324014544487,0.4272891283035278,-0.515022873878479,0.5694989562034607,0.9321014881134032,0.0059053041040897,0.4416649937629699,0.9332626461982728,-0.0039301719516515,107,113,79,74
straight_ahead,0.5918576121330261,0.5748188495635986,-0.0452445484697818,0.3926512897014618,0.572521984577179,-0.0506371259689331,0.7379716038703918,0.5971764326095581,-0.1508645564317703,0.2489837110042572,0.5881836414337158,-0.2219250202178955,0.7618880271911621,0.4195357263088226,-0.3724126815795898,0.2211414277553558,0.4004525244235992,-0.4756067395210266,0.5694290995597839,0.9322511553764344,0.0037301424890756,0.4415167272090912,0.9332624077796936,-0.0017437491333112,108,113,91,88
straight_ahead,0.5916067361831665,0.5749799609184265,-0.045174840837717,0.3925331234931946,0.5722383260726929,-0.0431021451950073,0.7379658222198486,0.5945891737937927,-0.1643798947334289,0.2491931617259979,0.5879342555999756,-0.2190470248460769,0.748328685760498,0.4106826186180115,-0.3784711360931396,0.2404952049255371,0.3905982971191406,-0.459777683019638,0.5691110491752625,0.9320245981216432,0.0021011042408645,0.441101461648941,0.9320493340492249,-0.0001764459739206,109,113,94,94
straight_ahead,0.591572642326355,0.5748680830001831,-0.0449321940541267,0.3925608992576599,0.5722429156303406,-0.0472266562283039,0.7380532026290894,0.5948055386543274,-0.2052643001079559,0.2500714361667633,0.5911446213722229,-0.3386552929878235,0.7215784192085266,0.4102865159511566,-0.4153105616569519,0.2990956902503967,0.4013396501541137,-0.6683846712112427,0.5684213042259216,0.9310378432273864,0.0013410694664344,0.440722644329071,0.931845247745514,0.0006277618231251,109,112,103,112
straight_ahead,0.5912622809410095,0.5747782588005066,-0.0453779473900795,0.3925127387046814,0.5722445249557495,-0.0407828316092491,0.7382044792175293,0.594910740852356,-0.2269273698329925,0.2519002556800842,0.5932420492172241,-0.3206326365470886,0.7130674123764038,0.4123541116714477,-0.4456380903720855,0.3109889924526214,0.4063930511474609,-0.6252187490463257,0.5678800344467163,0.930813193321228,-0.0024398860987275,0.4395798742771148,0.9318697452545166,0.0045127989724278,109,111,106,116
straight_ahead,0.591474175453186,0.5744590163230896,-0.0828565955162048,0.3927350640296936,0.5722658038139343,-0.0463447496294975,0.7384247779846191,0.59590083360672,-0.2657658457756042,0.2518333196640014,0.5922715663909912,-0.2803223729133606,0.7050269842147827,0.4140186905860901,-0.481536865234375,0.2951392531394958,0.4054622948169708,-0.5184834599494934,0.5678204894065857,0.9309638738632202,-0.0059706470929086,0.4395239353179931,0.9318822622299194,0.0079408828169107,109,111,109,111
straight_ahead,0.5913993120193481,0.574101448059082,-0.0851949900388717,0.3927536904811859,0.5722266435623169,-0.0477564446628093,0.7386155724525452,0.5960659384727478,-0.2598796784877777,0.2524521946907043,0.5917755365371704,-0.2474378645420074,0.7061326503753662,0.4138879776000976,-0.4842391014099121,0.2842307686805725,0.4029153287410736,-0.471343457698822,0.5678077936172485,0.9306698441505432,-0.0067855394445359,0.4395216107368469,0.9314752221107484,0.0087641244754195,109,111,109,107
straight_ahead,0.5913538336753845,0.5742997527122498,-0.0785176157951355,0.3927658200263977,0.5723077654838562,-0.0518692843616008,0.7387322187423706,0.5951405763626099,-0.232938528060913,0.2524377405643463,0.5903306603431702,-0.2223516255617141,0.7119762897491455,0.404891699552536,-0.4676662385463714,0.2544540762901306,0.393658697605133,-0.4460521638393402,0.5680323839187622,0.9309406876564026,-0.0066179647110402,0.4395440220832824,0.9316452741622924,0.0086373221129179,109,111,106,98
straight_ahead,0.5913286805152893,0.5742950439453125,-0.058778990060091,0.3927250504493713,0.5723116993904114,-0.0521965213119983,0.7386240363121033,0.5945432186126709,-0.1675755083560943,0.2511983513832092,0.5892655253410339,-0.1975965350866317,0.7386462688446045,0.4044943451881408,-0.3946534991264343,0.2204576432704925,0.3902243077754974,-0.4302745461463928,0.5682435631752014,0.9309200644493104,-0.0031232077162712,0.4396676421165466,0.9314365386962892,0.0050605223514139,109,112,98,88
straight_ahead,0.5920748710632324,0.5737648606300354,-0.0318992473185062,0.3929145038127899,0.5723046064376831,-0.0605571754276752,0.7395159006118774,0.5894995927810669,-0.1013024300336837,0.250682532787323,0.5879784226417542,-0.1966934502124786,0.7763835787773132,0.4058253169059753,-0.3187107443809509,0.1859908699989318,0.3980730175971985,-0.444132000207901,0.5683062672615051,0.9309414625167848,0.0018127843504771,0.4396716654300689,0.9314331412315368,0.0001728610368445,111,113,85,77
straight_ahead,0.5935729742050171,0.5737237930297852,-0.0344949886202812,0.3929187059402466,0.5722996592521667,-0.1053182333707809,0.7397763729095459,0.5873622894287109,-0.1112229973077774,0.2509384155273437,0.5877670645713806,-0.2157791554927826,0.7946604490280151,0.4211463332176208,-0.3233572244644165,0.1701684147119522,0.4293468594551086,-0.4931343197822571,0.5686629414558411,0.9308053851127625,0.0043239048682153,0.439810037612915,0.9312680959701538,-0.0024081270676106,111,113,77,69
straight_ahead,0.5949812531471252,0.5736888647079468,-0.0425595305860042,0.3929595649242401,0.5722890496253967,-0.1252547204494476,0.7401778101921082,0.586920440196991,-0.1137662529945373,0.2513021230697632,0.5872031450271606,-0.2461344003677368,0.799293577671051,0.4288510680198669,-0.323127269744873,0.1625204235315323,0.4409745037555694,-0.5226092338562012,0.5690215826034546,0.9299772381782532,0.0083359535783529,0.4398908019065857,0.9301016926765442,-0.0063815875910222,111,113,75,65
straight_ahead,0.5953079462051392,0.5735016465187073,-0.0443673059344291,0.3930243849754333,0.5723175406455994,-0.1091572791337966,0.7403357625007629,0.586129903793335,-0.1097054705023765,0.2511363327503204,0.5871984362602234,-0.2096464931964874,0.7954438924789429,0.4281604886054992,-0.3301871716976166,0.1625587493181228,0.4443660378456116,-0.4511424601078033,0.569057047367096,0.9300305247306824,0.0079744374379515,0.439901739358902,0.9301068782806396,-0.0060442849062383,111,113,76,64
straight_ahead,0.5953261852264404,0.5733696818351746,-0.0337377525866031,0.3931295573711395,0.5723598003387451,-0.0932547450065612,0.7403370141983032,0.5856854319572449,-0.0993892475962638,0.2506537437438965,0.5872429609298706,-0.1892668604850769,0.7900238633155823,0.426810473203659,-0.3144585788249969,0.1680781096220016,0.4407522082328796,-0.4333718717098236,0.5691314935684204,0.9299859404563904,0.0080896243453025,0.4399331510066986,0.9300939440727234,-0.0061368187889456,112,113,77,67
straight_ahead,0.5845453143119812,0.5612244009971619,0.0254418794065713,0.3887763321399688,0.571294367313385,-0.0959841236472129,0.7132760882377625,0.5696554780006409,0.0187573544681072,0.2423851490020752,0.582612931728363,-0.1888777911663055,0.7647885084152222,0.4218206703662872,-0.1582681387662887,0.1661997139453888,0.4102819263935089,-0.3890129625797272,0.5696495175361633,0.9299774169921876,0.0093606514856219,0.4388107657432556,0.9362876415252686,-0.007706650532782,108,115,75,71
straight_ahead,0.5862144231796265,0.561352550983429,0.03524986281991,0.3907126784324646,0.5716530680656433,-0.069331906735897,0.7135537266731262,0.5718480348587036,-0.0319894179701805,0.2434498518705368,0.5866535902023315,-0.1885717958211898,0.7809897661209106,0.4432173669338226,-0.3162872791290283,0.1586717665195465,0.4388074576854706,-0.4710382521152496,0.5696593523025513,0.9299234747886658,0.0099205002188682,0.4388585984706878,0.9365257620811462,-0.0082683879882097,107,113,67,66
straight_ahead,0.5872575044631958,0.5615002512931824,0.0346112474799156,0.3921754658222198,0.572285532951355,-0.0652306526899337,0.7136164903640747,0.5730531215667725,-0.0331748984754085,0.2442403137683868,0.5887230634689331,-0.1545007526874542,0.7859846353530884,0.4538514018058777,-0.2945550084114074,0.1564463973045349,0.4468960464000702,-0.4123303294181824,0.5697828531265259,0.9299672842025756,0.0083572790026664,0.4390935003757477,0.9376980066299438,-0.0066810520365834,107,113,64,65
straight_ahead,0.5872552990913391,0.5613501667976379,0.0553800165653228,0.392642617225647,0.5722996592521667,-0.0604851059615612,0.7138153314590454,0.5739229917526245,0.0531069114804267,0.2442748248577118,0.5883743762969971,-0.163031056523323,0.7783139944076538,0.4488985240459442,-0.1044748798012733,0.1671701371669769,0.4363931715488434,-0.4142517447471618,0.5697904825210571,0.9297177195549012,0.0108218938112258,0.4393779337406158,0.9376877546310424,-0.0091618048027157,106,113,68,69
straight_ahead,0.5866340398788452,0.5613837838172913,0.0507311820983886,0.3925463259220123,0.5717363357543945,-0.065197579562664,0.7152352929115295,0.5724890232086182,0.0282655507326126,0.2437402755022049,0.5878525376319885,-0.1850593388080597,0.7604162096977234,0.4090532660484314,-0.148462027311325,0.2094729393720626,0.3850637972354889,-0.4198216497898102,0.569839358329773,0.9297162294387816,0.0118532497435808,0.4403356909751892,0.9376760721206664,-0.0101841492578387,107,113,79,87
straight_ahead,0.5864584445953369,0.5607808232307434,0.0493659451603889,0.3931659162044525,0.571356475353241,-0.0640529617667198,0.7153066396713257,0.571488082408905,-0.005504397675395,0.244740754365921,0.5853328108787537,-0.271467387676239,0.7171595096588135,0.3960816562175751,-0.1576506048440933,0.2782635688781738,0.3803681135177612,-0.5293429493904114,0.5698479413986206,0.9296780824661256,0.0126540418714284,0.4404545426368713,0.9371686577796936,-0.0109828021377325,107,114,94,105
straight_ahead,0.5863783359527588,0.5606759190559387,0.0502618364989757,0.3942482471466064,0.5713282823562622,-0.0617442354559898,0.7156656980514526,0.5704759359359741,-0.0312823839485645,0.246602177619934,0.5839484930038452,-0.307159960269928,0.7026702165603638,0.3911802172660827,-0.1668146401643753,0.2932257354259491,0.3839898705482483,-0.5671499967575073,0.569820761680603,0.9296593070030212,0.0131612094119191,0.4408372938632965,0.9369328618049622,-0.0115191470831632,108,114,98,108
straight_ahead,0.5863038301467896,0.5602756142616272,0.0595264732837677,0.3952936828136444,0.5713433623313904,-0.0345562472939491,0.7148383855819702,0.5700232982635498,-0.0092564290389418,0.2535019218921661,0.5838136672973633,-0.2881779968738556,0.6681898236274719,0.3938508331775665,-0.0234042424708604,0.3288515210151672,0.391266793012619,-0.4810542464256286,0.569988489151001,0.9289673566818236,0.0141269415616989,0.4408424794673919,0.9345793128013612,-0.0126595590263605,108,113,109,116
straight_ahead,0.5862997770309448,0.5579982995986938,0.0476930439472198,0.3955778479576111,0.5711680054664612,-0.032805360853672,0.7148605585098267,0.5700533986091614,-0.0571061559021472,0.2539631724357605,0.5839527249336243,-0.3382071852684021,0.6686938405036926,0.3946785628795624,-0.1001328006386756,0.3189440071582794,0.3950237929821014,-0.5746306777000427,0.5699940919876099,0.9283943176269532,0.0117284590378403,0.4404869675636291,0.9325984716415404,-0.0103905042633414,107,113,110,114
straight_ahead,0.5863443613052368,0.5587171912193298,0.0321516655385494,0.3951628804206848,0.5716004967689514,-0.0460502207279205,0.7156025767326355,0.5695397853851318,-0.0715831592679023,0.2518137097358703,0.584834635257721,-0.3301365971565246,0.687239408493042,0.3918954133987427,-0.2218604385852813,0.2929321527481079,0.3886390030384063,-0.6141759753227234,0.5698608160018921,0.929692268371582,0.0117212776094675,0.4401706755161285,0.9355453252792358,-0.0103801414370536,107,113,104,107
straight_ahead,0.5862930417060852,0.5596676468849182,0.0196804851293563,0.3948872089385986,0.5726312398910522,-0.0596369877457618,0.7161267995834351,0.5695011019706726,-0.0654057562351226,0.2494380176067352,0.5855149626731873,-0.3023127615451813,0.6905872821807861,0.3946080505847931,-0.2260325700044632,0.2903844714164734,0.3843103647232055,-0.5595528483390808,0.5699276328086853,0.9304266571998596,0.0098986839875578,0.4434604048728943,0.9363839030265808,-0.008390923961997,108,114,103,107
straight_ahead,0.5864277482032776,0.5612685084342957,0.0225547906011343,0.394351989030838,0.5726184844970703,-0.0636235475540161,0.7180300951004028,0.5744327902793884,-0.0206094738095998,0.2461940497159958,0.587128758430481,-0.2471231967210769,0.7420824766159058,0.3971803784370422,-0.2163422405719757,0.2164678126573562,0.3857415020465851,-0.5216267108917236,0.56993168592453,0.9296478033065796,0.0106978937983512,0.4428562521934509,0.9356218576431274,-0.0090330820530653,107,114,88,87
straight_ahead,0.5870235562324524,0.5618219375610352,0.0248981490731239,0.394339919090271,0.5724565386772156,-0.0629758462309837,0.7183018922805786,0.5765548944473267,0.0183498915284872,0.244913101196289,0.5873296856880188,-0.2175735235214233,0.7576757073402405,0.4087251722812652,-0.1572127640247345,0.1935430467128753,0.3859089314937591,-0.4769865572452545,0.5699347257614136,0.9284958243370056,0.0115165431052446,0.4420754015445709,0.9339780211448668,-0.0097734052687883,106,114,83,81
straight_ahead,0.587844729423523,0.562515139579773,0.0241890456527471,0.3943819403648376,0.5722941756248474,-0.0927992537617683,0.718889594078064,0.5765702128410339,0.0263269934803247,0.2448738366365432,0.5869377255439758,-0.2221280336380005,0.7761439681053162,0.426410049200058,-0.1522470116615295,0.1705406755208969,0.4134467542171478,-0.4800333380699157,0.5700423121452332,0.9272582530975342,0.0147935049608349,0.4421371519565582,0.9336338639259338,-0.0129481079056859,107,114,75,72
straight_ahead,0.5881070494651794,0.5628529191017151,0.024219948798418,0.3942948579788208,0.5723863840103149,-0.0885372459888458,0.71902996301651,0.5764645338058472,0.0008619335712864,0.24495530128479,0.5859500169754028,-0.1986282765865326,0.7745646238327026,0.4267453253269195,-0.2187158316373825,0.176308587193489,0.4119971692562103,-0.4448912143707275,0.5700339078903198,0.927410125732422,0.014709934592247,0.4417837560176849,0.9336816668510436,-0.0128792924806475,107,114,76,74
straight_ahead,0.5881181955337524,0.5633555054664612,0.0317177437245845,0.3931025564670563,0.5734058022499084,-0.062757484614849,0.7214019894599915,0.5764306783676147,-0.0177411008626222,0.2449471205472946,0.5861943960189819,-0.2027096003293991,0.7664583325386047,0.4089844822883606,-0.232539102435112,0.1899989545345306,0.3871098458766937,-0.4979512095451355,0.5699812173843384,0.9283705949783324,0.0147590413689613,0.4417290091514587,0.9350799322128296,-0.0129695041105151,108,114,81,80
straight_ahead,0.5880304574966431,0.5644903182983398,0.0271611399948596,0.3927089869976043,0.5735264420509338,-0.0746112912893295,0.7226256728172302,0.5765051245689392,-0.0177068971097469,0.2448825091123581,0.5870203375816345,-0.2751966416835785,0.7578452229499817,0.4053715765476227,-0.2261573523283004,0.2191459238529205,0.381755530834198,-0.5494276881217957,0.5696535110473633,0.9289590716362,0.0147087154909968,0.4406408667564392,0.935761570930481,-0.0129288639873266,108,114,83,88
straight_ahead,0.5882211923599243,0.5644272565841675,0.0011314899893477,0.3932717442512512,0.5736449956893921,-0.0753202065825462,0.7235828042030334,0.5788155794143677,-0.1133197695016861,0.245798110961914,0.5870000123977661,-0.3637693524360657,0.7177149057388306,0.4045517146587372,-0.2854684889316559,0.2843423187732696,0.3833568394184112,-0.675359845161438,0.5696532726287842,0.929194450378418,0.0123848170042037,0.4407038688659668,0.9357811212539672,-0.0105998488143086,108,114,98,106
straight_ahead,0.588409960269928,0.5640409588813782,0.0065595335327088,0.3936963081359863,0.5735599398612976,-0.0717951506376266,0.7235584855079651,0.5790700316429138,-0.1099956855177879,0.2469590604305267,0.5870007276535034,-0.3665363788604736,0.6999833583831787,0.4045158922672272,-0.2660732567310333,0.2993051707744598,0.3858059346675873,-0.6649496555328369,0.5696253776550293,0.9291293025016784,0.0114264041185379,0.4403607249259949,0.9356337785720824,-0.0096763586625456,107,114,104,110
straight_ahead,0.5885401368141174,0.5640395879745483,-0.0086936820298433,0.3946035504341125,0.5734321475028992,-0.0656274408102035,0.723512589931488,0.579672634601593,-0.1294938325881958,0.2552762627601623,0.5871396660804749,-0.3828598856925964,0.6664729714393616,0.4194006025791168,-0.2136791199445724,0.3309485614299774,0.4063491821289062,-0.6526733040809631,0.5702022314071655,0.9292290806770324,0.0078060352243483,0.4406406879425049,0.935516595840454,-0.0062605002894997,107,112,116,118
straight_ahead,0.5893415212631226,0.5638913512229919,-0.0022189409937709,0.3950749635696411,0.5733378529548645,-0.0633990168571472,0.7236616611480713,0.5809704065322876,-0.1168405190110206,0.2561089992523193,0.5886284112930298,-0.386087954044342,0.6717953085899353,0.4227846264839172,-0.212182804942131,0.3207146525382995,0.4116892516613006,-0.6702104210853577,0.5699626803398132,0.9280815720558168,0.0079158712178468,0.4393331110477447,0.9332107305526732,-0.0063569014891982,107,112,115,116
straight_ahead,0.5895745754241943,0.5638863444328308,0.0011466258438304,0.3960083425045013,0.5730494260787964,-0.0602853670716285,0.7235809564590454,0.5811606645584106,-0.1142245978116989,0.2563488185405731,0.5887905955314636,-0.3659042716026306,0.6784869432449341,0.4222414791584015,-0.2263782918453216,0.313931792974472,0.4102860391139984,-0.6446164846420288,0.569526195526123,0.9261294007301332,0.0079802870750427,0.4390069544315338,0.930811047554016,-0.0063935192301869,107,112,113,114
straight_ahead,0.5894104242324829,0.5644018650054932,-0.0045848875306546,0.3959939479827881,0.5730921030044556,-0.0632974281907081,0.7236567735671997,0.581813633441925,-0.1053458005189895,0.2562439739704132,0.5886898040771484,-0.3018075227737427,0.7032286524772644,0.4162036180496216,-0.2792860865592956,0.292592704296112,0.4001060426235199,-0.5724459290504456,0.5695514678955078,0.9269010424613952,0.0075984699651598,0.441171258687973,0.9333083033561708,-0.0059682503342628,107,112,104,107
straight_ahead,0.5893954038619995,0.5652078986167908,0.0335778556764125,0.3959427773952484,0.5730962753295898,-0.0452442839741706,0.7244040966033936,0.5827695727348328,-0.0248621683567762,0.2536925375461578,0.589047372341156,-0.1604457348585128,0.7472547888755798,0.4161663055419922,-0.2562074363231659,0.2302968204021453,0.3942736983299255,-0.3804585039615631,0.5694929361343384,0.9256996512413024,0.0079471450299024,0.4412148594856262,0.9323664903640748,-0.0062852874398231,107,112,90,90
straight_ahead,0.5895296335220337,0.5652129054069519,0.0113561740145087,0.3960912227630615,0.5730840563774109,-0.0700906440615654,0.7243715524673462,0.5848118662834167,-0.0419044941663742,0.2527671456336975,0.589553713798523,-0.2264402359724044,0.7609336972236633,0.4215615391731262,-0.2624840438365936,0.2115650177001953,0.3951947391033172,-0.474771648645401,0.5694953203201294,0.9243910908699036,0.0116116162389516,0.4412047863006592,0.9319573640823364,-0.0098387217149138,106,112,86,85
straight_ahead,0.5903064012527466,0.5652188062667847,0.0123619614169001,0.3962443172931671,0.57281893491745,-0.0923822969198226,0.724751353263855,0.5848401784896851,-0.0177358966320753,0.252731591463089,0.5898928046226501,-0.2627673149108886,0.7840380668640137,0.4384092688560486,-0.2445698082447052,0.1858958005905151,0.4164846837520599,-0.6259275674819946,0.5699412226676941,0.9245164394378662,0.0150420097634196,0.4414015710353851,0.9328583478927612,-0.0131930606439709,106,112,76,76
straight_ahead,0.5905653238296509,0.565208375453949,-0.0072635849937796,0.3965690732002258,0.5726766586303711,-0.0943866595625877,0.7253748178482056,0.5850642919540405,-0.0587436184287071,0.252701073884964,0.5896967649459839,-0.2350648343563079,0.7855182886123657,0.4410101473331451,-0.3226040303707123,0.1873149126768112,0.4151287674903869,-0.5146958827972412,0.5703298449516296,0.9243919253349304,0.015337717719376,0.4428666532039642,0.9328119158744812,-0.0135298278182744,106,112,76,76
straight_ahead,0.590755820274353,0.5652062892913818,-0.0146553087979555,0.3970419764518738,0.5721874237060547,-0.0914683118462562,0.7254877686500549,0.585476279258728,-0.0815179869532585,0.2526450157165527,0.5890653729438782,-0.2286254167556762,0.781103789806366,0.4417756795883178,-0.3346078097820282,0.1926158368587494,0.4101616740226745,-0.5104343891143799,0.5704039335250854,0.9245526194572448,0.0146795511245727,0.4438955187797546,0.9329997301101683,-0.012883867137134,106,112,77,78
straight_ahead,0.5907315611839294,0.5659191012382507,-0.011469280347228,0.3969983458518982,0.5721055865287781,-0.0884672924876213,0.7265615463256836,0.5862109065055847,-0.0781752169132232,0.2526013255119324,0.5880061984062195,-0.2312898337841034,0.7745020985603333,0.4245266616344452,-0.3268561661243438,0.2198359221220016,0.3922113180160522,-0.485257089138031,0.570207953453064,0.9245869517326356,0.0135168181732296,0.4443966448307037,0.9327145218849182,-0.011748825199902,106,113,82,87
straight_ahead,0.5910999774932861,0.5658624172210693,-0.0136541873216629,0.3982139825820923,0.5718317031860352,-0.073129117488861,0.7268086075782776,0.5880275368690491,-0.1063181608915329,0.2538560032844543,0.5865331292152405,-0.2729026079177856,0.7293215990066528,0.4197246134281158,-0.3027308583259582,0.2846110165119171,0.3916216194629669,-0.5661150217056274,0.5701722502708435,0.9243366122245787,0.0084042344242334,0.4447452127933502,0.9310979843139648,-0.0066132047213613,106,113,98,105
straight_ahead,0.5952960252761841,0.5733755230903625,-0.0362399443984031,0.3931335210800171,0.5725396871566772,-0.11079653352499,0.7403367757797241,0.5864874124526978,-0.0713523775339126,0.2506935894489288,0.5870529413223267,-0.2237492054700851,0.7976847290992737,0.4307105839252472,-0.2509784698486328,0.1684817373752594,0.439267635345459,-0.4859522879123688,0.5695393085479736,0.9312722086906432,0.0086894845589995,0.4404294490814209,0.9309470057487488,-0.0067237108014523,111,113,75,67
straight_ahead,0.5946770310401917,0.5735167860984802,-0.0712039992213249,0.3930352926254272,0.5725452899932861,-0.0902204513549804,0.7403438687324524,0.5885968804359436,-0.1985873281955719,0.250385969877243,0.5863730311393738,-0.2170007973909378,0.7808858156204224,0.4192602038383484,-0.4456616044044494,0.1842755377292633,0.402483731508255,-0.4521988034248352,0.5691741704940796,0.9312446117401124,0.0064660683274269,0.4395999014377594,0.9308788180351256,-0.004577012732625,111,113,82,76
straight_ahead,0.5947295427322388,0.5735539197921753,-0.0508169718086719,0.3934391736984253,0.5726760625839233,-0.0898896902799606,0.7403801679611206,0.5884409546852112,-0.1185492724180221,0.2504304349422455,0.5851136445999146,-0.2162456810474395,0.78861004114151,0.4205991625785827,-0.3262379169464111,0.1783397495746612,0.4058223068714142,-0.459672600030899,0.5692489147186279,0.9313958883285522,0.006806488148868,0.4396023154258728,0.9310571551322936,-0.0048996796831488,111,114,80,73
straight_ahead,0.5947420597076416,0.5735618472099304,-0.0552359297871589,0.3933400511741638,0.5728464126586914,-0.1312389373779297,0.7402453422546387,0.5884296894073486,-0.0857952833175659,0.2504087388515472,0.5852095484733582,-0.2807343006134033,0.7994443774223328,0.4299245178699493,-0.2498723268508911,0.1722669601440429,0.4188865125179291,-0.5581150650978088,0.5694571733474731,0.931801736354828,0.0072572426870465,0.4398398995399475,0.931370198726654,-0.0053355237469077,111,114,75,70
straight_ahead,0.5947340726852417,0.5735863447189331,-0.043830506503582,0.3933378458023071,0.5728943943977356,-0.1194170862436294,0.7399436831474304,0.5884656310081482,-0.0834614783525466,0.2503140270709991,0.5851803421974182,-0.2770431637763977,0.8004381060600281,0.4330593049526214,-0.2767228186130523,0.1721794754266739,0.4210227429866791,-0.5485325455665588,0.5695186853408813,0.9318020939826964,0.0077448501251637,0.4401113390922546,0.9313599467277528,-0.0058810305781662,111,114,75,69
straight_ahead,0.5942742824554443,0.5736245512962341,-0.0409569554030895,0.3933373093605041,0.5729091167449951,-0.0620794110000133,0.7393102049827576,0.5884140133857727,-0.1053327694535255,0.250314861536026,0.5846587419509888,-0.185616448521614,0.7944761514663696,0.4278830587863922,-0.3330297172069549,0.1844263821840286,0.4070125818252563,-0.4272798895835876,0.5692012310028076,0.931642770767212,0.0071820975281298,0.4398567676544189,0.9306696653366088,-0.0053861001506447,111,114,77,74
straight_ahead,0.5929280519485474,0.5736272931098938,-0.0429977849125862,0.3932925462722778,0.572918176651001,-0.0538973622024059,0.7391338348388672,0.5890061855316162,-0.1725876033306121,0.2505825757980346,0.5846112370491028,-0.2150875031948089,0.754714846611023,0.4149931669235229,-0.392292708158493,0.2261904925107956,0.3914787471294403,-0.4790583252906799,0.5689735412597656,0.9313220381736756,0.0071655833162367,0.4398648738861084,0.9305685758590698,-0.0053674159571528,110,114,91,87
straight_ahead,0.5923783183097839,0.5735844373703003,-0.0608002431690692,0.39335498213768,0.5726190209388733,-0.0223308689892292,0.7380260229110718,0.5886472463607788,-0.2183208465576172,0.2513830065727234,0.5847869515419006,-0.2104048728942871,0.7158219218254089,0.4053080677986145,-0.4203196167945862,0.2676175236701965,0.3895306587219238,-0.4670995771884918,0.5687964558601379,0.9313785433769226,-0.0045391740277409,0.4402655065059662,0.9306203722953796,0.0060728322714567,110,114,103,100
straight_ahead,0.5916719436645508,0.5735481381416321,-0.0621050596237182,0.3932848274707794,0.5724905133247375,-0.0118456920608878,0.736826479434967,0.5877243280410767,-0.2238894701004028,0.2520492672920227,0.5846267938613892,-0.224244087934494,0.7029818296432495,0.4012351930141449,-0.410705417394638,0.2821415066719055,0.3918479681015014,-0.4968608319759369,0.5686021447181702,0.9312304854393004,-0.0096496166661381,0.4403592944145202,0.9302859902381896,0.0111248036846518,111,114,106,104
straight_ahead,0.5919311046600342,0.5727708339691162,-0.0923992991447448,0.3936355412006378,0.5718710422515869,-0.0223514344543218,0.7366126775741577,0.5876405239105225,-0.3204870522022247,0.2552351355552673,0.5849032998085022,-0.2850741744041443,0.6742786169052124,0.4050543010234833,-0.5200889706611633,0.3114625215530395,0.4011832773685455,-0.5866472125053406,0.568601131439209,0.9304088950157166,-0.0100701777264475,0.4403719007968902,0.9297481775283812,0.0116242207586765,110,113,115,112
straight_ahead,0.5923495292663574,0.5719430446624756,-0.1415295451879501,0.3940139412879944,0.5715352296829224,-0.0306025203317403,0.7365297675132751,0.5875121355056763,-0.3633801639080047,0.2566945254802704,0.5854585766792297,-0.2678641378879547,0.66844242811203,0.4077395796775818,-0.5585179328918457,0.314684122800827,0.406699001789093,-0.475456953048706,0.5684280395507812,0.9299336671829224,-0.0135403424501419,0.4402565360069275,0.9295438528060912,0.0151674197986722,110,112,117,114
straight_ahead,0.5921885371208191,0.5719255208969116,-0.0975735485553741,0.3932252526283264,0.5720824003219604,-0.0145400017499923,0.736578643321991,0.587384819984436,-0.2952420115470886,0.2565660774707794,0.5849159359931946,-0.2612496018409729,0.6898868083953857,0.4040427803993225,-0.4836723804473877,0.2918626666069031,0.3979348242282867,-0.47906693816185,0.5684397220611572,0.9299289584159852,-0.0130875539034605,0.4403373301029205,0.9296147227287292,0.014764092862606,110,113,110,106
straight_ahead,0.5920988321304321,0.5719217658042908,-0.0824238657951355,0.3919710516929626,0.5729648470878601,-0.0176735781133174,0.7365806102752686,0.5868703126907349,-0.2627320289611816,0.2560165524482727,0.5848942995071411,-0.2560464739799499,0.6978582143783569,0.3989137411117553,-0.4553328156471252,0.2808348834514618,0.3945381343364715,-0.5164563059806824,0.5684598684310913,0.9299306273460388,-0.0122316284105181,0.4403406977653503,0.929940938949585,0.0139254629611969,110,113,108,102
straight_ahead,0.5916308760643005,0.5725347995758057,-0.0810724049806594,0.3913251459598541,0.5748571157455444,-0.0547227151691913,0.7366754412651062,0.586894154548645,-0.2142786979675293,0.2544571161270141,0.583888053894043,-0.2299434691667556,0.7216118574142456,0.3950700163841247,-0.440194308757782,0.2417543828487396,0.3868073523044586,-0.4654174447059631,0.5684603452682495,0.9307971596717834,-0.0092081222683191,0.4403611123561859,0.9307487607002258,0.0109884683042764,110,114,100,90
straight_ahead,0.5915638208389282,0.5726616382598877,-0.046128049492836,0.3912252783775329,0.5750364065170288,-0.0538301169872283,0.7367225289344788,0.5885893702507019,-0.1158882230520248,0.2533379197120666,0.5835080742835999,-0.1845253109931945,0.7674460411071777,0.3987551033496856,-0.3236640095710754,0.2010856419801712,0.3883838057518005,-0.424304723739624,0.5687601566314697,0.9311145544052124,-0.0069490065798163,0.4404278397560119,0.9309127926826476,0.008783696219325,110,115,87,79
straight_ahead,0.5916260480880737,0.5726101398468018,-0.0367423221468925,0.3911598026752472,0.575045645236969,-0.0840367153286933,0.7374401092529297,0.5885250568389893,-0.0844842717051506,0.2528674602508545,0.583290159702301,-0.2024409472942352,0.7864016890525818,0.4121650159358978,-0.2790450751781463,0.1823674291372299,0.4044905602931976,-0.4695518016815185,0.568987250328064,0.9311922192573548,0.0007662748685106,0.4405954778194427,0.9309727549552916,0.0012298024957999,110,115,81,72
straight_ahead,0.5917205214500427,0.573154091835022,-0.0456431470811367,0.3909774422645569,0.5751110315322876,-0.1135114654898643,0.7374447584152222,0.5889493823051453,-0.1101083904504776,0.2527744174003601,0.5832590460777283,-0.2374952286481857,0.7890518307685852,0.4239772260189056,-0.3091758489608764,0.1795695275068283,0.4092288613319397,-0.5021654367446899,0.5690462589263916,0.931555151939392,0.0033008460886776,0.4406215250492096,0.9310052394866944,-0.0012572125997394,110,115,79,71
straight_ahead,0.5911954641342163,0.57313072681427,-0.0484325215220451,0.3911904394626617,0.5746785998344421,-0.0727778449654579,0.7366376519203186,0.5912721753120422,-0.1321758329868316,0.2527570128440857,0.5833154320716858,-0.1600545942783355,0.7796635031700134,0.4227837324142456,-0.3512222170829773,0.19219571352005,0.4087322950363159,-0.3940294682979584,0.5692077279090881,0.9316452145576476,0.001732324482873,0.4410849213600158,0.9310045838356018,0.0001320526062045,109,115,83,74
straight_ahead,0.5911378264427185,0.5731299519538879,-0.0586773566901683,0.3913986086845398,0.5745922327041626,-0.0592181794345378,0.7373568415641785,0.5912182927131653,-0.1952371001243591,0.2526671290397644,0.5834565758705139,-0.172703355550766,0.75403892993927,0.4080939888954162,-0.4288195669651031,0.2178310453891754,0.3945027887821197,-0.4037838578224182,0.5690752267837524,0.9316650032997132,0.0013670343905687,0.4408845007419586,0.9314244389533995,0.0005337066831998,109,115,92,83
straight_ahead,0.5909094214439392,0.5731694102287292,-0.0587288253009319,0.3914221525192261,0.5745018124580383,-0.0533655397593975,0.7373629212379456,0.5911468267440796,-0.2170151472091674,0.2525643706321716,0.582889974117279,-0.2165232449769973,0.7362365126609802,0.4042377471923828,-0.4635189473628998,0.2342000752687454,0.3881345391273498,-0.46342334151268,0.5686185956001282,0.9313189387321472,0.0012599143665283,0.4405549466609955,0.9314274191856384,0.0006330450996756,109,115,97,88
straight_ahead,0.5909109711647034,0.5731692910194397,-0.0670985803008079,0.3918517827987671,0.5743402242660522,-0.0385943129658699,0.7372300624847412,0.5905236005783081,-0.2257341146469116,0.2530525922775268,0.5830123424530029,-0.2188305556774139,0.7065195441246033,0.4025846421718597,-0.4349996447563171,0.2737237811088562,0.3889471590518951,-0.4618714451789856,0.5685468316078186,0.9313217997550964,-0.0025995092000812,0.4405829310417175,0.931148886680603,0.0045018917880952,110,115,106,100
straight_ahead,0.5913634300231934,0.5721017122268677,-0.0754276812076568,0.3921252489089966,0.5731843709945679,-0.0106689408421516,0.736291766166687,0.5905209183692932,-0.296473354101181,0.2547429800033569,0.5830315351486206,-0.2452606856822967,0.6813968420028687,0.4113011658191681,-0.5035742521286011,0.3047992885112762,0.3980074226856231,-0.52106773853302,0.5685280561447144,0.9310327172279358,-0.0070685492828488,0.4405679106712341,0.9307263493537904,0.0088367741554975,109,114,114,109
straight_ahead,0.5916993618011475,0.571735143661499,-0.1074457317590713,0.3927890956401825,0.5722504258155823,-0.0217100977897644,0.7358446717262268,0.5904513597488403,-0.3168931603431701,0.2568321228027344,0.5830350518226624,-0.2244134843349456,0.6721075177192688,0.4144617319107055,-0.5010954737663269,0.3140575885772705,0.4014478325843811,-0.410061776638031,0.5685347318649292,0.9308322072029114,-0.012388864532113,0.4405696392059326,0.9303013682365416,0.0141196995973587,109,113,117,112
straight_ahead,0.5919808149337769,0.571458101272583,-0.1147894859313964,0.3933748602867126,0.5719436407089233,-0.0243609808385372,0.7357103228569031,0.5896515250205994,-0.3170196115970611,0.2576948404312134,0.5830363035202026,-0.2192867249250412,0.6722344160079956,0.4150351583957672,-0.4920979142189026,0.3124560713768005,0.4040063917636871,-0.4106442332267761,0.5684330463409424,0.9293054938316344,-0.0152936745434999,0.4405996203422546,0.9283812642097472,0.0168837234377861,109,113,117,112
straight_ahead,0.5918341875076294,0.5713968873023987,-0.1098218560218811,0.3933182656764984,0.5719119310379028,-0.0258824527263641,0.736784815788269,0.5897225141525269,-0.2863540053367615,0.2575092911720276,0.5831030011177063,-0.2262360155582428,0.684282660484314,0.4121777713298797,-0.4780370593070984,0.2962736785411834,0.4010642766952514,-0.4688728749752044,0.5684734582901001,0.9293109178543092,-0.0150202736258506,0.4407829642295837,0.9284153580665588,0.0166315380483865,109,113,114,107
straight_ahead,0.5916262865066528,0.5712621808052063,-0.0858871862292289,0.3929472863674164,0.5720863342285156,-0.0206205081194639,0.736789345741272,0.5892772078514099,-0.2608261406421661,0.2566412389278412,0.583098292350769,-0.2285274714231491,0.6899159550666809,0.4083463847637176,-0.4444633424282074,0.2916834652423858,0.3962606191635132,-0.4822115004062652,0.568572998046875,0.9293240308761596,-0.0143765211105346,0.440773069858551,0.9286403059959412,0.0160609427839517,109,113,112,105
straight_ahead,0.5910261869430542,0.5716278553009033,-0.0826527625322341,0.39206463098526,0.5729161500930786,-0.0409442111849784,0.737575352191925,0.5892692804336548,-0.2208508998155594,0.2553402781486511,0.5829489827156067,-0.2235820740461349,0.7158380150794983,0.4047471880912781,-0.4430671632289886,0.2532738745212555,0.3912684321403503,-0.4810932278633117,0.5686179995536804,0.9296391010284424,-0.0122462017461657,0.4407787322998047,0.9299212694168092,0.0138968583196401,110,114,104,94
straight_ahead,0.5909202098846436,0.5717952847480774,-0.0780210644006729,0.3920642435550689,0.5733289122581482,-0.0563503801822662,0.7377427220344543,0.5898362994194031,-0.174668863415718,0.2537217438220978,0.5829338431358337,-0.1783386170864105,0.7530209422111511,0.4048561751842499,-0.4039139151573181,0.2087810337543487,0.3913582563400268,-0.4025079607963562,0.5686304569244385,0.9298549890518188,-0.011486186645925,0.4407766461372375,0.9299268126487732,0.0130940675735473,109,114,92,81
straight_ahead,0.590919554233551,0.5718429088592529,-0.0526597201824188,0.392279714345932,0.5735147595405579,-0.06647190451622,0.7380285859107971,0.590955376625061,-0.1257158815860748,0.2532955706119537,0.5828902125358582,-0.186706468462944,0.764510989189148,0.4059861600399017,-0.3317712247371673,0.1981766521930694,0.3917364180088043,-0.4141511023044586,0.5686678290367126,0.9299512505531312,-0.0008796414476819,0.4407874047756195,0.9299957156181335,0.0026903115212917,109,115,89,78
straight_ahead,0.5909973978996277,0.5718485713005066,-0.0542660765349864,0.3923287689685821,0.5734740495681763,-0.0970751047134399,0.7377512454986572,0.5909650921821594,-0.1230163350701332,0.2530969977378845,0.5826793313026428,-0.2083499729633331,0.7807716131210327,0.4207749664783478,-0.3395728170871734,0.1792978644371032,0.4109894037246704,-0.4583083689212799,0.5689333081245422,0.9302614331245422,0.003699033986777,0.4412585794925689,0.9301596879959106,-0.0016612180043011,109,115,83,71
straight_ahead,0.5909138917922974,0.5720468759536743,-0.0343787223100662,0.3923321068286896,0.5734713673591614,-0.0634913146495819,0.737750768661499,0.5909814238548279,-0.1380868256092071,0.2518597543239593,0.5821958184242249,-0.1763975173234939,0.767055094242096,0.4148539006710052,-0.365674078464508,0.1967348456382751,0.3998680412769317,-0.4112052321434021,0.5689770579338074,0.9302794337272644,0.0045323530212044,0.4411586225032806,0.9301899075508118,-0.002549183787778,109,115,88,77
straight_ahead,0.5906139612197876,0.5719956755638123,-0.0575594529509544,0.392316609621048,0.5734707713127136,-0.0463974140584468,0.7377992868423462,0.589817464351654,-0.2181921005249023,0.2519225478172302,0.5827800035476685,-0.1975042968988418,0.7220922708511353,0.4035944938659668,-0.4324399530887604,0.2414349615573883,0.3960142731666565,-0.4361079335212707,0.5688925385475159,0.9301607012748718,-0.0007966238772496,0.4411422610282898,0.9303264021873474,0.0026800879277288,109,115,102,91
straight_ahead,0.5905730724334717,0.5718474984169006,-0.0656324476003646,0.3923515677452087,0.5733504891395569,-0.0464444607496261,0.7377928495407104,0.5889258980751038,-0.2376341521739959,0.2519018948078155,0.5827770829200745,-0.2196923494338989,0.7165015935897827,0.4025735557079315,-0.4745058417320251,0.247665137052536,0.3942047953605652,-0.4736936092376709,0.5685974359512329,0.9301755428314208,-0.0013827456859871,0.440441220998764,0.9307056665420532,0.0033345646224915,110,115,103,93
straight_ahead,0.5905784368515015,0.5718196034431458,-0.0645695328712463,0.3922767341136932,0.5732602477073669,-0.0550638064742088,0.7383002042770386,0.5885298848152161,-0.2082203179597854,0.2503268420696258,0.5832077860832214,-0.2194626331329345,0.7169367074966431,0.4011498689651489,-0.4475211501121521,0.2318374365568161,0.3924712240695953,-0.4643406271934509,0.5685586929321289,0.9299943447113036,-0.0005634772824123,0.4400272965431213,0.9307126998901368,0.0025631091557443,110,115,103,88
straight_ahead,0.5906316637992859,0.5715291500091553,-0.0508768558502197,0.3922341465950012,0.5735542178153992,-0.0549371317028999,0.7382943034172058,0.5884453058242798,-0.1555028408765792,0.2497913092374801,0.5834970474243164,-0.1942615211009979,0.7358590364456177,0.401108831167221,-0.370489090681076,0.2053951323032379,0.3947295248508453,-0.4174014031887054,0.5686320662498474,0.9308822751045228,0.0020053733605891,0.4400130808353424,0.9317547082901,-2.287318966409657e-05,110,115,97,81
straight_ahead,0.5917925238609314,0.5714707970619202,-0.0226395614445209,0.3925763368606567,0.5735607147216797,-0.0368906408548355,0.739006519317627,0.5880584716796875,-0.136681392788887,0.249444842338562,0.5826261639595032,-0.1533968150615692,0.7588903307914734,0.4011125266551971,-0.3577483296394348,0.1847664564847946,0.4016616940498352,-0.3588168919086456,0.569096565246582,0.9321421980857848,0.0034373234957456,0.4401260316371918,0.932182550430298,-0.0014690625248476,110,115,90,74
straight_ahead,0.5923032760620117,0.571464478969574,-0.0079439533874392,0.3928637206554413,0.5735692977905273,-0.0288881156593561,0.7391169667243958,0.5876286625862122,-0.110611155629158,0.2494542300701141,0.5827037692070007,-0.1388140320777893,0.7659093737602234,0.4011558890342712,-0.3407339453697204,0.1837368756532669,0.4092189371585846,-0.3525601327419281,0.5690919160842896,0.932416558265686,0.004139897879213,0.4400221407413482,0.932312548160553,-0.0021868958137929,110,115,88,73
straight_ahead,0.5922852754592896,0.5713892579078674,-0.0262971632182598,0.3928755223751068,0.5735403895378113,-0.0320748202502727,0.7389516830444336,0.5877253413200378,-0.1552411317825317,0.2488191872835159,0.5848225355148315,-0.1538945138454437,0.7612115144729614,0.4025732278823852,-0.4007666110992431,0.1925643980503082,0.4049037396907806,-0.3632946908473968,0.5690679550170898,0.9323463439941406,0.003161686239764,0.4398918747901916,0.9324290752410888,-0.0013222974957898,110,114,90,77
straight_ahead,0.5922659039497375,0.5704324245452881,-0.0281394012272357,0.3927529454231262,0.5735346674919128,-0.025683119893074,0.7389496564865112,0.5865155458450317,-0.1581667959690094,0.2490748912096023,0.5847566723823547,-0.184648796916008,0.7362653017044067,0.3928695917129516,-0.3680537343025207,0.2342336177825927,0.396678626537323,-0.428562581539154,0.5688617825508118,0.9315518140792848,0.0026195417158305,0.4398837685585022,0.9323981404304504,-0.0008481449331156,110,114,97,90
straight_ahead,0.5923227071762085,0.5702790021896362,-0.0473213084042072,0.3927618861198425,0.5735463500022888,0.0106592942029237,0.7389195561408997,0.5865126848220825,-0.2580956220626831,0.2492291927337646,0.5847459435462952,-0.2180383652448654,0.6918058395385742,0.3932505548000335,-0.4300448894500732,0.2852798104286194,0.3967029452323913,-0.4771482050418854,0.5688702464103699,0.9315460920333862,-0.0043810200877487,0.4399342536926269,0.9327115416526794,0.0062658162787556,110,114,110,105
straight_ahead,0.592819094657898,0.568815290927887,-0.0719552412629127,0.3930909037590027,0.5735438466072083,0.0177758503705263,0.7388052344322205,0.586854100227356,-0.3216087222099304,0.2503873109817505,0.585123598575592,-0.2202281057834625,0.6793769598007202,0.4029038250446319,-0.5197354555130005,0.2992331385612488,0.4015351235866546,-0.4710066318511963,0.5689024329185486,0.9313875436782836,-0.0090481173247098,0.439934104681015,0.9326430559158324,0.0109754120931029,109,114,115,110
straight_ahead,0.5930262804031372,0.5684518218040466,-0.0776814445853233,0.3939555585384369,0.5729754567146301,0.0191837511956691,0.7385722398757935,0.5872310996055603,-0.2757253646850586,0.253215491771698,0.585905909538269,-0.2331953346729278,0.6587490439414978,0.4167732894420624,-0.3703958988189697,0.3218620121479034,0.4143295288085937,-0.4662375450134277,0.5688508152961731,0.9310197234153748,-0.010874125175178,0.4396880567073822,0.9322548508644104,0.0126563478261232,109,113,122,117
straight_ahead,0.5933924913406372,0.5681516528129578,-0.0740871354937553,0.3940115571022033,0.5730933547019958,0.0325317904353141,0.7385594844818115,0.5878286957740784,-0.2939160168170929,0.2548748254776001,0.5860955715179443,-0.2325330078601837,0.6660910844802856,0.4189262390136719,-0.4654853940010071,0.3157447874546051,0.414241760969162,-0.4602867066860199,0.5688525438308716,0.9307385087013244,-0.0131192728877067,0.4397287368774414,0.9321430921554564,0.0149092627689242,109,113,121,115
straight_ahead,0.5932488441467285,0.5680097937583923,-0.0776776745915412,0.393600732088089,0.5733827948570251,-0.0010424621868878,0.7385541200637817,0.5878270864486694,-0.278470367193222,0.254741758108139,0.5859840512275696,-0.2314034700393676,0.6727012395858765,0.4103913903236389,-0.4087732434272766,0.2991586029529571,0.4020228981971741,-0.4757919311523437,0.5689461827278137,0.9307489395141602,-0.0131409214809536,0.4397596716880798,0.9321507811546326,0.0149527639150619,109,113,118,109
straight_ahead,0.5932456851005554,0.5680819153785706,-0.0773695409297943,0.3936010003089905,0.5735976696014404,-0.0096814213320612,0.7392107844352722,0.5873671174049377,-0.2615051865577698,0.2546724081039428,0.5857204794883728,-0.2164891511201858,0.6783336400985718,0.3988490104675293,-0.4383512139320373,0.287165105342865,0.3940777778625488,-0.4445962905883789,0.5689722299575806,0.9307931065559388,-0.0129815833643078,0.4405561983585357,0.9321592450141908,0.0147885577753186,109,113,115,105
straight_ahead,0.592963457107544,0.5689236521720886,-0.0558475144207477,0.3933553099632263,0.5738491415977478,-0.0355797596275806,0.7392917275428772,0.5881102085113525,-0.1757254600524902,0.2512814402580261,0.5854765772819519,-0.1861451268196106,0.7316918969154358,0.3993043303489685,-0.3880842626094818,0.2156780958175659,0.3913112580776214,-0.391097217798233,0.5689831972122192,0.931434690952301,-0.0060441363602876,0.4404536187648773,0.9326065182685852,0.0079609695822,109,114,100,84
straight_ahead,0.5930827260017395,0.569043755531311,-0.0371813289821147,0.393161416053772,0.5738862156867981,-0.0936807170510292,0.7391270995140076,0.588111162185669,-0.0869302675127983,0.2508453726768493,0.5844766497612,-0.212814062833786,0.7794740796089172,0.4138629138469696,-0.2807385325431824,0.1773313134908676,0.4108931720256805,-0.4638987481594085,0.5692482590675354,0.9315490126609802,0.0085022263228893,0.4406019747257232,0.9327354431152344,-0.0063518742099404,109,114,84,71
straight_ahead,0.593295156955719,0.5693377256393433,-0.0418030135333538,0.3930853903293609,0.5738436579704285,-0.0909117311239242,0.7391221523284912,0.5879703164100647,-0.1036965474486351,0.2504701018333435,0.5843103528022766,-0.2179487198591232,0.7892358303070068,0.4203041195869446,-0.3037099242210388,0.1703663170337677,0.4263783395290375,-0.4850549101829529,0.5693365335464478,0.9315978288650512,0.006497876252979,0.4409945607185364,0.9327012300491332,-0.0044203256256878,109,114,81,67
straight_ahead,0.5932948589324951,0.5695429444313049,-0.0329597033560276,0.392836183309555,0.5741297006607056,-0.0846993178129196,0.7389035224914551,0.5881683230400085,-0.0749860554933548,0.250294953584671,0.5843050479888916,-0.2172409296035766,0.791366696357727,0.4270833134651184,-0.2711852192878723,0.1725306808948516,0.4271510243415832,-0.484942764043808,0.5695244073867798,0.9317671656608582,0.0062527395784854,0.4415294229984283,0.9327654242515564,-0.0042735808528959,109,115,79,68
straight_ahead,0.5931639671325684,0.5698215961456299,-0.0321916230022907,0.3925310373306274,0.5741643905639648,-0.0760890692472457,0.7389014363288879,0.58817058801651,-0.1016960516571998,0.2502421736717224,0.5842999219894409,-0.2116071432828903,0.7879652380943298,0.4260408282279968,-0.3096035718917846,0.1757380217313766,0.424307256937027,-0.4768044054508209,0.5695229768753052,0.9318085312843324,0.0062045790255069,0.4414782524108886,0.9328492879867554,-0.0042079375125467,109,115,80,69
straight_ahead,0.5928833484649658,0.5702112317085266,-0.0279201716184616,0.3922989666461944,0.5743674635887146,-0.0565440952777862,0.7389814257621765,0.5882671475410461,-0.1219315379858017,0.2487312853336334,0.5842488408088684,-0.1979897618293762,0.776402473449707,0.410555362701416,-0.3442262411117553,0.1873561441898346,0.4039098620414734,-0.4392998814582824,0.5694935917854309,0.9319321513175964,0.0078059076331555,0.4411661028861999,0.933316171169281,-0.0058441860601305,109,115,85,75
straight_ahead,0.5926723480224609,0.5702723860740662,-0.0311165414750576,0.3921916782855987,0.5743890404701233,-0.0474414266645908,0.7394529581069946,0.5882136225700378,-0.150219589471817,0.2496651113033294,0.5846894383430481,-0.2268970757722854,0.7436665296554565,0.4039562046527862,-0.3556270003318786,0.2369462996721267,0.3968664109706878,-0.4882774949073791,0.5690699815750122,0.9319258332252502,0.0074406652711331,0.441194474697113,0.933492124080658,-0.0054600723087787,109,115,96,90
straight_ahead,0.5922654867172241,0.570277214050293,-0.0461872294545173,0.3918976783752441,0.5747870802879333,-0.0438161566853523,0.739312469959259,0.5877805948257446,-0.1838858425617218,0.251729667186737,0.5855153203010559,-0.2376163452863693,0.7267575860023499,0.3948168456554413,-0.3768689632415771,0.2560988068580627,0.3915430903434753,-0.491033136844635,0.5690441131591797,0.9321038126945496,0.0045977300032973,0.4412160515785217,0.9336252212524414,-0.0027109568472951,110,114,101,96
straight_ahead,0.5923535823822021,0.5702935457229614,-0.0469803698360919,0.391912430524826,0.5747957825660706,0.0079858135432004,0.7382203936576843,0.5876576900482178,-0.253165066242218,0.2539556920528412,0.5858057737350464,-0.247614175081253,0.6934176683425903,0.3964627981185913,-0.4393479824066162,0.2935605645179748,0.3946534991264343,-0.5350751876831055,0.5689853429794312,0.9320717453956604,0.0006522153853438,0.4409569203853607,0.9332878589630128,0.001247139647603,109,114,110,106
straight_ahead,0.5923978686332703,0.5701081156730652,-0.0779562518000602,0.3919877409934997,0.574701726436615,0.0126598300412297,0.7377201914787292,0.5876190662384033,-0.3208810985088348,0.2565366625785827,0.5878011584281921,-0.2271031439304351,0.6693329215049744,0.4053657948970794,-0.5077347755432129,0.3110717535018921,0.4097861647605896,-0.4665937423706054,0.5689185261726379,0.9305945038795472,-0.0045626768842339,0.4406607151031494,0.9313613772392272,0.0062504336237907,109,113,117,113
straight_ahead,0.5924859642982483,0.5699617862701416,-0.085630401968956,0.392031729221344,0.5747056603431702,0.0067613557912409,0.7376604676246643,0.5876350402832031,-0.3322554230690002,0.2581706047058105,0.5884776711463928,-0.2318604737520218,0.6655766367912292,0.4110594093799591,-0.5276378989219666,0.3142099976539612,0.4149743020534515,-0.4741359353065491,0.5689572095870972,0.9293806552886964,-0.0061235325410962,0.4406591057777405,0.9300657510757446,0.007761581800878,109,112,119,114
straight_ahead,0.5923712849617004,0.5699741840362549,-0.0950630754232406,0.3919938802719116,0.5749636292457581,0.0097524812445044,0.7376571893692017,0.587500810623169,-0.335930734872818,0.2595638036727905,0.5889430642127991,-0.2095852643251419,0.6757256984710693,0.4099109470844269,-0.5388532876968384,0.3035607933998108,0.4143950343132019,-0.4440623223781585,0.5689558982849121,0.9294599890708924,-0.0104410219937562,0.4405602812767029,0.930246353149414,0.0121766272932291,109,112,116,110
straight_ahead,0.5917971134185791,0.5699361562728882,-0.0999357849359512,0.3916002810001373,0.5750436782836914,0.0060173477977514,0.7383460402488708,0.5875236988067627,-0.3109649121761322,0.2603241503238678,0.5894119143486023,-0.2040002346038818,0.6780416369438171,0.4026751518249511,-0.5346563458442688,0.2865892052650451,0.4108191132545471,-0.4485556483268738,0.568953812122345,0.9291859269142152,-0.0109949354082345,0.4405677914619446,0.9301756620407104,0.0127249583601951,110,112,115,105
straight_ahead,0.5915050506591797,0.5699052810668945,-0.1006171852350235,0.3912854194641113,0.5753730535507202,-0.0088390661403536,0.7383345365524292,0.5875224471092224,-0.2928078770637512,0.2607685923576355,0.5894637703895569,-0.1911704242229461,0.6895987391471863,0.3971399962902069,-0.5202445387840271,0.2696730196475982,0.4066251516342163,-0.4307423233985901,0.5689538717269897,0.9291698336601256,-0.0105554396286606,0.440573513507843,0.9302175641059875,0.0123082930222153,110,112,111,99
straight_ahead,0.591308057308197,0.5706009268760681,-0.1044420227408409,0.3912762999534607,0.5754391551017761,-0.0409660935401916,0.7387045621871948,0.5879703164100647,-0.2809180617332458,0.2607256770133972,0.5894643664360046,-0.1533716470003128,0.7293030023574829,0.3957517445087433,-0.5014362335205078,0.2309737503528595,0.4067848324775696,-0.3334739506244659,0.5688767433166504,0.929683804512024,-0.0102430647239089,0.440169483423233,0.930947244167328,0.0120050981640815,110,112,100,87
straight_ahead,0.5914366245269775,0.5705086588859558,-0.1545873582363128,0.3927913606166839,0.5749183893203735,-0.0351916253566741,0.7385715246200562,0.5885708332061768,-0.382034957408905,0.2679620087146759,0.5894717574119568,-0.1167459264397621,0.7050982713699341,0.3920496702194214,-0.6037087440490723,0.2604402005672455,0.4067538678646087,-0.2651007771492004,0.5689421892166138,0.9287570118904114,-0.0171836074441671,0.4404419064521789,0.9287084341049194,0.0191100407391786,110,110,107,94
straight_ahead,0.5918453931808472,0.5701345801353455,-0.1341411769390106,0.394561767578125,0.5750776529312134,0.0651793777942657,0.7359680533409119,0.5926634073257446,-0.350561261177063,0.2757978141307831,0.593628466129303,0.0303698815405368,0.6642574667930603,0.406262457370758,-0.550329864025116,0.306269109249115,0.4208769500255584,-0.0387817732989788,0.5692149996757507,0.9247799515724182,-0.0199395678937435,0.4408705234527588,0.9261797666549684,0.0216276478022336,108,108,120,109
straight_ahead,0.5919793248176575,0.5702616572380066,-0.1462223976850509,0.3951869606971741,0.5761256814002991,0.0351957008242607,0.7359914779663086,0.5943529009819031,-0.4066631197929382,0.2779962122440338,0.5988758206367493,-0.0268789567053318,0.6731900572776794,0.4061881601810455,-0.6360272169113159,0.2980355024337768,0.4198527336120605,-0.1424650847911834,0.5697535276412964,0.9248849749565125,-0.0218184068799018,0.4412747919559479,0.926267385482788,0.0235770177096128,107,106,118,107
straight_ahead,0.5919448733329773,0.5704267621040344,-0.1470991522073745,0.3963530957698822,0.5768051147460938,0.0297613143920898,0.7359899282455444,0.5970979928970337,-0.3605702221393585,0.2787314057350158,0.5995254516601562,0.0507005453109741,0.697184681892395,0.4015892744064331,-0.595078706741333,0.2642374634742737,0.4217122197151184,-0.0188724305480718,0.5700473189353943,0.925198495388031,-0.025926724076271,0.4425901770591736,0.926315188407898,0.0277255326509475,106,106,112,96
straight_ahead,0.5918949842453003,0.570704996585846,-0.1457949131727218,0.3973613083362579,0.5772919058799744,0.0176586247980594,0.7352606058120728,0.5990639328956604,-0.345206081867218,0.278494119644165,0.599270224571228,0.0373696088790893,0.717700183391571,0.4014053046703338,-0.5854810476303101,0.2461868971586227,0.423008531332016,-0.0349444709718227,0.570327877998352,0.9258245825767516,-0.0288756396621465,0.443279892206192,0.9270817041397096,0.0307317525148391,106,106,106,90
straight_ahead,0.5918536186218262,0.5707743763923645,-0.1569658070802688,0.3982046842575073,0.5774047374725342,-0.0033436752855777,0.7326809763908386,0.6003983616828918,-0.3518165946006775,0.2797288298606872,0.6011303067207336,0.0617983117699623,0.7458738684654236,0.4052302241325378,-0.6535499691963196,0.2249356508255005,0.4440051913261413,0.0113529404625296,0.5704854130744934,0.9266790747642516,-0.0297733787447214,0.4434415698051452,0.9276806712150574,0.0316315628588199,105,105,98,82
straight_ahead,0.5918117165565491,0.5708420872688293,-0.1504809856414795,0.3993834853172302,0.5775439739227295,-0.0027354250196367,0.7311086654663086,0.6005001068115234,-0.3321999907493591,0.2792433798313141,0.6008411645889282,0.070613794028759,0.7512423396110535,0.4068161845207214,-0.609379231929779,0.2216188907623291,0.4433460235595703,0.0018185013905167,0.5705082416534424,0.9281494617462158,-0.0323562137782573,0.443631112575531,0.9282552003860474,0.0341638326644897,104,106,96,81
straight_ahead,0.591464638710022,0.5707346200942993,-0.161734938621521,0.3994946479797363,0.5775337815284729,-0.0012493127724155,0.7312284111976624,0.6012977957725525,-0.3347064256668091,0.2801157832145691,0.6014315485954285,0.1278023868799209,0.7419800162315369,0.4041122198104858,-0.5991391539573669,0.2264377623796463,0.4410965740680694,0.1447774767875671,0.5705894231796265,0.9281737804412842,-0.0414934195578098,0.4452448785305023,0.9284915924072266,0.0432485900819301,104,105,99,83
straight_ahead,0.590660035610199,0.5705093145370483,-0.1545617282390594,0.399458110332489,0.5776767134666443,0.0095602767542004,0.7313217520713806,0.6048604846000671,-0.3334597945213318,0.2805564999580383,0.6019840836524963,0.0715140923857688,0.7249401807785034,0.402592271566391,-0.5565775632858276,0.2632341682910919,0.432012528181076,0.0307015217840671,0.5706168413162231,0.9278544187545776,-0.0419601127505302,0.4452215135097503,0.9285421967506408,0.0438383854925632,103,105,106,96
straight_ahead,0.5905200242996216,0.5704321265220642,-0.1615901738405227,0.3994157314300537,0.5779743790626526,0.0045165996998548,0.7316425442695618,0.6051903367042542,-0.3764886260032654,0.2812442481517792,0.6025190949440002,0.0126527203246951,0.715591549873352,0.4025540351867676,-0.6054633855819702,0.2773565948009491,0.4277253448963165,-0.0431500077247619,0.5706535577774048,0.9278691411018372,-0.0398327261209487,0.4452840685844421,0.9285605549812316,0.0416863039135932,103,105,108,100
straight_ahead,0.5905197262763977,0.5692395567893982,-0.1488726735115051,0.3996338844299316,0.5772405862808228,0.0475565418601036,0.7299407720565796,0.6058548092842102,-0.3737019598484039,0.2849454283714294,0.6024971008300781,0.0754883512854576,0.6700559854507446,0.4104722142219543,-0.5870088338851929,0.3122806251049042,0.4294587075710296,0.0534453876316547,0.5705784559249878,0.9254236817359924,-0.0388014987111091,0.4450553953647613,0.9270870685577391,0.040590301156044,102,104,122,111
straight_ahead,0.5905199646949768,0.5684420466423035,-0.1276650130748748,0.400663286447525,0.5754139423370361,0.061639230698347,0.7281486988067627,0.6070196032524109,-0.373026579618454,0.2892613112926483,0.6028648018836975,0.0400351621210575,0.6514215469360352,0.42251718044281,-0.5692049264907837,0.3275328576564789,0.4385899305343628,-0.0663318559527397,0.5702961087226868,0.9214997887611388,-0.0361870191991329,0.4447081983089447,0.9243501424789428,0.0376577153801918,101,102,128,117
straight_ahead,0.5905995965003967,0.5682095289230347,-0.136875718832016,0.4010683000087738,0.574867844581604,0.0609542019665241,0.7271448373794556,0.6075336337089539,-0.3915204107761383,0.2894206047058105,0.6029097437858582,0.1500068753957748,0.6554815173149109,0.4217419028282165,-0.5888414978981018,0.3250621259212494,0.4396728873252868,0.2108804434537887,0.5699412822723389,0.9200708866119384,-0.0367524847388267,0.4445988237857818,0.9225473999977112,0.038197822868824,101,102,127,116
straight_ahead,0.5907487869262695,0.5680455565452576,-0.1447530686855316,0.4013448357582092,0.5748169422149658,0.0544609017670154,0.7271840572357178,0.6074177026748657,-0.4132155776023865,0.2897737622261047,0.6028670072555542,0.093027576804161,0.6621859073638916,0.4205740690231323,-0.6282521486282349,0.3215087354183197,0.4392687380313873,0.0705678835511207,0.5698167681694031,0.9203017354011536,-0.0364109054207801,0.44427689909935,0.922721266746521,0.0378956347703933,101,102,125,115
straight_ahead,0.5909279584884644,0.5689582228660583,-0.1872189939022064,0.4013787806034088,0.57550048828125,-0.0042219692841172,0.7303541302680969,0.6072566509246826,-0.4177197813987732,0.2894284129142761,0.6030178070068359,0.0531399622559547,0.6904085874557495,0.4124870002269745,-0.6446618437767029,0.3066665232181549,0.4330805540084839,0.0633670836687088,0.5698144435882568,0.921039879322052,-0.0366757288575172,0.4442405104637146,0.9230749011039734,0.0382571257650852,102,102,117,110
straight_ahead,0.5910938382148743,0.5698545575141907,-0.1623301953077316,0.4013740420341491,0.5755348801612854,-0.0036290865391492,0.7303979396820068,0.6074149012565613,-0.3073829710483551,0.2889514863491058,0.603049635887146,0.0934662371873855,0.7193679809570312,0.4097886085510254,-0.5162137150764465,0.2785629034042358,0.4329630732536316,0.0666678920388221,0.5697137713432312,0.9210765957832336,-0.0369012877345085,0.4442315101623535,0.9232017397880554,0.0384912900626659,102,102,108,100
straight_ahead,0.5911672711372375,0.5701201558113098,-0.1519613564014434,0.4022533893585205,0.5748733878135681,0.0033841908443719,0.7304330468177795,0.6081498265266418,-0.3094691634178161,0.2886205315589905,0.6017455458641052,0.0786995142698288,0.7488065361976624,0.4138636589050293,-0.5362296104431152,0.2456919699907302,0.4351340532302856,0.0108675761148333,0.5699445009231567,0.9219102263450624,-0.0321535654366016,0.4442824721336365,0.9237537384033204,0.0337878242135047,102,102,100,89
straight_ahead,0.5912051796913147,0.5704718828201294,-0.1430456191301345,0.402888685464859,0.5735961198806763,0.0069628707133233,0.7301498651504517,0.609755277633667,-0.3188396096229553,0.288350760936737,0.6013466119766235,0.0730856209993362,0.7575384974479675,0.4211042821407318,-0.5936848521232605,0.2355194091796875,0.4391511976718902,-0.0156541913747787,0.5700129270553589,0.9225861430168152,-0.0299994945526123,0.4441750943660736,0.9241940975189208,0.0316366888582706,101,102,98,86
straight_ahead,0.5913406014442444,0.5709651112556458,-0.1425821334123611,0.4033109247684479,0.5735856890678406,0.0089870011433959,0.7301851511001587,0.6103252172470093,-0.3209663033485412,0.2882249355316162,0.6013429760932922,0.1107786521315574,0.7576425671577454,0.4220992922782898,-0.6101083159446716,0.2274291217327118,0.4424619078636169,0.0579976439476013,0.5700219869613647,0.9242737293243408,-0.0306063555181026,0.4441677629947662,0.9250919818878174,0.0322285071015358,101,102,98,83
straight_ahead,0.591346263885498,0.5710836052894592,-0.1435021311044693,0.403998851776123,0.5726457834243774,0.0132637368515133,0.730201244354248,0.6110748052597046,-0.3251309096813202,0.2880261242389679,0.6013116836547852,0.1404283940792083,0.7522537112236023,0.422898918390274,-0.6100125908851624,0.2310351431369781,0.4428818821907043,0.1117113232612609,0.570039689540863,0.9251366257667542,-0.0308145340532064,0.444171279668808,0.9261322021484376,0.0324330739676952,101,102,99,84
straight_ahead,0.5917669534683228,0.571729302406311,-0.1542770117521286,0.4040002226829529,0.5726325511932373,0.006570559926331,0.7308648824691772,0.6103938817977905,-0.3453505039215088,0.2879398465156555,0.6013211607933044,0.1302636265754699,0.7452779412269592,0.4075078964233398,-0.6236816644668579,0.2386689186096191,0.4391144812107086,0.1435834467411041,0.570046067237854,0.9259456396102904,-0.0316313244402408,0.4444917738437652,0.9266760349273682,0.0332480259239673,101,102,101,87
straight_ahead,0.5917888879776001,0.5721321105957031,-0.1875657141208648,0.4041162431240082,0.5729557871818542,-0.001771061331965,0.7341417670249939,0.6103351712226868,-0.3953235745429992,0.2875193357467651,0.6012499928474426,0.1155535131692886,0.7093019485473633,0.4045521914958954,-0.6184701919555664,0.2746623456478119,0.4243307709693908,0.1034250110387802,0.5701816082000732,0.9262805581092834,-0.0384842455387115,0.4450457990169525,0.9268940091133118,0.0401921570301055,102,102,112,99
straight_ahead,0.59199458360672,0.5720751881599426,-0.1774982810020446,0.4041400849819183,0.57291179895401,0.0146784354001283,0.734947919845581,0.6104079484939575,-0.395300418138504,0.2874453663825989,0.6015392541885376,0.1166000515222549,0.6910034418106079,0.4051749110221863,-0.616148054599762,0.2946504950523376,0.4225797355175018,0.149034708738327,0.5703727602958679,0.9262767434120178,-0.0406526960432529,0.4453333914279938,0.9269278049468994,0.0423716977238655,103,102,117,106
straight_ahead,0.592594563961029,0.5714617371559143,-0.1694442331790924,0.4041728973388672,0.5728549361228943,0.0521894395351409,0.7337632179260254,0.6103602647781372,-0.3887368440628052,0.2876329720020294,0.6015379428863525,0.2026944905519485,0.6676844954490662,0.4107675850391388,-0.5965739488601685,0.315906286239624,0.4236777722835541,0.3236828446388244,0.5703928470611572,0.9254410862922668,-0.0455111488699913,0.4453375935554504,0.9267162680625916,0.047003548592329,102,102,124,113
straight_ahead,0.5927491188049316,0.5699784755706787,-0.1265138089656829,0.4042935967445373,0.572578489780426,0.1023857146501541,0.7323669195175171,0.6103382706642151,-0.3484101593494415,0.2894365191459656,0.6020099520683289,0.1831806153059005,0.6517267823219299,0.4272638857364654,-0.482861578464508,0.3330478370189667,0.4381272494792938,0.2356346845626831,0.5703208446502686,0.9226996302604676,-0.0447250977158546,0.4453349709510803,0.9259413480758668,0.0462314747273922,101,101,130,119
straight_ahead,0.5929394960403442,0.5690486431121826,-0.1249400526285171,0.4042966961860657,0.57220458984375,0.0865188241004943,0.731412410736084,0.6103066802024841,-0.3501124083995819,0.2897908091545105,0.6021003723144531,0.1289246380329132,0.6478856205940247,0.4319748878479004,-0.4949106276035309,0.3376359045505523,0.4420419037342071,0.1362057626247406,0.5701661705970764,0.9199151396751404,-0.0422716587781906,0.4452936053276062,0.9230186343193054,0.0436211638152599,101,101,132,121
straight_ahead,0.593401312828064,0.568895697593689,-0.1496241837739944,0.4043090939521789,0.5722528696060181,0.0719677954912185,0.7316473722457886,0.6101089119911194,-0.3898612558841705,0.2878849804401397,0.601503312587738,0.1944528520107269,0.6573154330253601,0.4315372705459595,-0.5653324127197266,0.3245076239109039,0.4382258355617523,0.3095011115074157,0.5701730847358704,0.9200470447540284,-0.0437869764864444,0.4452716708183288,0.923315703868866,0.0451800785958766,101,102,129,117
straight_ahead,0.5934048891067505,0.5689472556114197,-0.1747128665447235,0.4041527807712555,0.5722944736480713,0.0093123456463217,0.7346224784851074,0.6063830256462097,-0.4096983969211578,0.2867785096168518,0.6014135479927063,0.0343821868300437,0.6594778895378113,0.4146833717823028,-0.6135390400886536,0.3154972791671753,0.4247158169746399,-0.0064744227565824,0.5702680945396423,0.9202172756195068,-0.0404712185263633,0.445665180683136,0.9233629703521729,0.0418890006840229,103,102,126,113
straight_ahead,0.5934122204780579,0.5693716406822205,-0.1925495564937591,0.4040954709053039,0.572623074054718,-0.0271379314363002,0.73847895860672,0.6053897738456726,-0.4396069943904876,0.2852752804756164,0.6021087765693665,-0.0577519051730632,0.6785163879394531,0.4056397676467895,-0.6770823001861572,0.300065666437149,0.4241418242454529,-0.1779259145259857,0.5706852078437805,0.9203535914421082,-0.0370370633900165,0.4464665055274963,0.923538327217102,0.0386352725327014,104,103,121,109
straight_ahead,0.5934202075004578,0.5695540904998779,-0.1868220865726471,0.4040187895298004,0.5723798871040344,-0.0392324812710285,0.7382161617279053,0.6055513620376587,-0.4229094386100769,0.2841370701789856,0.6019265055656433,-0.0142735047265887,0.717529296875,0.4057902991771698,-0.654066264629364,0.2616490125656128,0.4226757287979126,-0.0827143564820289,0.570843517780304,0.920520842075348,-0.0345902144908905,0.4464833736419678,0.9245349168777466,0.0363813415169715,104,103,110,97
straight_ahead,0.5936511754989624,0.5690672993659973,-0.1841540336608886,0.4016971588134765,0.5721326470375061,-0.0200587920844554,0.7391575574874878,0.6037975549697876,-0.4306984841823578,0.2747997641563415,0.603230357170105,-0.0219090674072504,0.6966168880462646,0.4068894684314728,-0.6591841578483582,0.289433479309082,0.4228857457637787,-0.0887130871415138,0.5707089900970459,0.9227015376091005,-0.0343815870583057,0.4452972412109375,0.9257160425186156,0.0361738875508308,104,104,116,108
straight_ahead,0.5942563414573669,0.5690304636955261,-0.1636684685945511,0.4001250267028808,0.5721656680107117,-0.0251429565250873,0.7390435338020325,0.6021925210952759,-0.3879072070121765,0.2689399421215057,0.6036912798881531,-0.1207074299454689,0.6783649325370789,0.4169463515281677,-0.5853551030158997,0.3118566572666168,0.4240084588527679,-0.2541959881782532,0.5698844790458679,0.923961877822876,-0.0261302553117275,0.4415691494941711,0.9260461330413818,0.0278899427503347,105,105,121,117
straight_ahead,0.5943215489387512,0.56937575340271,-0.1687820702791214,0.3999235033988952,0.571957528591156,-0.0482739433646202,0.738897442817688,0.6022396683692932,-0.3869028091430664,0.2682993710041046,0.6040369272232056,-0.1515801101922989,0.6647549867630005,0.4290465712547302,-0.567466676235199,0.3218884468078613,0.4304133951663971,-0.2888793349266052,0.5690168142318726,0.9241670966148376,-0.0230064336210489,0.4390915036201477,0.92609441280365,0.0246843304485082,105,104,126,121
straight_ahead,0.5946632027626038,0.5694019198417664,-0.1572092771530151,0.3995110392570495,0.5717525482177734,-0.0351037047803401,0.7387863993644714,0.602228581905365,-0.3777747750282287,0.2670523226261139,0.6040133833885193,-0.1953061670064926,0.6637166142463684,0.4329036176204681,-0.5559457540512085,0.3228588402271271,0.4308058321475982,-0.4047308564186096,0.5689367055892944,0.924113929271698,-0.0194464437663555,0.4387784004211426,0.9260539412498474,0.0210337005555629,105,104,127,122
straight_ahead,0.595152735710144,0.5693934559822083,-0.1683215498924255,0.3995311856269836,0.5712317824363708,-0.0341614857316017,0.7390859127044678,0.6014485955238342,-0.4064516425132751,0.2665379643440246,0.601712167263031,-0.1530562043190002,0.6719068288803101,0.4323401749134063,-0.6330740451812744,0.3216473460197449,0.4266294240951538,-0.3471834361553192,0.5686714053153992,0.924236297607422,-0.0207257810980081,0.4388832449913025,0.9259986877441406,0.0223204232752323,105,105,124,120
straight_ahead,0.5955027341842651,0.5696114301681519,-0.1529646962881088,0.3995279371738434,0.5705671906471252,-0.0415778085589408,0.7438870668411255,0.6016832590103149,-0.3535857200622558,0.2653658986091614,0.601277232170105,-0.2073403894901275,0.704769492149353,0.4321198165416717,-0.5720265507698059,0.2891606390476227,0.4183734059333801,-0.4899246096611023,0.568540096282959,0.9262139201164246,-0.0185190811753273,0.4389959275722503,0.9264709949493408,0.0201241634786129,106,105,115,110
straight_ahead,0.5955228209495544,0.5696523785591125,-0.1542727053165435,0.3994781672954559,0.5698522329330444,-0.0491958484053611,0.7435130476951599,0.6016894578933716,-0.3472986817359924,0.2647294104099273,0.6009543538093567,-0.1458266228437423,0.7132011651992798,0.4279936254024505,-0.5772129893302917,0.2731218934059143,0.41586634516716,-0.3387024700641632,0.5682163834571838,0.9265803098678588,-0.0184916164726018,0.4390547275543213,0.9267593622207642,0.020234826952219,106,105,112,106
straight_ahead,0.5954024791717529,0.5700224041938782,-0.1411923170089721,0.3991715610027313,0.5698477029800415,-0.0629724860191345,0.7444964051246643,0.6031090617179871,-0.3037609159946441,0.2624872326850891,0.5997539758682251,-0.1428453028202057,0.7336381673812866,0.4247602522373199,-0.5682531595230103,0.240896388888359,0.4128991067409515,-0.3431627154350281,0.568307101726532,0.927698850631714,-0.0145832253620028,0.4393896162509918,0.9269142746925354,0.0163938179612159,106,106,106,96
straight_ahead,0.5952946543693542,0.5704788565635681,-0.1102756485342979,0.3991776406764984,0.5695703625679016,-0.0671132653951644,0.7444523572921753,0.606059730052948,-0.2239133417606353,0.2604061961174011,0.5966086983680725,-0.167228102684021,0.7593131065368652,0.4250045716762543,-0.4828589558601379,0.2115674316883087,0.4136874079704284,-0.404310941696167,0.5685768127441406,0.9286479353904724,-0.0113763185217976,0.4398094713687897,0.9273020029067992,0.013129842467606,105,107,99,86
straight_ahead,0.5950762629508972,0.5705930590629578,-0.0923220217227935,0.3990268111228943,0.5696059465408325,-0.0756515339016914,0.7430000305175781,0.6064541339874268,-0.1865598559379577,0.2596352100372314,0.59566330909729,-0.1829271167516708,0.7775977849960327,0.4304148554801941,-0.4346892833709717,0.1994356662034988,0.4174268543720245,-0.4501401484012604,0.5685749650001526,0.9295820593833924,-0.0071219615638256,0.4397740364074707,0.9275984168052672,0.0090208547189831,105,108,93,82
straight_ahead,0.5948197245597839,0.5706363320350647,-0.0842664092779159,0.3986359536647796,0.5696367621421814,-0.0826061367988586,0.7414541840553284,0.6064499020576477,-0.1656440496444702,0.2587625086307525,0.5956839323043823,-0.2209283411502838,0.7806406021118164,0.4321366548538208,-0.3990700840950012,0.1996450573205948,0.4221369624137878,-0.5232214331626892,0.5685181617736816,0.929573118686676,-0.0026768089737743,0.4394679665565491,0.9276183843612672,0.004628756083548,104,108,91,82
straight_ahead,0.5943614840507507,0.5706034302711487,-0.0751713886857032,0.3981499075889587,0.5696351528167725,-0.0732942670583725,0.7404478788375854,0.6065834164619446,-0.1658371686935424,0.2576063871383667,0.5955091714859009,-0.1973524987697601,0.7747310400009155,0.4317395389080047,-0.4054465889930725,0.2104353606700897,0.4190467894077301,-0.4759449362754822,0.5685023069381714,0.9296433329582214,-0.0013450302649289,0.4394897818565368,0.9276760816574096,0.0032001510262489,104,108,93,85
straight_ahead,0.5939552783966064,0.5708966851234436,-0.0827266499400138,0.3971074223518371,0.5702388286590576,-0.0700245350599289,0.740441620349884,0.6091217398643494,-0.2031839787960052,0.2578779757022857,0.5955455899238586,-0.2021262943744659,0.7645084261894226,0.4274168908596039,-0.4373861849308014,0.2201294898986816,0.4098448753356933,-0.4639653265476227,0.5682352185249329,0.9302000403404236,-0.0028595554176717,0.4394500255584717,0.9286959767341614,0.0047181313857436,104,108,97,89
straight_ahead,0.5936044454574585,0.5713909268379211,-0.0895172208547592,0.3962896168231964,0.57048499584198,-0.057516049593687,0.7406612634658813,0.6106404662132263,-0.2233984768390655,0.2581852078437805,0.5955846905708313,-0.1958958357572555,0.7634729743003845,0.4273723661899566,-0.4504659175872803,0.2348831444978714,0.4079211056232452,-0.4602070450782776,0.5682148337364197,0.9301785826683044,-0.0038152742199599,0.4394310116767883,0.9289154410362244,0.0056435344740748,103,108,98,93
straight_ahead,0.5935999155044556,0.5716682076454163,-0.0998070314526557,0.395075112581253,0.5715728402137756,-0.0561602935194969,0.7404968738555908,0.6126630902290344,-0.2940641343593597,0.25825035572052,0.5975455641746521,-0.2216890603303909,0.7302900552749634,0.4290252923965454,-0.5211044549942017,0.2719826102256775,0.4087540209293365,-0.4736510813236236,0.5682134032249451,0.9301740527153016,-0.0049810232594609,0.4393424987792969,0.9290137887001038,0.0069104335270822,103,108,109,105
straight_ahead,0.5938221216201782,0.5710712671279907,-0.1081314086914062,0.3950949609279632,0.5720177888870239,-0.022510889917612,0.7397037744522095,0.6107345223426819,-0.3401747941970825,0.258697360754013,0.5990383625030518,-0.163207322359085,0.6951034665107727,0.4298731386661529,-0.5750839114189148,0.3051802515983581,0.4115923941135406,-0.3495539426803589,0.5681505799293518,0.929866373538971,-0.0129517018795013,0.4393366277217865,0.9288265109062196,0.0148200672119855,103,108,119,115
straight_ahead,0.5940383672714233,0.5704624056816101,-0.1540577411651611,0.3951183557510376,0.572153627872467,-0.0614273138344287,0.739601731300354,0.6104716062545776,-0.3819551765918731,0.2590087950229645,0.6012687683105469,-0.2139451950788498,0.6856971979141235,0.4316584765911102,-0.6171689033508301,0.3137609958648681,0.4177261888980865,-0.4081241190433502,0.5682250261306763,0.9286177158355712,-0.0138070685788989,0.4396363794803619,0.9275116324424744,0.0156252272427082,103,107,122,119
straight_ahead,0.5943155288696289,0.5704501867294312,-0.1448690742254257,0.3953584730625152,0.5721956491470337,-0.0464109852910041,0.7392070293426514,0.6101285815238953,-0.3659868240356445,0.2590522170066833,0.6042259335517883,-0.2257237136363983,0.672912061214447,0.4341616332530975,-0.5767958760261536,0.3171905875205993,0.4256826639175415,-0.4452295899391174,0.5682364106178284,0.9288536906242372,-0.016916899010539,0.4396400451660156,0.9275850057601928,0.018635494634509,103,106,126,121
straight_ahead,0.5942472219467163,0.570454478263855,-0.1429713666439056,0.3953774273395538,0.5725442171096802,-0.0436703339219093,0.7391475439071655,0.6066250205039978,-0.3636544346809387,0.2592169642448425,0.6041152477264404,-0.2149458676576614,0.6831921935081482,0.4306441247463226,-0.5878581404685974,0.3071614801883697,0.4244013726711273,-0.4441308379173279,0.5682278871536255,0.9289595484733582,-0.0171289257705211,0.4400262236595154,0.9275983572006226,0.0188546571880579,104,106,122,118
straight_ahead,0.5939454436302185,0.5704365968704224,-0.1176814064383506,0.3951349854469299,0.5728021264076233,-0.023115137591958,0.7391177415847778,0.6030248999595642,-0.3341520130634308,0.259265661239624,0.6032114028930664,-0.2083466500043869,0.6878761053085327,0.4243053495883941,-0.5155270099639893,0.3008240759372711,0.4199741780757904,-0.4373522698879242,0.5682436227798462,0.9292469620704652,-0.0174201410263776,0.440145194530487,0.9277366399765016,0.0191428307443857,105,107,119,115
straight_ahead,0.5938119292259216,0.5703707933425903,-0.1103470176458358,0.3950267434120178,0.5728161931037903,-0.0263167582452297,0.7392271161079407,0.5952187776565552,-0.2688896059989929,0.2589766383171081,0.5945591330528259,-0.1707663238048553,0.7066512703895569,0.4108989536762237,-0.468375027179718,0.2726869285106659,0.4073461294174194,-0.4028163552284241,0.5684207677841187,0.9292976260185242,-0.016376020386815,0.4405232965946197,0.9280752539634703,0.0181165412068367,107,109,110,103
straight_ahead,0.5936216711997986,0.5700944662094116,-0.10154340416193,0.3949072659015655,0.5725783109664917,-0.0580565817654132,0.7396374940872192,0.5909799933433533,-0.2131838798522949,0.2570565342903137,0.5883567333221436,-0.1718800365924835,0.7352524995803833,0.4017400443553924,-0.4229724407196045,0.2335406839847564,0.4008170664310455,-0.4045383930206299,0.5686067938804626,0.92910897731781,-0.0110872145742177,0.4405993521213531,0.9280940890312196,0.012807953171432,109,112,99,89
straight_ahead,0.5936210751533508,0.5701087713241577,-0.0702939927577972,0.3949877619743347,0.572277843952179,-0.0578985810279846,0.7396570444107056,0.5906737446784973,-0.1561434715986251,0.2560315430164337,0.5872300863265991,-0.1721433252096176,0.7646424174308777,0.4043742716312408,-0.3622446656227112,0.2104768753051757,0.4019706547260284,-0.4141463339328766,0.568550705909729,0.9290850162506104,-0.0069833965972065,0.4403287768363952,0.9281017184257508,0.00873096100986,109,112,90,82
straight_ahead,0.5936546921730042,0.5701567530632019,-0.0330096073448658,0.395195722579956,0.5722347497940063,-0.0560456402599811,0.7394357919692993,0.5904058814048767,-0.0972384512424469,0.2550866305828094,0.5857458114624023,-0.1748525947332382,0.7748576402664185,0.4047475457191467,-0.2947834134101867,0.2034921199083328,0.4022461175918579,-0.4193302989006042,0.5684865117073059,0.9283161759376526,-0.0012453396338969,0.4394852221012115,0.9275563955307008,0.0029282446485012,109,113,87,80
straight_ahead,0.5936132669448853,0.5701581239700317,-0.0467714443802833,0.3952335715293884,0.572184145450592,-0.0558594837784767,0.7392264604568481,0.5908887982368469,-0.1438149660825729,0.2551711499691009,0.5857492089271545,-0.1836161315441131,0.7621735334396362,0.4059480428695678,-0.3539525270462036,0.2183260470628738,0.397540271282196,-0.4337195754051208,0.5685384273529053,0.9283178448677064,-0.0006053076940588,0.4395627975463867,0.9274898767471312,0.0023028901778161,109,113,91,84
straight_ahead,0.5934240818023682,0.5701568722724915,-0.0606927797198295,0.3952268958091736,0.5720259547233582,-0.0302924960851669,0.7397705316543579,0.5912770628929138,-0.1730788946151733,0.2559592127799988,0.5861057639122009,-0.1763514429330825,0.7503224611282349,0.4057278931140899,-0.3913188576698303,0.2465045005083084,0.3956257104873657,-0.4166242182254791,0.5682631134986877,0.928485870361328,-0.0069355284795165,0.4395801126956939,0.9280315041542052,0.0085076242685318,109,112,95,93
straight_ahead,0.5934043526649475,0.5702903270721436,-0.0668004527688026,0.3955579400062561,0.5719727873802185,-0.0321868285536766,0.7397371530532837,0.5914672613143921,-0.1819170117378235,0.2572308182716369,0.5863831043243408,-0.2115500420331955,0.7415698170661926,0.4085434377193451,-0.4045257568359375,0.267279714345932,0.3946684598922729,-0.4824715256690979,0.5682029128074646,0.9288870096206664,-0.0069576143287122,0.439587265253067,0.9288274049758912,0.0085614304989576,109,112,98,99
straight_ahead,0.5934923887252808,0.5703528523445129,-0.0752537101507186,0.3956393599510193,0.5724539160728455,-0.0381546467542648,0.7396929860115051,0.5934470891952515,-0.2763232588768005,0.2594020366668701,0.5867384076118469,-0.270228236913681,0.7060109376907349,0.4146775603294372,-0.4901708662509918,0.307328999042511,0.4010792374610901,-0.5495747327804565,0.5680040121078491,0.9278815984725952,-0.0070279063656926,0.4396191537380218,0.9280597567558287,0.0086303297430276,108,112,110,110
straight_ahead,0.593854546546936,0.5697352886199951,-0.083245038986206,0.3958271145820617,0.5722134113311768,-0.0437489822506904,0.7396575212478638,0.5952087044715881,-0.3142319321632385,0.2609845399856567,0.5893546342849731,-0.3210618793964386,0.6904377937316895,0.420175552368164,-0.5391905903816223,0.3180111348628998,0.4104690849781036,-0.634410560131073,0.5680204033851624,0.9256117343902588,-0.0066799698397517,0.4395424425601959,0.926211953163147,0.0083369817584753,108,111,116,115
straight_ahead,0.5939356684684753,0.569744348526001,-0.1145373210310936,0.3961000740528106,0.5716878175735474,-0.0795253068208694,0.7396708726882935,0.5969250798225403,-0.3300170004367828,0.2622489631175995,0.5916363000869751,-0.3569883704185486,0.6814612746238708,0.4263901710510254,-0.5264679789543152,0.3243679106235504,0.4182375073432922,-0.6517869234085083,0.568000316619873,0.9240506291389464,-0.0065568187274038,0.4393995702266693,0.9239492416381836,0.0082175359129905,107,110,119,118
straight_ahead,0.5936614274978638,0.5697547793388367,-0.1120853275060653,0.3961411118507385,0.5721046328544617,-0.0786614492535591,0.7382127046585083,0.5966522097587585,-0.2451908141374588,0.2621833682060241,0.5963573455810547,-0.329215943813324,0.6918259859085083,0.42136150598526,-0.4157644808292389,0.3218468427658081,0.4175677895545959,-0.5741775631904602,0.5679979920387268,0.924113631248474,-0.0068123796954751,0.4401761591434479,0.9253955483436584,0.0085281338542699,107,108,115,119
straight_ahead,0.5927969217300415,0.5706055760383606,-0.0696483105421066,0.3956699967384338,0.5734348297119141,-0.0908024758100509,0.7365213632583618,0.5982567071914673,-0.1246861219406127,0.2577284872531891,0.5964148640632629,-0.2920740246772766,0.7355777621269226,0.4212736785411834,-0.3171328902244568,0.2475947439670562,0.413093090057373,-0.567620038986206,0.5680436491966248,0.9251680374145508,-0.0027685300447046,0.4402533173561096,0.927703619003296,0.0046903546899557,106,109,101,96
straight_ahead,0.5919317603111267,0.5710946917533875,-0.0610351040959358,0.3955457806587219,0.5742793679237366,-0.0840719193220138,0.7364413738250732,0.5989664793014526,-0.1341142356395721,0.2562542855739593,0.5968207716941833,-0.2318822145462036,0.7404997944831848,0.4183021485805511,-0.350640594959259,0.2446612864732742,0.409752756357193,-0.4893848001956939,0.5680407285690308,0.9279539585113524,-0.0027261998038738,0.4409236907958984,0.93251770734787,0.0046634972095489,106,110,100,96
straight_ahead,0.5913527607917786,0.5710962414741516,-0.0541464798152446,0.3955697417259216,0.5742673277854919,-0.0903858914971351,0.7356753349304199,0.6009730100631714,-0.1534052789211273,0.2570138275623321,0.5989420413970947,-0.3031448423862457,0.7300493717193604,0.4232967793941498,-0.3489668369293213,0.2719862759113312,0.4101110398769378,-0.5797017812728882,0.5680004954338074,0.9281780123710632,-0.0002593965618871,0.4409340918064117,0.9329720735549928,0.0023032347671687,105,109,104,105
straight_ahead,0.5913480520248413,0.571135938167572,-0.0263874139636755,0.3955795168876648,0.5743408799171448,-0.0889186561107635,0.7347041368484497,0.600961446762085,-0.1581098586320877,0.2570419907569885,0.604793131351471,-0.399884819984436,0.6915104985237122,0.4263275861740112,-0.2994314134120941,0.3115934729576111,0.4225507974624634,-0.7364464998245239,0.5679935812950134,0.9276303052902222,0.0016189642483368,0.4406900405883789,0.9303233027458192,0.0003455402038525,105,107,116,119
straight_ahead,0.5912521481513977,0.5712462663650513,-0.0353971235454082,0.3956138491630554,0.5743352174758911,-0.0561032891273498,0.733972430229187,0.6009426712989807,-0.16883584856987,0.2587172985076904,0.6071087121963501,-0.3454555869102478,0.6687697768211365,0.4327492713928222,-0.2783685326576233,0.3272706866264343,0.434977263212204,-0.620123565196991,0.5679461359977722,0.9276351928710938,0.0008329168194904,0.4404528737068176,0.9298872351646424,0.0010395424906164,105,106,123,125
straight_ahead,0.5912529826164246,0.5712498426437378,-0.0256500653922557,0.3958009481430053,0.5738018155097961,-0.0425240062177181,0.7338588237762451,0.6008263826370239,-0.1489516943693161,0.2592346668243408,0.6080004572868347,-0.3433302640914917,0.6663974523544312,0.4352658987045288,-0.2280546426773071,0.3287902772426605,0.437277615070343,-0.6376867890357971,0.5679064989089966,0.9274008870124816,0.0008845974807627,0.439782053232193,0.9289149045944214,0.0009476840496063,105,105,124,126
straight_ahead,0.5913320183753967,0.5706182718276978,-0.0325821004807949,0.3969179689884186,0.5738074779510498,-0.0448400303721427,0.7339887619018555,0.6008400321006775,-0.1934321671724319,0.2592689394950866,0.6076699495315552,-0.3275872468948364,0.6758134961128235,0.4344697594642639,-0.381671279668808,0.3183476328849792,0.4355908334255218,-0.6376832723617554,0.5677139163017273,0.9271299839019777,0.0007304988685064,0.4396921992301941,0.9284197688102722,0.0011177721899002,105,106,121,123
straight_ahead,0.5912288427352905,0.5706068277359009,-0.0624719448387622,0.3969094753265381,0.5738041996955872,-0.0657116696238517,0.7340131402015686,0.6008585095405579,-0.1999650746583938,0.2589670717716217,0.6070554852485657,-0.2719500064849853,0.7084110975265503,0.4340723156929016,-0.42594113945961,0.2791187167167663,0.4213274419307709,-0.5644112229347229,0.5676997303962708,0.9271886348724364,0.0006021040608175,0.4397181868553161,0.9284130334854126,0.0012564731296151,105,106,111,110
straight_ahead,0.5913414359092712,0.5709585547447205,-0.0569577291607856,0.3971515297889709,0.5741239786148071,-0.0842410326004028,0.7342476844787598,0.6020395755767822,-0.1363637298345565,0.2561203241348266,0.6067116856575012,-0.2656841874122619,0.7396010756492615,0.4339460134506225,-0.3553329706192016,0.2310395240783691,0.4157443642616272,-0.5467925667762756,0.5675395727157593,0.9275009036064148,0.0052288076840341,0.4391977190971374,0.928605854511261,-0.0031922801863402,105,107,100,96
straight_ahead,0.5914286375045776,0.5715640783309937,-0.0509327426552772,0.3971764743328094,0.5745198130607605,-0.0933112651109695,0.7342705130577087,0.6023465394973755,-0.1205894500017166,0.254416823387146,0.605467677116394,-0.2573229670524597,0.7484315633773804,0.430665522813797,-0.3327417969703674,0.2173269242048263,0.4122925698757171,-0.526428759098053,0.5674429535865784,0.9278017282485962,0.009151617065072,0.4389847815036773,0.9290573596954346,-0.0070739253424108,105,107,97,91
straight_ahead,0.5921634435653687,0.5718656182289124,-0.038983579725027,0.3975418508052826,0.5749878287315369,-0.0988731384277343,0.7342898845672607,0.6023399829864502,-0.1042980328202247,0.2529419064521789,0.6046820878982544,-0.2635595798492431,0.7726444602012634,0.4336913526058197,-0.3207672238349914,0.1962116658687591,0.416291743516922,-0.5359523892402649,0.5671982765197754,0.9278137683868408,0.0141236158087849,0.4379666447639465,0.9293659925460817,-0.0119834411889314,105,108,89,85
straight_ahead,0.5922256708145142,0.5719926357269287,-0.0127742197364568,0.3975693881511688,0.5750826001167297,-0.108772374689579,0.7338831424713135,0.6023403406143188,-0.0279432721436023,0.2527740597724914,0.6045476794242859,-0.2851130068302154,0.7808423638343811,0.4392632246017456,-0.2021856606006622,0.1946736574172973,0.4201880395412445,-0.5889614224433899,0.5671917200088501,0.9277860522270204,0.016356486827135,0.4378678798675537,0.9295247793197632,-0.0142994849011302,105,108,86,84
straight_ahead,0.5921272039413452,0.5720974802970886,-0.0203743893653154,0.3973276019096374,0.5753803849220276,-0.1177416667342186,0.7335717678070068,0.6023414731025696,-0.052225224673748,0.2526828646659851,0.6044797897338867,-0.3204252123832702,0.7807268500328064,0.4428823590278625,-0.23898546397686,0.1990271508693695,0.4218822121620178,-0.6503792405128479,0.5672367215156555,0.9280202984809875,0.0155276302248239,0.4379139542579651,0.930907905101776,-0.0134977120906114,105,108,86,85
straight_ahead,0.5915045738220215,0.57234787940979,-0.0239924862980842,0.3963558375835418,0.5755611658096313,-0.0932894200086593,0.7325066328048706,0.6022699475288391,-0.0724697634577751,0.2522197365760803,0.6022536754608154,-0.2520662248134613,0.7688482999801636,0.4359553158283233,-0.254705011844635,0.209834411740303,0.405577689409256,-0.5134513974189758,0.5672059059143066,0.9283671975135804,0.0073191062547266,0.4379158020019531,0.931733012199402,-0.0053544528782367,105,109,90,88
straight_ahead,0.5909051299095154,0.5723532438278198,-0.0130584882572293,0.3957798480987549,0.5756085515022278,-0.0924529135227203,0.7319394946098328,0.6011066436767578,-0.0744762122631073,0.2533334791660309,0.6019696593284607,-0.2929666042327881,0.7439409494400024,0.421918123960495,-0.2624674439430237,0.2588110268115997,0.4005579352378845,-0.5858861207962036,0.5672906637191772,0.9283111095428468,0.0083400178700685,0.4398846626281738,0.9324144721031188,-0.0063480027019977,105,109,98,102
straight_ahead,0.5908169746398926,0.5722047090530396,-0.0174149852246046,0.3956840634346008,0.5756616592407227,-0.0989078655838966,0.7317410707473755,0.6004577279090881,-0.0938004776835441,0.2549610137939453,0.6016629338264465,-0.3201863169670105,0.7263046503067017,0.4202277064323425,-0.2862772047519684,0.275586724281311,0.3997426629066467,-0.5999587178230286,0.5674026608467102,0.9271732568740844,0.0079302145168185,0.4407289922237396,0.931895911693573,-0.0059323892928659,105,109,103,106
straight_ahead,0.5908309817314148,0.5713130831718445,-0.0049026440829038,0.395617663860321,0.5756828784942627,-0.0786844566464424,0.7313980460166931,0.600213885307312,-0.1203342303633689,0.2575312256813049,0.6017982959747314,-0.3760477006435394,0.6964341402053833,0.4218139052391052,-0.2892279326915741,0.3108753561973572,0.4027566611766815,-0.6968337893486023,0.5674026012420654,0.9267362356185912,0.0079285884276032,0.4405014514923095,0.9317966103553772,-0.0059289033524692,105,108,113,116
straight_ahead,0.5908254384994507,0.5685616731643677,-0.0014623592142015,0.3956820368766784,0.5754290819168091,-0.0653751865029335,0.7306157946586609,0.5997394919395447,-0.1011056452989578,0.2590338587760925,0.6034660339355469,-0.3679707050323486,0.6810250878334045,0.424629807472229,-0.1769831031560897,0.3239184021949768,0.4161569774150848,-0.6722809076309204,0.5668413639068604,0.9253512620925904,0.0079382648691535,0.4391000270843506,0.9296189546585084,-0.0059600789099931,104,107,118,121
straight_ahead,0.5908240079879761,0.5666826367378235,0.0099590951576828,0.3958488404750824,0.5751224160194397,-0.0586162135004997,0.7304317951202393,0.599668562412262,-0.1171838790178299,0.259450614452362,0.6043888926506042,-0.3824761509895324,0.6794388890266418,0.426311582326889,-0.2199842184782028,0.3240180015563965,0.4216328859329223,-0.7063955068588257,0.5668441653251648,0.9238361716270448,0.0119410892948508,0.4388232827186584,0.9282918572425842,-0.0101252608001232,103,107,120,122
straight_ahead,0.5906716585159302,0.5663945078849792,0.0091605531051754,0.395852267742157,0.5746871829032898,-0.0621409602463245,0.7304511070251465,0.5987026691436768,-0.0930092185735702,0.2595466077327728,0.6042318940162659,-0.3627760708332062,0.691008448600769,0.423627644777298,-0.2400810271501541,0.3093140423297882,0.4181107580661773,-0.6750580072402954,0.5668295621871948,0.9237608313560486,0.0119149107486009,0.4388203620910644,0.928305208683014,-0.0100697930902242,104,107,116,117
straight_ahead,0.589431643486023,0.5664544701576233,0.025668729096651,0.3944602012634277,0.5750333666801453,-0.0605720058083534,0.7280461192131042,0.5975582599639893,-0.0440614819526672,0.2584099173545837,0.6031935214996338,-0.2666740715503692,0.7149220108985901,0.4196303188800812,-0.228617712855339,0.2713718712329864,0.4070903956890106,-0.5570836067199707,0.5668244957923889,0.924491822719574,0.0155726568773388,0.4388261437416076,0.9288672804832458,-0.0137388873845338,104,107,107,105
straight_ahead,0.5884720087051392,0.5666074156761169,0.0220229197293519,0.3939650058746338,0.5752217173576355,-0.0847714990377426,0.7273169755935669,0.5972532033920288,-0.0477470979094505,0.2560306191444397,0.6017265915870667,-0.2853966057300567,0.7298656702041626,0.4166335761547088,-0.2297069728374481,0.2503577768802643,0.4013039767742157,-0.5735386610031128,0.5668638944625854,0.9248000979423524,0.0161325223743915,0.4388245642185211,0.9297306537628174,-0.0142603842541575,104,108,102,99
straight_ahead,0.5879499912261963,0.5671714544296265,0.0144365923479199,0.3937039077281952,0.5757339596748352,-0.0939291268587112,0.725711464881897,0.5972161889076233,-0.0461269244551658,0.2530184388160705,0.6017286777496338,-0.2946178615093231,0.761821985244751,0.4231941401958465,-0.2353990972042083,0.2139465808868408,0.4037461876869201,-0.5982577204704285,0.5672652125358582,0.926148533821106,0.0184788834303617,0.4388083815574646,0.9305506348609924,-0.0166175011545419,103,109,91,89
straight_ahead,0.5882958769798279,0.5676448941230774,0.0274118371307849,0.3936881721019745,0.5758050084114075,-0.0992381125688552,0.7250678539276123,0.5967857837677002,0.0247723739594221,0.2522367238998413,0.6014911532402039,-0.2632969915866852,0.7849891185760498,0.4442597925662994,-0.1654322445392608,0.1848675161600113,0.4193159639835357,-0.5578204989433289,0.5672793388366699,0.926936686038971,0.0193582437932491,0.4381327033042907,0.9317559003829956,-0.0174751970916986,104,109,81,80
straight_ahead,0.5886915922164917,0.5676850080490112,0.0437449030578136,0.3935349583625793,0.5759397745132446,-0.0960961729288101,0.7251677513122559,0.5951090455055237,0.0456184409558773,0.2514735162258148,0.6004742980003357,-0.2508998811244964,0.7910598516464233,0.4480438828468323,-0.1309951394796371,0.1791340410709381,0.4245317876338959,-0.5435780882835388,0.5678616762161255,0.927528977394104,0.020727839320898,0.4381329119205475,0.9319444894790648,-0.0188028961420059,104,110,77,77
straight_ahead,0.5885592699050903,0.5677070021629333,0.0343970358371734,0.3927921056747436,0.5758419036865234,-0.1001606434583664,0.7244636416435242,0.5940462350845337,0.0332181081175804,0.2496378719806671,0.59702068567276,-0.2602790892124176,0.7838970422744751,0.4461503028869629,-0.1448587477207183,0.1896508336067199,0.4192703664302826,-0.542565643787384,0.5678407549858093,0.927524745464325,0.0215864572674036,0.437737375497818,0.9319332838058472,-0.0196468420326709,104,111,79,80
straight_ahead,0.5875591039657593,0.5677265524864197,0.0169311687350273,0.391349047422409,0.5759095549583435,-0.1037076711654663,0.7241150140762329,0.5939724445343018,0.0297580920159816,0.2487778961658477,0.595379650592804,-0.2992624044418335,0.7752653360366821,0.4370641112327575,-0.1888239681720733,0.1902526021003723,0.39621302485466,-0.5873152613639832,0.5678733587265015,0.9275334477424622,0.0185828600078821,0.4376781582832336,0.9320354461669922,-0.0166268497705459,104,112,83,81
straight_ahead,0.5867105722427368,0.5674909949302673,0.0287941545248031,0.3912967443466186,0.575820803642273,-0.0531494729220867,0.7238495349884033,0.5934301018714905,-0.0081812255084514,0.2489026486873626,0.5938009023666382,-0.2646618485450744,0.7637151479721069,0.4261797666549682,-0.2391322404146194,0.2147630900144577,0.3892407715320587,-0.5676575899124146,0.5678130388259888,0.927742600440979,0.0181732289493083,0.437481015920639,0.9322824478149414,-0.0162248183041811,104,112,87,88
straight_ahead,0.586382269859314,0.5674588084220886,0.0322759598493576,0.3913148045539856,0.5756421685218811,-0.0518757887184619,0.7227360606193542,0.5919456481933594,-0.0297490619122982,0.2496671974658966,0.5941981077194214,-0.2699547410011291,0.7316130995750427,0.4167684912681579,-0.2349755316972732,0.263736754655838,0.3910058438777923,-0.5607045888900757,0.5674015283584595,0.9277448058128356,0.0181688871234655,0.4374396800994873,0.9322299957275392,-0.0162308402359485,105,112,97,101
straight_ahead,0.5843430757522583,0.5674924254417419,0.0299256350845098,0.3893342912197113,0.5756696462631226,-0.060863621532917,0.7199637293815613,0.5943227410316467,0.0062661068513989,0.2459045201539993,0.5942981839179993,-0.273267924785614,0.7368163466453552,0.4231173098087311,-0.1739382147789001,0.230352908372879,0.391949862241745,-0.5634298324584961,0.567362368106842,0.9276624917984008,0.0181178804486989,0.4373243749141693,0.9324329495429992,-0.0161819923669099,103,112,96,93
straight_ahead,0.583012580871582,0.5675019025802612,0.0384603068232536,0.3893836140632629,0.5754605531692505,-0.0766026601195335,0.7190192937850952,0.5955159664154053,0.0375813134014606,0.2461212128400802,0.5962660312652588,-0.2458194494247436,0.745476484298706,0.4280909895896911,-0.1455608904361724,0.2082203328609466,0.3970732986927032,-0.5102506279945374,0.5677825212478638,0.9281864166259766,0.023080326616764,0.4382208287715912,0.93323415517807,-0.0210996810346841,103,111,93,87
straight_ahead,0.5830987095832825,0.567867636680603,0.0496203303337097,0.389423668384552,0.5754329562187195,-0.0764732286334037,0.7187164425849915,0.5956021547317505,0.0314732864499092,0.2460155487060547,0.5997976660728455,-0.2496566027402877,0.7628929018974304,0.4395289719104767,-0.1656564772129058,0.1866451799869537,0.4192146062850952,-0.5360780358314514,0.5676902532577515,0.9283716082572936,0.0261006169021129,0.4376860558986664,0.93345707654953,-0.0241278316825628,103,110,86,81
straight_ahead,0.5820979475975037,0.5678191781044006,0.0471799671649932,0.3891250789165497,0.5754503607749939,-0.076589860022068,0.7178440690040588,0.5959948897361755,0.0226627197116613,0.2447843998670578,0.6002172827720642,-0.2540765702724457,0.7618917226791382,0.4395980834960937,-0.1675043553113937,0.1973098665475845,0.4113492965698242,-0.55306077003479,0.5677124261856079,0.9282259345054626,0.0244377497583627,0.4377758502960205,0.9334574341773988,-0.022466292604804,103,110,86,86
straight_ahead,0.5810264348983765,0.5680944323539734,0.0434119328856468,0.3885330557823181,0.5755138993263245,-0.0969807431101799,0.7178913950920105,0.5960171222686768,0.0247284621000289,0.244814321398735,0.6015050411224365,-0.2970974147319793,0.7589508891105652,0.433038979768753,-0.1623118221759796,0.1975626200437545,0.4066232442855835,-0.594404935836792,0.5677701234817505,0.9282434582710266,0.0244858302175998,0.4378445744514465,0.9341099262237548,-0.0225018132477998,103,110,87,87
straight_ahead,0.580618679523468,0.5683392286300659,-0.0076295533217489,0.3889172673225403,0.5754709839820862,-0.1096787601709365,0.7175607085227966,0.599926769733429,-0.0976368933916091,0.2475132942199707,0.6049343347549438,-0.3768202662467956,0.7287537455558777,0.4309212863445282,-0.299567848443985,0.2579632401466369,0.4060345888137817,-0.6810277104377747,0.567200779914856,0.9280818700790404,0.0228298474103212,0.4378959238529205,0.933866560459137,-0.0208342336118221,102,108,99,105
straight_ahead,0.5806742906570435,0.567378580570221,-0.0137445731088519,0.3891152739524841,0.575468122959137,-0.1117391735315322,0.7175363898277283,0.6038447618484497,-0.1788952201604843,0.2490062713623047,0.6076409816741943,-0.4476439356803894,0.6989008188247681,0.4309695661067962,-0.4157682061195373,0.2990201413631439,0.4078463315963745,-0.7846644520759583,0.5669243931770325,0.927618682384491,0.0219653006643056,0.437915563583374,0.9330883026123048,-0.0200353432446718,100,107,111,117
straight_ahead,0.5806995630264282,0.5669831037521362,-0.0091989515349268,0.389607161283493,0.5737107992172241,-0.1010221391916275,0.7161739468574524,0.6066954731941223,-0.1043187975883483,0.2513176500797272,0.6079925298690796,-0.4006670415401459,0.6779237985610962,0.4381777048110962,-0.2603358626365661,0.3152544498443603,0.4117796123027801,-0.6949099898338318,0.5669775009155273,0.926578938961029,0.0200882870703935,0.4379197061061859,0.9326394200325012,-0.0182255208492279,99,106,119,122
straight_ahead,0.5803959965705872,0.5669901967048645,-0.0055502709001302,0.3896288871765136,0.5732284784317017,-0.1012463942170143,0.7153728604316711,0.6088117957115173,-0.0818649232387542,0.2515634894371032,0.6096640825271606,-0.4188734591007232,0.6708039045333862,0.4451803863048553,-0.2037615329027176,0.3181235194206238,0.4175522923469543,-0.698090136051178,0.5669927597045898,0.9258639812469482,0.0197094865143299,0.4379345774650574,0.9324072003364564,-0.0178679134696722,98,105,122,124
straight_ahead,0.5802769660949707,0.5665547251701355,0.003300390439108,0.3896664977073669,0.5731608867645264,-0.0902828276157379,0.7150347828865051,0.6097723245620728,-0.0826722234487533,0.251713752746582,0.609506368637085,-0.3959994614124298,0.677645742893219,0.4445026814937591,-0.2490286529064178,0.306507796049118,0.4170955121517181,-0.6510584950447083,0.5667614936828613,0.9254831075668336,0.0186582282185554,0.4377101957798004,0.9318764805793762,-0.0167964678257703,97,105,121,121
straight_ahead,0.5802702903747559,0.5659853219985962,0.0358740165829658,0.3896616399288177,0.5731586813926697,-0.0786154121160507,0.7150843739509583,0.6094105243682861,-0.0757621452212333,0.2519249320030212,0.6080097556114197,-0.3868376314640045,0.6838291883468628,0.4401004612445831,-0.2651596665382385,0.2977690100669861,0.4124179780483246,-0.6501133441925049,0.5667675733566284,0.9255678057670592,0.0199492201209068,0.4378314912319183,0.9321659803390504,-0.0181054286658763,97,106,118,117
straight_ahead,0.5800584554672241,0.5659912824630737,0.0164326466619968,0.3896748721599579,0.5731337070465088,-0.0798135250806808,0.7152014970779419,0.6095283031463623,-0.0781598016619682,0.2516146302223205,0.6063969731330872,-0.3261592984199524,0.6877933740615845,0.4367237687110901,-0.2713943719863891,0.2709404528141022,0.4022870361804962,-0.5958825945854187,0.5667041540145874,0.9257526397705078,0.0200104601681232,0.4375892281532287,0.9328241944313048,-0.0181413423269987,97,106,117,109
straight_ahead,0.5799036622047424,0.5663592219352722,0.0165878012776374,0.3884479105472564,0.573674201965332,-0.0982744768261909,0.7149997353553772,0.6093769669532776,-0.0085400100797414,0.2464393377304077,0.6059443354606628,-0.2972871661186218,0.7336875200271606,0.4366942644119262,-0.2014602720737457,0.1986179649829864,0.4060123264789581,-0.5894556641578674,0.56689453125,0.9268629550933838,0.0227225460112094,0.4375413954257965,0.935036838054657,-0.0207175109535455,97,107,101,89
straight_ahead,0.5798162817955017,0.5675703883171082,0.016649892553687,0.3881596624851227,0.5741178393363953,-0.1265649646520614,0.714597225189209,0.6093066930770874,0.0291972309350967,0.246304303407669,0.6057208776473999,-0.2999564111232757,0.7474139332771301,0.4372324347496032,-0.1482341438531875,0.1835077404975891,0.4129476845264435,-0.5744189620018005,0.5669271349906921,0.927090585231781,0.0246365740895271,0.4375054240226745,0.9358397126197816,-0.0225578509271144,98,108,96,85
straight_ahead,0.5801337957382202,0.5676602721214294,0.0167265199124813,0.3883861899375915,0.5744953751564026,-0.1190339177846908,0.712883472442627,0.6092758178710938,0.0070342211984097,0.2464030981063842,0.607215166091919,-0.2998723685741424,0.7653834819793701,0.4478532075881958,-0.1774129271507263,0.1696593612432479,0.4444098770618438,-0.6123946905136108,0.5671813488006592,0.9277392029762268,0.0250316951423883,0.4377489984035492,0.9362234473228456,-0.0229554083198308,97,107,89,78
straight_ahead,0.5801835656166077,0.5676608681678772,0.0290797352790832,0.3884610533714294,0.5744937062263489,-0.1163199990987777,0.7120532393455505,0.6090137362480164,0.053985945880413,0.2464086264371872,0.6078157424926758,-0.302463948726654,0.7676962018013,0.4506206810474396,-0.1096628531813621,0.1741986572742462,0.4410541355609894,-0.6133933663368225,0.5672021508216858,0.9278468489646912,0.0257580876350402,0.437778890132904,0.9365907311439514,-0.0236775837838649,97,107,88,80
straight_ahead,0.5801426768302917,0.5676640272140503,0.0247266795486211,0.3883801400661468,0.5745343565940857,-0.1271092593669891,0.7109196186065674,0.608934760093689,0.0440348125994205,0.2462118417024612,0.6083342432975769,-0.3268420994281769,0.7646183371543884,0.4511016607284546,-0.1119501963257789,0.1807323098182678,0.4369584619998932,-0.655580997467041,0.5673443078994751,0.9279797077178956,0.0260567609220743,0.4380106925964355,0.937470018863678,-0.0239770524203777,97,107,89,82
straight_ahead,0.5800620317459106,0.5677046179771423,0.0184181276708841,0.3883631825447082,0.5746381282806396,-0.1248350590467453,0.7117144465446472,0.6087349057197571,0.028056364506483,0.2462102621793747,0.6082938313484192,-0.3384468555450439,0.7573836445808411,0.4432713091373443,-0.1351952701807022,0.213556483387947,0.4078781902790069,-0.6470941305160522,0.5671559572219849,0.9282622933387756,0.0259944461286067,0.4376788735389709,0.9374730587005616,-0.0239405967295169,97,107,92,94
straight_ahead,0.579800009727478,0.5676008462905884,0.0231176931411027,0.3885847926139831,0.5745429396629333,-0.1157609596848487,0.7117676734924316,0.6080827713012695,0.0243851263076066,0.2472764253616333,0.6083148121833801,-0.3433480858802795,0.7282470464706421,0.4330881237983703,-0.1523060649633407,0.255472719669342,0.4040594100952148,-0.63149094581604,0.5672101378440857,0.92826646566391,0.0259201619774103,0.4386027455329895,0.9374505877494812,-0.0238639898598194,97,107,102,106
straight_ahead,0.5800122022628784,0.567341685295105,0.0301385708153247,0.3896256983280182,0.5744304656982422,-0.1158116683363914,0.7138506174087524,0.6081258654594421,-0.0021837661042809,0.2490811794996261,0.6082999110221863,-0.36331707239151,0.7134091854095459,0.4282714128494262,-0.1767619103193283,0.2761591374874115,0.4017277359962463,-0.635642409324646,0.5673156380653381,0.9282732009887696,0.0313270278275013,0.4394440650939941,0.9374399185180664,-0.0292801670730114,98,106,107,111
straight_ahead,0.5806988477706909,0.5665472149848938,0.0241047888994216,0.3900750577449798,0.573815107345581,-0.1027951389551162,0.7147607207298279,0.6088801026344299,-0.0988106504082679,0.2507947087287903,0.6087338924407959,-0.3983107805252075,0.6847314834594727,0.4310038983821869,-0.2985448837280273,0.3071528971195221,0.4049965739250183,-0.6995199918746948,0.567884087562561,0.9277429580688475,0.025231510400772,0.4394776225090027,0.936231255531311,-0.0233248509466648,97,106,117,120
straight_ahead,0.5817607641220093,0.5662620663642883,0.0164761189371347,0.3917120695114136,0.5735031366348267,-0.0984670296311378,0.7155407667160034,0.6090003252029419,-0.1319188773632049,0.2538001537322998,0.6093494296073914,-0.4279306530952453,0.6742924451828003,0.4371000826358795,-0.3118371367454529,0.3196636438369751,0.4140788614749908,-0.7258811593055725,0.5678548216819763,0.9271951913833618,0.0245581436902284,0.4394740164279938,0.9324225783348083,-0.0227304827421903,97,105,121,123
straight_ahead,0.5820709466934204,0.5649105310440063,0.0076249130070209,0.3923434317111969,0.5717633366584778,-0.0992098599672317,0.7163024544715881,0.6093432307243347,-0.1047646552324295,0.2544695734977722,0.6092185378074646,-0.4331931471824646,0.6749969720840454,0.4402888119220733,-0.2850339114665985,0.3174809515476227,0.4145081639289856,-0.7306091785430908,0.5679554343223572,0.9263409972190856,0.017208207398653,0.4401961266994476,0.9315057396888732,-0.0154172675684094,97,105,122,123
straight_ahead,0.5821611881256104,0.5652849078178406,0.0085255578160285,0.3921914994716644,0.5719355940818787,-0.0917812883853912,0.7195082902908325,0.6107587814331055,-0.1024688631296157,0.2543959319591522,0.6088517308235168,-0.388273686170578,0.6842551827430725,0.4394127428531647,-0.309696763753891,0.3034065365791321,0.4124074876308441,-0.6617092490196228,0.5680571794509888,0.9263861179351808,0.0172018203884363,0.4402334094047546,0.9315255284309388,-0.0153105556964874,97,105,120,119
straight_ahead,0.582169234752655,0.56527179479599,0.0117330281063914,0.3921777606010437,0.5718719363212585,-0.0916431844234466,0.7208375334739685,0.6112409830093384,-0.0896534249186515,0.2543605864048004,0.6069018840789795,-0.3381390571594238,0.6889957785606384,0.4378460645675659,-0.2825323939323425,0.2952023148536682,0.4073425531387329,-0.5996918082237244,0.5682386159896851,0.9261281490325928,0.0191419329494237,0.440777063369751,0.9306232929229736,-0.0172450542449951,98,106,119,116
straight_ahead,0.582202136516571,0.5654539465904236,0.0060694222338497,0.3922117948532104,0.571858286857605,-0.0886855870485305,0.7211630940437317,0.6110469698905945,-0.1086080223321914,0.2518158853054046,0.606674313545227,-0.3160400986671448,0.7200807332992554,0.4341927766799927,-0.3515525460243225,0.2491602599620819,0.4006196558475494,-0.6148799061775208,0.5682187080383301,0.9265965223312378,0.0201881974935531,0.4407356381416321,0.9317853450775146,-0.0182498451322317,98,106,109,103
straight_ahead,0.5822015404701233,0.5664370059967041,0.0015926994383335,0.3919830918312073,0.5724733471870422,-0.1134412139654159,0.7226523160934448,0.610630452632904,-0.0691774860024452,0.2506961822509765,0.6044113636016846,-0.2915714383125305,0.7483064532279968,0.4341593980789184,-0.3422122597694397,0.2141428738832473,0.4014747738838196,-0.5649527311325073,0.5700464248657227,0.9273741841316224,0.0223150830715894,0.4427980780601501,0.9334251284599304,-0.0203140750527381,98,108,99,93
straight_ahead,0.5821871161460876,0.5667656064033508,-0.0070289843715727,0.3909509778022766,0.5727935433387756,-0.1152085065841674,0.7227157950401306,0.610608696937561,-0.0673590749502182,0.2491157054901123,0.6038381457328796,-0.2870901823043823,0.7554088830947876,0.4383485019207001,-0.3092343211174011,0.2001355141401291,0.4016222059726715,-0.5470209717750549,0.570650577545166,0.927590310573578,0.0209949519485235,0.442761480808258,0.9335840344429016,-0.0189670491963624,98,108,97,89
straight_ahead,0.5830110907554626,0.5673216581344604,0.0141848875209689,0.3916049599647522,0.5727991461753845,-0.1224675774574279,0.7227938771247864,0.6123275756835938,0.0097270924597978,0.2489810436964035,0.6021871566772461,-0.2633859515190124,0.7691421508789062,0.450961023569107,-0.1980705559253692,0.1848301589488983,0.4170611798763275,-0.5110186338424683,0.5708000659942627,0.9279200434684752,0.0276691820472478,0.4429860711097717,0.9336852431297302,-0.0255775991827249,98,109,92,83
straight_ahead,0.5836181044578552,0.5673216581344604,0.0119089130312204,0.3925447463989258,0.5726991891860962,-0.1202262416481971,0.7230597734451294,0.6130219101905823,-0.0158129259943962,0.2489335983991623,0.6001278162002563,-0.2533952295780182,0.772652268409729,0.4528898000717163,-0.220198705792427,0.1829944103956222,0.4209512174129486,-0.5112488269805908,0.571012556552887,0.9278595447540284,0.0283966418355703,0.4429830610752105,0.93341326713562,-0.0262926518917083,98,109,91,81
straight_ahead,0.5852870345115662,0.5686966776847839,-9.416601824341342e-05,0.393085777759552,0.5728271007537842,-0.1225022077560424,0.728492796421051,0.6136423945426941,-0.0188241489231586,0.2500942945480346,0.6003302335739136,-0.2559154629707336,0.7740862965583801,0.4524280428886413,-0.2407283335924148,0.194748505949974,0.4209970533847809,-0.5174047946929932,0.571721076965332,0.929029643535614,0.0285082347691059,0.443956047296524,0.9341708421707152,-0.0264102965593338,99,109,92,84
straight_ahead,0.5859014391899109,0.5689085721969604,-0.0466141477227211,0.3935100138187408,0.5717540979385376,-0.1068111509084701,0.7346872091293335,0.6136268377304077,-0.1756483018398285,0.252536416053772,0.6012172698974609,-0.2817495167255401,0.7398892641067505,0.4442316889762878,-0.4222875237464905,0.2514770030975342,0.4156419038772583,-0.5310518741607666,0.5709488391876221,0.92902672290802,0.0107506122440099,0.443331241607666,0.933428943157196,-0.0085932426154613,101,108,105,101
straight_ahead,0.5859051942825317,0.5694200396537781,-0.0430332794785499,0.3935044407844543,0.5718895792961121,-0.0898430198431015,0.7362633943557739,0.6135941743850708,-0.1479597389698028,0.2526546716690063,0.6026487946510315,-0.2763606011867523,0.7393631935119629,0.4330452978610992,-0.376360535621643,0.2478328645229339,0.411340057849884,-0.544244647026062,0.5709149241447449,0.9292333722114564,0.0076436162926256,0.4434977173805237,0.9334308505058287,-0.0054545518942177,101,108,105,101
straight_ahead,0.5859963297843933,0.5698939561843872,-0.0483591333031654,0.3935382068157196,0.5722973942756653,-0.0919768884778022,0.7374853491783142,0.6137201189994812,-0.136040449142456,0.2526908814907074,0.6030324101448059,-0.2710173726081848,0.7526942491531372,0.4333970248699188,-0.3536216914653778,0.2192247211933136,0.4158833622932434,-0.5463769435882568,0.5708902478218079,0.9295015931129456,0.0090938238427042,0.443472683429718,0.9335939884185792,-0.0069218962453305,102,108,101,92
straight_ahead,0.5863154530525208,0.5699249505996704,-0.0385683514177799,0.3937497735023498,0.5723075270652771,-0.089049756526947,0.736819863319397,0.6137293577194214,-0.1146629303693771,0.2526707053184509,0.6030558943748474,-0.2525274753570556,0.7659134864807129,0.4354985654354095,-0.3278813362121582,0.2072158604860305,0.4185376167297363,-0.5226954817771912,0.5708926916122437,0.9298309683799744,0.0102497320622205,0.4429259300231933,0.9337474703788756,-0.0080905705690383,101,108,97,88
straight_ahead,0.5865051746368408,0.5699636340141296,-0.0349477604031562,0.3937462866306305,0.5724266767501831,-0.0800561383366584,0.7370137572288513,0.6138171553611755,-0.1104276031255722,0.2526397109031677,0.6032564640045166,-0.2410331219434738,0.7679039239883423,0.435666561126709,-0.3248952031135559,0.2057583630084991,0.4198822677135467,-0.5101960897445679,0.5708600878715515,0.9300652146339417,0.0106158778071403,0.4422816336154938,0.9338718056678772,-0.0084529751911759,101,108,96,88
straight_ahead,0.5865839123725891,0.5705721378326416,-0.0425881072878837,0.3930992484092712,0.5725273489952087,-0.0772421732544899,0.7371261715888977,0.613623857498169,-0.1835113316774368,0.2528527975082397,0.6039353013038635,-0.2676372230052948,0.7656519412994385,0.4319404363632202,-0.4379840791225433,0.2265276163816452,0.4109942615032196,-0.5533779859542847,0.5707417726516724,0.9305773377418518,0.0091831684112548,0.4411368370056152,0.9338809847831726,-0.0069417878985404,102,107,97,95
straight_ahead,0.5867599844932556,0.5709265470504761,-0.0399866141378879,0.3935810625553131,0.5724514126777649,-0.0803001001477241,0.738532304763794,0.6136139631271362,-0.1577233970165252,0.2541005313396454,0.6040785312652588,-0.305929958820343,0.736983597278595,0.4290814399719238,-0.3843375146389007,0.2757940888404846,0.4109365046024322,-0.5727424621582031,0.5701912641525269,0.930510640144348,0.00504343630746,0.4411233961582184,0.9332829713821412,-0.0027714476455003,102,107,106,109
straight_ahead,0.5882080793380737,0.5697172284126282,-0.0473578460514545,0.3940961062908172,0.5713865756988525,-0.0902991667389869,0.7383030652999878,0.6150935888290405,-0.2090420424938202,0.2564200758934021,0.6072900295257568,-0.3716309666633606,0.7053166627883911,0.431888073682785,-0.4383887648582458,0.3082089126110077,0.4182879626750946,-0.6656413674354553,0.5702289342880249,0.9294710159301758,0.0017273578559979,0.4410551190376282,0.9320419430732728,0.0004029401170555,101,105,117,120
straight_ahead,0.5896846055984497,0.5693881511688232,-0.0534391812980175,0.3944854140281677,0.5705320835113525,-0.0958339273929596,0.7380334138870239,0.6157090067863464,-0.225328728556633,0.2582386434078216,0.6103513240814209,-0.4131855070590973,0.6934047341346741,0.434992253780365,-0.4510239064693451,0.3164661526679992,0.4255858659744262,-0.7401785850524902,0.5700864791870117,0.9281987547874452,0.0010114577598869,0.4406116604804992,0.929684281349182,0.0010666876332834,101,103,121,124
straight_ahead,0.590798020362854,0.5693504810333252,-0.0679036080837249,0.3954132199287414,0.5704545378684998,-0.1021794453263282,0.737833559513092,0.6157578229904175,-0.2324912846088409,0.2596600651741028,0.6126440167427063,-0.4109738767147064,0.6871528625488281,0.4388125240802765,-0.4296579957008362,0.3202140033245086,0.4297436773777008,-0.7290066480636597,0.5700424313545227,0.9277432560920716,-7.104991527739912e-05,0.440197229385376,0.9284190535545348,0.0020070986356586,101,102,123,126
straight_ahead,0.591119110584259,0.5690959095954895,-0.066817007958889,0.3956134915351867,0.5704664587974548,-0.0864370092749595,0.7384787797927856,0.6150718927383423,-0.2337429970502853,0.2595777809619903,0.6119546890258789,-0.3866583704948425,0.6967300772666931,0.4350180625915527,-0.4503583312034607,0.3068475127220154,0.4268263280391693,-0.6771956086158752,0.5700461268424988,0.9277359247207642,-0.0013828253140673,0.4403036534786224,0.9284133315086364,0.0033035657834261,101,103,120,121
straight_ahead,0.5913859605789185,0.5688919425010681,-0.0633856505155563,0.3958312273025512,0.5703986883163452,-0.0806239992380142,0.7403124570846558,0.6149250864982605,-0.2324986010789871,0.2596394419670105,0.6106193661689758,-0.368924468755722,0.7025681734085083,0.4337593913078308,-0.4662036299705505,0.2978279888629913,0.4224539697170257,-0.6615082025527954,0.5700379014015198,0.927742600440979,-0.0025386488996446,0.4404236674308777,0.928353190422058,0.0045433156192302,101,103,119,118
straight_ahead,0.5910662412643433,0.5693026781082153,-0.0452198237180709,0.3951511085033417,0.57066410779953,-0.0804745107889175,0.7404102683067322,0.6146908402442932,-0.1605072319507599,0.2593576908111572,0.6094568967819214,-0.2872210144996643,0.724273681640625,0.426725685596466,-0.3927026689052582,0.2599774599075317,0.4108273386955261,-0.5687016248703003,0.5700349807739258,0.9279159307479858,0.0004061554500367,0.4404334127902984,0.929056704044342,0.001702178036794,102,104,112,106
straight_ahead,0.5910390019416809,0.5699153542518616,-0.0461292527616024,0.3947774767875671,0.5713911652565002,-0.0795889049768447,0.7415467500686646,0.6157275438308716,-0.1486599743366241,0.2582378387451172,0.6082513928413391,-0.2382080256938934,0.7634302377700806,0.4276484251022339,-0.3816041350364685,0.2140857279300689,0.4110013842582702,-0.5290331244468689,0.5701379179954529,0.9292056560516356,0.0005482185515575,0.4404293894767761,0.930484652519226,0.0015330844325944,102,104,100,92
straight_ahead,0.5910687446594238,0.570248007774353,-0.0299865957349538,0.3947199583053589,0.5714237689971924,-0.0634832084178924,0.7414259314537048,0.6157119274139404,-0.1142506748437881,0.2564126849174499,0.6071968078613281,-0.2141097784042358,0.7740321755409241,0.430385023355484,-0.3415427803993225,0.2046172618865966,0.4180309176445007,-0.5048807859420776,0.5701423287391663,0.9294478297233582,0.003181365551427,0.4403812885284424,0.9307157397270204,-0.0011126600438728,102,105,97,89
straight_ahead,0.5918594598770142,0.5704306960105896,-0.0257771965116262,0.3947192132472992,0.5721145868301392,-0.0874286070466041,0.7413173913955688,0.6134308576583862,-0.0469117648899555,0.2554017603397369,0.6055946946144104,-0.2304840087890625,0.7922693490982056,0.440429538488388,-0.2146995067596435,0.1889882087707519,0.4301973581314087,-0.5801641345024109,0.5702441334724426,0.9294469952583312,0.007699201349169,0.4403779506683349,0.93080073595047,-0.0056504989042878,102,106,90,83
straight_ahead,0.5918711423873901,0.5710918307304382,-0.0236953645944595,0.3946227431297302,0.5724923014640808,-0.08624167740345,0.7410396337509155,0.6134268641471863,-0.0591823644936084,0.2548719048500061,0.6053205132484436,-0.251576155424118,0.7858580350875854,0.4424050450325012,-0.2301673591136932,0.2004045695066452,0.4292861521244049,-0.5875325202941895,0.5702375173568726,0.9294501543045044,0.0098701259121298,0.4400854706764221,0.930814564228058,-0.0077543407678604,103,106,91,86
straight_ahead,0.5918586254119873,0.5711872577667236,-0.0255418978631496,0.3936484158039093,0.5729822516441345,-0.085794486105442,0.7409881949424744,0.6128841638565063,-0.0735100880265235,0.2535560131072998,0.6046000719070435,-0.2647667229175567,0.7813395261764526,0.4381605684757232,-0.2516382932662964,0.2040261030197143,0.4233114123344421,-0.5872282981872559,0.5703229308128357,0.9293296933174132,0.0098627237603068,0.4400603771209717,0.930827796459198,-0.0077576399780809,103,107,93,87
straight_ahead,0.5909467935562134,0.5714250802993774,-0.0597477070987224,0.3935260772705078,0.5726010799407959,-0.0895257145166397,0.7410703301429749,0.614039957523346,-0.1964448988437652,0.2541653215885162,0.6047861576080322,-0.2940642535686493,0.7585964798927307,0.4341582357883453,-0.4328482747077942,0.2366246879100799,0.41178098320961,-0.5887380242347717,0.5703212022781372,0.9288952350616456,0.0076170517131686,0.440102756023407,0.9306657314300536,-0.005439615342766,103,107,100,98
straight_ahead,0.5911437273025513,0.5715034008026123,-0.083898589015007,0.3935848772525787,0.5717004537582397,-0.0895361453294754,0.7416450381278992,0.6145533323287964,-0.225056454539299,0.2555806040763855,0.6048057079315186,-0.3033971786499023,0.7235698103904724,0.4316214025020599,-0.4313514828681946,0.2805421054363251,0.4118460118770599,-0.5866101980209351,0.5700445771217346,0.9271477460861206,0.0018200644990429,0.4399459362030029,0.9290723204612732,0.0002876462531276,103,106,112,111
straight_ahead,0.5915358066558838,0.5713409185409546,-0.1161423325538635,0.3941510915756225,0.5712922215461731,-0.1021361500024795,0.7416806221008301,0.6147753000259399,-0.2926937937736511,0.2562958598136902,0.6050163507461548,-0.33913454413414,0.7115647792816162,0.430757611989975,-0.535942792892456,0.2951347529888153,0.4123746454715729,-0.6422373056411743,0.569732666015625,0.9267919659614564,-0.003918825648725,0.4399456977844238,0.9289698004722596,0.0060439966619014,103,106,115,115
straight_ahead,0.5916553735733032,0.5712422132492065,-0.1006754264235496,0.3942056000232696,0.5708973407745361,-0.111870028078556,0.7408577799797058,0.6146947741508484,-0.2386475503444671,0.258404403924942,0.6058570742607117,-0.3486418128013611,0.685417890548706,0.4321619272232055,-0.528800904750824,0.3120133876800537,0.4181728363037109,-0.6324151158332825,0.5697082281112671,0.92567378282547,-0.0035297356080263,0.4399279654026031,0.9272156357765198,0.005608370527625,103,105,123,120
straight_ahead,0.5922017693519592,0.57124924659729,-0.089893490076065,0.3942463994026184,0.5708932876586914,-0.1083897724747657,0.7402525544166565,0.6147297620773315,-0.2464391738176345,0.2587798833847046,0.6068025827407837,-0.345190167427063,0.6816063523292542,0.43541020154953,-0.45627561211586,0.3153304755687713,0.4209535717964172,-0.6267947554588318,0.5697641372680664,0.9253606796264648,-0.0031237336806952,0.4398341774940491,0.9254072308540344,0.0051758084446191,102,105,124,122
straight_ahead,0.592380940914154,0.5711491703987122,-0.0790980011224746,0.3943390548229217,0.5713942646980286,-0.0668671280145645,0.7402551174163818,0.6147977709770203,-0.2504979372024536,0.2588691115379333,0.6069464087486267,-0.3372378945350647,0.6893919110298157,0.4355506002902984,-0.4652201533317566,0.3064576983451843,0.4210371077060699,-0.6446318030357361,0.569823682308197,0.923862636089325,-0.0027636191807687,0.4403854310512543,0.923920512199402,0.0048220329917967,102,105,122,119
straight_ahead,0.5921267867088318,0.5711511373519897,-0.1175056099891662,0.3941816687583923,0.5716748833656311,-0.1044050455093383,0.740341305732727,0.6150133609771729,-0.2868897318840027,0.258849561214447,0.6064912676811218,-0.3303344249725342,0.6912628412246704,0.4355983436107635,-0.5210602879524231,0.2925391793251037,0.4157127439975738,-0.6051422357559204,0.5696297287940979,0.923318326473236,-0.0027348925359547,0.4401910305023193,0.9227494597434998,0.0047692894004285,102,105,122,114
straight_ahead,0.5920692682266235,0.5709869861602783,-0.1136496290564537,0.3934614360332489,0.5718765258789062,-0.106917455792427,0.7403420209884644,0.6150341033935547,-0.2744118273258209,0.2588332593441009,0.6058128476142883,-0.317138522863388,0.7010482549667358,0.4362397491931915,-0.5149637460708618,0.273262619972229,0.4111322164535522,-0.5990137457847595,0.5695598125457764,0.923336148262024,-0.0026497005019336,0.4401886463165283,0.922788679599762,0.0046865520998835,102,106,119,108
straight_ahead,0.5916833877563477,0.571165144443512,-0.0778713449835777,0.3924517333507538,0.5724934935569763,-0.1052422672510147,0.7405935525894165,0.6156468987464905,-0.1800974905490875,0.2568474411964416,0.6050643920898438,-0.3022942543029785,0.730900764465332,0.4350752532482147,-0.4049522876739502,0.2325616627931594,0.4099648892879486,-0.5983484387397766,0.5696467161178589,0.923289716243744,0.0054706297814846,0.4402471482753753,0.9228522181510924,-0.0034427870996296,102,106,110,96
straight_ahead,0.5916059017181396,0.5711768269538879,-0.0400549620389938,0.3923719525337219,0.5725862383842468,-0.0788458064198494,0.7407110333442688,0.6156486868858337,-0.1126589402556419,0.2561542093753814,0.6035821437835693,-0.2500645518302917,0.764614462852478,0.4350838363170624,-0.3186098933219909,0.2095442563295364,0.4160988628864288,-0.5642784833908081,0.5699564218521118,0.9233025312423706,0.0069887451827526,0.4401489198207855,0.9229923486709596,-0.0050126677379012,102,107,99,89
straight_ahead,0.591607928276062,0.5711761116981506,-0.0323229134082794,0.3924729824066162,0.5725200176239014,-0.0576447360217571,0.740455150604248,0.6150385141372681,-0.1046327501535415,0.2555537819862366,0.6017526984214783,-0.22392638027668,0.7742466330528259,0.4351455569267273,-0.3144084811210632,0.2024488747119903,0.4201893210411072,-0.5374932289123535,0.5699893832206726,0.9231926202774048,0.0067942542955279,0.439676821231842,0.9230121374130248,-0.0048320447094738,103,108,96,86
straight_ahead,0.5906280279159546,0.571539044380188,-0.0353177264332771,0.3921033143997192,0.5732327103614807,-0.0650740563869476,0.7406660914421082,0.6162449717521667,-0.0934716835618019,0.2550820708274841,0.6012549996376038,-0.2338152825832367,0.7661820650100708,0.4326378107070923,-0.2899274230003357,0.2100536376237869,0.418354719877243,-0.5321120619773865,0.5702512860298157,0.9242603778839112,0.0068528531119227,0.4401071667671203,0.9248765110969543,-0.0048877699300646,102,108,99,88
straight_ahead,0.5900758504867554,0.5717605948448181,-0.0409396812319755,0.3917745947837829,0.5734208822250366,-0.0658087953925132,0.7407297492027283,0.6162649989128113,-0.1748052984476089,0.2544682323932647,0.6012916564941406,-0.2337753027677536,0.7643217444419861,0.430627167224884,-0.4371273517608642,0.2176062315702438,0.4122463762760162,-0.5184763669967651,0.5703520774841309,0.9248894453048706,0.0056722308509051,0.4401169717311859,0.925662875175476,-0.0037852346431463,102,108,99,90
straight_ahead,0.5899321436882019,0.5719247460365295,-0.0434491969645023,0.3916807770729065,0.5734206438064575,-0.0648846179246902,0.7414878606796265,0.6162733435630798,-0.169724091887474,0.2536360025405884,0.600826621055603,-0.218790978193283,0.7600342035293579,0.4279805719852447,-0.428823858499527,0.2109503746032714,0.4123284220695495,-0.4813234210014343,0.5703557729721069,0.925754189491272,0.0056515177711844,0.4400404393672943,0.9273916482925416,-0.0037558735348284,103,108,101,88
straight_ahead,0.5905411243438721,0.5720129609107971,-0.0460527315735816,0.3923047184944153,0.5734050273895264,-0.1278946697711944,0.7423661351203918,0.614425003528595,-0.0938839614391326,0.2537798285484314,0.6008390188217163,-0.2252615988254547,0.7870512008666992,0.4286090433597564,-0.2757532000541687,0.1820330172777176,0.4413521885871887,-0.5073302984237671,0.5708619356155396,0.9263807535171508,0.0095600793138146,0.4409132599830627,0.9283979535102844,-0.0076678046025335,103,109,92,77
straight_ahead,0.5911093354225159,0.5725019574165344,-0.0861835852265358,0.392490804195404,0.5737189650535583,-0.17236989736557,0.742438018321991,0.6135101318359375,-0.1094035878777504,0.2540071606636047,0.6011077165603638,-0.2530407607555389,0.8076040148735046,0.4472359120845794,-0.2868983745574951,0.1681170463562011,0.4566046595573425,-0.5161182284355164,0.5711786150932312,0.9272814989089966,0.0092845261096954,0.4420769810676574,0.9291390180587769,-0.0075004631653428,103,109,84,70
straight_ahead,0.5914843082427979,0.5727017521858215,-0.0964397639036178,0.3925614655017853,0.5737325549125671,-0.1811317354440689,0.7424337863922119,0.6127474308013916,-0.1164411529898643,0.2543822228908539,0.6012682318687439,-0.2805362343788147,0.8104192018508911,0.45476895570755,-0.3011153638362884,0.168785959482193,0.4592620730400085,-0.5362340807914734,0.5713880658149719,0.927792489528656,0.0090235713869333,0.442674458026886,0.929632842540741,-0.0072349803522229,104,109,82,70
straight_ahead,0.5918104648590088,0.5726946592330933,-0.0663724914193153,0.3926932215690613,0.5736331939697266,-0.1539439857006073,0.7424024939537048,0.6121203899383545,-0.073690228164196,0.2546031773090362,0.6012904047966003,-0.2785698771476745,0.8095804452896118,0.4549319446086883,-0.2421678751707077,0.172746866941452,0.4571335613727569,-0.5486515760421753,0.5716617703437805,0.9277544617652892,0.0096292663365602,0.4430929124355316,0.9295732975006104,-0.0078458003699779,104,109,82,72
straight_ahead,0.5916185975074768,0.5728290677070618,-0.0280984304845333,0.3925654590129852,0.5737622380256653,-0.0829978436231613,0.7421714663505554,0.6121065020561218,-0.082591988146305,0.2545683681964874,0.6012052297592163,-0.25449138879776,0.8079383969306946,0.4438726007938385,-0.2681438326835632,0.1802739948034286,0.4338095784187317,-0.5382800102233887,0.571537435054779,0.9282103776931764,0.010193939320743,0.4415850043296814,0.9298388957977296,-0.0083588920533657,104,108,83,77
straight_ahead,0.5911880135536194,0.5728062987327576,-0.0376160144805908,0.3924188315868377,0.5737354755401611,-0.0800138190388679,0.7421672344207764,0.6133013963699341,-0.0932954400777816,0.2539640665054321,0.6001536250114441,-0.2289561033248901,0.7947641015052795,0.4372378587722778,-0.2818658351898193,0.1902176439762115,0.4144662320613861,-0.495011955499649,0.5715381503105164,0.9281550645828248,0.0095329638570547,0.4412606656551361,0.9297314286231996,-0.0076849171891808,103,109,88,82
straight_ahead,0.5905718207359314,0.5725839734077454,-0.0418801456689834,0.3921034932136535,0.5735225677490234,-0.0662512630224227,0.7421294450759888,0.6141918897628784,-0.1621341556310653,0.2550417780876159,0.6002171039581299,-0.2361551225185394,0.7454341650009155,0.4324646592140198,-0.3868803977966308,0.2445096671581268,0.4067460894584656,-0.4993838667869568,0.5707606077194214,0.9274447560310364,0.006751594133675,0.4412320256233215,0.929220974445343,-0.0050043622031807,103,108,104,98
straight_ahead,0.5904384255409241,0.572578489780426,-0.0435972064733505,0.3918498754501343,0.5734621286392212,-0.0516842007637023,0.7420603036880493,0.6143586039543152,-0.2051436007022857,0.2554852962493896,0.6010412573814392,-0.2451684474945068,0.7286559343338013,0.4309377074241638,-0.4382347464561462,0.2606428861618042,0.4035449028015136,-0.5352383852005005,0.5706360936164856,0.9274500608444214,0.0017434882465749,0.4413304328918457,0.9292870759963988,-0.0001334708067588,103,108,110,103
straight_ahead,0.5907436013221741,0.5714207887649536,-0.0454631000757217,0.3927747905254364,0.5725395679473877,-0.0408022329211235,0.7415555715560913,0.614352822303772,-0.2607991099357605,0.2559655308723449,0.601494550704956,-0.3328000009059906,0.6961725354194641,0.430842250585556,-0.5027591586112976,0.2956070303916931,0.4052843153476715,-0.6691395044326782,0.5700286626815796,0.926216721534729,0.0017406055703759,0.4409618377685547,0.9277737736701964,-0.0001054822932928,103,108,120,113
straight_ahead,0.5911098718643188,0.5710409283638,-0.0673675388097763,0.3929313719272613,0.5725009441375732,-0.0527131035923957,0.7392603158950806,0.6127380132675171,-0.293460875749588,0.2571616470813751,0.6014154553413391,-0.3306779563426971,0.6847091317176819,0.4309432208538055,-0.5209742784500122,0.3077608346939087,0.4075610935688019,-0.6329725980758667,0.5699810981750488,0.925032079219818,0.0006926436326466,0.4408105313777923,0.9269400835037231,0.0009690946899354,103,107,122,117
straight_ahead,0.5911269783973694,0.5709812641143799,-0.0910114794969558,0.3929272890090942,0.5724013447761536,-0.0750271528959274,0.7371460795402527,0.6119585037231445,-0.3187281489372253,0.2583836019039154,0.6009769439697266,-0.3989602923393249,0.6764463782310486,0.432331770658493,-0.537358283996582,0.3154996633529663,0.4095008075237274,-0.7333062887191772,0.5696777105331421,0.9249829649925232,0.0005650772945955,0.4403833746910095,0.9265342950820924,0.0011081908596679,102,107,124,119
straight_ahead,0.591163694858551,0.5706160664558411,-0.0903467386960983,0.3929291665554046,0.5721978545188904,-0.0603136830031871,0.7367796301841736,0.61184161901474,-0.2981794774532318,0.2586763501167297,0.6006736755371094,-0.3705794215202331,0.6791481971740723,0.4331053495407104,-0.5342077016830444,0.3143160939216614,0.4101282060146332,-0.700947105884552,0.569562554359436,0.9239000082015992,0.0005861711688339,0.4403440058231354,0.9256113171577454,0.0010992359602823,102,107,124,118
straight_ahead,0.5912570357322693,0.5703228712081909,-0.0941796898841857,0.3929062485694885,0.5722933411598206,-0.0814787819981575,0.7368425130844116,0.6113313436508179,-0.2681933939456939,0.2587093412876129,0.5990989804267883,-0.365426242351532,0.692881166934967,0.4303984642028808,-0.4914500713348388,0.2968762814998626,0.4075101017951965,-0.6319302916526794,0.569562554359436,0.9243570566177368,0.0003227004199288,0.4405813217163086,0.9256929159164428,0.0014552503125742,102,108,119,113
straight_ahead,0.5911056995391846,0.5703705549240112,-0.0828557312488555,0.3927221596240997,0.5730217099189758,-0.0813692435622215,0.7368797063827515,0.6108940839767456,-0.1837908625602722,0.2573636770248413,0.59584641456604,-0.256591260433197,0.7252511978149414,0.4243120551109314,-0.411094605922699,0.2564048171043396,0.3998850286006927,-0.5321274399757385,0.569668710231781,0.9255487322807312,0.0003622184158302,0.4416259825229645,0.9265154600143432,0.0014114694204181,102,110,109,99
straight_ahead,0.5907263159751892,0.5703715085983276,-0.0692502111196518,0.3924463391304016,0.5731722116470337,-0.0819590538740158,0.7370356321334839,0.6108429431915283,-0.1539486199617386,0.255618005990982,0.5949994325637817,-0.2306820452213287,0.7416694760322571,0.4226100742816925,-0.3799678683280945,0.232548788189888,0.3973770141601562,-0.4982356429100036,0.570088803768158,0.9266435503959656,0.0016919458284974,0.4424158930778503,0.927398145198822,0.0001744054461596,102,110,104,92
straight_ahead,0.5907454490661621,0.5706445574760437,-0.053075086325407,0.3924025297164917,0.5734584927558899,-0.1030523180961608,0.737867534160614,0.6108380556106567,-0.0842461958527565,0.2545264959335327,0.5940876603126526,-0.2378798425197601,0.7825533747673035,0.4272997677326202,-0.2740505337715149,0.1942882239818573,0.4085958302021026,-0.5122607350349426,0.570276141166687,0.927165150642395,0.0051291272975504,0.4424879550933838,0.9285123348236084,-0.0032420188654214,103,111,92,81
straight_ahead,0.5908344984054565,0.5706453323364258,-0.0473552830517292,0.392398864030838,0.5738602876663208,-0.1355733573436737,0.7381261587142944,0.6107006072998047,-0.0644626766443252,0.254542738199234,0.5941442251205444,-0.2764602303504944,0.7931233644485474,0.4361730217933655,-0.2395546734333038,0.1825637966394424,0.4243422448635101,-0.5801920294761658,0.5713604688644409,0.9273766875267028,0.012281815521419,0.4433062076568603,0.9295158386230468,-0.0103698000311851,103,111,88,75
straight_ahead,0.591426432132721,0.571408212184906,-0.0580857694149017,0.3925498127937317,0.5741770267486572,-0.1651021093130111,0.7391895651817322,0.6106274127960205,-0.0674660131335258,0.2546886503696441,0.5953547954559326,-0.3048491477966308,0.8102802038192749,0.4549218118190765,-0.2192330360412597,0.1758126616477966,0.4474052488803863,-0.5911960005760193,0.5718337893486023,0.927651047706604,0.0124916564673185,0.4438725411891937,0.9303271174430848,-0.0106421774253249,103,111,80,71
straight_ahead,0.5917462110519409,0.5716641545295715,-0.0798698738217353,0.3925598561763763,0.5742745995521545,-0.1920556724071502,0.7395713925361633,0.6106317639350891,-0.0762472599744796,0.2547058761119842,0.5961264371871948,-0.3494850397109985,0.8127357363700867,0.4592758119106293,-0.2197882384061813,0.1755980551242828,0.4522789716720581,-0.6412361264228821,0.5720213651657104,0.9279374480247498,0.0128780798986554,0.4438925683498382,0.9311106204986572,-0.011016447097063,103,110,79,70
straight_ahead,0.5916838645935059,0.5716647505760193,-0.0782406404614448,0.3926633298397064,0.574276864528656,-0.1610366255044937,0.7414547204971313,0.6106383204460144,-0.0727449208498001,0.2544393241405487,0.5960381627082825,-0.3321242928504944,0.7992021441459656,0.4525800347328186,-0.2101014107465744,0.1882772892713546,0.4368260502815246,-0.591009795665741,0.5720199346542358,0.9279151558876038,0.0118896104395389,0.4439365267753601,0.9309231638908386,-0.0101017234846949,104,111,85,76
straight_ahead,0.5916759371757507,0.5717308521270752,-0.0432502329349517,0.3928799331188202,0.5743195414543152,-0.0819223448634147,0.7414726614952087,0.6108137369155884,-0.0773692578077316,0.2544154524803161,0.596053957939148,-0.2181104719638824,0.7914775609970093,0.4496083557605743,-0.2522708177566528,0.1948820948600769,0.4253689050674438,-0.466644287109375,0.5719952583312988,0.9283378720283508,0.0103779388591647,0.4439111351966858,0.9309860467910768,-0.0086435507982969,103,111,87,80
straight_ahead,0.5909157991409302,0.5717831254005432,-0.0393335334956646,0.3928813338279724,0.5733553767204285,-0.0654395371675491,0.7409924268722534,0.6120261549949646,-0.1241802722215652,0.2544021010398865,0.5954892039299011,-0.2455622255802154,0.7597233653068542,0.4380935728549957,-0.3373008668422699,0.2278553545475006,0.4002240896224975,-0.5143999457359314,0.5715143084526062,0.9280441403388976,0.0085867028683424,0.4431928098201751,0.9310320615768432,-0.0068105356767773,103,110,99,91
straight_ahead,0.5909889936447144,0.5717065334320068,-0.0758014768362045,0.3930553793907165,0.5722165703773499,-0.0718445032835006,0.7409244775772095,0.6120386719703674,-0.2434311658143997,0.2556515336036682,0.5952638387680054,-0.2971359491348266,0.7254868745803833,0.4349802434444427,-0.4787603318691253,0.2668600082397461,0.4016686379909515,-0.5985515117645264,0.5709289312362671,0.9261077046394348,0.0040483162738382,0.4427587389945984,0.9281083941459656,-0.0022557298652827,103,110,110,103
straight_ahead,0.5909832715988159,0.5715006589889526,-0.0659554153680801,0.3931155502796173,0.5719586610794067,-0.0555740594863891,0.7408532500267029,0.6104417443275452,-0.2260163277387619,0.2569292187690735,0.5948936343193054,-0.2994227409362793,0.7121862769126892,0.4297264218330383,-0.4554038941860199,0.2798284888267517,0.4014393985271454,-0.5983244180679321,0.5704500079154968,0.9249017834663392,0.0019247649470344,0.4424503743648529,0.926177978515625,-8.026350405998528e-05,104,110,114,106
straight_ahead,0.5912742018699646,0.570719301700592,-0.0788007900118827,0.3931416869163513,0.5715041756629944,-0.0429321452975273,0.7387619614601135,0.6073817014694214,-0.2911040186882019,0.2581559419631958,0.5949808955192566,-0.2991434633731842,0.6834813356399536,0.4291237890720367,-0.5070598721504211,0.3074503540992737,0.4016288816928863,-0.5674713850021362,0.5701916217803955,0.9234146475791932,-0.0019518213812261,0.442092090845108,0.9245463609695436,0.0036578606814146,104,109,121,114
straight_ahead,0.5914663672447205,0.5705225467681885,-0.0762986987829208,0.3932423293590545,0.5714384913444519,-0.0340520665049552,0.7371921539306641,0.605559229850769,-0.2670630812644958,0.2587377429008484,0.5957193374633789,-0.2931269407272339,0.6740754842758179,0.429385781288147,-0.4587946534156799,0.3137408494949341,0.4073934853076935,-0.5549951791763306,0.5700870156288147,0.9227231740951538,-0.0028314262162894,0.4417711794376373,0.9234262704849244,0.0045155598782002,104,109,123,117
straight_ahead,0.5915409922599792,0.570415735244751,-0.0776825323700904,0.3932453989982605,0.5715110898017883,-0.0485987775027751,0.7367331385612488,0.6055935621261597,-0.2990664839744568,0.2597195506095886,0.5960784554481506,-0.3564696609973907,0.6719968318939209,0.4316594898700714,-0.5124832391738892,0.3141646087169647,0.4087782800197601,-0.6591042876243591,0.5699827075004578,0.9222792983055116,-0.002497054869309,0.4415624141693115,0.9232681393623352,0.0041284328326582,104,109,124,117
straight_ahead,0.5925354957580566,0.5703859329223633,-0.114823006093502,0.3946667909622192,0.5690537691116333,-0.0757598429918289,0.7408530116081238,0.6108617186546326,-0.2922694683074951,0.2607979476451874,0.5961723327636719,-0.3079814314842224,0.6841195821762085,0.4310150444507599,-0.5170779228210449,0.3008140027523041,0.4086933732032776,-0.5815741419792175,0.5698198080062866,0.9222182035446168,-0.0027238125912845,0.4414459764957428,0.922618567943573,0.0044486187398433,104,108,123,114
straight_ahead,0.5925229787826538,0.5714696049690247,-0.1056235879659652,0.3948462903499603,0.5688202381134033,-0.0788172632455825,0.7426997423171997,0.614112138748169,-0.238389179110527,0.2648274004459381,0.59576016664505,-0.2754170894622803,0.7268403172492981,0.4267559349536896,-0.4519370198249817,0.2832266688346863,0.4039883315563202,-0.5486248135566711,0.5699781179428101,0.9228246808052064,-0.0020499643869698,0.4416402876377105,0.9228173494338988,0.0038622196298092,103,107,111,107
straight_ahead,0.5932165384292603,0.571474015712738,-0.1305800527334213,0.3961257338523865,0.568850576877594,-0.085403025150299,0.7432183027267456,0.6143044233322144,-0.3312008082866668,0.2665934860706329,0.5957284569740295,-0.2923298478126526,0.7130783200263977,0.4253802299499511,-0.5516374707221985,0.3059055507183075,0.4081102907657623,-0.5524438619613647,0.5702933073043823,0.9222947359085084,-0.0026773104909807,0.4420381486415863,0.9219017028808594,0.0044891401194036,103,107,115,114
straight_ahead,0.5937486886978149,0.5711250901222229,-0.1512163281440735,0.3971374630928039,0.5688183903694153,-0.0865913182497024,0.7432359457015991,0.6154029369354248,-0.3804975748062134,0.269071877002716,0.5957170724868774,-0.2803738713264465,0.7032309174537659,0.4255941212177276,-0.6277116537094116,0.3149528801441192,0.412989467382431,-0.5221456289291382,0.5706660747528076,0.9215046763420104,-0.0052779368124902,0.4423449635505676,0.9213811159133912,0.0070293298922479,103,106,118,116
straight_ahead,0.5942753553390503,0.5710170865058899,-0.142395406961441,0.3983115553855896,0.5687781572341919,-0.0525546371936798,0.7411216497421265,0.6153679490089417,-0.3414880633354187,0.2740735411643982,0.5957145094871521,-0.1490458846092224,0.6724551916122437,0.4304390251636505,-0.5633190274238586,0.3334922194480896,0.4240857660770416,-0.2488181889057159,0.5708073973655701,0.9201259613037108,-0.0123295998200774,0.4423495829105377,0.9198554754257202,0.0139536168426275,102,105,127,121
straight_ahead,0.5949758291244507,0.5706055164337158,-0.1415121406316757,0.3998996615409851,0.5689300298690796,-0.0455021820962429,0.7399364113807678,0.6152470111846924,-0.3669086694717407,0.2749153077602386,0.5957698225975037,-0.1627497971057891,0.6682138442993164,0.4322332143783569,-0.5654889345169067,0.3295326828956604,0.4275024235248565,-0.301037847995758,0.5713686943054199,0.9201323986053468,-0.0131788700819015,0.4427385926246643,0.9196841716766356,0.0147645054385066,102,105,129,120
straight_ahead,0.5953711271286011,0.5703856945037842,-0.150640994310379,0.3999529480934143,0.5695679783821106,-0.0483504608273506,0.7399035692214966,0.6152561902999878,-0.3944499790668487,0.274127185344696,0.596267819404602,-0.1767184883356094,0.675209105014801,0.4323810636997223,-0.622218668460846,0.3220386505126953,0.4266174137592315,-0.3191200494766235,0.5718500018119812,0.9201191067695618,-0.0126025853678584,0.4431821405887604,0.9196579456329346,0.0142160877585411,102,106,127,118
straight_ahead,0.5952520370483398,0.5703996419906616,-0.1526629626750946,0.3996585011482239,0.569750189781189,-0.0581592544913291,0.7412682771682739,0.6153894066810608,-0.3694698512554168,0.2736057341098785,0.5962651371955872,-0.1812120527029037,0.7001203894615173,0.4314514994621277,-0.5995134711265564,0.2953592836856842,0.4178103506565094,-0.4468911290168762,0.5720268487930298,0.9205043315887452,-0.0125562753528356,0.4437473714351654,0.9206410050392152,0.0142424376681447,102,106,120,109
straight_ahead,0.5946751832962036,0.5704293847084045,-0.1148913502693176,0.3990710973739624,0.569944441318512,-0.0587754845619201,0.7419275045394897,0.6153188943862915,-0.2555497288703918,0.27290740609169,0.5955998301506042,-0.1981909573078155,0.7247461080551147,0.4210627675056457,-0.4807513356208801,0.256896436214447,0.412555068731308,-0.4502490162849426,0.5720460414886475,0.9218643307685852,-0.0086264507845044,0.4440179467201233,0.9222907423973083,0.0103552034124732,102,106,112,96
straight_ahead,0.5943000912666321,0.5704640746116638,-0.1150318756699562,0.3990036845207214,0.5700723528862,-0.0626740977168083,0.7426697015762329,0.6152750849723816,-0.2622705399990082,0.2719547748565674,0.5955315828323364,-0.2018509358167648,0.7386458516120911,0.4199551343917846,-0.4950891435146332,0.2450210601091385,0.4123089909553528,-0.4577511847019195,0.5720818638801575,0.9219756722450256,-0.0073696253821253,0.4441033005714416,0.9223291277885436,0.0091574992984533,102,106,108,93
straight_ahead,0.5942966341972351,0.5706905722618103,-0.0810139626264572,0.3989675939083099,0.5702939629554749,-0.0400959886610507,0.743632972240448,0.6152874827384949,-0.2385365515947342,0.2712108790874481,0.5955545902252197,-0.188923493027687,0.7452123761177063,0.4202387034893036,-0.4922564923763275,0.2349233925342559,0.4123517274856567,-0.4610905051231384,0.572291910648346,0.9231835603713988,-0.0067280111834406,0.4441214501857757,0.9237940311431884,0.0085249133408069,102,107,106,90
straight_ahead,0.5945183038711548,0.5708762407302856,-0.0904644578695297,0.3991575837135315,0.5711644887924194,-0.0507442578673362,0.7436215877532959,0.6152374744415283,-0.2088509052991867,0.2710931301116943,0.595561146736145,-0.1855404078960418,0.7727303504943848,0.4232363402843475,-0.4474440217018127,0.2203836888074875,0.4242386519908905,-0.4607904553413391,0.5723097324371338,0.925853431224823,-0.0065958760678768,0.4441351890563965,0.9254549741744996,0.0083901276811957,102,107,98,84
straight_ahead,0.594843864440918,0.5718362927436829,-0.094958946108818,0.3993159532546997,0.5720930695533752,-0.0717644765973091,0.7436645030975342,0.6152088642120361,-0.2058495283126831,0.270944744348526,0.595561683177948,-0.1928988397121429,0.7764120697975159,0.4250201880931854,-0.4482193887233734,0.219901442527771,0.4253216683864593,-0.458254337310791,0.5722886919975281,0.9291841983795166,-0.0051489910110831,0.4440422654151916,0.9278284311294556,0.0069836848415434,102,107,96,84
straight_ahead,0.5949339270591736,0.5720854997634888,-0.0970167592167854,0.3991767764091491,0.5722505450248718,-0.0730212107300758,0.7453797459602356,0.6152786016464233,-0.2137203961610794,0.2708838284015655,0.595700204372406,-0.193000316619873,0.764795184135437,0.4235247671604156,-0.4504145979881286,0.2319142818450927,0.4208229184150696,-0.4496119916439056,0.5723253488540649,0.929275393486023,-0.0046459836885333,0.4441353678703308,0.9282317757606506,0.0065079568885266,103,107,100,88
straight_ahead,0.595025897026062,0.5721218585968018,-0.1147276908159256,0.3991566896438598,0.5720296502113342,-0.0781289339065551,0.7464160323143005,0.6152711510658264,-0.2241669595241546,0.2733021080493927,0.5957105755805969,-0.1938056647777557,0.7537126541137695,0.4189509451389313,-0.461609423160553,0.2511011064052582,0.4153808355331421,-0.4336031079292297,0.5722529888153076,0.929340660572052,-0.0048525026068091,0.4440785348415375,0.9284026622772216,0.0067216707393527,103,107,104,94
straight_ahead,0.5955581665039062,0.5722101926803589,-0.1271660029888153,0.3994472622871399,0.5716901421546936,-0.0774033740162849,0.7468429207801819,0.6155078411102295,-0.2886502742767334,0.2741414904594421,0.5958238840103149,-0.1965952664613723,0.7329663038253784,0.4190643727779388,-0.496150404214859,0.2745146155357361,0.4124757945537567,-0.4105883538722992,0.5722567439079285,0.9293205738067628,-0.0063087553717195,0.4440906643867492,0.9283704161643982,0.008191387169063,103,106,110,101
straight_ahead,0.5959900617599487,0.5720642805099487,-0.1510605663061142,0.4007377624511719,0.5709465742111206,-0.0618590600788593,0.7466018795967102,0.6162199378013611,-0.375846266746521,0.2744432091712951,0.5959446430206299,-0.1739244014024734,0.6991626024246216,0.4202576577663421,-0.6000017523765564,0.313194990158081,0.4148197472095489,-0.3440303206443786,0.5722519755363464,0.9292709231376648,-0.0107502257451415,0.4438655376434326,0.9282493591308594,0.012616996653378,103,106,120,113
straight_ahead,0.5965822339057922,0.5718186497688293,-0.1454561799764633,0.4017898440361023,0.5704686641693115,-0.0245794001966714,0.745543360710144,0.6162754893302917,-0.3533822000026703,0.2765146791934967,0.5961560606956482,-0.1537918746471405,0.6875787973403931,0.4246066510677337,-0.5645631551742554,0.3261469006538391,0.42293182015419,-0.3265136182308197,0.5720309019088745,0.9285080432891846,-0.0146741075441241,0.4436973929405212,0.927390992641449,0.0164673067629337,102,105,123,118
straight_ahead,0.5971129536628723,0.5717304944992065,-0.1777115166187286,0.4022963047027588,0.5702745914459229,-0.0346882529556751,0.7446402907371521,0.6164057850837708,-0.4090262353420257,0.2793993353843689,0.5959812998771667,-0.079750545322895,0.6729497313499451,0.4289804995059967,-0.6199077367782593,0.3388811945915222,0.4278658330440521,-0.1384682804346084,0.5715329051017761,0.9281606078147888,-0.0216373894363641,0.4435574412345886,0.9273732900619508,0.0232519898563623,102,105,128,121
straight_ahead,0.5980738997459412,0.5715516805648804,-0.178462341427803,0.4026786684989929,0.5693851113319397,-0.0306077543646097,0.7440065145492554,0.6164052486419678,-0.4158305525779724,0.280162513256073,0.5958318114280701,-0.0711143165826797,0.6695445775985718,0.431020438671112,-0.6050185561180115,0.338290274143219,0.4300894737243652,-0.1233399286866188,0.5709983706474304,0.9281231164932252,-0.0237379409372806,0.4431497454643249,0.9266472458839417,0.0253218598663806,102,104,129,122
straight_ahead,0.5980743169784546,0.5717239379882812,-0.2279452532529831,0.402435153722763,0.5698261260986328,-0.0684257000684738,0.7440391182899475,0.6162789463996887,-0.4851790368556976,0.2799069583415985,0.5962546467781067,-0.1013494580984115,0.6810187101364136,0.4272993206977844,-0.7364048361778259,0.3246893882751465,0.4274246990680694,-0.203380137681961,0.571091890335083,0.9280030131340028,-0.0260195434093475,0.4433928430080414,0.926561176776886,0.0275299102067947,102,104,125,117
straight_ahead,0.5980712175369263,0.5723623633384705,-0.2047303020954132,0.402167946100235,0.5696279406547546,-0.071867287158966,0.7444079518318176,0.6172714829444885,-0.3821745216846466,0.2796274423599243,0.5960516333580017,-0.133360743522644,0.7062634229660034,0.4257181286811828,-0.5965227484703064,0.3004193603992462,0.4180487394332886,-0.2927894592285156,0.571135938167572,0.9279909133911132,-0.022783862426877,0.4434828758239746,0.9267935156822203,0.0245679169893264,102,104,118,109
straight_ahead,0.5980854630470276,0.5727550387382507,-0.1928265988826751,0.4021463394165039,0.5690873265266418,-0.0792028307914733,0.7454416155815125,0.6178905367851257,-0.3765245378017425,0.2796666026115417,0.5961569547653198,-0.1523134112358093,0.7208127379417419,0.4250584542751312,-0.6075578331947327,0.2801211476325989,0.4176453948020935,-0.3444066941738128,0.571158766746521,0.927964448928833,-0.022092331200838,0.4437594413757324,0.9268301129341124,0.0238436143845319,102,104,114,103
straight_ahead,0.5976597666740417,0.5731489062309265,-0.1563398838043213,0.4017302989959717,0.5696641802787781,-0.0760869458317756,0.7450124621391296,0.617885172367096,-0.2981486916542053,0.2794802188873291,0.5961090922355652,-0.1510889083147049,0.7510831356048584,0.4233452677726745,-0.5436975359916687,0.2462409287691116,0.4183913469314575,-0.3632444143295288,0.5711662769317627,0.9279462695121764,-0.0203341878950595,0.443709522485733,0.9269826412200928,0.0221712104976177,102,104,105,92
straight_ahead,0.597594141960144,0.5737521648406982,-0.1514019817113876,0.4016400873661041,0.5701982378959656,-0.0827220976352691,0.7435633540153503,0.6174365878105164,-0.2742978930473327,0.277353823184967,0.5955391526222229,-0.163754865527153,0.7754849195480347,0.4242848455905914,-0.5203829407691956,0.2268775254487991,0.4200392663478851,-0.3923270106315613,0.5711629390716553,0.92902410030365,-0.0165717229247093,0.4434162676334381,0.9280251264572144,0.0184409897774457,102,105,97,85
straight_ahead,0.5975908637046814,0.5745473504066467,-0.1354730427265167,0.4014242589473724,0.5711492300033569,-0.0810868367552757,0.7427166104316711,0.616755485534668,-0.2176737487316131,0.2753632068634033,0.5959077477455139,-0.1081239730119705,0.7869829535484314,0.431033581495285,-0.4386065006256103,0.2106777727603912,0.4329692125320434,-0.2763256132602691,0.5710612535476685,0.9290717244148254,-0.0153193995356559,0.4425447583198547,0.9290871024131776,0.0172538664191961,103,106,93,79
straight_ahead,0.597507655620575,0.5754401087760925,-0.1378912627696991,0.401339441537857,0.5724944472312927,-0.0784776508808136,0.7413744926452637,0.6166160702705383,-0.2371668517589569,0.2744947075843811,0.5961295366287231,-0.1122524887323379,0.7874690294265747,0.436039537191391,-0.4710594713687897,0.209353968501091,0.4372371435165405,-0.2892538905143738,0.5710448026657104,0.9300840497016908,-0.0151782212778925,0.4418339729309082,0.9311621189117432,0.0171224921941757,103,106,92,78
straight_ahead,0.5971773862838745,0.5754717588424683,-0.1387941837310791,0.400967925786972,0.5726136565208435,-0.0773185566067695,0.7408525943756104,0.6163289546966553,-0.2605200111865997,0.2744028866291046,0.5961143970489502,-0.1013939008116722,0.7818946242332458,0.4336118996143341,-0.4943819940090179,0.2191803902387619,0.4359702169895172,-0.2346896231174469,0.5710455179214478,0.9300862550735474,-0.015149662271142,0.4418491721153259,0.9311866760253906,0.017090817913413,103,106,93,81
straight_ahead,0.5967034101486206,0.5753607153892517,-0.14344522356987,0.4004653990268707,0.5726101398468018,-0.0775544792413711,0.7402575612068176,0.616352379322052,-0.2718236446380615,0.2737221419811249,0.5957291126251221,-0.1109793558716774,0.7750515341758728,0.4318610429763794,-0.5067712068557739,0.2253856658935547,0.4293802678585052,-0.265432745218277,0.570978581905365,0.9299417734146118,-0.0151334721595048,0.4417933821678161,0.93115496635437,0.0170677304267883,102,106,95,84
straight_ahead,0.5959175825119019,0.5750525593757629,-0.1423096358776092,0.3995699882507324,0.5727532505989075,-0.0514427721500396,0.7399386167526245,0.6120876669883728,-0.2811557650566101,0.2743542790412903,0.5959023833274841,-0.1080764308571815,0.7294589281082153,0.4113353788852691,-0.4978924691677093,0.2597528398036957,0.4178190529346466,-0.2389943897724151,0.5708788633346558,0.929072916507721,-0.016501922160387,0.4418374001979828,0.9308919906616212,0.0185741931200027,104,106,107,96
straight_ahead,0.5957991480827332,0.5751073956489563,-0.1428822427988052,0.4014924466609955,0.5727424621582031,-0.0382417477667331,0.7399101257324219,0.614678680896759,-0.3068108260631561,0.2748769223690033,0.5957035422325134,-0.0508861169219017,0.7396914958953857,0.4151842296123504,-0.5953669548034668,0.2371616810560226,0.4221481382846832,-0.1879136860370636,0.5708855390548706,0.9300393462181092,-0.0211129821836948,0.4418659806251526,0.9313641786575316,0.0231987386941909,103,106,105,88
straight_ahead,0.5957516431808472,0.5751057863235474,-0.1433158218860626,0.4036135077476501,0.5718594789505005,-0.0339813642203807,0.738574743270874,0.6182063817977905,-0.315753161907196,0.2748545408248901,0.5956068634986877,0.0173574443906545,0.7559319138526917,0.4222569465637207,-0.6285992860794067,0.2153623104095459,0.4332170784473419,-0.0716211944818496,0.5709977746009827,0.9300259351730348,-0.0214888229966163,0.4419138431549072,0.9313219785690308,0.0235235504806041,101,106,102,80
straight_ahead,0.5955552458763123,0.5752277374267578,-0.137440800666809,0.4035896360874176,0.571749746799469,-0.0318914763629436,0.7363227605819702,0.6208922863006592,-0.2947331964969635,0.2749534249305725,0.596923828125,0.0135810943320393,0.7688137888908386,0.4365538656711578,-0.5933989882469177,0.2117344886064529,0.4402894079685211,-0.0760312676429748,0.5710152387619019,0.9300166368484496,-0.0226199869066476,0.4415749907493591,0.9313204288482666,0.0246707014739513,100,105,98,79
straight_ahead,0.5951423645019531,0.5752729177474976,-0.1284155547618866,0.4033686220645904,0.5718787312507629,-0.0342671573162078,0.7354322671890259,0.6230905055999756,-0.2555112838745117,0.2742192447185516,0.5990778803825378,-0.0561259314417839,0.7680648565292358,0.4371688067913055,-0.5139666795730591,0.2167578488588333,0.4401793479919433,-0.2463880330324173,0.5709397196769714,0.9299230575561525,-0.019996091723442,0.4413319230079651,0.931323766708374,0.021985312923789,99,105,99,82
straight_ahead,0.5946453809738159,0.57527756690979,-0.1184969693422317,0.4025135934352875,0.5721012949943542,-0.0378888323903083,0.7370079159736633,0.6233643889427185,-0.2498613148927688,0.2738357186317444,0.6006717681884766,-0.1103041768074035,0.7567340135574341,0.4331213235855102,-0.4795494079589844,0.2340925186872482,0.4347445666790008,-0.3036934733390808,0.5708230137825012,0.929404616355896,-0.0196354743093252,0.4413337707519531,0.93073707818985,0.0216821413487195,100,104,103,89
straight_ahead,0.5946239829063416,0.5749824643135071,-0.1582662165164947,0.4014360010623932,0.5721569657325745,-0.040039025247097,0.7376419305801392,0.6235486268997192,-0.3630569875240326,0.2740103900432586,0.6103692650794983,-0.0855233520269393,0.7271140217781067,0.4329667389392853,-0.5957152843475342,0.2744836807250976,0.4340531527996063,-0.1812739074230194,0.5704848170280457,0.9292539358139038,-0.0228517204523086,0.4407236576080322,0.930057406425476,0.0249470733106136,100,101,112,107
straight_ahead,0.5944404602050781,0.5750215649604797,-0.151158258318901,0.4007492959499359,0.5721419453620911,-0.0309676919132471,0.7387012243270874,0.6237170100212097,-0.3410730957984924,0.2739942371845245,0.6135411858558655,-0.0836917757987976,0.7174091339111328,0.4331282377243042,-0.5822718739509583,0.286645233631134,0.4335804879665375,-0.1807033717632293,0.5702159404754639,0.9292550683021544,-0.0233889520168304,0.440305083990097,0.929911196231842,0.0255454890429973,100,100,115,112
straight_ahead,0.5943295359611511,0.5747427344322205,-0.1504017412662506,0.3999512493610382,0.5724037885665894,-0.0032234457321465,0.7380565404891968,0.6236866116523743,-0.3600847721099853,0.2725678384304046,0.614829957485199,-0.020912667736411,0.6889042854309082,0.434942752122879,-0.5710473656654358,0.3082939386367798,0.436152845621109,-0.0659101605415344,0.5691486597061157,0.9290499091148376,-0.029686827212572,0.4392755031585693,0.9290449619293212,0.0317967012524604,100,100,123,120
straight_ahead,0.5944157838821411,0.5743657946586609,-0.1268455237150192,0.3993982374668121,0.572651743888855,0.0207844860851764,0.7373253107070923,0.6235998272895813,-0.3431671261787414,0.2717016339302063,0.6146963834762573,-0.0243801958858966,0.6764484643936157,0.4371015131473541,-0.504148006439209,0.3122895359992981,0.4370146989822387,-0.1237084716558456,0.5691424012184143,0.9283624887466432,-0.0298485103994607,0.4392858147621155,0.9280052781105042,0.0319764539599418,100,100,127,121
straight_ahead,0.5945420265197754,0.5740512013435364,-0.1685424894094467,0.3986216187477112,0.5727720260620117,-0.0111601054668426,0.7367174029350281,0.6232234239578247,-0.3966985642910003,0.2704389691352844,0.6141691207885742,-0.0383560433983802,0.674284815788269,0.4387221336364746,-0.5963736772537231,0.307210624217987,0.4361431896686554,-0.0727936923503875,0.5690046548843384,0.9277790784835817,-0.0294540226459503,0.4391148686408996,0.9275510311126708,0.031558908522129,100,100,128,120
straight_ahead,0.5945187211036682,0.5729705691337585,-0.1845286041498184,0.3978171646595001,0.5727776288986206,-0.0720389634370803,0.738292932510376,0.6231855154037476,-0.4093925356864929,0.2685290873050689,0.6132400035858154,-0.1511767357587814,0.6870214939117432,0.4368959665298462,-0.6642670631408691,0.3003500998020172,0.4258285760879516,-0.2988134324550628,0.569205641746521,0.9272738099098206,-0.025467162951827,0.4393113255500793,0.9272467494010924,0.0275508724153041,100,101,125,117
straight_ahead,0.5941389799118042,0.5727998614311218,-0.1830177009105682,0.3968701958656311,0.5727816820144653,-0.0630970001220703,0.7389585375785828,0.6230452656745911,-0.3860331177711487,0.2675173878669739,0.6113216280937195,-0.1247603669762611,0.6915155053138733,0.4367894828319549,-0.64723140001297,0.2821934223175049,0.422986626625061,-0.290793240070343,0.5695763230323792,0.9273362755775452,-0.0246687438338994,0.4401751458644867,0.9273285269737244,0.0267309602349996,100,102,123,111
straight_ahead,0.5925301909446716,0.5727408528327942,-0.1389132440090179,0.3966475129127502,0.5730565190315247,-0.082840472459793,0.7394944429397583,0.623013436794281,-0.2443153858184814,0.2643250823020935,0.608271062374115,-0.1586099416017532,0.7338058948516846,0.435239166021347,-0.4879084527492523,0.234734445810318,0.4219714701175689,-0.3657726049423218,0.5700602531433105,0.9281352758407592,-0.0155668314546346,0.4410338997840881,0.9279913306236268,0.0176290273666381,100,104,111,96
straight_ahead,0.5916153788566589,0.5725429058074951,-0.0974974185228347,0.3966570794582367,0.5734730362892151,-0.0840383470058441,0.7389809489250183,0.6223354935646057,-0.1734514087438583,0.2635642886161804,0.6082050204277039,-0.1991955190896988,0.7658048868179321,0.4400581419467926,-0.3917257189750671,0.2089430838823318,0.4323625564575195,-0.4561901986598968,0.570959746837616,0.9292888641357422,-0.0077126710675656,0.4418038427829742,0.9281931519508362,0.0097668971866369,100,104,100,87
straight_ahead,0.5913569927215576,0.5725390911102295,-0.0804801881313324,0.3965855240821838,0.5734782814979553,-0.0928319692611694,0.7388778924942017,0.6223910450935364,-0.1395656466484069,0.2621316313743591,0.6082754731178284,-0.2585798501968384,0.7726030945777893,0.443865031003952,-0.3365997672080993,0.2032486200332641,0.4406856894493103,-0.5589772462844849,0.5713130235671997,0.9292434453964232,-0.0043229255825281,0.4419297575950622,0.9287468194961548,0.0064500370062887,100,105,98,85
straight_ahead,0.5909955501556396,0.5725594162940979,-0.0553158447146415,0.3965277075767517,0.5734612941741943,-0.085085816681385,0.7361355423927307,0.6226396560668945,-0.1233853697776794,0.2620331048965454,0.608769953250885,-0.2313255071640014,0.7735666036605835,0.4462900459766388,-0.323962390422821,0.2092683315277099,0.4427849352359772,-0.5253311395645142,0.5716441869735718,0.929880917072296,-0.0029918435029685,0.4419342577457428,0.9300604462623596,0.0050898874178528,99,105,97,87
straight_ahead,0.5906996726989746,0.5725600123405457,-0.0575323291122913,0.3964316844940185,0.57282954454422,-0.0689678341150283,0.7359898686408997,0.6227388381958008,-0.1644408404827118,0.2611119151115417,0.6085532903671265,-0.2522329092025757,0.768649697303772,0.445805013179779,-0.3804935812950134,0.2159812152385711,0.4276919662952423,-0.5744019150733948,0.5717124342918396,0.929751455783844,-0.0025398940779268,0.4423293173313141,0.9300810098648072,0.0045972182415425,99,105,99,91
straight_ahead,0.5905464291572571,0.5725795030593872,-0.0321781374514102,0.3959203660488128,0.572521984577179,-0.0169367641210556,0.7366856932640076,0.6230966448783875,-0.1551921665668487,0.2601088285446167,0.6084481477737427,-0.215789720416069,0.7607989311218262,0.4420312345027923,-0.3674560189247131,0.2295643389225006,0.4190102815628052,-0.5110539197921753,0.5717248916625977,0.9294458031654358,-0.0033361911773681,0.4423105120658874,0.9297906160354614,0.0053585786372423,99,105,101,96
straight_ahead,0.5907217264175415,0.5725342631340027,-0.0494920872151851,0.3959465026855469,0.5719072818756104,-0.0211513619869947,0.7374456524848938,0.6227210760116577,-0.2571055293083191,0.2602725028991699,0.6084135174751282,-0.2325151264667511,0.7261084914207458,0.4382847547531128,-0.4746512770652771,0.273059219121933,0.4183395802974701,-0.5161589980125427,0.5716584920883179,0.9292497634887696,-0.0042776917107403,0.4422084391117096,0.9293320775032043,0.0062815523706376,100,104,112,109
straight_ahead,0.5916882157325745,0.5719596743583679,-0.0561597719788551,0.3961908221244812,0.5713064074516296,-0.0172606706619262,0.7377585172653198,0.6225450038909912,-0.311918556690216,0.2603846192359924,0.6083316206932068,-0.23920539021492,0.7125065922737122,0.4381154179573059,-0.5529263019561768,0.290791392326355,0.4191980361938476,-0.5207169055938721,0.5715094208717346,0.9291035532951356,-0.0044016195461153,0.4421707987785339,0.9287292957305908,0.0063546421006321,99,104,117,114
straight_ahead,0.5921070575714111,0.5715882182121277,-0.0647561773657798,0.3962129950523376,0.5709982514381409,-0.0222906693816185,0.73698490858078,0.622418999671936,-0.2867061495780945,0.2603715658187866,0.6091433167457581,-0.2517636120319366,0.6863380670547485,0.4403430223464966,-0.5180827379226685,0.3139362335205078,0.424750417470932,-0.522709846496582,0.5714324712753296,0.9281436800956726,-0.0047992812469601,0.4415509104728699,0.9273295998573304,0.006682785693556,99,104,125,122
straight_ahead,0.5927066206932068,0.5715709328651428,-0.0715151578187942,0.3965499103069305,0.5709361433982849,-0.0187078360468149,0.7363526225090027,0.6214815378189087,-0.2858210206031799,0.260524034500122,0.6093829274177551,-0.2785432040691376,0.6757470965385437,0.4419797360897064,-0.5122615098953247,0.3216935098171234,0.427895575761795,-0.5702411532402039,0.5714296102523804,0.927807867527008,-0.0052216788753867,0.4415454864501953,0.9266096949577332,0.0069627375341951,99,104,128,124
straight_ahead,0.5929399728775024,0.5715447664260864,-0.0959660708904266,0.3968046009540558,0.5706258416175842,-0.0208088513463735,0.7360764741897583,0.6212769746780396,-0.3041237592697143,0.2604686915874481,0.6094292402267456,-0.2716229259967804,0.6783820390701294,0.4427942931652069,-0.5037106275558472,0.3181789815425873,0.429224282503128,-0.4825429022312164,0.5712351202964783,0.9276291728019714,-0.0085684824734926,0.441478431224823,0.9257771968841552,0.0102540589869022,99,104,127,124
straight_ahead,0.5932377576828003,0.5712015628814697,-0.1398173719644546,0.3971676826477051,0.5700591802597046,-0.055512435734272,0.7371955513954163,0.6213057637214661,-0.3634281456470489,0.2598820328712463,0.60866379737854,-0.2649881541728973,0.6806094646453857,0.4424040019512176,-0.6046943664550781,0.3077660202980041,0.4244812130928039,-0.5279487371444702,0.5709283947944641,0.9276551604270936,-0.0087039768695831,0.4414892792701721,0.9257822036743164,0.0103394091129302,99,104,127,120
straight_ahead,0.5932735204696655,0.5712273716926575,-0.1070374995470047,0.3971705138683319,0.5700382590293884,-0.0393882468342781,0.7375458478927612,0.6211956143379211,-0.2753632664680481,0.2590937912464142,0.6066508889198303,-0.2055369615554809,0.716637909412384,0.4394232928752899,-0.5811806321144104,0.2699918150901794,0.4197214245796203,-0.5037271976470947,0.5705559849739075,0.9280163645744324,-0.0082213347777724,0.4414886832237243,0.9264242649078368,0.0098808286711573,99,105,116,108
straight_ahead,0.5932506918907166,0.5714868307113647,-0.0783135816454887,0.3971736431121826,0.5700425505638123,-0.038236066699028,0.7377403378486633,0.6211903095245361,-0.225155621767044,0.2576238214969635,0.6059042811393738,-0.1923466175794601,0.7303985357284546,0.4374914169311523,-0.4974942207336426,0.2521314620971679,0.4141940772533417,-0.4772362112998962,0.5703989267349243,0.9287415742874146,-0.0053015337325632,0.4414783418178558,0.928105890750885,0.0070380517281591,100,105,111,103
straight_ahead,0.5928131937980652,0.5715945363044739,-0.0691025257110595,0.3971785008907318,0.570127546787262,-0.0681302174925804,0.73779296875,0.6205254793167114,-0.1502954512834549,0.2567060589790344,0.6058678030967712,-0.1951540410518646,0.7601640224456787,0.4355972707271576,-0.3626722693443298,0.2191991806030273,0.4150837361812591,-0.4513541758060455,0.5705305933952332,0.9296347498893738,0.0028444954659789,0.4417800009250641,0.9285643100738524,-0.0008857292123138,100,106,102,93
straight_ahead,0.5928032994270325,0.5717355608940125,-0.060510765761137,0.3971138298511505,0.5706798434257507,-0.0832858979701995,0.7373510599136353,0.6204473376274109,-0.1334263086318969,0.2565797865390777,0.6064708232879639,-0.2174815684556961,0.7760733962059021,0.4432388842105865,-0.3711577355861664,0.1978040188550949,0.4308458566665649,-0.5291574597358704,0.5705751776695251,0.9300953149795532,0.004531726706773,0.4418188035488128,0.9296800494194032,-0.0025433907285332,100,106,96,86
straight_ahead,0.5928030610084534,0.5718291401863098,-0.0603533461689949,0.3968223631381988,0.5714206695556641,-0.0914090126752853,0.737118124961853,0.619745135307312,-0.1182612776756286,0.2565608620643616,0.6069557666778564,-0.239991694688797,0.7800330519676208,0.4453345537185669,-0.335527628660202,0.1956245005130767,0.4393924474716186,-0.5643749237060547,0.5711406469345093,0.9315236806869508,0.0048501542769372,0.4423785209655761,0.9323903918266296,-0.0028278180398046,100,106,95,84
straight_ahead,0.5924509763717651,0.5718303322792053,-0.0205322969704866,0.3965338170528412,0.5726156234741211,-0.0808160379528999,0.7369770407676697,0.6190105080604553,-0.0556149370968341,0.2561694085597992,0.606957197189331,-0.2580457627773285,0.7777101397514343,0.4451276659965515,-0.2295560389757156,0.207981988787651,0.4380979835987091,-0.5783765316009521,0.5712445378303528,0.9313622713088988,0.0064252810552716,0.4429710805416107,0.9321855306625366,-0.004382933024317,100,106,95,88
straight_ahead,0.5911649465560913,0.5655069947242737,0.0331166051328182,0.3983792662620544,0.57098788022995,-0.043194368481636,0.7262657880783081,0.587738037109375,-0.0845786854624748,0.254444807767868,0.588096559047699,-0.3488352000713348,0.6857638359069824,0.4203601777553558,-0.1709527671337127,0.3111052811145782,0.3989133834838867,-0.6290844082832336,0.5698758363723755,0.9220803380012512,0.011010711081326,0.4434722065925598,0.9273595809936525,-0.0093068750575184,106,112,113,113
straight_ahead,0.5911885499954224,0.5664457082748413,-0.008496006950736,0.3972119688987732,0.5709879994392395,-0.0735892355442047,0.7289742231369019,0.588259756565094,-0.0825925022363662,0.2543471157550812,0.5880420804023743,-0.3203254342079162,0.7258101105690002,0.4122218787670135,-0.190954640507698,0.2922175824642181,0.3909661471843719,-0.6142645478248596,0.5704425573348999,0.9228848814964294,0.0109713179990649,0.4435395300388336,0.9275951981544496,-0.0092211794108152,106,112,100,108
straight_ahead,0.5918217897415161,0.5665099620819092,-0.0160932578146457,0.3981524109840393,0.5708521604537964,-0.0732538551092147,0.7321113348007202,0.590865433216095,-0.1128195151686668,0.2546048462390899,0.5880986452102661,-0.3290392458438873,0.7214648723602295,0.4124854803085327,-0.2790262401103973,0.2949696183204651,0.3914479911327362,-0.638272762298584,0.570583701133728,0.924089014530182,0.0067905164323747,0.4441615045070648,0.9286319613456726,-0.004835988394916,106,112,103,108
straight_ahead,0.5922361016273499,0.5666099786758423,-0.0173369236290454,0.3985039591789245,0.570282518863678,-0.0694140046834945,0.7354352474212646,0.5942313075065613,-0.1171265468001365,0.2548995614051819,0.5880911946296692,-0.3306389451026916,0.7140644192695618,0.412625640630722,-0.2739070951938629,0.303549587726593,0.3930298388004303,-0.6360334753990173,0.5706039071083069,0.9241907000541688,0.0038479182403534,0.44425168633461,0.9287150502204896,-0.0018825711449608,106,112,108,111
straight_ahead,0.5930219888687134,0.5667040348052979,-0.0193443521857261,0.3995810151100158,0.5699895024299622,-0.0426854901015758,0.7351130843162537,0.5946354269981384,-0.1436271369457245,0.2607144713401794,0.5940512418746948,-0.3224903345108032,0.6837290525436401,0.4244701564311981,-0.2562856376171112,0.3278833925724029,0.417114794254303,-0.5973719358444214,0.5706018209457397,0.9237297177314758,-0.0003903753822669,0.4442321360111236,0.9267799854278564,0.001858762698248,105,109,118,121
straight_ahead,0.5933635830879211,0.5666969418525696,-0.0097988788038492,0.3995387554168701,0.5698264837265015,-0.026690375059843,0.7352805733680725,0.5944529175758362,-0.1276570111513137,0.2608258128166199,0.598630964756012,-0.3178196847438812,0.6836559772491455,0.4253160059452057,-0.2123571932315826,0.3211397230625152,0.4238768219947815,-0.5967352390289307,0.5704034566879272,0.9224660992622375,0.0001379965833621,0.4420433640480041,0.921168565750122,0.001365223666653,106,108,118,121
straight_ahead,0.5935131311416626,0.5666967034339905,-0.0223964713513851,0.3987851440906524,0.5698204636573792,-0.0354131013154983,0.7361959218978882,0.5943573117256165,-0.130943551659584,0.2591189742088318,0.5997956991195679,-0.2677560448646545,0.702926754951477,0.4174410998821258,-0.2750145196914673,0.3036906123161316,0.4160272777080536,-0.5635009407997131,0.5704268217086792,0.92338889837265,-1.7372238289681263e-05,0.4417479634284973,0.9219425916671752,0.0016192406183108,106,107,112,116
straight_ahead,0.5926787257194519,0.5668703317642212,-0.0244701709598302,0.3955530524253845,0.570949375629425,-0.0861929953098297,0.7360500693321228,0.5942752957344055,-0.1183380633592605,0.2570028901100158,0.5994934439659119,-0.2665330469608307,0.7511281967163086,0.4170260727405548,-0.3085437715053558,0.2342304736375808,0.4111523032188415,-0.5586932897567749,0.5709033608436584,0.9281635284423828,0.0089530432596802,0.4424057900905609,0.9306967854499816,-0.0071527482941746,105,108,96,95
straight_ahead,0.5931845903396606,0.5676782727241516,-0.0269800033420324,0.3952250778675079,0.5714024901390076,-0.1200390309095382,0.7367663383483887,0.5946909785270691,-0.0861268788576126,0.2569479048252105,0.5992826223373413,-0.2703958451747894,0.7966710329055786,0.4288029670715332,-0.3066059947013855,0.1877824515104293,0.4283443391323089,-0.5789319276809692,0.5723549723625183,0.930234968662262,0.0178681276738643,0.4435797333717346,0.9343199133872986,-0.0160233490169048,105,108,81,79
straight_ahead,0.5940156579017639,0.5689119100570679,-0.0290173143148422,0.3954063653945923,0.5720221400260925,-0.129165917634964,0.736831784248352,0.5967340469360352,-0.0633745715022087,0.2568974494934082,0.5989580154418945,-0.275225281715393,0.8031901121139526,0.4453948736190796,-0.274161159992218,0.176861822605133,0.4392313659191131,-0.5791592001914978,0.5725869536399841,0.930692493915558,0.0189005546271801,0.4436551630496979,0.9346061944961548,-0.0170441400259733,105,108,77,74
straight_ahead,0.5940688848495483,0.5691233277320862,-0.0306458622217178,0.3953560590744018,0.571824312210083,-0.1224987357854843,0.7367483973503113,0.5968554019927979,-0.0462840273976326,0.256686270236969,0.5988960862159729,-0.2988605797290802,0.8010994791984558,0.4448220133781433,-0.2090364694595337,0.1862308382987976,0.4348755180835724,-0.6359202265739441,0.5723081827163696,0.9306430816650392,0.0185507051646709,0.4423832893371582,0.9345242381095886,-0.0166751965880393,105,108,78,78
straight_ahead,0.5935717821121216,0.569096565246582,-0.0406799763441085,0.3941166996955871,0.5718162059783936,-0.1122496128082275,0.7366715669631958,0.5951022505760193,-0.1085565462708473,0.2562563121318817,0.5972421169281006,-0.298315018415451,0.7944197654724121,0.4178828597068786,-0.31207275390625,0.1896336376667022,0.4068273305892944,-0.6193996667861938,0.5723394155502319,0.9305953979492188,0.0166744645684957,0.4426674246788025,0.934453785419464,-0.0147788766771554,106,108,82,81
straight_ahead,0.5933451056480408,0.5691296458244324,-0.0438299179077148,0.3934271931648254,0.5718095302581787,-0.0902366414666175,0.7365867495536804,0.5944254994392395,-0.1274881362915039,0.2560681700706482,0.5969184041023254,-0.278997004032135,0.7757983207702637,0.410254418849945,-0.3307616114616394,0.2213900983333587,0.398164302110672,-0.5728781223297119,0.572209894657135,0.9305423498153688,0.0101618664339184,0.4427167773246765,0.9344141483306884,-0.0083032334223389,106,109,88,90
straight_ahead,0.5934538245201111,0.5682223439216614,-0.0469459854066371,0.3936362266540527,0.5714049935340881,-0.0678543001413345,0.7367950677871704,0.5941445827484131,-0.2083156406879425,0.2561191916465759,0.5967755913734436,-0.3364903926849365,0.7214568257331848,0.4108767211437225,-0.4239737391471863,0.2915973663330078,0.3986679017543793,-0.6796204447746277,0.5720178484916687,0.9291793704032898,0.0026924209669232,0.4429922103881836,0.9327865242958068,-0.0011478078085929,106,109,105,111
straight_ahead,0.5940154790878296,0.567920982837677,-0.0550666376948356,0.3950740694999695,0.5704647302627563,-0.06614251434803,0.7367466688156128,0.5940650701522827,-0.1918385028839111,0.2604348957538605,0.5971516370773315,-0.3272499442100525,0.6802744269371033,0.4195148050785064,-0.3684119880199432,0.3296154737472534,0.4164690673351288,-0.5885849595069885,0.5718923211097717,0.927095115184784,-0.0021229942794889,0.4423197209835052,0.9309508204460144,0.0036935862153768,106,107,118,122
straight_ahead,0.594386100769043,0.5679269433021545,-0.0508903786540031,0.3954821228981018,0.56983882188797,-0.0446762405335903,0.7367269396781921,0.5940465927124023,-0.1733172386884689,0.2645751237869262,0.5973647236824036,-0.2832496762275696,0.6748611927032471,0.4256001114845276,-0.270298421382904,0.3352142870426178,0.4230800569057464,-0.4876071810722351,0.5718342065811157,0.9269570112228394,-0.0047313082031905,0.4418888986110687,0.9309415817260742,0.0062897652387619,106,106,121,124
straight_ahead,0.5943865776062012,0.567983865737915,-0.0399295873939991,0.3954613208770752,0.5698358416557312,-0.0448296107351779,0.7384821772575378,0.5940773487091064,-0.2017196714878082,0.2638714909553528,0.5975721478462219,-0.3534132242202759,0.6915639042854309,0.4230585694313049,-0.3906504213809967,0.3173229992389679,0.422897070646286,-0.694815993309021,0.5717489719390869,0.9269437789916992,-0.0037541694473475,0.4419825077056885,0.9309894442558287,0.0053513264283537,106,106,116,119
straight_ahead,0.5943141579627991,0.5685818195343018,-0.0482355318963527,0.3944909572601318,0.5701736807823181,-0.0448632314801216,0.7384703159332275,0.5938331484794617,-0.1935226023197174,0.2634559571743011,0.5977594256401062,-0.2844653725624084,0.7175790071487427,0.4147539138793945,-0.3901902735233307,0.2927875816822052,0.4128499329090118,-0.5994635820388794,0.5712677240371704,0.9277586340904236,-0.0048802373930811,0.4411585330963135,0.931524395942688,0.0064784130081534,107,106,107,111
straight_ahead,0.5942107439041138,0.5685741901397705,-0.0473234243690967,0.3944581151008606,0.5701167583465576,-0.0464081242680549,0.7387784719467163,0.5941091179847717,-0.1878332644701004,0.2630931735038757,0.5980559587478638,-0.2369606047868728,0.7357989549636841,0.412462055683136,-0.3698828220367431,0.2687384486198425,0.4123589098453522,-0.5208203792572021,0.5711269378662109,0.9280641674995422,-0.0045646294020116,0.4410650134086609,0.9315488934516908,0.0061554405838251,107,106,101,104
straight_ahead,0.5942083597183228,0.5684884190559387,-0.0467232875525951,0.3944094777107239,0.5707061290740967,-0.0528014712035656,0.7387474775314331,0.5956944823265076,-0.1769812852144241,0.2610207498073578,0.5992671847343445,-0.2129880934953689,0.7706786394119263,0.4174078404903412,-0.4128232598304748,0.2141492813825607,0.4211242496967315,-0.5258852243423462,0.5711904764175415,0.9286940693855286,-0.0035342001356184,0.4410794675350189,0.933568239212036,0.0052824295125901,106,106,91,87
straight_ahead,0.5946253538131714,0.5684801936149597,-0.0296201948076486,0.3948814868927002,0.5709199905395508,-0.1171861141920089,0.7388906478881836,0.5964546799659729,-0.0540209002792835,0.2605869174003601,0.6022990942001343,-0.3078337013721466,0.7996691465377808,0.4378141760826111,-0.213607832789421,0.1908111870288849,0.4472069442272186,-0.671989917755127,0.5717235207557678,0.9275497198104858,0.0182153172791004,0.4411346316337585,0.9325277805328368,-0.0164381861686706,106,106,80,79
straight_ahead,0.5950542092323303,0.5683997869491577,-0.0222917050123214,0.3954491913318634,0.5717853307723999,-0.1300006955862045,0.7389490604400635,0.5970601439476013,-0.0093864630907773,0.2605180740356445,0.6041558980941772,-0.3294887840747833,0.8064371347427368,0.4515424370765686,-0.1340606212615966,0.1874082237482071,0.4551883339881897,-0.6902351975440979,0.5718327760696411,0.9270842671394348,0.0214348584413528,0.4411629736423492,0.931883692741394,-0.0195871740579605,106,105,76,77
straight_ahead,0.5957673788070679,0.5684596300125122,-0.0394268557429313,0.3955106139183044,0.5716701149940491,-0.1172568649053573,0.7389336824417114,0.5970458984375,-0.0608253851532936,0.2591602504253387,0.6040107011795044,-0.3076978027820587,0.8042457699775696,0.4522410631179809,-0.2194235324859619,0.1892225891351699,0.4488642811775207,-0.6750043630599976,0.5716919898986816,0.9276745915412904,0.0181027576327323,0.4406644701957702,0.9322115778923036,-0.0162184350192546,106,106,77,79
straight_ahead,0.5951259732246399,0.5685710310935974,-0.0403294265270233,0.3945589661598205,0.5718985199928284,-0.074847437441349,0.7380959987640381,0.5953689813613892,-0.1160106435418129,0.2574037909507751,0.5992944836616516,-0.2501569390296936,0.7911972999572754,0.4314850866794586,-0.3341002464294433,0.2033544480800628,0.4131219089031219,-0.5553735494613647,0.5715415477752686,0.9292175769805908,0.0112149994820356,0.4403530657291412,0.933868169784546,-0.0092891175299882,106,107,83,85
straight_ahead,0.5948730111122131,0.5685955882072449,-0.033326156437397,0.3941401839256286,0.5718100070953369,-0.063956081867218,0.7380101084709167,0.5939124226570129,-0.1143534034490585,0.2568901479244232,0.5970667004585266,-0.2318348884582519,0.7898813486099243,0.4131275117397308,-0.3221534490585327,0.2165980041027069,0.4013226628303528,-0.5167516469955444,0.5711389780044556,0.9292584657669068,0.0102919172495603,0.4400948584079742,0.9338878989219666,-0.0083363866433501,106,108,84,89
straight_ahead,0.5943454504013062,0.5684837102890015,-0.0341216437518596,0.393671840429306,0.5716785192489624,-0.0618117339909076,0.7380756735801697,0.5872498154640198,-0.1380136311054229,0.2567228972911834,0.5943954586982727,-0.2934311628341675,0.7393532395362854,0.3993684947490692,-0.3190045952796936,0.2694106101989746,0.3958692550659179,-0.5941563844680786,0.5709050297737122,0.9288270473480223,0.0072251954115927,0.4404708445072174,0.9338801503181458,-0.0052980110049247,109,109,97,103
straight_ahead,0.5939778089523315,0.5684117078781128,-0.0343409702181816,0.3933505415916443,0.571561872959137,-0.0606314241886138,0.7381130456924438,0.5840532779693604,-0.1429675072431564,0.2565976083278656,0.5929193496704102,-0.3065957427024841,0.7289270162582397,0.3952976763248443,-0.3171566724777221,0.2789021134376526,0.3941152393817901,-0.6118841171264648,0.5707262754440308,0.9285342693328856,0.0054168500937521,0.4407142698764801,0.9338740706443788,-0.0035113063640892,110,109,99,105
straight_ahead,0.5944604873657227,0.5678128004074097,-0.0282184481620788,0.3938933908939361,0.5711749792098999,-0.0217641871422529,0.7381030321121216,0.5843020081520081,-0.1559240221977234,0.2581872045993805,0.5929670333862305,-0.3010103404521942,0.6828807592391968,0.398396760225296,-0.2812682390213012,0.3151129186153412,0.4007311463356018,-0.5763799548149109,0.5707216858863831,0.9269516468048096,0.0001323779433732,0.4407771229743957,0.9322075247764589,0.0016938258195295,109,109,113,116
straight_ahead,0.5944610834121704,0.5673477053642273,-0.0287792943418025,0.393896222114563,0.5709797143936157,-0.005157524254173,0.7380419969558716,0.5845736861228943,-0.2183550149202346,0.2586052119731903,0.5929649472236633,-0.3030664324760437,0.6776707172393799,0.4020916223526001,-0.3917560875415802,0.3178635537624359,0.4032410681247711,-0.6128700375556946,0.5707505941390991,0.9263150691986084,-0.0038399330805987,0.4411503374576568,0.9319923520088196,0.0055924216285347,109,109,115,117
straight_ahead,0.5944089293479919,0.5673181414604187,-0.0418218858540058,0.3937801420688629,0.5709825754165649,-0.0166347995400428,0.7380331754684448,0.5856983065605164,-0.1985273212194442,0.2585926055908203,0.5938241481781006,-0.3005263209342956,0.6980623006820679,0.4043914973735809,-0.3873366415500641,0.3017255067825317,0.4024519026279449,-0.6075212359428406,0.5707467794418335,0.9260987639427184,-0.0039340970106422,0.4410876631736755,0.9307854175567628,0.0057182880118489,109,109,110,112
straight_ahead,0.5944693088531494,0.5670782923698425,-0.0582853741943836,0.3947508037090301,0.5705127716064453,0.020903592929244,0.7378548383712769,0.5860009789466858,-0.2662352621555328,0.2634611129760742,0.5970303416252136,-0.239999771118164,0.6747983694076538,0.4108252823352813,-0.4180777966976166,0.3192800879478454,0.4200682938098907,-0.5154950618743896,0.5707674622535706,0.9242982864379884,-0.0113239390775561,0.4411395490169525,0.9295063018798828,0.0129553424194455,109,107,117,119
straight_ahead,0.5939782857894897,0.5671054124832153,-0.0563835315406322,0.3945342898368835,0.5702819228172302,-0.0017066290602087,0.7382839918136597,0.5903091430664062,-0.2184365689754486,0.2666830718517303,0.5967738628387451,-0.1632342487573623,0.7329843044281006,0.4080113470554352,-0.3850227296352386,0.26102215051651,0.4196161925792694,-0.433312714099884,0.5707851648330688,0.9238373637199402,-0.0101577071473002,0.441251277923584,0.9288270473480223,0.0118163293227553,108,106,101,100
straight_ahead,0.593523383140564,0.5672585964202881,-0.0929730981588363,0.3935772776603699,0.5702762603759766,-0.0209903288632631,0.739068865776062,0.591434121131897,-0.2296718657016754,0.2675496637821197,0.596813976764679,-0.206115573644638,0.7322832345962524,0.4036688208580017,-0.4053689539432525,0.2640752792358398,0.4150389432907104,-0.4707056581974029,0.5706450343132019,0.92278790473938,-0.0103610232472419,0.4412497878074646,0.9279989004135132,0.0120761897414922,108,106,102,101
straight_ahead,0.5932580232620239,0.5670892596244812,-0.109599731862545,0.3933847546577453,0.5701433420181274,-0.0322291404008865,0.7390673160552979,0.5920781493186951,-0.2460654228925705,0.2679375410079956,0.5970692038536072,-0.1894157826900482,0.731805682182312,0.4045111238956451,-0.4235981404781341,0.266605943441391,0.4134286940097809,-0.4085055291652679,0.570639431476593,0.9216626286506652,-0.0123998560011386,0.441357672214508,0.9268720149993896,0.0142094511538743,107,106,102,102
straight_ahead,0.5932424068450928,0.5669772624969482,-0.1068499311804771,0.3934564888477325,0.5700878500938416,0.0207022484391927,0.7390761971473694,0.5930033326148987,-0.2677571177482605,0.2685941457748413,0.5968642830848694,-0.1760203689336776,0.689950168132782,0.4087181687355041,-0.4414442181587219,0.3026876449584961,0.4171783030033111,-0.4133411049842834,0.5706439018249512,0.9187660217285156,-0.0141544817015528,0.4413637220859527,0.9259077906608582,0.0158803239464759,107,106,115,113
straight_ahead,0.5932427644729614,0.5663176774978638,-0.1149229258298873,0.3935905694961548,0.5697001218795776,0.0032779537141323,0.7390522360801697,0.5945274233818054,-0.3313996493816376,0.2696134746074676,0.5969064831733704,-0.168379545211792,0.6783280372619629,0.4151872396469116,-0.5231064558029175,0.311818927526474,0.4245651662349701,-0.3633853793144226,0.5706781148910522,0.9171905517578124,-0.0161476098001003,0.441636860370636,0.9239782094955444,0.0177196860313415,107,105,120,116
straight_ahead,0.5933043956756592,0.5660068988800049,-0.0996245592832565,0.3937622010707855,0.5697214603424072,0.0411646962165832,0.7390543222427368,0.5941607356071472,-0.3240796327590942,0.2699966132640838,0.5965639352798462,-0.1329976320266723,0.6729871034622192,0.4164122939109802,-0.5100529789924622,0.3116351962089538,0.4246759116649627,-0.3508552014827728,0.5709928274154663,0.9176074266433716,-0.018136104568839,0.4422332346439361,0.9240849018096924,0.0196909867227077,107,106,121,116
straight_ahead,0.593326985836029,0.5657634139060974,-0.1131240129470825,0.3938315510749817,0.5697112679481506,0.0206268243491649,0.7391607761383057,0.5940008163452148,-0.3447149395942688,0.2698740363121032,0.5960543155670166,-0.1095784455537796,0.6755129098892212,0.4168335497379303,-0.5570366382598877,0.3096335530281067,0.4228581488132477,-0.2736372053623199,0.5711496472358704,0.9176348447799684,-0.0192426666617393,0.4428659081459045,0.92384535074234,0.0208494123071432,106,106,121,115
straight_ahead,0.592880129814148,0.5661109089851379,-0.1116789355874061,0.3935175538063049,0.5698382258415222,-0.0130966557189822,0.7398523688316345,0.5939704179763794,-0.3074553310871124,0.2708211243152618,0.5956924557685852,-0.1191196292638778,0.7036411166191101,0.4095408618450165,-0.5005654096603394,0.2859604954719543,0.4138130843639374,-0.3512533009052276,0.5712255239486694,0.9183973073959352,-0.0187088660895824,0.4435130655765533,0.9241855144500732,0.0203752405941486,107,106,112,107
straight_ahead,0.5924230813980103,0.5664387345314026,-0.1136832609772682,0.3934389948844909,0.5698387026786804,-0.0448258630931377,0.7406436204910278,0.5948793292045593,-0.2846288979053497,0.2708532512187958,0.5948734879493713,-0.1301420927047729,0.7333562970161438,0.4043729901313782,-0.4826742708683014,0.2540492117404938,0.4119212031364441,-0.4243083894252777,0.5713500380516052,0.9199969172477722,-0.0169270690530538,0.4435144364833832,0.9247058629989624,0.018559094518423,107,106,103,96
straight_ahead,0.5922091007232666,0.566437840461731,-0.1025325432419776,0.3939496874809265,0.5695445537567139,-0.0488710179924964,0.7406250238418579,0.5966236591339111,-0.1918287277221679,0.2708183228969574,0.5917919874191284,-0.1301809549331665,0.7735894918441772,0.4061625599861145,-0.4302052855491638,0.22037935256958,0.4140460193157196,-0.3654777705669403,0.5724009275436401,0.9205736517906188,-0.0142287211492657,0.4440832138061523,0.9248794317245485,0.0158946793526411,106,107,92,84
straight_ahead,0.5922004580497742,0.5667145252227783,-0.1013890504837036,0.3950355648994446,0.5692432522773743,-0.0481968931853771,0.7409037351608276,0.5967702269554138,-0.209091380238533,0.2721598446369171,0.5904558300971985,-0.0818036794662475,0.7854636311531067,0.4155572652816772,-0.4571017324924469,0.2083124816417694,0.424191415309906,-0.2495505809783935,0.5730305910110474,0.9215266108512878,-0.0141123207286,0.4441398680210113,0.9248161315917968,0.0158074535429477,106,107,88,79
straight_ahead,0.592180609703064,0.5671260356903076,-0.1007144451141357,0.3955290913581848,0.5692347884178162,-0.0446183308959007,0.7410609126091003,0.5967495441436768,-0.209110289812088,0.2729895710945129,0.5901476740837097,-0.0714075341820716,0.7868442535400391,0.4195542633533478,-0.4606761932373047,0.208059936761856,0.4303706586360931,-0.2420551776885986,0.5737075209617615,0.9221804141998292,-0.0133705539628863,0.4446620345115661,0.924762487411499,0.0150861339643597,106,107,87,78
straight_ahead,0.5916926860809326,0.5677305459976196,-0.1001929268240928,0.3958776891231537,0.5709415674209595,-0.0236424356698989,0.7406947016716003,0.5988531112670898,-0.229767233133316,0.2739220261573791,0.5903512835502625,-0.0965036898851394,0.7720643281936646,0.4150108098983764,-0.4772942066192627,0.2224554121494293,0.4292581975460052,-0.3061929941177368,0.5738574862480164,0.9242569208145142,-0.0164443794637918,0.4450959265232086,0.9251614212989808,0.0180177129805088,105,108,92,81
straight_ahead,0.5915617346763611,0.5680856704711914,-0.0825669020414352,0.3960873484611511,0.5731261372566223,-0.0102424528449773,0.7402864098548889,0.5988097786903381,-0.2143815457820892,0.275070309638977,0.5914422869682312,-0.0941378250718116,0.764968991279602,0.4075541198253631,-0.4340686202049255,0.229083850979805,0.4283746182918548,-0.3139586448669433,0.5740219354629517,0.9261550903320312,-0.0166265238076448,0.445339024066925,0.9261209964752196,0.0182419158518314,105,108,94,83
straight_ahead,0.5911886692047119,0.5682005286216736,-0.1417239755392074,0.3959019482135772,0.5739428997039795,-0.0202521216124296,0.7402567863464355,0.5986689329147339,-0.3102072179317474,0.2757866084575653,0.5932635068893433,-0.072867214679718,0.7386358976364136,0.4038266837596893,-0.5163445472717285,0.2527289986610412,0.426366925239563,-0.215082436800003,0.5738897919654846,0.925747811794281,-0.0202880967408418,0.4456827640533447,0.9253882765769958,0.0219782032072544,105,108,102,91
straight_ahead,0.5911810398101807,0.5678764581680298,-0.1356719136238098,0.3960676789283752,0.5749009251594543,-0.0075215259566903,0.7399308681488037,0.5968925952911377,-0.3211462199687958,0.2762733101844787,0.5961268544197083,-0.0379623584449291,0.7188480496406555,0.3997271358966827,-0.5299931764602661,0.2695745825767517,0.4226062595844269,-0.1372824013233184,0.5738874077796936,0.925426185131073,-0.0230338554829359,0.4460255205631256,0.9247449040412904,0.0246402956545352,106,107,107,98
straight_ahead,0.5913172364234924,0.5666770935058594,-0.129502847790718,0.3967094719409942,0.5742009282112122,0.0294689089059829,0.7386031746864319,0.5947504043579102,-0.3564374148845672,0.27875417470932,0.596116304397583,0.0486105866730213,0.6763979196548462,0.40216925740242,-0.5655983090400696,0.3057697415351867,0.4224905371665954,0.0415759943425655,0.5732006430625916,0.9198489785194396,-0.0258102063089609,0.4460251331329345,0.9203093647956848,0.0272923745214939,106,107,119,109
straight_ahead,0.5913167595863342,0.5649392604827881,-0.127036765217781,0.3971086740493774,0.5723304152488708,0.0473504997789859,0.7359125018119812,0.5935162901878357,-0.353029191493988,0.2837340533733368,0.5962246656417847,0.0627592727541923,0.65781170129776,0.4111613035202026,-0.5340186953544617,0.3209585547447204,0.4275138676166534,0.0656124576926231,0.5731625556945801,0.9165917634963988,-0.0275299064815044,0.4463934302330017,0.9181203246116638,0.0289437472820281,106,105,124,114
straight_ahead,0.5911646485328674,0.562976598739624,-0.1211908832192421,0.3972952961921692,0.5697135329246521,0.0598153956234455,0.7339444160461426,0.5933037996292114,-0.331985741853714,0.2861311435699463,0.5967541933059692,0.0465923026204109,0.6508177518844604,0.4171878099441528,-0.4724295735359192,0.3250124454498291,0.438163161277771,0.0241435747593641,0.5730618834495544,0.9145951867103576,-0.0269615445286035,0.4466343522071838,0.9166994094848632,0.0283717066049575,105,103,127,117
straight_ahead,0.5908299684524536,0.5628991723060608,-0.1084320917725563,0.3977064490318298,0.5695610046386719,0.0705112665891647,0.7337571978569031,0.5919084548950195,-0.3102315366268158,0.2856746315956116,0.5967146754264832,0.147866815328598,0.6670478582382202,0.4138506948947906,-0.4537227153778076,0.3160736262798309,0.4344226717948913,0.1804687529802322,0.5731775164604187,0.9143127202987672,-0.0301152057945728,0.4477712512016296,0.9155286550521852,0.031485691666603,105,103,122,114
straight_ahead,0.590088427066803,0.5629335641860962,-0.1187898367643356,0.3986937999725342,0.5695279836654663,0.0611133761703968,0.7338545918464661,0.591575026512146,-0.3327677547931671,0.2855632901191711,0.5967712998390198,0.1693604290485382,0.675388753414154,0.4082241654396057,-0.5249431729316711,0.310310423374176,0.428989440202713,0.2401401251554489,0.5731706023216248,0.9145212769508362,-0.032651275396347,0.4481785297393799,0.91559100151062,0.0340191908180713,105,103,119,112
straight_ahead,0.5896627902984619,0.563044548034668,-0.1349800378084182,0.3989197611808777,0.5694695115089417,0.0402907840907573,0.7360212206840515,0.5923165082931519,-0.3428933024406433,0.2860040068626404,0.5968700647354126,0.0933237224817276,0.6827117800712585,0.4058512151241302,-0.5564135313034058,0.3058558702468872,0.424380749464035,0.0875755995512008,0.5732351541519165,0.914655864238739,-0.0318417251110076,0.4484829902648926,0.9157427549362184,0.0332372672855854,105,103,117,110
straight_ahead,0.589269757270813,0.5640150904655457,-0.1536797732114792,0.399366021156311,0.5694773197174072,-0.0034722432028502,0.7373443841934204,0.5978478193283081,-0.3281737864017486,0.286589652299881,0.5974879860877991,0.0690227150917053,0.7327632904052734,0.4058117866516113,-0.5362697839736938,0.274489164352417,0.4258655905723572,0.03653234988451,0.5732371807098389,0.915497899055481,-0.0312995053827762,0.4484592080116272,0.9161214828491212,0.0327281169593334,104,103,104,100
straight_ahead,0.5893055200576782,0.5648238658905029,-0.1513212472200393,0.4000842571258545,0.5694836378097534,-0.0070644216611981,0.7355261445045471,0.5999910831451416,-0.2565433084964752,0.2894425988197326,0.5976582169532776,0.0555432140827178,0.7686156034469604,0.4110453724861145,-0.4873355031013489,0.2514639794826507,0.4323102235794067,-0.048784464597702,0.5735340714454651,0.9186838269233704,-0.0299775712192058,0.448486864566803,0.9186816811561584,0.0314842723309993,103,102,94,91
straight_ahead,0.589330792427063,0.5652920007705688,-0.1470814049243927,0.4004079699516296,0.5696636438369751,-0.0233279671519994,0.7348394989967346,0.600576639175415,-0.2605300545692444,0.2893591523170471,0.5975677371025085,0.0744197815656662,0.7797131538391113,0.4159381985664367,-0.4881826937198639,0.2379575073719024,0.4338482618331909,0.0590860620141029,0.5737229585647583,0.92077374458313,-0.0288778003305196,0.4483261108398437,0.9208313822746276,0.0304788164794445,103,102,90,87
straight_ahead,0.5899830460548401,0.5654730200767517,-0.1373758614063263,0.4033492505550384,0.5697539448738098,-0.0196495465934276,0.7355220913887024,0.6004191637039185,-0.2014239281415939,0.291732519865036,0.5979147553443909,0.0703047960996627,0.7975053787231445,0.4343892335891723,-0.415438175201416,0.2248638421297073,0.4507763683795929,0.032086856663227,0.5740772485733032,0.9217482805252076,-0.0287530086934566,0.4486341476440429,0.9208317399024964,0.0303172916173934,103,102,83,80
straight_ahead,0.5901116132736206,0.5658293962478638,-0.1370122134685516,0.4039188921451568,0.5705860257148743,-0.0268355198204517,0.7357282042503357,0.5987169146537781,-0.2029447257518768,0.2927283346652984,0.5983889698982239,0.0754931792616844,0.7965858578681946,0.4317023456096649,-0.4083134233951568,0.2298264503479004,0.4550002515316009,0.061768252402544,0.5745956897735596,0.9239099025726318,-0.0281364172697067,0.4490225911140442,0.9219807386398317,0.0297675095498561,104,102,83,80
straight_ahead,0.5905042290687561,0.5662538409233093,-0.1407340615987777,0.4040580689907074,0.5708314776420593,-0.0436429418623447,0.7357385158538818,0.5978994369506836,-0.2275641709566116,0.2929832637310028,0.5984933972358704,0.0709303542971611,0.7896095514297485,0.4310446679592132,-0.4337920248508453,0.2333184480667114,0.4519411623477936,0.0812306031584739,0.5747964382171631,0.924926221370697,-0.0244233794510364,0.448964774608612,0.9230186343193054,0.0262129455804824,104,102,84,82
straight_ahead,0.5905493497848511,0.5660796761512756,-0.1389241516590118,0.4040118157863617,0.5706627368927002,-0.0256660133600235,0.7357438802719116,0.5932548642158508,-0.268351137638092,0.2931708693504333,0.6000548601150513,0.0609380528330802,0.778092086315155,0.4088565111160278,-0.493605762720108,0.2433521747589111,0.4516780972480774,0.0240754131227731,0.5747905969619751,0.9248191118240356,-0.0243288595229387,0.4489687383174896,0.9226497411727904,0.0261245314031839,105,101,88,86
straight_ahead,0.5905585885047913,0.5668846964836121,-0.1514902412891388,0.4055399894714355,0.5685775876045227,-0.0002465032157488,0.7354546189308167,0.595383882522583,-0.3175881505012512,0.2969415783882141,0.600722074508667,0.133565679192543,0.7802673578262329,0.4208252131938934,-0.6194283962249756,0.233932539820671,0.4603075683116913,0.1073506623506546,0.5749146342277527,0.924876868724823,-0.0333539173007011,0.4498122632503509,0.922488808631897,0.0349117740988731,105,99,87,82
straight_ahead,0.5901592969894409,0.5677696466445923,-0.1479254812002182,0.4054721891880035,0.5685938000679016,0.0156206982210278,0.7354360222816467,0.5985708236694336,-0.301532506942749,0.2973507940769195,0.6066201329231262,0.1245549172163009,0.764693021774292,0.418824553489685,-0.5719825625419617,0.246993139386177,0.4572588503360748,0.0843853950500488,0.5748319625854492,0.924868941307068,-0.0352330282330513,0.4498075544834137,0.9225919246673584,0.0368432030081748,104,96,93,91
straight_ahead,0.5903729200363159,0.5681149959564209,-0.1467519253492355,0.405456930398941,0.5686101317405701,0.0162285342812538,0.733576238155365,0.5985354781150818,-0.3160704970359802,0.2980546355247497,0.6051981449127197,0.1956904232501983,0.7767625451087952,0.4210986793041229,-0.6125034689903259,0.2430463135242462,0.4579361975193023,0.2681196331977844,0.5748039484024048,0.9248468279838562,-0.0345295518636703,0.4487194120883941,0.9231680035591124,0.0361265614628791,104,97,88,88
straight_ahead,0.5904511213302612,0.568198561668396,-0.1486132889986038,0.4054342210292816,0.5686938166618347,-0.0005788471316918,0.7331547141075134,0.5978000164031982,-0.3061526715755462,0.2986505031585693,0.6039787530899048,0.1652579605579376,0.7825137376785278,0.4208647310733795,-0.5727182030677795,0.2404062449932098,0.4603117108345032,0.2211000919342041,0.5747243762016296,0.9248430132865906,-0.0329908020794391,0.4478002190589905,0.9236087799072266,0.034682460129261,104,97,86,86
straight_ahead,0.5904614925384521,0.5682007074356079,-0.1261941194534301,0.405139684677124,0.5687081217765808,-0.00364979961887,0.7325151562690735,0.5964077115058899,-0.2323139011859893,0.298397034406662,0.6027912497520447,0.1166492477059364,0.7848439812660217,0.4206818044185638,-0.4622930586338043,0.2406820505857467,0.4576927423477173,0.1043301671743393,0.5745331048965454,0.9237585067749025,-0.0255147404968738,0.4466975629329681,0.9234561920166016,0.0272715091705322,105,97,85,86
straight_ahead,0.590581476688385,0.5681926012039185,-0.1140730157494545,0.4050003588199615,0.5687408447265625,0.0033564637415111,0.7321423888206482,0.5962092280387878,-0.2215735167264938,0.2983684837818146,0.6022393703460693,0.1106196045875549,0.7837461829185486,0.4206019043922424,-0.4448954164981842,0.241477370262146,0.455630898475647,0.0800076127052307,0.5745218396186829,0.9235904216766356,-0.0243824478238821,0.4466821253299713,0.9236133098602296,0.0261409617960453,105,97,85,86
straight_ahead,0.5904555916786194,0.5681934356689453,-0.1259578168392181,0.4042178690433502,0.5686648488044739,0.0031583583913743,0.7321652770042419,0.597405195236206,-0.2236886918544769,0.2980713844299316,0.6025876402854919,0.0519984848797321,0.7614995241165161,0.4136233925819397,-0.4513521194458008,0.2652297616004944,0.4382883608341217,-0.0328356847167015,0.5742958784103394,0.922889530658722,-0.0257617346942424,0.4466652870178222,0.9228087067604064,0.0275189839303493,104,97,93,96
straight_ahead,0.5904268026351929,0.5675972104072571,-0.1281657516956329,0.4044074416160583,0.5681248903274536,0.0299178510904312,0.7323398590087891,0.5968546271324158,-0.3016179203987121,0.2980645596981048,0.60221928358078,0.0586008802056312,0.719835102558136,0.3941403031349182,-0.4895382821559906,0.2978715300559997,0.4281652867794037,-0.01262535341084,0.5742800831794739,0.9209955334663392,-0.0296990480273962,0.4471001625061035,0.920563280582428,0.0313329696655273,104,97,105,108
straight_ahead,0.5904549956321716,0.5670803785324097,-0.1294645816087722,0.404855877161026,0.5678609013557434,0.0427026823163032,0.7339771389961243,0.596868634223938,-0.338086187839508,0.2980129420757293,0.6010687351226807,0.0780593007802963,0.7118783593177795,0.3949713706970215,-0.5473743677139282,0.311168223619461,0.425479382276535,0.0491752736270427,0.5743415951728821,0.9193772077560424,-0.0300608072429895,0.4475317597389221,0.9195367097854614,0.0316872484982013,105,98,108,112
straight_ahead,0.59079909324646,0.5670119524002075,-0.1427375972270965,0.4051352441310882,0.5669254064559937,0.0464569330215454,0.7376037836074829,0.5971384048461914,-0.3779172599315643,0.2980923354625702,0.6008715033531189,0.150985911488533,0.7007535696029663,0.3955389261245727,-0.6188964247703552,0.3186987638473511,0.4269675612449646,0.196220651268959,0.5743571519851685,0.9183316826820374,-0.0362018458545208,0.4489955008029938,0.9185194373130798,0.0376252233982086,105,98,112,114
straight_ahead,0.5914380550384521,0.5643854737281799,-0.1543041765689849,0.4051874577999115,0.5651558041572571,0.0433270074427127,0.7369416952133179,0.5982803106307983,-0.4053985178470611,0.2988308072090149,0.6019313335418701,0.0553570091724395,0.6660477519035339,0.4055267572402954,-0.6012846231460571,0.3390650153160095,0.443918228149414,-0.0020375493913888,0.5733734369277954,0.9139976501464844,-0.0379518680274486,0.44805708527565,0.9162750840187072,0.0393600016832351,104,96,123,123
straight_ahead,0.5920141935348511,0.5622918009757996,-0.1420328915119171,0.4052748680114746,0.5643903613090515,0.0804871767759323,0.7361012697219849,0.5976904630661011,-0.3699274063110351,0.3003042042255401,0.6020795106887817,0.0932526588439941,0.6560574769973755,0.4117478430271148,-0.5548385381698608,0.3367340266704559,0.4483281075954437,0.0553996451199054,0.5721324682235718,0.9102811217308044,-0.0374816358089447,0.4474005103111267,0.9138920307159424,0.0389046892523765,104,96,127,123
straight_ahead,0.5920932292938232,0.5615060329437256,-0.1421587765216827,0.4054649472236633,0.5643024444580078,0.0929633602499961,0.7357317209243774,0.5975868701934814,-0.3831525444984436,0.3011616468429565,0.601890504360199,0.1632197201251983,0.6590946912765503,0.4142268598079681,-0.5594308376312256,0.3332761824131012,0.4481688141822815,0.1755872070789337,0.5720769166946411,0.9105409383773804,-0.0420668795704841,0.447401612997055,0.9139566421508788,0.0434003099799156,104,95,127,122
straight_ahead,0.5923131704330444,0.5618732571601868,-0.1460178941488266,0.4054633975028991,0.5652180910110474,0.0898821204900741,0.7381895780563354,0.5974460244178772,-0.4101130366325378,0.3010735809803009,0.6019125580787659,0.0947346538305282,0.6762300729751587,0.4064332842826843,-0.6616368293762207,0.3324354290962219,0.4379564821720123,0.0420358292758464,0.5723118782043457,0.9126556515693665,-0.0412724912166595,0.447716474533081,0.9152628183364868,0.0426351353526115,104,96,122,120
straight_ahead,0.592343807220459,0.5624071955680847,-0.1504839658737182,0.4054567813873291,0.5664869546890259,0.058098841458559,0.7386430501937866,0.5974971652030945,-0.3857999444007873,0.2996580600738525,0.602168619632721,0.1416857689619064,0.6841184496879578,0.4023042917251587,-0.6155200600624084,0.3113561272621155,0.4328929483890533,0.1700198650360107,0.5723254680633545,0.915047526359558,-0.0407462455332279,0.4477202296257019,0.9173161387443542,0.0421243384480476,104,97,119,113
straight_ahead,0.5923864245414734,0.5633083581924438,-0.146322101354599,0.4053409695625305,0.5678868889808655,0.0347790345549583,0.7402926087379456,0.5963222980499268,-0.3310184478759765,0.2972295582294464,0.6034328937530518,0.1270340234041214,0.7237509489059448,0.3982038497924804,-0.5737913846969604,0.266561210155487,0.4338803887367248,0.072272315621376,0.5730509757995605,0.9221540093421936,-0.040456797927618,0.4483736157417297,0.9215118885040284,0.0418493561446666,105,97,107,98
straight_ahead,0.5925650000572205,0.5639016032218933,-0.1446187049150467,0.4053597450256347,0.5683416128158569,0.0117912730202078,0.7411613464355469,0.5943897366523743,-0.3238611817359924,0.2954639792442322,0.6039798855781555,0.1245547086000442,0.7405663132667542,0.3972602188587188,-0.5741463303565979,0.2540203630924225,0.4360974729061126,0.0843241810798645,0.5730555057525635,0.9232900142669678,-0.03050615824759,0.4478712081909179,0.9217268824577332,0.0320230759680271,105,98,102,94
straight_ahead,0.5934838652610779,0.563994288444519,-0.121295727789402,0.4055066108703613,0.5683262348175049,0.0107526956126093,0.7426572442054749,0.590988278388977,-0.275761067867279,0.2898057401180267,0.6039797067642212,0.0469249784946441,0.7693328857421875,0.3974412083625793,-0.5246960520744324,0.227723628282547,0.4409476220607757,-0.0847383588552475,0.57313072681427,0.9238154292106628,-0.0223157368600368,0.4469885230064392,0.9217092990875244,0.0237439665943384,107,99,92,86
straight_ahead,0.5936574339866638,0.5644816160202026,-0.1143020540475845,0.4051965177059173,0.568414568901062,0.0045046922750771,0.7425206899642944,0.5897149443626404,-0.2843842208385467,0.2879064977169037,0.6042265295982361,-0.0009822228457778,0.7751865983009338,0.3995215594768524,-0.5446571111679077,0.2221941947937011,0.4492208063602447,-0.1686030030250549,0.5733951330184937,0.924536406993866,-0.0177837405353784,0.4463024735450744,0.9219839572906494,0.019308678805828,107,100,90,84
straight_ahead,0.5937604308128357,0.5654709339141846,-0.1104193776845932,0.4037640988826751,0.5684922933578491,-0.0126355532556772,0.7423667907714844,0.5894696712493896,-0.2712154388427734,0.2836952805519104,0.605334460735321,-0.0717180073261261,0.7767338752746582,0.4031551480293274,-0.5409723520278931,0.2181952893733978,0.4527000486850738,-0.3039520978927612,0.5734001994132996,0.925187051296234,-0.0137390745803713,0.4457970559597015,0.9220821261405944,0.0151793034747242,108,100,89,84
straight_ahead,0.5939791202545166,0.5662294626235962,-0.0956138297915458,0.403109461069107,0.5687407851219177,-0.0042694928124547,0.7422738075256348,0.5890322327613831,-0.2583769857883453,0.2821800410747528,0.6060171723365784,-0.0367285870015621,0.7761403322219849,0.4038371741771698,-0.5250762701034546,0.2193344831466674,0.4555564522743225,-0.2388935834169387,0.5734310746192932,0.9258045554161072,-0.014534568414092,0.4456284940242767,0.9221416711807252,0.0159092079848051,108,100,88,84
straight_ahead,0.5939826369285583,0.5667615532875061,-0.1012860983610153,0.4026893079280853,0.5695199966430664,-0.0042832973413169,0.7421892881393433,0.5861865282058716,-0.2742884457111358,0.2774505317211151,0.6060075163841248,-0.0322006270289421,0.7682201862335205,0.3993143141269684,-0.5321423411369324,0.2273887693881988,0.4500297605991363,-0.2133111953735351,0.5733517408370972,0.927543878555298,-0.0158235654234886,0.4453657567501068,0.9240935444831848,0.017213175073266,109,102,90,88
straight_ahead,0.5938921570777893,0.5667807459831238,-0.1069759503006935,0.4012832641601562,0.5695368647575378,-0.0081911860033869,0.7421293258666992,0.5832606554031372,-0.2795849442481994,0.2714091837406158,0.6057788133621216,-0.0469473302364349,0.766330361366272,0.3960613310337066,-0.5161499381065369,0.2323786914348602,0.4388093948364258,-0.2251490354537964,0.5733011960983276,0.9285871982574464,-0.0165486149489879,0.4449459016323089,0.9244918823242188,0.0179880503565073,110,103,89,92
straight_ahead,0.5938853025436401,0.5668120980262756,-0.1143826469779014,0.4000476896762848,0.5701547861099243,-0.0045591588132083,0.742094874382019,0.5803152322769165,-0.2816278338432312,0.2714373171329498,0.6057830452919006,-0.0492257811129093,0.7307883501052856,0.3864274621009826,-0.472515344619751,0.2608916163444519,0.4267345666885376,-0.2340486794710159,0.572961151599884,0.9300075769424438,-0.0236097816377878,0.4445915818214416,0.9259157180786132,0.0251982752233743,111,103,99,102
straight_ahead,0.5938833951950073,0.5668196082115173,-0.1054543033242225,0.3982508182525635,0.5707238912582397,0.0351140461862087,0.7410567998886108,0.5802732706069946,-0.3164655566215515,0.2680434584617615,0.6074708700180054,-0.1181643158197403,0.6936353445053101,0.3879178166389465,-0.493497759103775,0.298831433057785,0.4256502091884613,-0.3487280905246734,0.5722411274909973,0.9298452138900756,-0.023624163120985,0.4426748156547546,0.9258739352226256,0.0252364017069339,111,103,109,115
straight_ahead,0.5938925743103027,0.5668556094169617,-0.1142847388982772,0.397635817527771,0.5710253119468689,0.0226030610501766,0.7410712838172913,0.5810674428939819,-0.3477830588817596,0.2670189142227173,0.6092090606689453,-0.1190725117921829,0.6850115060806274,0.3946038484573364,-0.5371810793876648,0.3085792064666748,0.4270592331886291,-0.3183269798755646,0.5717489719390869,0.928233563899994,-0.020581429824233,0.4422935843467712,0.92532080411911,0.0222768746316432,110,103,112,119
straight_ahead,0.5938888192176819,0.5668644309043884,-0.1077303141355514,0.3972824811935425,0.5712636113166809,0.0266265571117401,0.740500807762146,0.5818618535995483,-0.2924383580684662,0.2667851746082306,0.6092575788497925,-0.0802761986851692,0.6695573925971985,0.4074241816997528,-0.4013384878635406,0.3149053156375885,0.4278811514377594,-0.2296073734760284,0.571561336517334,0.9274997115135192,-0.0224612690508365,0.4421102404594421,0.9238851070404052,0.0242166630923748,110,103,118,121
straight_ahead,0.5940369367599487,0.567123532295227,-0.1442430913448333,0.3971070051193237,0.5714102387428284,-0.0002821150119416,0.7404886484146118,0.5828744769096375,-0.3536923229694366,0.2671212255954742,0.6092333197593689,-0.0687470361590385,0.6695293188095093,0.4113860428333282,-0.5026624798774719,0.3153124451637268,0.4285125136375427,-0.1681403666734695,0.5715305805206299,0.927418887615204,-0.0255725048482418,0.4421141743659973,0.9238204956054688,0.0272517204284667,110,103,119,121
straight_ahead,0.5940097570419312,0.5673036575317383,-0.1427912563085556,0.3968689441680908,0.5718238353729248,-0.0234070364385843,0.7404903173446655,0.5833696722984314,-0.3427619338035583,0.2663856744766235,0.6088623404502869,-0.1447055488824844,0.6823469996452332,0.4099960029125213,-0.5232848525047302,0.3057580888271332,0.4257677793502807,-0.3606031239032745,0.5713789463043213,0.9274128079414368,-0.0251931957900524,0.4420051574707031,0.9238366484642028,0.0268541872501373,110,103,115,118
straight_ahead,0.5939562320709229,0.5674178600311279,-0.1477906256914138,0.3963909447193146,0.571854829788208,-0.0462594665586948,0.740481972694397,0.5845895409584045,-0.3518127501010895,0.265891820192337,0.6083047389984131,-0.1828822642564773,0.6847798824310303,0.407687097787857,-0.5729347467422485,0.3013747930526733,0.4223905801773071,-0.4293647408485412,0.5710464715957642,0.9272814989089966,-0.0220530983060598,0.4411827027797699,0.9238105416297911,0.0237999875098466,110,103,114,116
straight_ahead,0.5939399600028992,0.5674098134040833,-0.1402180343866348,0.3954246640205383,0.5742599368095398,-0.0554032996296882,0.7403920888900757,0.5953554511070251,-0.3450873494148254,0.2595066428184509,0.6195694208145142,-0.286997377872467,0.6891447305679321,0.4180012047290802,-0.5571445822715759,0.3048909902572632,0.4344160854816437,-0.5982977747917175,0.5710164308547974,0.9267117977142334,-0.0121596651151776,0.440746396780014,0.9238032698631288,0.0138189736753702,106,102,117,122
straight_ahead,0.5938674211502075,0.567218542098999,-0.0951337441802024,0.3925914168357849,0.5762031078338623,-0.0529666468501091,0.7401078939437866,0.5949088335037231,-0.2439856231212616,0.2587220966815948,0.6199918985366821,-0.3295522630214691,0.6745327711105347,0.4240918457508087,-0.3315378129482269,0.3205879032611847,0.439084380865097,-0.6073869466781616,0.5707629919052124,0.926665425300598,-0.0078654484823346,0.439258337020874,0.924984872341156,0.0095175513997673,106,103,122,127
straight_ahead,0.5938587188720703,0.5672230124473572,-0.0741409286856651,0.3920559883117676,0.577451765537262,-0.044245533645153,0.7395540475845337,0.5948031544685364,-0.260304719209671,0.2572571635246277,0.6182819604873657,-0.296619176864624,0.6768773794174194,0.4231350719928741,-0.4082644581794739,0.3144515454769134,0.4337577819824219,-0.5911747217178345,0.5703167915344238,0.9275009632110596,-0.006423931568861,0.4388512969017029,0.9294554591178894,0.0081528723239898,106,103,121,124
straight_ahead,0.5938268899917603,0.5671921372413635,-0.083288088440895,0.3916040062904358,0.5775403380393982,-0.0381266959011554,0.7394751310348511,0.5945602059364319,-0.2754326462745666,0.2569823861122131,0.614780604839325,-0.2916131913661957,0.6793732643127441,0.4222651720046997,-0.4147254824638366,0.3110181391239166,0.4254672229290008,-0.5841363668441772,0.570315420627594,0.9272419810295104,-0.0070906528271734,0.4388795495033264,0.9294672608375548,0.0088847959414124,106,105,120,121
straight_ahead,0.5935964584350586,0.5671630501747131,-0.0880063101649284,0.3916080594062805,0.5774208307266235,-0.0348374843597412,0.7387314438819885,0.5933083295822144,-0.2436980307102203,0.2545801699161529,0.6088616251945496,-0.1857397705316543,0.7128660082817078,0.4205174148082733,-0.4438163638114929,0.2477867156267166,0.4170877635478973,-0.4578827917575836,0.5704845190048218,0.9273000359535216,-0.0076630935072898,0.4403251707553863,0.9305203557014464,0.0094595793634653,107,107,109,101
straight_ahead,0.5935862064361572,0.5672914385795593,0.0036703892983496,0.3917421102523803,0.5773850679397583,-0.0337137207388877,0.7385776042938232,0.5931355953216553,-0.0874661654233932,0.2537528872489929,0.6061459183692932,-0.1561641842126846,0.7456560134887695,0.4166619181632995,-0.3075920343399048,0.1915020495653152,0.4227774739265442,-0.4072233736515045,0.5705193281173706,0.9272844791412354,0.0072202431038022,0.4408338069915771,0.9304462671279908,-0.0052326377481222,107,108,98,83
straight_ahead,0.5935817956924438,0.567389190196991,-0.0142566366121172,0.3920468389987945,0.577079176902771,-0.0579509623348712,0.7385760545730591,0.593601644039154,-0.1006404757499694,0.2536657750606537,0.6051348447799683,-0.1569804847240448,0.7606492638587952,0.416429191827774,-0.3138111531734466,0.1808341145515442,0.4352660775184631,-0.4223238527774811,0.5705349445343018,0.9274761080741882,0.0108403889462351,0.4409712851047516,0.930353820323944,-0.0088167348876595,106,108,93,78
straight_ahead,0.5934981107711792,0.567391037940979,-0.0282354950904846,0.3922276198863983,0.5770642757415771,-0.0743294507265091,0.7374664545059204,0.5934836268424988,-0.1211272627115249,0.2539941966533661,0.6055111289024353,-0.1947491466999054,0.7747182250022888,0.4178477823734283,-0.3472753167152405,0.1788526028394699,0.4482123553752899,-0.4969769120216369,0.5707353353500366,0.9283246397972108,0.0121128614991903,0.4409542977809906,0.9310979843139648,-0.0101227741688489,106,108,88,76
straight_ahead,0.5934954881668091,0.5674266219139099,-0.0413874275982379,0.3923098444938659,0.5770347714424133,-0.0630708932876586,0.7375208139419556,0.592115044593811,-0.1262526214122772,0.2526240050792694,0.6055492758750916,-0.1986598670482635,0.7588187456130981,0.4101406931877136,-0.4490936398506164,0.1977091580629348,0.4470916092395782,-0.4739285409450531,0.5707319974899292,0.9283101558685304,0.0103307990357279,0.440938800573349,0.931026041507721,-0.0084565011784434,107,109,93,82
straight_ahead,0.5935180187225342,0.5665095448493958,-0.0459927469491958,0.3923705220222473,0.5770193338394165,-0.0258210115134716,0.7372617125511169,0.5823003053665161,-0.1398511081933975,0.2528917789459228,0.6032412052154541,-0.1978903710842132,0.7408112287521362,0.4005541503429413,-0.4432643055915832,0.2304979860782623,0.4180487394332886,-0.4745726585388183,0.5700443387031555,0.9278798699378968,0.0056694746017456,0.4406778812408447,0.9306243658065796,-0.003870740532875,110,109,95,94
straight_ahead,0.5933911800384521,0.5659716725349426,-0.0494066402316093,0.3924199342727661,0.5769880414009094,-0.0158329363912343,0.7374386787414551,0.5782794952392578,-0.2158413678407669,0.2531251609325409,0.6016166806221008,-0.2224226891994476,0.7217734456062317,0.3970881700515747,-0.4497593939304352,0.2540805637836456,0.4091847538948059,-0.5010601878166199,0.5698896646499634,0.927588701248169,0.0021799318492412,0.4406776428222656,0.9304169416427612,-0.0004156060167588,111,110,100,100
straight_ahead,0.593478798866272,0.5658353567123413,-0.0468896552920341,0.392386257648468,0.5769689679145813,0.0161602944135665,0.737190306186676,0.5759900212287903,-0.2675320506095886,0.2532523274421692,0.5988200902938843,-0.2711139619350433,0.6822408437728882,0.3980418443679809,-0.4452869892120361,0.3029907047748565,0.4117085039615631,-0.5673030614852905,0.5694636106491089,0.9246695637702942,-0.0006077789003029,0.4397889971733093,0.929092288017273,0.0023056785576045,112,111,111,114
straight_ahead,0.5933018922805786,0.5657992959022522,-0.0493319146335125,0.3922019302845001,0.5767872333526611,0.0215787254273891,0.7359358668327332,0.5764722228050232,-0.2280396223068237,0.2544674277305603,0.5990021824836731,-0.2484182119369506,0.6593148112297058,0.4072230160236358,-0.2552044987678528,0.3236549496650696,0.4229025542736053,-0.4873885214328766,0.5681604146957397,0.9222992062568665,-0.0086301807314157,0.4384421706199646,0.9261101484298706,0.0100592318922281,112,110,119,121
straight_ahead,0.593207597732544,0.5658538341522217,-0.0409842804074287,0.3920117020606994,0.5767720937728882,0.0341227538883686,0.7354702949523926,0.576887845993042,-0.1929304003715515,0.2549879252910614,0.5992085337638855,-0.2385702133178711,0.6581131815910339,0.4118228554725647,-0.2164488732814788,0.3261160254478454,0.4267494976520538,-0.4553203582763672,0.5677378177642822,0.9223624467849731,-0.0148191209882497,0.4376886487007141,0.9260674118995668,0.0161715559661388,111,110,120,122
straight_ahead,0.5931605100631714,0.5658623576164246,-0.0523569993674755,0.3920451998710632,0.5773247480392456,0.0202159341424703,0.735787570476532,0.5767252445220947,-0.2606524229049682,0.2551576495170593,0.5990315079689026,-0.2384900599718094,0.6726056337356567,0.4078440964221954,-0.4079903662204742,0.3100108504295349,0.4207996428012848,-0.5131456255912781,0.5679029226303101,0.9229921698570251,-0.0139672802761197,0.4383371472358703,0.9266146421432496,0.0154203567653894,112,110,115,116
straight_ahead,0.592849850654602,0.5658690333366394,-0.0592610426247119,0.392025351524353,0.5775851607322693,-0.0159076265990734,0.7372631430625916,0.5767291188240051,-0.2419315874576568,0.2551967799663543,0.5976804494857788,-0.1905015408992767,0.710450291633606,0.4003957211971283,-0.4244619309902191,0.2642503380775451,0.4078937172889709,-0.4329444468021393,0.5681536793708801,0.9232892990112304,-0.0132873309776186,0.4400174021720886,0.9266759753227234,0.0148095963522791,112,111,103,101
straight_ahead,0.5925628542900085,0.5661423802375793,-0.0540967583656311,0.3923302292823791,0.5777860283851624,-0.0254126545041799,0.7388694286346436,0.5767704844474792,-0.1930219829082489,0.2552548944950104,0.5976516008377075,-0.1617392003536224,0.7259572744369507,0.3970967531204223,-0.4197525978088379,0.2438906729221344,0.4044132530689239,-0.3790631890296936,0.5684178471565247,0.9236257672309875,-0.0108727384358644,0.4413904547691345,0.9271084070205688,0.0124616771936416,112,111,98,95
straight_ahead,0.5928586721420288,0.5661563873291016,-0.0359461829066276,0.3933442533016205,0.577121376991272,-0.0315313562750816,0.7405709028244019,0.5768853425979614,-0.1389646679162979,0.2549964785575866,0.5979387164115906,-0.1769637912511825,0.7553622722625732,0.3943751454353332,-0.3648295998573303,0.2038770616054535,0.4236012697219848,-0.4367615282535553,0.5688028335571289,0.9236018061637878,-0.0040150848217308,0.4413929879665375,0.9270906448364258,0.0058141187764704,112,111,90,82
straight_ahead,0.5940099954605103,0.5663729310035706,-0.0109598878771066,0.3940231204032898,0.5760461688041687,-0.0316731519997119,0.7416049242019653,0.5769778490066528,-0.1032541543245315,0.2545808851718902,0.5980377197265625,-0.169781357049942,0.7682791948318481,0.395101249217987,-0.3261565566062927,0.1872007697820663,0.4354188144207001,-0.4377780854701996,0.568827211856842,0.923617959022522,0.0014119778061285,0.4413587152957916,0.9268977046012878,0.0004876021412201,112,111,86,76
straight_ahead,0.5941221117973328,0.5663816928863525,-0.0578254051506519,0.3944681584835052,0.5756600499153137,-0.0672410279512405,0.7417770624160767,0.5769221186637878,-0.120923139154911,0.254078209400177,0.5980904698371887,-0.1927066445350647,0.754749596118927,0.3943617641925812,-0.3855339884757995,0.2017451822757721,0.434526264667511,-0.4591720700263977,0.5687991976737976,0.924809455871582,0.0014178393175825,0.4407780766487121,0.9275835156440736,0.0004937639459967,112,110,90,81
straight_ahead,0.5943127870559692,0.5665208697319031,-0.0651252344250679,0.3946985006332397,0.5755900740623474,-0.0583531036972999,0.7423056960105896,0.5759960412979126,-0.124289870262146,0.2537050545215606,0.5972613096237183,-0.177577942609787,0.7476294040679932,0.3883884251117706,-0.3893615305423736,0.2083968371152877,0.4232034683227539,-0.4035714566707611,0.568806529045105,0.9260803461074828,0.0013369447551667,0.4406710565090179,0.9286639094352722,0.000620084349066,113,111,92,84
straight_ahead,0.5943095088005066,0.5662644505500793,-0.0683220252394676,0.3946874737739563,0.5754575729370117,-0.0536070689558982,0.7422727346420288,0.5742712616920471,-0.2122748792171478,0.2544885277748108,0.597835898399353,-0.245252251625061,0.7230578660964966,0.3884897530078888,-0.4376398026943207,0.2479734867811203,0.4152735769748688,-0.5314415693283081,0.5686851143836975,0.9271584749221802,0.0011838207719847,0.4399304389953613,0.9290710687637328,0.0008295621955767,113,110,99,97
straight_ahead,0.5944424867630005,0.5645654201507568,-0.0527699589729309,0.3946772813796997,0.5754560232162476,-0.0071617690846323,0.7411138415336609,0.5742427110671997,-0.2259163111448288,0.255343496799469,0.5993881225585938,-0.2928708493709564,0.6845254898071289,0.3966738581657409,-0.387886106967926,0.3027082681655884,0.4158406555652618,-0.6134084463119507,0.5682271718978882,0.926987886428833,-0.0004568674485199,0.4381980001926422,0.9286166429519652,0.002343924017623,112,109,111,114
straight_ahead,0.595162034034729,0.5642549991607666,-0.0652815476059913,0.3946832120418548,0.5751222968101501,-0.0333817675709724,0.7407354116439819,0.5750666260719299,-0.2327952086925506,0.2558606266975403,0.600920557975769,-0.3382263481616974,0.6727150678634644,0.406404972076416,-0.3575367927551269,0.3155887424945831,0.4180985689163208,-0.6385833024978638,0.5679033994674683,0.925418496131897,-0.0005647403304465,0.4375528395175934,0.9261000752449036,0.0024707112461328,112,109,116,119
straight_ahead,0.5954579710960388,0.5641409754753113,-0.1058334335684776,0.395262062549591,0.5745638012886047,-0.0626078769564628,0.740395188331604,0.5772534012794495,-0.3133562207221985,0.2579114735126495,0.6029414534568787,-0.3733347356319427,0.6703149080276489,0.4158703088760376,-0.4655064642429352,0.3238926827907562,0.4285411238670349,-0.7010083794593811,0.5678749680519104,0.9239822030067444,-0.0009602879290468,0.4373881220817566,0.9236785769462584,0.0027899302076548,111,108,119,122
straight_ahead,0.5954262614250183,0.5641495585441589,-0.1032478362321853,0.3957988321781158,0.5745454430580139,-0.0429057218134403,0.7403849363327026,0.577330470085144,-0.2716889083385467,0.2580772042274475,0.6028388738632202,-0.326611578464508,0.6729589700698853,0.4118331670761108,-0.4467517733573913,0.3057578206062317,0.4196246862411499,-0.6130589246749878,0.5679561495780945,0.9243100881576538,-0.0013176901265978,0.4374975562095642,0.9237555265426636,0.0031941432971507,111,108,117,116
straight_ahead,0.5954864621162415,0.5641500353813171,-0.0957994610071182,0.3969194293022156,0.5742731690406799,-0.0445291101932525,0.7403810024261475,0.5784684419631958,-0.2685624957084656,0.258836954832077,0.6027976870536804,-0.2848379611968994,0.6949142217636108,0.4109321236610412,-0.4685560762882232,0.3003748655319214,0.4151612520217895,-0.5680856704711914,0.5681224465370178,0.9249706864356996,-0.0027480095159262,0.4382627606391907,0.9240520000457764,0.004737535957247,111,108,111,114
straight_ahead,0.5953289866447449,0.5647833347320557,-0.0896708220243454,0.3968718647956848,0.5742627382278442,-0.0649491101503372,0.7410641312599182,0.5792904496192932,-0.2224039733409881,0.2565071284770965,0.5997779965400696,-0.1840867847204208,0.7364959716796875,0.4048360884189605,-0.4521351456642151,0.2255562096834182,0.4125033020973205,-0.4121617376804352,0.568391740322113,0.9265751242637634,-0.0017028670990839,0.4384252429008484,0.9250916838645936,0.0036917633842676,111,109,97,91
straight_ahead,0.5963804721832275,0.565180242061615,-0.0862474516034126,0.3968119621276855,0.5742753148078918,-0.1097741946578025,0.7423578500747681,0.5790742039680481,-0.1659351289272308,0.2560987472534179,0.598980724811554,-0.202225774526596,0.7790850400924683,0.4040501415729522,-0.3990319669246673,0.1816189140081405,0.4320550858974457,-0.4508732259273529,0.5687525868415833,0.9287434220314026,0.0006016266997903,0.4390355944633484,0.926550030708313,0.0013791917590424,111,109,84,76
straight_ahead,0.5965308547019958,0.5658455491065979,-0.0488366410136222,0.3967583179473877,0.5742819309234619,-0.0905508175492286,0.7425596117973328,0.5785789489746094,-0.1068176999688148,0.2558822631835937,0.5982456207275391,-0.1869851648807525,0.7860220074653625,0.4047299921512604,-0.3109262883663177,0.1739765256643295,0.4413537085056305,-0.4377148747444153,0.5698307156562805,0.92953622341156,0.0008786928956396,0.4399417042732239,0.92771714925766,0.0010973685421049,111,110,81,72
straight_ahead,0.5965019464492798,0.5659605264663696,-0.0176720637828111,0.3967436552047729,0.5748119354248047,-0.072197712957859,0.7424768209457397,0.5772401690483093,-0.1002761870622634,0.2558336555957794,0.597109854221344,-0.1388793438673019,0.7854207754135132,0.4030902683734894,-0.321017324924469,0.1723335832357406,0.4422855079174042,-0.3659808039665222,0.5698902606964111,0.9295246005058287,0.0007935361936688,0.4405954480171203,0.9279054403305054,0.0011454783380031,112,110,81,71
straight_ahead,0.5957225561141968,0.5660074353218079,-0.0202131196856498,0.3966962695121765,0.5747295618057251,-0.0088785728439688,0.7414611577987671,0.5831570029258728,-0.1726824194192886,0.2555994391441345,0.5985908508300781,-0.1374581307172775,0.7563483715057373,0.4033850431442261,-0.393413096666336,0.2149720937013626,0.4271750748157501,-0.3913084864616394,0.5698943734169006,0.9295212626457214,-0.0092543577775359,0.4406035542488098,0.9281965494155884,0.0111052300781011,110,110,92,86
straight_ahead,0.5952421426773071,0.5669032335281372,-0.0586625225841999,0.3967234492301941,0.5748463273048401,-0.0229437090456485,0.741148054599762,0.5903027653694153,-0.2044200450181961,0.254787266254425,0.6004582643508911,-0.122958555817604,0.7542101144790649,0.4067731499671936,-0.4618387222290039,0.2127752304077148,0.4272002875804901,-0.3265366554260254,0.570103108882904,0.9300715923309326,-0.0101281562820076,0.4406113028526306,0.928637146949768,0.012016100808978,108,109,95,87
straight_ahead,0.5963518619537354,0.5673564672470093,-0.0693552196025848,0.3975044190883636,0.573897123336792,-0.0395402982831001,0.7423955202102661,0.5879355669021606,-0.2281534224748611,0.2547946274280548,0.6003361344337463,-0.1486976593732834,0.7639249563217163,0.4020572006702423,-0.5166506171226501,0.1994430273771286,0.4296093285083771,-0.3817437589168548,0.5701248049736023,0.9300641417503356,-0.0074095488525927,0.4405917227268219,0.928892970085144,0.0092945173382759,109,109,91,83
straight_ahead,0.5963555574417114,0.5670503973960876,-0.0690710023045539,0.3976399004459381,0.5728280544281006,-0.0406579747796058,0.7423769235610962,0.5837728977203369,-0.2227417230606079,0.2541626393795013,0.598688542842865,-0.1548867523670196,0.7601596713066101,0.3966385126113891,-0.4701336026191711,0.2044734954833984,0.416115790605545,-0.3772629499435425,0.5694931745529175,0.9302737712860109,-0.0044048517011106,0.4399094581604004,0.929491937160492,0.0063278921879827,110,109,91,85
straight_ahead,0.5962728261947632,0.5670289397239685,-0.102904126048088,0.3975412845611572,0.5725065469741821,-0.0415106266736984,0.7424013614654541,0.5826122164726257,-0.2725974321365356,0.2550504803657532,0.5983213186264038,-0.1611596643924713,0.7396152019500732,0.3948875665664673,-0.5022023916244507,0.2487654983997345,0.4039601385593414,-0.3855136334896087,0.569306492805481,0.930286943912506,-0.0078415209427475,0.4397823810577392,0.9296501278877258,0.0096585070714354,110,109,97,98
straight_ahead,0.5961915850639343,0.5669028759002686,-0.0947606861591339,0.3976085186004638,0.5724916458129883,-0.0224263947457075,0.7423882484436035,0.5819110870361328,-0.2799422144889831,0.2560499310493469,0.5983568429946899,-0.1932386308908462,0.7173498868942261,0.3949461281299591,-0.4884889125823974,0.2775899171829223,0.4024701714515686,-0.423278272151947,0.5693228244781494,0.9302749037742616,-0.0111629143357276,0.439945787191391,0.9297717809677124,0.0130784707143902,111,109,103,107
straight_ahead,0.5962675213813782,0.5665671825408936,-0.1003366708755493,0.397603690624237,0.5724947452545166,-0.0277024451643228,0.7408247590065002,0.5818395018577576,-0.281534731388092,0.2568197548389435,0.5993993878364563,-0.2806495428085327,0.6776930093765259,0.4021898508071899,-0.4300644397735595,0.3170763552188873,0.4084367156028747,-0.5440573692321777,0.5692558288574219,0.9271191358566284,-0.0110137183219194,0.4395132958889007,0.9269767999649048,0.0130278710275888,110,108,115,118
straight_ahead,0.5961922407150269,0.5665684342384338,-0.079069510102272,0.3974070250988006,0.5722464919090271,-0.004099138546735,0.7403929233551025,0.5819281935691833,-0.2298438847064972,0.2584748864173889,0.6002718210220337,-0.2595969140529632,0.6683378219604492,0.4136121571063995,-0.268290251493454,0.3268194794654846,0.4213104844093323,-0.5052970051765442,0.5691210031509399,0.9264166355133056,-0.011548469774425,0.4385665357112884,0.92652690410614,0.013403202407062,110,107,119,122
straight_ahead,0.5962308049201965,0.5663636922836304,-0.0790880247950553,0.3974022269248962,0.5722484588623047,-0.0116877947002649,0.7394954562187195,0.5820489525794983,-0.2496116161346435,0.2589710354804992,0.6007241606712341,-0.2993914783000946,0.6694103479385376,0.4170092940330505,-0.3477425575256347,0.3243737816810608,0.4248391389846802,-0.5975836515426636,0.5691298842430115,0.9259918332099916,-0.0112778525799512,0.4385961592197418,0.926563560962677,0.0131305027753114,110,107,119,122
straight_ahead,0.5959680080413818,0.5665060877799988,-0.1031023636460304,0.3971686363220215,0.5727609395980835,-0.0392980128526687,0.7396572828292847,0.582645058631897,-0.2644677758216858,0.2588949203491211,0.6005589365959167,-0.2493575066328048,0.6832234859466553,0.4159465134143829,-0.4489423632621765,0.3149861693382263,0.4133134186267853,-0.5081918239593506,0.569172203540802,0.927419126033783,-0.0114359557628631,0.4392320513725281,0.9302845597267152,0.0133171752095222,110,107,115,118
straight_ahead,0.5958874821662903,0.5665996074676514,-0.1077597141265869,0.3970718383789062,0.5729352235794067,-0.0421011224389076,0.7397880554199219,0.582621693611145,-0.2613573670387268,0.2588608860969543,0.6003960371017456,-0.2090708315372467,0.7029739618301392,0.4087195098400116,-0.4593968391418457,0.2917046248912811,0.409781813621521,-0.4710842072963714,0.5691830515861511,0.9295963048934937,-0.0124545590952038,0.4401556551456451,0.9331392645835876,0.0143991839140653,110,107,108,111
straight_ahead,0.5957362651824951,0.5674238801002502,-0.092524453997612,0.3969978392124176,0.5734775066375732,-0.0553784258663654,0.7401413321495056,0.5858194231987,-0.206499695777893,0.2561042606830597,0.5991239547729492,-0.1798801273107528,0.7390069365501404,0.4086642265319824,-0.4487337470054626,0.2286433279514312,0.4090164303779602,-0.410550594329834,0.5693635940551758,0.93012797832489,-0.0093403048813343,0.4404352605342865,0.9343411326408386,0.0113006066530942,109,108,98,92
straight_ahead,0.595740795135498,0.5686575770378113,-0.0431488901376724,0.3969994187355041,0.5734507441520691,-0.0597906224429607,0.7409497499465942,0.5862228870391846,-0.1417474895715713,0.2555775642395019,0.5993824005126953,-0.1302001625299453,0.7798125147819519,0.4109250605106354,-0.3966171145439148,0.1810252964496612,0.433892548084259,-0.3520297408103943,0.5711269974708557,0.9313593506813048,-0.0005524322623386,0.4425388276576996,0.9347966313362122,0.0025259810499846,109,109,84,76
straight_ahead,0.5957368612289429,0.5691701173782349,-0.0103269191458821,0.3969989418983459,0.5736323595046997,-0.068323791027069,0.7408214807510376,0.5866358876228333,-0.0643751174211502,0.2555571496486664,0.6005353927612305,-0.1562914103269577,0.7892643213272095,0.4210883677005768,-0.2638029456138611,0.1723420321941375,0.4471255838871002,-0.3942473530769348,0.571440577507019,0.9316598176956176,0.0064015397801995,0.4425561428070068,0.934734582901001,-0.0043986029922962,109,108,81,72
straight_ahead,0.5957052111625671,0.5688380002975464,-0.0123972874134778,0.3968916535377502,0.5738593935966492,-0.0701328366994857,0.7404533624649048,0.5859420895576477,-0.0589329786598682,0.2549538016319275,0.6030716300010681,-0.1983790695667266,0.7934185266494751,0.4236185848712921,-0.2476975917816162,0.1761894822120666,0.4496128261089325,-0.501699686050415,0.5714317560195923,0.9318498969078064,0.0060282689519226,0.4424997866153717,0.9347749948501588,-0.0040252627804875,109,108,79,74
straight_ahead,0.5946420431137085,0.5684770941734314,-0.0190712381154298,0.3963881134986877,0.5753872990608215,-0.0325964428484439,0.7393174767494202,0.5850528478622437,-0.1036605238914489,0.2525287866592407,0.6041144728660583,-0.1699606627225875,0.783625602722168,0.4207328855991363,-0.3035260736942291,0.1918859034776687,0.4464605152606964,-0.4398427009582519,0.5711485147476196,0.9316424131393432,0.0029034176841378,0.4423363804817199,0.934772789478302,-0.0011209351941943,109,109,81,80
straight_ahead,0.593166708946228,0.5676761865615845,-0.014242423698306,0.3944742977619171,0.5756447315216064,-0.0309896860271692,0.7390038967132568,0.5836455821990967,-0.0995659381151199,0.2513283193111419,0.6040100455284119,-0.2172907292842865,0.7580281496047974,0.4017080962657928,-0.2838804125785827,0.2245444357395172,0.4224308133125305,-0.5178660154342651,0.5702611804008484,0.9301329851150512,0.0037343311123549,0.4415303170681,0.9347118139266968,-0.0019264364382252,110,109,90,93
straight_ahead,0.5927602052688599,0.5666252374649048,-0.038650743663311,0.3943414092063904,0.5759118795394897,-0.0177458561956882,0.7390083074569702,0.5807812809944153,-0.1907991468906402,0.2517198920249939,0.6043730974197388,-0.2223121672868728,0.7275505661964417,0.3947359323501587,-0.3770190179347992,0.2628158330917358,0.4159099459648132,-0.5076362490653992,0.5701115727424622,0.9295756220817566,1.8422144421492703e-05,0.4413959085941314,0.933298408985138,0.0018817463424056,110,109,99,105
straight_ahead,0.5922727584838867,0.5644563436508179,-0.0189544893801212,0.3935236036777496,0.5773383975028992,0.0368130318820476,0.7373226881027222,0.5807793140411377,-0.225249096751213,0.2517433762550354,0.604892909526825,-0.2579493820667267,0.6862391233444214,0.3987248837947845,-0.4028120040893554,0.3031050264835357,0.4167745411396026,-0.5776612162590027,0.5698986053466797,0.9284496903419496,-0.0076214922592043,0.4408357143402099,0.9325616359710692,0.0095429113134741,109,109,112,116
straight_ahead,0.5918845534324646,0.5635396838188171,0.0106034241616725,0.393018364906311,0.5772963166236877,0.0305635835975408,0.7346046566963196,0.5807936787605286,-0.1480589509010315,0.2520717978477478,0.6073184609413147,-0.2951124310493469,0.6649110913276672,0.4107804894447326,-0.2099868804216385,0.3195275366306305,0.4235677421092987,-0.5890313386917114,0.569078803062439,0.9262717366218568,-0.0054354248568415,0.4382087588310241,0.931593656539917,0.0072603905573487,109,108,119,122
straight_ahead,0.5915320515632629,0.563202440738678,0.0045854216441512,0.3924477696418762,0.5774115324020386,0.0145142721012234,0.7332016229629517,0.5807997584342957,-0.1163545623421669,0.2522144615650177,0.6085326671600342,-0.3182830810546875,0.6620211005210876,0.4143137335777282,-0.1554435789585113,0.3205527663230896,0.4268359541893005,-0.6107674241065979,0.5685215592384338,0.9251750707626344,-0.0049760355614125,0.4366993904113769,0.9309872388839722,0.0067827119491994,108,107,120,123
straight_ahead,0.5904111266136169,0.5629628896713257,-0.0041607855819165,0.3921308219432831,0.5781794190406799,0.0105177350342273,0.7329396605491638,0.5800243020057678,-0.1576161533594131,0.2522746920585632,0.608564019203186,-0.3134240508079529,0.6786481142044067,0.4066995680332184,-0.2816185355186462,0.3017969727516174,0.4217945337295532,-0.6276564598083496,0.5682574510574341,0.9225093722343444,-0.001017412985675,0.4368457794189453,0.929211676120758,0.0027280570939183,109,108,114,117
straight_ahead,0.5897049903869629,0.5628859996795654,-0.0513722598552703,0.3913466036319732,0.5786381363868713,-0.0303635708987712,0.7330572605133057,0.5800146460533142,-0.1824800223112106,0.2512582242488861,0.6085031628608704,-0.2662025988101959,0.6946264505386353,0.4029454886913299,-0.369486004114151,0.2751011252403259,0.4171274304389953,-0.5582872629165649,0.5682616829872131,0.9226258993148804,-0.0005155155085958,0.4370059072971344,0.9295648336410522,0.0022426391951739,109,108,109,109
straight_ahead,0.589418888092041,0.5628901124000549,-0.0553594045341014,0.3913342952728271,0.5786546468734741,-0.0320272222161293,0.7331409454345703,0.5798996090888977,-0.2052805125713348,0.2493735998868942,0.6082597970962524,-0.2523863613605499,0.7115834951400757,0.4021984338760376,-0.4344276785850525,0.2493635416030883,0.4124896228313446,-0.5532827377319336,0.5683510899543762,0.9235165119171144,-0.0005007980507798,0.4378887116909027,0.9304378628730774,0.0022263226564973,109,109,104,102
straight_ahead,0.5889310240745544,0.5637896656990051,-0.0092802066355943,0.3913416266441345,0.5780064463615417,-0.0226957239210605,0.7325319647789001,0.5809194445610046,-0.0987413972616195,0.2477563917636871,0.6077399849891663,-0.1786219179630279,0.7422114610671997,0.4024389684200287,-0.3129123151302337,0.2054390907287597,0.4138558208942413,-0.4427200853824615,0.5683401823043823,0.9242576360702516,0.0002242636837763,0.4379162192344665,0.9314039349555968,0.0015784822171553,109,109,94,89
straight_ahead,0.588736891746521,0.56419438123703,0.015502038411796,0.3912106156349182,0.5779165625572205,-0.0306141935288906,0.7312608957290649,0.5810093283653259,-0.0566232427954673,0.2467831075191497,0.606948971748352,-0.1934364587068557,0.757325291633606,0.4041934311389923,-0.2653197348117828,0.1910570412874221,0.4185478091239929,-0.4716435968875885,0.5684927105903625,0.9244976043701172,0.0054907770827412,0.4382603764533996,0.9319440126419068,-0.0037722904235124,109,109,88,85
straight_ahead,0.5886965394020081,0.5646407008171082,0.004394641611725,0.3909932971000671,0.5777269601821899,-0.0869826823472976,0.7287139892578125,0.5822698473930359,-0.0587506480515003,0.2475337088108062,0.6073977947235107,-0.2635403573513031,0.7837932705879211,0.4289045929908752,-0.2687456309795379,0.1703696250915527,0.455971360206604,-0.6138418912887573,0.568559467792511,0.9254510402679444,0.0147391576319932,0.4382523000240326,0.93339341878891,-0.0128456596285104,108,109,77,75
straight_ahead,0.588699221611023,0.5652168989181519,0.0021429876796901,0.3908386826515198,0.5776707530021667,-0.0996740013360977,0.7264035940170288,0.5840117335319519,-0.0446815937757492,0.248208612203598,0.6078197956085205,-0.2839051187038421,0.7893069982528687,0.4471149146556854,-0.2648231089115143,0.1697858870029449,0.4621597826480865,-0.6241480708122253,0.5687509179115295,0.9252901673316956,0.0183437820523977,0.4382072985172272,0.9333743453025818,-0.0163694955408573,107,108,73,74
straight_ahead,0.5881711840629578,0.5653623938560486,-0.0009595641167834,0.3903074860572815,0.5779501795768738,-0.0863750055432319,0.7260810136795044,0.5839641094207764,-0.0469604916870594,0.2471442520618438,0.6074104905128479,-0.2773205935955047,0.7756993174552917,0.4448513090610504,-0.2252048999071121,0.1888123452663421,0.4346857070922851,-0.5893269777297974,0.5687185525894165,0.925217866897583,0.0170097220689058,0.4382075667381286,0.9333712458610536,-0.0150209218263626,107,109,78,83
straight_ahead,0.5899093747138977,0.5655397772789001,0.0011551055358722,0.3924933075904846,0.5778270363807678,-0.0909645706415176,0.7263106107711792,0.5884501934051514,-0.0094378013163805,0.2486248463392257,0.6074243783950806,-0.2700428962707519,0.7856007814407349,0.4434265792369842,-0.1902589201927185,0.1807422339916229,0.4446729123592376,-0.5799689292907715,0.5688543319702148,0.9253371357917786,0.0159155633300542,0.4383440911769867,0.932982861995697,-0.0139426914975047,106,109,77,79
straight_ahead,0.5899034738540649,0.5663012266159058,-0.0112417619675397,0.3925932049751282,0.5778176188468933,-0.1018780022859573,0.7263591885566711,0.5930144190788269,-0.0269912183284759,0.2486681044101715,0.6069672107696533,-0.2280257493257522,0.7781775593757629,0.4393005073070526,-0.3204299509525299,0.180324986577034,0.4435758888721466,-0.5100280046463013,0.5696332454681396,0.927978217601776,0.0162625592201948,0.4406802058219909,0.9333982467651368,-0.014242960140109,104,109,82,79
straight_ahead,0.5898972749710083,0.5670000314712524,-0.0142966713756322,0.3926362693309784,0.5778144001960754,-0.0981060042977333,0.726452112197876,0.5958387851715088,-0.0445843040943145,0.2488174885511398,0.6069114208221436,-0.2201428413391113,0.7798506021499634,0.4398314654827118,-0.3395879864692688,0.1791706979274749,0.4451298415660858,-0.5091162919998169,0.5703239440917969,0.9294649362564088,0.0157318133860826,0.4422233700752258,0.9341037273406982,-0.0137156527489423,103,109,83,78
straight_ahead,0.5899614095687866,0.5677369236946106,-0.0081460559740662,0.3926261067390442,0.5777515769004822,-0.0960824415087699,0.7270030975341797,0.596207857131958,-0.0504833534359931,0.2487747371196746,0.6065664291381836,-0.2249911725521087,0.7823060154914856,0.4383887052536011,-0.2959354221820831,0.1827804297208786,0.4447634816169739,-0.511086106300354,0.5709187388420105,0.9315624237060548,0.0154570955783128,0.4427203238010406,0.9362163543701172,-0.0134677560999989,103,109,82,79
straight_ahead,0.5897515416145325,0.5679410099983215,-0.0212417561560869,0.3919769823551178,0.5773598551750183,-0.0904091373085975,0.7283176183700562,0.595853865146637,-0.0989572778344154,0.2480792254209518,0.6037352681159973,-0.2587797343730926,0.7790912985801697,0.4327804744243622,-0.3135861754417419,0.206355482339859,0.4143639504909515,-0.5479693412780762,0.5714371800422668,0.9321022629737854,0.0152080748230218,0.4436081349849701,0.9365664124488832,-0.0132075054571032,104,110,84,88
straight_ahead,0.5895180106163025,0.5685039162635803,-0.0238214321434497,0.3914920389652252,0.5773283839225769,-0.0875502899289131,0.7296223044395447,0.5956276655197144,-0.1255868524312973,0.2481037676334381,0.6020888686180115,-0.2855075895786285,0.7652913331985474,0.415802538394928,-0.3470324873924255,0.224155992269516,0.4002233743667602,-0.5908402800559998,0.5715520977973938,0.9331802129745485,0.0132284108549356,0.4437165260314941,0.9378286600112916,-0.0111588034778833,104,110,90,93
straight_ahead,0.5894725322723389,0.5687962174415588,-0.0338980481028556,0.3913800120353699,0.5773244500160217,-0.0859104022383689,0.731624960899353,0.5955987572669983,-0.1675555109977722,0.2492479383945465,0.6019974946975708,-0.3378010988235473,0.7332590818405151,0.4136654138565063,-0.3709487617015838,0.2701685428619385,0.4026746749877929,-0.641979992389679,0.5715063810348511,0.933214008808136,0.008751792833209,0.4437015950679779,0.9378641843795776,-0.0066356947645545,105,110,100,106
straight_ahead,0.5894687175750732,0.5688464045524597,-0.0456475690007209,0.3912909626960754,0.5770959258079529,-0.0888302847743034,0.7316312789916992,0.5958438515663147,-0.1877622902393341,0.2502831220626831,0.6020181775093079,-0.3393770158290863,0.7192232608795166,0.414624273777008,-0.3993836045265198,0.286421000957489,0.405081182718277,-0.6232896447181702,0.5713929533958435,0.9331827163696288,0.0045548118650913,0.4436721205711365,0.9378435015678406,-0.0023805452510714,105,110,105,110
straight_ahead,0.5903798341751099,0.5680915713310242,-0.0468528941273689,0.3912867307662964,0.576103150844574,-0.0814184695482254,0.7326321601867676,0.596627414226532,-0.2236659079790115,0.2534465491771698,0.6024097204208374,-0.3968300223350525,0.6884891390800476,0.4204846322536468,-0.4138065874576568,0.3170920312404632,0.4153240919113159,-0.7349973917007446,0.5713915228843689,0.9326635003089904,0.000155718269525,0.4433515667915344,0.9365522861480712,0.0018421728163957,104,109,115,120
straight_ahead,0.5913317203521729,0.5676735639572144,-0.0439241304993629,0.3913976550102234,0.5755096673965454,-0.0657866150140762,0.7331303358078003,0.596523106098175,-0.2095048427581787,0.2559171319007873,0.6017059683799744,-0.3909007906913757,0.6719906330108643,0.4233856499195099,-0.4082535207271576,0.32535520195961,0.417612612247467,-0.7025814056396484,0.5715248584747314,0.9326465129852296,-0.0011885833228006,0.4433333277702331,0.9362155795097352,0.0030938468407839,104,108,121,122
straight_ahead,0.5918849110603333,0.567135214805603,-0.0452500954270362,0.391473650932312,0.5750243067741394,-0.0473598130047321,0.733308732509613,0.5961852669715881,-0.212327092885971,0.2571402788162231,0.601547122001648,-0.3730329275131225,0.6730896234512329,0.4239655435085296,-0.3831217885017395,0.3207145631313324,0.4183076322078705,-0.6968091130256653,0.5714255571365356,0.93221515417099,-0.0055736741051077,0.4431447982788086,0.9349899888038636,0.007412358187139,104,108,121,120
straight_ahead,0.5921773314476013,0.5672082901000977,-0.0435154549777507,0.3915780484676361,0.5750238299369812,-0.0447168014943599,0.7340189814567566,0.5957134366035461,-0.2014801502227783,0.2571086287498474,0.6015191674232483,-0.3336137235164642,0.6874448657035828,0.4190311133861542,-0.4027342200279236,0.3012898564338684,0.4111260175704956,-0.6519067287445068,0.5714151263237,0.932369351387024,-0.0046259970404207,0.4430120885372162,0.9350126385688782,0.0064853713847696,104,108,116,114
straight_ahead,0.5921900868415833,0.5673891305923462,-0.0433545410633087,0.3915295004844665,0.5750929713249207,-0.0458566099405288,0.7347683310508728,0.5956290364265442,-0.1943581402301788,0.2552088797092438,0.6014652848243713,-0.273934543132782,0.7250276803970337,0.4156811535358429,-0.4396467208862304,0.2509787678718567,0.4059125483036041,-0.5687175989151001,0.5714423060417175,0.9324305057525636,-0.0004832591803278,0.4429936408996582,0.9350594878196716,0.0024050218053162,105,108,104,100
straight_ahead,0.5923084616661072,0.5673857927322388,-0.0424385964870452,0.3916102051734924,0.5747112035751343,-0.0561755709350109,0.7350888252258301,0.5955837965011597,-0.1400315314531326,0.2539203763008117,0.6000697016716003,-0.2360060214996338,0.7634480595588684,0.4160203635692596,-0.3700610995292663,0.2113558948040008,0.4081797301769256,-0.5283915996551514,0.5716134309768677,0.9323616027832032,0.0056830565445125,0.4431525766849518,0.9349145889282228,-0.003664577845484,105,109,92,88
straight_ahead,0.5925173163414001,0.5676879286766052,-0.0413128733634948,0.3916045725345611,0.5747050642967224,-0.0573533959686756,0.7356898784637451,0.5952927470207214,-0.1413436084985733,0.2529235184192657,0.5995833277702332,-0.20363250374794,0.7749802470207214,0.416104644536972,-0.3807118237018585,0.1974582523107528,0.4119236171245575,-0.4917841553688049,0.5718422532081604,0.932711899280548,0.0083989668637514,0.4432280957698822,0.9351781606674194,-0.0063811778090894,105,109,89,84
straight_ahead,0.5928714275360107,0.5676881670951843,-0.0414508692920208,0.3916025459766388,0.5746015906333923,-0.0784519091248512,0.7363985776901245,0.593280553817749,-0.1192144304513931,0.2511142492294311,0.599558413028717,-0.2368650138378143,0.7818499803543091,0.4190908372402191,-0.3432890474796295,0.1897954940795898,0.4201707541942596,-0.5366823077201843,0.5718178749084473,0.9319865703582764,0.0121383713558316,0.4428542554378509,0.9351717829704284,-0.010101368650794,106,110,85,81
straight_ahead,0.5928984880447388,0.5676639080047607,-0.0410629883408546,0.3911140859127044,0.5750955939292908,-0.0781474262475967,0.7372819185256958,0.5916606187820435,-0.1178253665566444,0.25057452917099,0.5995659232139587,-0.2444936484098434,0.7786396741867065,0.4149671494960785,-0.3250912129878998,0.2033948451280594,0.4193288683891296,-0.5434085726737976,0.5720148086547852,0.9320088624954224,0.0120535334572196,0.4430752396583557,0.9356224536895752,-0.0100466310977935,106,110,86,85
straight_ahead,0.5928362011909485,0.5676661133766174,-0.0437302365899086,0.3911138474941253,0.5752965211868286,-0.0526854917407035,0.7384781241416931,0.5874293446540833,-0.1550341695547104,0.2530214488506317,0.6000576019287109,-0.2230569124221801,0.7646769881248474,0.4014313817024231,-0.3470039963722229,0.2355188429355621,0.4108794331550598,-0.4784643054008484,0.5716756582260132,0.9324723482131958,0.0038515732157975,0.4427919387817383,0.9370174407958984,-0.0018069229554384,108,109,90,95
straight_ahead,0.592823326587677,0.5674307942390442,-0.0463925637304782,0.3911817967891693,0.5752822756767273,-0.0490156859159469,0.7388525009155273,0.5823498964309692,-0.1808765232563018,0.2540275156497955,0.6010721325874329,-0.2577412724494934,0.7463065385818481,0.3930936753749847,-0.3728872239589691,0.2520511746406555,0.4088956415653229,-0.5079842805862427,0.5716562867164612,0.932330846786499,-0.0001105936826206,0.4427881240844726,0.9370133280754088,0.0020849602296948,110,109,94,100
straight_ahead,0.5927125811576843,0.5665470361709595,-0.0524917654693126,0.3915684819221496,0.5753210783004761,-0.0507999248802661,0.7388336658477783,0.580238938331604,-0.1932184249162674,0.254896730184555,0.6010971665382385,-0.3195720613002777,0.7131493091583252,0.3933418095111847,-0.3717595040798187,0.2910233438014984,0.4092748761177063,-0.6226658821105957,0.5713824033737183,0.9316843748092652,-0.0035159059334546,0.4427004754543304,0.935937762260437,0.0056052301079034,110,109,103,111
straight_ahead,0.593379020690918,0.5648824572563171,-0.0580988600850105,0.3923745155334472,0.5748144388198853,-0.0334701985120773,0.7388176918029785,0.5806757807731628,-0.2093118131160736,0.2567087709903717,0.6014801859855652,-0.3041940033435821,0.6871660351753235,0.3950619101524353,-0.3519910871982574,0.3092215657234192,0.4139038026332855,-0.6050761938095093,0.5713251829147339,0.9306296706199646,-0.0068478463217616,0.4426752030849457,0.935252845287323,0.0088923182338476,109,108,112,117
straight_ahead,0.5942628979682922,0.5642890334129333,-0.0824192464351654,0.3925496935844421,0.5747510194778442,-0.0215366706252098,0.7387874126434326,0.580986738204956,-0.2788586020469665,0.2586835324764251,0.6015942096710205,-0.268278419971466,0.6836451888084412,0.4027029573917389,-0.4434960484504699,0.312173992395401,0.4187787473201751,-0.5487374067306519,0.5712547898292542,0.9304154515266418,-0.0137568609789013,0.4426705837249756,0.934650719165802,0.0156093034893274,109,108,114,118
straight_ahead,0.5950358510017395,0.5642831921577454,-0.0838028267025947,0.39285808801651,0.5749626159667969,-0.0258201248943805,0.7387763261795044,0.5810379385948181,-0.2867631614208221,0.2587894201278686,0.6016586422920227,-0.2761127054691314,0.6860859990119934,0.403472751379013,-0.4856875538825989,0.3050397336483001,0.4187828302383423,-0.584443211555481,0.5712992548942566,0.929820477962494,-0.0132662151008844,0.4426652789115906,0.9337571263313292,0.0152013571932911,109,108,113,115
straight_ahead,0.5950237512588501,0.5642502307891846,-0.0802855268120765,0.3935839831829071,0.5748863816261292,-0.020993448793888,0.7387421727180481,0.5812572240829468,-0.2549934983253479,0.2587421238422394,0.6016744375228882,-0.2296692878007888,0.6964277029037476,0.4021228849887848,-0.4434967041015625,0.2845394015312195,0.413561999797821,-0.4923544824123382,0.5713033080101013,0.9296028017997742,-0.0121395513415336,0.4426785111427307,0.9322193264961244,0.0140881016850471,109,108,110,109
straight_ahead,0.5950103998184204,0.5650922656059265,-0.1051005348563194,0.3937816619873047,0.5747631788253784,-0.0890367701649665,0.7389124631881714,0.5818830728530884,-0.2423756867647171,0.257378876209259,0.6008501648902893,-0.2221142351627349,0.7378409504890442,0.4004391729831695,-0.4286869168281555,0.2278924286365509,0.4133848249912262,-0.4399291574954986,0.5712677240371704,0.9295824766159058,-0.0097921751439571,0.4424528181552887,0.9321982264518738,0.011817654594779,109,108,97,92
straight_ahead,0.5953459739685059,0.5656435489654541,-0.055530697107315,0.3939002156257629,0.5748046636581421,-0.0770409479737281,0.7393923997879028,0.5821144580841064,-0.0998193770647049,0.2569716572761535,0.6010106801986694,-0.2108775079250335,0.7835232615470886,0.4125893414020538,-0.2875460386276245,0.1868534237146377,0.4319323599338531,-0.4859333038330078,0.5713233947753906,0.9303570985794068,-0.0068212137557566,0.4424645900726318,0.9323622584342957,0.0088501367717981,109,108,82,78
straight_ahead,0.5957717299461365,0.5659279227256775,-0.0372671857476234,0.3941919505596161,0.5750090479850769,-0.0944547802209854,0.7390750646591187,0.5837859511375427,-0.0764113962650299,0.257284939289093,0.6041808724403381,-0.2241270989179611,0.8003004789352417,0.443416953086853,-0.2618196904659271,0.1737263798713684,0.4601312577724457,-0.4904182553291321,0.5713412165641785,0.9308005571365356,0.0058013200759887,0.4424629211425781,0.9326509833335876,-0.0037056156434118,109,107,74,72
straight_ahead,0.5961602926254272,0.565926730632782,-0.0365534648299217,0.394284576177597,0.5753352046012878,-0.0876833647489547,0.7397056818008423,0.5835139751434326,-0.0646999105811119,0.2572192549705505,0.6055771708488464,-0.2154812812805175,0.7996631264686584,0.4368582665920257,-0.2127538919448852,0.1763098537921905,0.4581204354763031,-0.475257009267807,0.571380078792572,0.9308179020881652,0.0058093392290174,0.4425095915794372,0.9327527284622192,-0.0037520476616919,109,107,75,74
straight_ahead,0.5966345071792603,0.5657458901405334,-0.0366928130388259,0.3944182097911834,0.5754951238632202,-0.081965684890747,0.7403897047042847,0.5831736922264099,-0.0994266048073768,0.256095677614212,0.605920135974884,-0.2214533388614654,0.7942588925361633,0.433538407087326,-0.278874397277832,0.178990289568901,0.4528309106826782,-0.4851540923118591,0.5713518261909485,0.9307844638824464,0.0099929552525281,0.4422734677791595,0.9327433109283448,-0.0078977355733513,109,107,77,76
straight_ahead,0.5964690446853638,0.5657538175582886,-0.039417278021574,0.3941143155097961,0.5752859711647034,-0.0381453856825828,0.7405449748039246,0.5834458470344543,-0.1511217653751373,0.2548135221004486,0.6053402423858643,-0.1995351612567901,0.7859936952590942,0.4227174818515777,-0.3731198608875274,0.1898811608552932,0.4321408271789551,-0.4663701951503753,0.5713615417480469,0.9306726455688475,0.0077579468488693,0.4418705403804779,0.9327518939971924,-0.0058221337385475,109,108,81,82
straight_ahead,0.5960322618484497,0.5658000707626343,-0.012842983007431,0.3933959305286407,0.5762411952018738,-0.065037727355957,0.7405460476875305,0.5815474390983582,-0.0691266804933548,0.248455673456192,0.5948742628097534,-0.2062476128339767,0.7873760461807251,0.4218629896640777,-0.2411181628704071,0.1726263165473938,0.4309838116168976,-0.4819278120994568,0.571243405342102,0.9304234981536864,0.0144570618867874,0.4416375756263733,0.9327017068862916,-0.0125570893287658,110,112,80,72
straight_ahead,0.5960222482681274,0.5668529868125916,-0.020563930273056,0.3933445811271667,0.5762284994125366,-0.0391076207160949,0.7420494556427002,0.5816057324409485,-0.1298535317182541,0.2462391555309295,0.5930330753326416,-0.1714946329593658,0.7825021147727966,0.4088075757026672,-0.3466564416885376,0.1845255047082901,0.4093255996704101,-0.3890776038169861,0.5710713267326355,0.9305742383003236,0.0129301296547055,0.4410127699375152,0.932685136795044,-0.0109732039272785,110,113,83,78
straight_ahead,0.596001923084259,0.5669991970062256,-0.025716632604599,0.3935122787952423,0.5765495896339417,-0.0610115937888622,0.7420321106910706,0.5815266370773315,-0.0793809667229652,0.2462881803512573,0.5934845805168152,-0.2023827582597732,0.7879911661148071,0.409319519996643,-0.2498362511396408,0.1863992661237716,0.4108150899410248,-0.4768639504909515,0.5711381435394287,0.9305245876312256,0.01227299682796,0.4412431716918945,0.9326783418655396,-0.0102988835424184,110,113,81,78
straight_ahead,0.5961359143257141,0.567404568195343,-0.0277593694627285,0.3935152292251587,0.576837956905365,-0.0403194837272167,0.7427089810371399,0.5813730359077454,-0.0849523395299911,0.2461182177066803,0.593168318271637,-0.1822640597820282,0.7867337465286255,0.4099658131599426,-0.3079419732093811,0.1887718141078949,0.4124792814254761,-0.4403557777404785,0.5711386203765869,0.9307397603988647,0.0063668815419077,0.4411541521549225,0.9332960247993468,-0.0043774438090622,111,114,81,79
straight_ahead,0.596133291721344,0.5675333142280579,-0.0200480446219444,0.3934943079948425,0.5770063400268555,-0.0155919268727302,0.7430936098098755,0.5814070105552673,-0.1287610828876495,0.2460328340530395,0.5931320190429688,-0.1711775958538055,0.7722960710525513,0.3984710574150085,-0.3480136096477508,0.2081200778484344,0.3975998759269714,-0.4088886380195617,0.5708050727844238,0.9305490255355836,0.006223707459867,0.4405069947242737,0.9333916306495668,-0.0042596347630023,111,114,86,85
straight_ahead,0.5959694981575012,0.5677407383918762,-0.01869498193264,0.3934496641159057,0.5770912766456604,-0.0192127637565135,0.7432252764701843,0.5813881158828735,-0.1464625895023346,0.2464713156223297,0.5930241942405701,-0.1748520284891128,0.7573388814926147,0.3902548849582672,-0.3521203398704529,0.2283858954906463,0.3921374678611755,-0.4317212700843811,0.5706154704093933,0.9305627346038818,0.0060516549274325,0.4404867589473724,0.9336848855018616,-0.004083705600351,111,113,91,91
straight_ahead,0.5958514213562012,0.5677276253700256,-0.0463802367448806,0.3936427235603332,0.5770901441574097,-0.0167690850794315,0.7424604892730713,0.5808200240135193,-0.2111894339323043,0.2469648569822311,0.5931643843650818,-0.2102056443691253,0.7215808629989624,0.3898836374282837,-0.4007062315940857,0.2689062654972076,0.3950322866439819,-0.4397894442081451,0.5701522827148438,0.9296281933784484,-0.0034419908188283,0.4403645098209381,0.9294286966323853,0.0054702144116163,111,114,101,103
straight_ahead,0.5957024693489075,0.5669437646865845,-0.0347353592514991,0.3936379551887512,0.5770807862281799,0.0109153259545564,0.7405873537063599,0.5783988833427429,-0.2096180915832519,0.249437615275383,0.593280553817749,-0.2846992611885071,0.6786242723464966,0.3906383514404297,-0.3907492756843567,0.3069269061088562,0.401217520236969,-0.5807288885116577,0.5701652765274048,0.9267532825469972,-0.0041896998882293,0.4403844475746155,0.9271165132522584,0.0061464523896574,112,113,113,113
straight_ahead,0.5956982374191284,0.5667684078216553,-0.0426969230175018,0.3936272859573364,0.5770320296287537,0.0050135892815887,0.7389681339263916,0.5780913233757019,-0.2431799173355102,0.2514358162879944,0.5933133959770203,-0.2931236922740936,0.6699331998825073,0.3978036940097809,-0.3953634798526764,0.3152885138988495,0.406745582818985,-0.5864218473434448,0.5701215863227844,0.9252397418022156,-0.0049686017446219,0.4403082728385925,0.925813376903534,0.0068732323125004,111,113,115,115
straight_ahead,0.5957288146018982,0.5666288733482361,-0.0501306653022766,0.3941725790500641,0.5770878195762634,0.0115324547514319,0.7386720776557922,0.5780054926872253,-0.2244070768356323,0.2538570463657379,0.593408465385437,-0.2735397219657898,0.6667929291725159,0.4030086696147918,-0.3326798677444458,0.3158630132675171,0.4126668572425842,-0.5547477006912231,0.5700991749763489,0.9246102571487428,-0.0093751922249794,0.4403206408023834,0.9243394136428832,0.0111791426315903,111,113,117,116
straight_ahead,0.5957280993461609,0.5664697289466858,-0.0759965255856514,0.394534558057785,0.5772491097450256,0.0075908228754997,0.7380532026290894,0.5777533650398254,-0.2759601175785064,0.2552707493305206,0.5934310555458069,-0.2669160068035126,0.6714951395988464,0.4037711918354034,-0.4283142685890198,0.313409149646759,0.4127082824707031,-0.5393978357315063,0.5700947046279907,0.9245301485061646,-0.012301055714488,0.4404069781303406,0.923982560634613,0.0141813848167657,111,113,115,114
straight_ahead,0.5955502390861511,0.5665616393089294,-0.0750682801008224,0.394296646118164,0.5773620009422302,-0.0155318845063447,0.7391716241836548,0.5777669548988342,-0.2698774933815002,0.2543927431106567,0.5934022665023804,-0.2705027163028717,0.6755133867263794,0.4008758962154388,-0.4777767658233642,0.3021290302276611,0.4042053520679474,-0.5443700551986694,0.5701867341995239,0.925466537475586,-0.01146184746176,0.4404879212379455,0.9253475666046144,0.0133574847131967,111,113,114,111
straight_ahead,0.5951447486877441,0.566458523273468,-0.0718653351068496,0.3939746916294098,0.5773388147354126,-0.020722871646285,0.7393191456794739,0.5777643918991089,-0.245806336402893,0.2539374530315399,0.5929520130157471,-0.2557730674743652,0.6925253868103027,0.3944498598575592,-0.4393506646156311,0.2891899943351745,0.3984528183937073,-0.5171999931335449,0.5701922178268433,0.9257100224494934,-0.0109781380742788,0.4406157433986664,0.9256933331489564,0.0129161402583122,111,113,109,107
straight_ahead,0.5949119329452515,0.566689133644104,-0.0494822412729263,0.3939630389213562,0.5773417949676514,-0.0265141129493713,0.740975022315979,0.5792104005813599,-0.1999072879552841,0.2521944642066955,0.592661440372467,-0.2101393193006515,0.7364347577095032,0.3946794271469116,-0.4213552474975586,0.2315296381711959,0.3978639543056488,-0.4580017030239105,0.5703306198120117,0.9258224964141846,-0.0046226843260228,0.4407835900783539,0.925745129585266,0.0065207383595407,111,113,96,90
straight_ahead,0.5950146317481995,0.5671176314353943,-0.0415357798337936,0.3939777016639709,0.577314019203186,-0.0262290686368942,0.7429949045181274,0.5805677771568298,-0.1965592354536056,0.250788152217865,0.592546820640564,-0.1774044930934906,0.7540425062179565,0.393681138753891,-0.4339578151702881,0.2117452919483184,0.3981357514858246,-0.4119598269462585,0.5705152750015259,0.9259947538375854,1.1192727470188402e-05,0.4409806728363037,0.925781786441803,0.0019562444649636,111,114,92,85
straight_ahead,0.5953096747398376,0.5675821304321289,-0.0198862068355083,0.3941023051738739,0.5774185061454773,-0.0135842431336641,0.7444814443588257,0.5796008706092834,-0.1324414908885955,0.249919444322586,0.5926911234855652,-0.1513612568378448,0.7802819013595581,0.3956896364688873,-0.3456881940364837,0.1946019381284713,0.4133603870868683,-0.3903032839298248,0.5704980492591858,0.9262608289718628,-0.0001860884221969,0.4409956932067871,0.9262930750846864,0.0021531751845031,112,114,84,79
straight_ahead,0.5959188938140869,0.5677453875541687,-0.0189675744622945,0.3944877982139587,0.5773589015007019,-0.0033295010216534,0.7446668148040771,0.5790106654167175,-0.1431889832019806,0.249885082244873,0.5927039384841919,-0.1247812286019325,0.7841671705245972,0.3964324295520782,-0.3609520196914673,0.1943191438913345,0.4152253866195678,-0.3547280132770538,0.5704854726791382,0.9269884824752808,-0.0007157681393437,0.4409994184970855,0.9269779920578004,0.0026236637495458,112,114,82,79
straight_ahead,0.5962101817131042,0.5677986145019531,-0.002917525358498,0.3949845433235168,0.5773271322250366,0.0100238407030701,0.7450176477432251,0.5787897706031799,-0.1206512600183487,0.2498884946107864,0.5927134156227112,-0.1201217621564865,0.7811586856842041,0.3935538828372955,-0.3320494890213012,0.1985157877206802,0.414829820394516,-0.3472945690155029,0.5704813599586487,0.9275725483894348,-0.0020947970915585,0.4410021901130676,0.9275981187820436,0.0038714478723704,112,114,83,80
straight_ahead,0.595800518989563,0.5680219531059265,-0.0352154932916164,0.3949580788612366,0.5771036744117737,0.005346062593162,0.7446191906929016,0.5786106586456299,-0.1974800378084182,0.2502455115318298,0.5927222371101379,-0.1484903544187545,0.7664221525192261,0.3860970139503479,-0.4249981939792633,0.2137043476104736,0.4005805552005768,-0.3803724646568298,0.5703858137130737,0.9292585253715516,-0.0025475334841758,0.4410041272640228,0.9295629858970642,0.0043145306408405,112,113,88,85
straight_ahead,0.595770001411438,0.5681444406509399,-0.0733830407261848,0.3946790397167206,0.5771563649177551,-0.0053117065690457,0.7444825172424316,0.5780586004257202,-0.2338392734527588,0.2505773305892944,0.5928220152854919,-0.1507274806499481,0.7472466826438904,0.3825573325157165,-0.4521164000034332,0.2297747433185577,0.3962123692035675,-0.368226557970047,0.5701598525047302,0.9296513199806212,-0.0088774310424923,0.4409935474395752,0.930589497089386,0.0106525784358382,113,113,93,90
straight_ahead,0.5955897569656372,0.5680123567581177,-0.0696938186883926,0.3946790397167206,0.5771632790565491,0.0003147709358017,0.7418844103813171,0.5757948160171509,-0.2633154988288879,0.2520080208778381,0.5929675698280334,-0.2302680909633636,0.7074096202850342,0.382439911365509,-0.4448445439338684,0.2752143740653991,0.3969302177429199,-0.4965962469577789,0.5701085925102234,0.929806351661682,-0.0113698113709688,0.4409571290016174,0.9306039810180664,0.0132082384079694,113,113,103,103
straight_ahead,0.5955849885940552,0.567986249923706,-0.0647522285580635,0.3946760296821594,0.577128529548645,0.0181690230965614,0.7406032085418701,0.5735785365104675,-0.2679540514945984,0.2527106702327728,0.5927598476409912,-0.2355857789516449,0.6904144287109375,0.3828555643558502,-0.43699511885643,0.2898378074169159,0.397705614566803,-0.5153099298477173,0.5700353980064392,0.9298027157783508,-0.013400899246335,0.4407947063446045,0.9307162165641784,0.0152904987335205,113,113,107,107
straight_ahead,0.5956432223320007,0.5665302276611328,-0.0691868811845779,0.3947235643863678,0.5768939256668091,0.0131784230470657,0.7390880584716797,0.5736352801322937,-0.291411429643631,0.2550907433032989,0.5934897661209106,-0.285067081451416,0.6632986068725586,0.3942257463932037,-0.451556921005249,0.3125629425048828,0.408547043800354,-0.593969464302063,0.5700499415397644,0.9292751550674438,-0.0134371072053909,0.4408193230628967,0.9305855631828308,0.0152813298627734,113,112,116,114
straight_ahead,0.5957857370376587,0.566388726234436,-0.0655634030699729,0.3949532806873321,0.5762718319892883,0.0238762907683849,0.7382636666297913,0.5739216208457947,-0.2647415995597839,0.2556071579456329,0.594430148601532,-0.275743156671524,0.659619152545929,0.4055155813694,-0.3772167563438415,0.3159795999526977,0.4185285270214081,-0.5735641717910767,0.5700293779373169,0.9286024570465088,-0.0131816770881414,0.4407806396484375,0.9300636649131776,0.0150344492867589,112,111,118,116
straight_ahead,0.5957592725753784,0.566389799118042,-0.0636432543396949,0.394987016916275,0.5763120055198669,0.0314810648560524,0.7381995916366577,0.5733062028884888,-0.2881614863872528,0.2561551928520202,0.5939038991928101,-0.2547954618930816,0.6689330339431763,0.4043740928173065,-0.4581456780433655,0.3111053109169006,0.4178855717182159,-0.5397195219993591,0.5700268745422363,0.9286152720451356,-0.0146414237096905,0.4408279061317444,0.9300013184547424,0.0164982415735721,113,112,115,115
straight_ahead,0.5955055952072144,0.5663866400718689,-0.0692782253026962,0.3949455618858337,0.5763539671897888,0.0260957088321447,0.7382625341415405,0.57332444190979,-0.3053568005561828,0.2560887932777405,0.5939189195632935,-0.2554147839546203,0.6775486469268799,0.4034786522388458,-0.498060792684555,0.3039016723632812,0.4175315201282501,-0.536504328250885,0.570027232170105,0.9283028244972228,-0.0154062928631901,0.4410483837127685,0.9297135472297668,0.0172520894557237,113,112,112,112
straight_ahead,0.5953877568244934,0.5663096904754639,-0.0835109055042266,0.3949158191680908,0.5763221383094788,-0.0192073266953229,0.739308774471283,0.5728799700737,-0.269975483417511,0.2557248771190643,0.5922337770462036,-0.2410964220762252,0.7078026533126831,0.3911360502243042,-0.4849210679531097,0.2745319604873657,0.4041066169738769,-0.5081890225410461,0.5700688362121582,0.9284257292747498,-0.0148709462955594,0.4415345191955566,0.9301294088363647,0.0166801922023296,113,112,102,102
straight_ahead,0.5951396226882935,0.5663241147994995,-0.0794752538204193,0.3947636485099792,0.57635098695755,-0.0229912567883729,0.7402209043502808,0.5728543400764465,-0.2240218222141266,0.255604475736618,0.5922026038169861,-0.1859224438667297,0.7241862416267395,0.3859509527683258,-0.4526730477809906,0.253278523683548,0.3975571393966675,-0.4267721772193908,0.5700843930244446,0.9285847544670104,-0.0129433823749423,0.4420767426490783,0.9309370517730712,0.0147406561300158,113,112,97,96
straight_ahead,0.5952526330947876,0.5665687322616577,-0.0691741481423378,0.394754409790039,0.5762766599655151,-0.0233050547540187,0.7422370314598083,0.5742093324661255,-0.1759978234767913,0.2536015808582306,0.5920726656913757,-0.1328297257423401,0.7614342570304871,0.3856281340122223,-0.4066264629364013,0.2112405002117157,0.3983111977577209,-0.3538917601108551,0.5703060030937195,0.929109513759613,-0.0128505174070596,0.4422136843204498,0.9313013553619384,0.0146495606750249,113,113,87,84
straight_ahead,0.5954940915107727,0.5666939616203308,-0.0584334917366504,0.3947564959526062,0.5762475728988647,-0.0354481972754001,0.7450252771377563,0.5747012495994568,-0.14812633395195,0.2531595230102539,0.5923291444778442,-0.1559603810310363,0.7744877934455872,0.3850941359996795,-0.3523985147476196,0.2033905982971191,0.4058294594287872,-0.3915128409862518,0.570426881313324,0.92940354347229,-0.0099496245384216,0.4424912333488464,0.9316633939743042,0.0117608970031142,113,113,84,82
