class,11x,11y,12x,12y,13x,13y,14x,14y,15x,15y,16x,16y,23x,23y,24x,24y
straight_ahead,0.4998659731146338,0.011576222274998535,-0.4998659731146338,-0.011576222274998535,1.2019347546915653,0.054404694893614755,-1.174353264860355,-0.020842688859649613,1.8987769794493596,-0.0010425669815012724,-1.807336695913456,-0.14316338876422352,0.38736151116721657,1.906076738134429,-0.24172534443642513,1.94391550606075
straight_ahead,0.4999577817099442,0.006497423156267661,-0.4999577817099445,-0.006497423156267661,1.1818794190329451,0.03772488825451756,-1.1798178163601334,-0.009232767947818098,1.6283595226996237,-0.594405669783162,-1.6482386816498489,-0.6896152841874046,0.4027457731867057,1.916989621893429,-0.24953799051720651,1.939414447341938
straight_ahead,0.49999396845599514,0.0024559127886251554,-0.49999396845599514,-0.0024559127886251554,1.1645095737336717,0.0327199308253006,-1.1724126908582586,-0.00503668210147908,1.5329286839505596,-0.7045968059983206,-1.5521744145831409,-0.8137745098044485,0.4167438501275755,1.9088257973914668,-0.24373437653109425,1.9268030308667485
straight_ahead,0.49999998934621076,0.00010321719378554258,-0.49999998934621076,-0.00010321719378554258,1.153664575940648,0.028614266527204266,-1.1625316530067829,0.017273877459981647,1.3085743806139036,-0.890568749781011,-1.3082075695109885,-0.905222290748757,0.4166845107624341,1.893850075075871,-0.25225862091211926,1.901312918226551
straight_ahead,0.4999966167572009,-0.001839356233210911,-0.4999966167572012,0.001839356233210911,1.1538254889592066,0.027192362006429334,-1.1487611670016526,0.02836746889036315,1.2194158886927533,-0.9088462026162986,-1.1881982623424265,-0.9227996250825107,0.419098431547066,1.876394376254026,-0.24937307975409548,1.8821473168257523
straight_ahead,0.49992267059900514,-0.008793373707426748,-0.4999226705990054,0.008793373707426748,1.157862485498384,0.02062416408520454,-1.1458548746138963,0.043953382227299914,0.9495241730108402,-0.8646154152322996,-1.0117598965446448,-0.8723457680290467,0.41827804934391055,1.8687155373349944,-0.25063152997430005,1.876524110728778
straight_ahead,0.4998354261316003,-0.012827579032747092,-0.4998354261316006,0.012827579032747092,1.1570372077515343,0.019778912334420445,-1.1443124892590149,0.06181588594221446,0.9094944710877733,-0.8316800975494567,-0.9742847659753135,-0.8323848271982458,0.413887497820147,1.8548490353829423,-0.25448154976848286,1.8590645182225296
straight_ahead,0.4998194572031592,-0.013435408484274564,-0.4998194572031592,0.013435408484274564,1.1598773458426526,0.019849866092746592,-1.1341793125406852,0.0651233959138896,1.0658629388392296,-0.8732632987488909,-1.0385458400328602,-0.8826730200399716,0.4138840265552522,1.850953397323039,-0.25408872673200117,1.8564575899930584
straight_ahead,0.4998995221667817,-0.010023359587644267,-0.49989952216678196,0.010023359587644267,1.1602857482184117,0.029465571988779565,-1.148672815372825,0.05562860112612475,1.1513047194310542,-0.828248679111369,-1.2519008390119368,-0.8892120299743895,0.4193056329483707,1.8517895691847557,-0.249329059479572,1.8640020489030655
straight_ahead,0.49995909291056473,-0.006395734206899543,-0.49995909291056473,0.006395734206899543,1.160530701174381,0.02485590345123705,-1.1576026222400884,0.021070171076472185,1.3220037942978986,-0.8002193033959786,-1.4225831182338138,-0.8940925392528035,0.4197166831010976,1.8457979746133122,-0.24780343268341104,1.861265129805378
straight_ahead,0.49996076563343683,-0.006263611356688698,-0.49996076563343683,0.006263611356688698,1.161691524537225,0.029989030210561835,-1.1593398583569772,0.012586310556947174,1.434098480925591,-0.7880950613595803,-1.5200997874573798,-0.8673536051128398,0.4221591721346965,1.8447869629812992,-0.24664938062004524,1.860539722089343
straight_ahead,0.4999894974941131,-0.00324073997480288,-0.4999894974941131,0.00324073997480288,1.1664052111604148,0.06279805167540026,-1.1596172128938491,0.007228153812888861,1.6172172488057062,-0.5557428306636704,-1.747061276833813,-0.6439585644431746,0.4138471475579441,1.823814162060178,-0.25020620476348504,1.8396404371006516
straight_ahead,0.4999919755006728,-0.00283274335840077,-0.4999919755006728,0.00283274335840077,1.1778132397647467,0.06563506525415495,-1.160061489670732,0.004633626281620943,1.6520552916737263,-0.5068364676045235,-1.7718577139512133,-0.5579670127059996,0.40588270086506173,1.8095858125059017,-0.2545618741958613,1.8242946965455704
straight_ahead,0.4999911626839177,-0.00297274922992386,-0.49999116268391797,0.00297274922992386,1.1761825881772126,0.063078941053936,-1.1621820736273267,0.002027969793960514,1.6332016410272954,-0.5098022489806306,-1.74238185136421,-0.5866495503840138,0.40191218418609165,1.8002553222054567,-0.2561995717493522,1.8148540011540686
straight_ahead,0.49999028094375153,-0.0031175249459231874,-0.49999028094375153,0.0031175249459231874,1.1713599336939458,0.05198450571988197,-1.1582538547313865,0.0016185772349611037,1.5907676065973828,-0.5092682881722397,-1.670000621246991,-0.6180394244361694,0.3966327092933159,1.7944766016459197,-0.25768265199896667,1.8068061842109469
straight_ahead,0.49998825459191415,-0.0034271373084770384,-0.4999882545919144,0.0034271373084770384,1.1712361622586724,0.031150345037680095,-1.1587492725746253,0.0033344566629568864,1.4106700316807288,-0.8124499409803629,-1.4097954129076262,-0.8414522585649309,0.3924082451085052,1.8032244607727037,-0.2588063170955205,1.810668733946945
straight_ahead,0.49999870359821247,-0.001138595673136023,-0.49999870359821247,0.001138595673136023,1.1659193312784009,0.032182145098245095,-1.160092986705673,0.00534945046532861,1.3051785660023782,-0.8415118948856676,-1.290202273732276,-0.8963875458413908,0.39373690651072907,1.8102541254009648,-0.25852643534268627,1.8162260003512731
straight_ahead,0.49997737902544065,-0.004756097439153934,-0.4999773790254409,0.004756097439153934,1.1716480151582878,0.026853766885892607,-1.1700561525495046,0.0012457605816069586,1.0554268363089168,-0.895533679758614,-1.026587117091317,-0.9153339936418561,0.39100426174178293,1.8246234571273476,-0.2651718118791917,1.829020901911206
straight_ahead,0.49994494288898517,-0.007419843645881246,-0.49994494288898517,0.007419843645881246,1.175318086252239,0.023315989897742015,-1.1739273292532222,0.0021945264072827987,0.911941680467199,-0.8673761017542727,-0.9787811086977767,-0.8887314106550006,0.3859589562570782,1.8287150285071059,-0.2723921404906599,1.8300207643004864
straight_ahead,0.49982480928329653,-0.0132348035465696,-0.49982480928329653,0.0132348035465696,1.1769776391107833,0.024353905933036685,-1.174842461010978,0.0065906395660593284,0.9132432234923599,-0.8540639546546761,-0.9743270694109233,-0.8786637755363291,0.3861020806150961,1.8254465865550813,-0.27353547929903604,1.8265013148776224
straight_ahead,0.49973518326897615,-0.016271035711435317,-0.49973518326897615,0.016271035711435317,1.179771711715382,0.024916906309632645,-1.1756031350043799,0.007893316554201885,0.9138266291595092,-0.8497517826856941,-0.9742307985806418,-0.8784216160589615,0.3866241926864604,1.8326677499205368,-0.275209207769485,1.8335906203970014
straight_ahead,0.4997436784896223,-0.01600799205587733,-0.4997436784896223,0.01600799205587733,1.1846650309026805,0.025510613363242274,-1.1617789637912161,0.00819785878303539,0.9917365648949593,-0.855450378800436,-1.0045489075309952,-0.9012430370434681,0.3972806313493394,1.8280796758792872,-0.2554367488258098,1.830093706895413
straight_ahead,0.4998296590623857,-0.013050360975058463,-0.4998296590623857,0.013050360975058463,1.1900775999094373,0.023791324069203524,-1.1579828947151576,0.004743555652505336,1.1460388472814262,-0.8691979897691187,-1.2033301374137815,-0.9483910424760567,0.40398279860952585,1.8296347634561543,-0.24954970586545433,1.833462122966373
straight_ahead,0.4998483902050952,-0.012312059509882288,-0.4998483902050952,0.012312059509882288,1.1842957550618305,0.029129980174227525,-1.155277920105062,-0.004756888197516924,1.4198824069173095,-0.773471951893506,-1.5206064137958708,-0.8916532557126405,0.4063382915433872,1.8347042242222262,-0.24862854649911648,1.8478717066557462
straight_ahead,0.4998742682354675,-0.011212312698809377,-0.4998742682354675,0.011212312698809377,1.185469293502906,0.030766548089962594,-1.1588517636950164,-0.021713551509653428,1.5358184819935115,-0.731083886728373,-1.6409091534657647,-0.8253277161302227,0.4059624018100887,1.8332920026749322,-0.250280216890201,1.8509846359523885
straight_ahead,0.4999197131990594,-0.008959930522609388,-0.4999197131990597,0.008959930522609388,1.2100450138776384,0.027902103023485152,-1.177692209111214,-0.02480516987386832,1.707167193542115,-0.6025154027950482,-1.8044255261992665,-0.6854042450384042,0.40334716153636396,1.815614263335464,-0.24928738388855196,1.835155823277832
straight_ahead,0.4999439728853213,-0.0074849165420224646,-0.49994397288532155,0.0074849165420224646,1.2127542674545162,0.026046819064985766,-1.1876629587560816,-0.026896194122506333,1.7133992746622002,-0.5513474023481585,-1.8157069099599403,-0.6555773960584625,0.4009913398062602,1.8044945301423234,-0.24775755477788475,1.8254840127039542
straight_ahead,0.49994919835610674,-0.007127346146092079,-0.49994919835610674,0.007127346146092079,1.2055839257535121,0.025722886986615442,-1.1810801862377243,-0.02667343349915217,1.6375883281405101,-0.5867267336193901,-1.6956589351565168,-0.6783398164227088,0.39717595752014817,1.8079397589611783,-0.25207389312775996,1.8239214429503867
straight_ahead,0.4999355008336005,-0.008030878299232234,-0.4999355008336005,0.008030878299232234,1.1915370842742183,0.016298122577802897,-1.174699010416477,-0.027340543627416468,1.5820435573951988,-0.6531131766910205,-1.6015389179289599,-0.8262267998534778,0.3978898345815232,1.820335538702197,-0.2538310674096395,1.8326874917141678
straight_ahead,0.4999282209529558,-0.008471947521826631,-0.4999282209529558,0.008471947521826631,1.1835203314462024,0.013781949950840484,-1.1699070694178306,-0.025596852040546278,1.4771837083213648,-0.7234765361965898,-1.4750812700668055,-0.8894614914067136,0.39875624594344494,1.831604367685544,-0.2535077303295198,1.8449888008799578
straight_ahead,0.4999399858631087,-0.007746646706457944,-0.4999399858631087,0.007746646706457944,1.183146585762959,0.014746117648321655,-1.1741901630149478,-0.017398731038476077,1.5367002950249744,-0.6336843009614291,-1.6077033468303026,-0.737346682821221,0.395803849658766,1.8351800617329126,-0.25773381103154186,1.8529558296087958
straight_ahead,0.4999556727953666,-0.006657720310458571,-0.4999556727953666,0.006657720310458571,1.1881917727503488,0.06892470094503968,-1.1769204398123556,0.0035692700939777564,1.595858989702413,-0.49459252957807115,-1.7909770597067014,-0.5445821067716072,0.39623729703709215,1.8224101276420843,-0.2553534070271831,1.8376723095541423
straight_ahead,0.49996851290364097,-0.005611248071653351,-0.49996851290364125,0.005611248071653351,1.190024070478549,0.09555996552570113,-1.1777515196490305,0.02471473039258448,1.6224370598212072,-0.4375110958215664,-1.7925068867703358,-0.4394028377185268,0.398893265735127,1.8121053152143232,-0.24505922704144034,1.8230120319159406
straight_ahead,0.4999848716363008,-0.0038894903048823717,-0.4999848716363008,0.0038894903048823717,1.1897257474481888,0.09235376364903376,-1.186508214181877,0.023047451826208574,1.6291730386469232,-0.46082467607705085,-1.8099940086695214,-0.520738254506953,0.39867070312985387,1.8079950024729357,-0.24517104874295026,1.821980273321092
straight_ahead,0.499993067565035,-0.002632942632541315,-0.49999306756503525,0.002632942632541315,1.19273375984675,0.054086035936436655,-1.1923951461107378,0.020706966073973158,1.555427643637219,-0.6627916323416934,-1.6130870850521304,-0.7562304733373058,0.3986347874009112,1.818870749711833,-0.24778163189058822,1.8308323535481508
straight_ahead,0.49998589428489054,-0.0037557311056893887,-0.49998589428489054,0.0037557311056893887,1.1907001289092318,0.039435545846742165,-1.1950085339618908,0.021890584994681377,1.4829884363386043,-0.7374541745708507,-1.504439186214613,-0.8391136879569393,0.3996461816444245,1.8252299318145042,-0.24911977547636185,1.8347713113768054
straight_ahead,0.4999883295328219,-0.003416186613496936,-0.4999883295328219,0.003416186613496936,1.202117740400468,0.033298760736010735,-1.1976057425793116,0.020807196087214513,1.325801397488953,-0.842826431691798,-1.3043257105288188,-0.9505821409704577,0.4056380786788002,1.8353954129338255,-0.24579948292275414,1.84556675068081
straight_ahead,0.49997336522464353,-0.005160820278331557,-0.49997336522464353,0.005160820278331557,1.2042248920401988,0.030460355140453536,-1.1978720016793918,0.022628624526117403,1.0506149974433774,-0.880647210889383,-1.0048762724468085,-0.9289376690080124,0.40445223236238254,1.838802663610965,-0.248694615398771,1.8479480250659988
straight_ahead,0.4999527863287602,-0.006871058296135026,-0.4999527863287605,0.006871058296135026,1.2059177735799538,0.03417100392959967,-1.1841818484411555,0.025730215933825986,0.8747760429058418,-0.8391028863567181,-0.924847299084593,-0.9076254482266555,0.40430127497283136,1.8303441066230348,-0.25075106544907716,1.8459777840920655
straight_ahead,0.4999558775188,-0.0066423289896440805,-0.4999558775188,0.0066423289896440805,1.2077586883398874,0.0388260337195222,-1.1894073466093682,0.03015331289253985,0.8906883089847378,-0.8328746181486629,-0.9615446660392486,-0.8864999323803927,0.402012186207234,1.8382239910244513,-0.2562929641468502,1.8532295792584261
straight_ahead,0.4999711744089282,-0.005368869541808979,-0.49997117440892846,0.005368869541808979,1.213825251885613,0.03825342056376552,-1.184787590423281,0.040067252174201144,1.0445188962138483,-0.8712405824312272,-1.0238260905879784,-0.8967341597765109,0.4071095382327687,1.839322186735896,-0.2534591842765916,1.853345169803537
straight_ahead,0.49998179056472675,-0.004267212637028432,-0.499981790564727,0.004267212637028432,1.2156143508620092,0.04097070940460862,-1.1855560846165578,0.046392530093745776,1.2434886863422308,-0.8523075984655772,-1.393346626438818,-0.8702307628300249,0.4095507127056952,1.8479407233995921,-0.25341814032592785,1.859455257252589
straight_ahead,0.49997169808578107,-0.005319879060712251,-0.49997169808578107,0.005319879060712251,1.1991037539980534,0.04782133612409089,-1.183525104180796,0.0677514284063297,1.4246698647897582,-0.7425484224209447,-1.56648060390629,-0.6768920496814603,0.40927841305312623,1.842454146874597,-0.2524644035025413,1.8554730893745728
straight_ahead,0.4999610272837693,-0.0062426915155341465,-0.4999610272837693,0.0062426915155341465,1.1955665009587362,0.049489670758970775,-1.187156401549547,0.08173691649501966,1.4792204898663042,-0.6985806642080841,-1.6063928224887516,-0.6418425025381396,0.4086107939182602,1.8388388251672088,-0.2519264061924965,1.854588266712525
straight_ahead,0.49995474237100723,-0.006727226823868232,-0.49995474237100723,0.006727226823868232,1.194024762740766,0.0479434275846899,-1.1876010738512819,0.09246561744544485,1.4893444225182728,-0.676960838279331,-1.5940681530249026,-0.6379825562536687,0.41054845203542456,1.8404516754791584,-0.24733155464182427,1.8582553427843502
straight_ahead,0.4999016575660331,-0.009916287749579396,-0.4999016575660334,0.009916287749579396,1.1994020121322653,0.04434648061843134,-1.1894798951408219,0.0927267966068381,1.4772431101827392,-0.7631752559964453,-1.5629260900693513,-0.7654166742270723,0.41052682449880773,1.8360647088144866,-0.246340248686086,1.8509319659873302
straight_ahead,0.49986263199001957,-0.011719604942586438,-0.49986263199001957,0.011719604942586438,1.2025419567271998,0.04233056017978919,-1.1910830827924976,0.0932716648301442,1.471481660775949,-0.7999279587551659,-1.5435634806531997,-0.8134622276197502,0.410088137534239,1.8333868275175766,-0.24642761241240163,1.8459069931321368
straight_ahead,0.499850461502296,-0.012227679090558271,-0.499850461502296,0.012227679090558271,1.2042582328913685,0.03564879737601581,-1.1930118094818438,0.10220744805042728,1.2763176628197972,-0.8594719127350401,-1.251843595523347,-0.8499151469495523,0.4012579138802271,1.8281412983551053,-0.25089604674582533,1.8435552146234906
straight_ahead,0.49981520295278503,-0.01359275164439715,-0.49981520295278503,0.01359275164439715,1.204579126588687,0.031067386941814712,-1.202744237306834,0.10647495224304253,1.1931600014615564,-0.8743656766817188,-1.17896788770217,-0.8703400362507424,0.39462099291335107,1.8347030139275056,-0.2566554950623476,1.8490285195560932
straight_ahead,0.49961772175820146,-0.019548199537149657,-0.49961772175820174,0.019548199537149657,1.1963048235988718,0.03254338219591912,-1.204369994042237,0.11329539482422163,0.9387332606426289,-0.8566437301125485,-0.9392516702612224,-0.86015180589299,0.39787358367367437,1.8378806302701018,-0.2575916697790444,1.8450937835105672
straight_ahead,0.499518823752758,-0.021930451811604086,-0.499518823752758,0.021930451811604086,1.1957149532392295,0.0411366107151857,-1.2096195478089506,0.1203029802467786,0.8754163772489825,-0.778579541244212,-0.8875739928458612,-0.8208758028461942,0.40026356015032394,1.8485862770225818,-0.265959284606367,1.8531296955276937
straight_ahead,0.49949850769965404,-0.022388407844652077,-0.4994985076996543,0.022388407844652077,1.191870770794274,0.05122711494200146,-1.2115907132550132,0.12267124986141036,0.8793922426684851,-0.7361315068226078,-0.8927528165449173,-0.8107936446435919,0.4029587247683365,1.8471917516503715,-0.2664713353406999,1.8551148844382321
straight_ahead,0.4994461498171456,-0.023527503752615662,-0.4994461498171456,0.023527503752615662,1.193463650018293,0.05826167010129041,-1.221883274861513,0.13086328733987493,0.9722742296409079,-0.7518857964339628,-0.979762953308943,-0.8196510319686489,0.40568793257523805,1.8443840199038608,-0.26346614611322206,1.8593340544267958
straight_ahead,0.49939246014200434,-0.024640835077497595,-0.4993924601420046,0.024640835077497595,1.1881111120392096,0.06069505233177706,-1.2276318405011812,0.1303894019700896,1.0183743529119407,-0.78419378725033,-1.0267635723024924,-0.8411217876165036,0.4072238830513414,1.845494234807113,-0.26190792840102933,1.8670752264604555
straight_ahead,0.4993602652146002,-0.02528488728082815,-0.4993602652146002,0.02528488728082815,1.1791005814817772,0.06512904760785294,-1.2443360558530296,0.12852206123904816,1.1847452550235094,-0.7989073808413534,-1.290082425656799,-0.8912558191705732,0.41585190470217387,1.8499892667752431,-0.25538406389759666,1.8756813454542107
straight_ahead,0.4993493696170073,-0.025499158086051486,-0.4993493696170073,0.025499158086051486,1.1713997813704473,0.06560747745393467,-1.2563682619564196,0.12449641009250915,1.2567420400464338,-0.8003531172847362,-1.4116714179757281,-0.9080526312611494,0.41816437172254384,1.8422355478507653,-0.25305684626027525,1.8743897718032299
straight_ahead,0.4993622973791135,-0.025244721354251397,-0.4993622973791135,0.025244721354251397,1.1704993881619943,0.053441178572197066,-1.2484106835278894,0.10165301634833492,1.3905123157683075,-0.7869760411623704,-1.5609251670875852,-0.8675526997483018,0.4184136887618492,1.8408998750005183,-0.2531211924713788,1.8736922787437573
straight_ahead,0.49937130792088963,-0.025065849783720444,-0.49937130792088963,0.025065849783720444,1.168851099493223,0.04903014610561168,-1.2464637390870181,0.08848396477143652,1.412498799908031,-0.7415208409222375,-1.5773298866528855,-0.8456101210763597,0.41855992362141037,1.8420564789016265,-0.2537868853553007,1.8733412658387965
straight_ahead,0.4993749784825135,-0.024992616221380298,-0.4993749784825135,0.024992616221380298,1.1669175899605733,0.04714225745160418,-1.2424385913649088,0.08357629961721019,1.4188214475067549,-0.7217320404383387,-1.5792020948853718,-0.8346604477226804,0.42035885447051147,1.8496412294449929,-0.25065018876337186,1.8792653688925682
straight_ahead,0.4993213536108472,-0.026042001233225125,-0.4993213536108472,0.026042001233225125,1.1700792024649371,0.04027360866101071,-1.2470612933777752,0.08285101295853599,1.390792163127398,-0.7467353467663882,-1.5067837181556014,-0.8766755349184397,0.4238583959136629,1.854971013219735,-0.24641016063418394,1.8864931795403872
straight_ahead,0.4993684376570087,-0.025122967022191182,-0.499368437657009,0.025122967022191182,1.2448366970869797,0.015837798932689235,-1.188516793457355,0.12532974464372018,1.2278416266530559,-0.9458266358729189,-1.2506628812271048,-0.8190288681520749,0.3793189481915704,1.7812016302371925,-0.2570016397076271,1.7918698282520351
straight_ahead,0.49934901156415884,-0.02550616885965938,-0.4993490115641591,0.02550616885965938,1.238146026186249,0.03849997532000225,-1.1700238388715007,0.13021484680892187,0.8940161496623052,-0.8508948444842935,-0.9671866133831833,-0.768475649313622,0.3794787701058596,1.7793463139319998,-0.25888939842290826,1.7879966093772997
straight_ahead,0.49935196046904584,-0.025448370787153802,-0.49935196046904584,0.025448370787153802,1.2357121730238207,0.03979892361285672,-1.1592787377522737,0.1285785133609827,0.93725517630906,-0.8629524943190426,-0.9990621604337663,-0.7701292513395908,0.3824856853135902,1.7824031455384957,-0.2554293390284367,1.7909940993646805
straight_ahead,0.4993573195912433,-0.02534299450832288,-0.4993573195912433,0.02534299450832288,1.236143182820625,0.04467725487199018,-1.1524784443717158,0.1257718234764226,0.9757696277649628,-0.8815025139654857,-1.0322993293871323,-0.7770728360258231,0.3832119987914965,1.7860075826694377,-0.2555529907663959,1.7916180195271634
straight_ahead,0.4993790113289082,-0.024911905671027947,-0.4993790113289082,0.024911905671027947,1.2387295901712783,0.05390375264216135,-1.1497354182942867,0.12494438110889783,1.153018776419499,-0.88194354521244,-1.2704570520352032,-0.7796586621765971,0.38636285039414503,1.7872672644144119,-0.25370930449181694,1.7919029236394566
straight_ahead,0.49944393915324975,-0.023574385317224895,-0.49944393915324975,0.023574385317224895,1.2362566822921608,0.06486325420519398,-1.1511644123812395,0.1276392176743017,1.3562602345917736,-0.8746714686708904,-1.4348536618402228,-0.7119720030838272,0.38362383532128996,1.79125752054415,-0.25947333701875186,1.7953038261483725
straight_ahead,0.4994666407298841,-0.023088412635018138,-0.4994666407298841,0.023088412635018138,1.2347718739783122,0.06847332764817567,-1.1523781656776206,0.12861474215302965,1.432870679126049,-0.8111483829194048,-1.4934583933154417,-0.6698224165889808,0.38368332869876726,1.7936894473423215,-0.2595471081441053,1.7966527530496337
straight_ahead,0.49947316526535734,-0.022946833764266518,-0.4994731652653576,0.022946833764266518,1.233456822127788,0.0714450713654318,-1.1533571880940472,0.13072605734390677,1.4510931222789671,-0.7782720067902119,-1.487901660351863,-0.6530197804685656,0.3842109470266621,1.7957361880550118,-0.26051429773827817,1.7986936792969719
straight_ahead,0.4994385247411871,-0.02368881601824939,-0.4994385247411874,0.02368881601824939,1.2363937934677949,0.07190070435936392,-1.1551636835974284,0.13329016482383135,1.3843368265356017,-0.8012497976702304,-1.42204814756446,-0.6907345630478431,0.38712977252115893,1.7995891625879878,-0.2588716886957522,1.8023843512374738
straight_ahead,0.49942830358852575,-0.023903338149458084,-0.49942830358852575,0.023903338149458084,1.2372159032208383,0.07112649326280278,-1.1489709125581715,0.13291398172363447,1.253795606185903,-0.8977263135427412,-1.249033836348722,-0.7440136522009012,0.385422185499292,1.7968821058883093,-0.2575221910186838,1.8001353105487816
straight_ahead,0.4994158236929798,-0.024162678764209567,-0.4994158236929801,0.024162678764209567,1.2334052963921078,0.07071580828140367,-1.1456641599202877,0.14298164948736924,1.1055989788035985,-0.9017780185719723,-1.0887958456998448,-0.7544805998513167,0.38633007872595965,1.787153595846473,-0.25688114692677866,1.7921909065911839
straight_ahead,0.4993952346543273,-0.024584539949920204,-0.49939523465432756,0.024584539949920204,1.2325414160241082,0.07324298063563395,-1.1408914458385553,0.1646053647362453,0.8902316806240206,-0.8563462544200411,-0.9064734118946763,-0.6741994706046632,0.38622337571268295,1.7777581575041006,-0.2565352244156864,1.7807796615380664
straight_ahead,0.499332908369047,-0.025819500764130948,-0.499332908369047,0.025819500764130948,1.2260342836873612,0.07434733759751318,-1.1297041736340498,0.1729497164060064,0.8424306950586401,-0.8396972554667672,-0.864877301512843,-0.6575775335146347,0.38632164106402817,1.7740114682380344,-0.2564407238393698,1.778166888231395
straight_ahead,0.49919559195877955,-0.028350678456144585,-0.49919559195877955,0.028350678456144585,1.2245369530891292,0.06996504575890994,-1.1282927516414305,0.18318296059268077,0.9172738886613985,-0.870353424895376,-0.9351952512723316,-0.6666171205450855,0.38708735810500955,1.7678505690781336,-0.2552745252986107,1.7716618634645473
straight_ahead,0.49915083900569884,-0.029127992033555636,-0.49915083900569884,0.029127992033555636,1.2247258268002255,0.06869243460386285,-1.1243581656157853,0.18521238224066916,0.9649271129176078,-0.8944966244361447,-0.9735928527235922,-0.685616150920588,0.3877637802901918,1.763924163819683,-0.25427069181485523,1.763688029650629
straight_ahead,0.49917819016738263,-0.028655443832130163,-0.49917819016738263,0.028655443832130163,1.2223082600767743,0.0667228140843267,-1.1270444022484285,0.18154464138039922,1.154582815168406,-0.9019960895375929,-1.182579717560684,-0.6937704431514788,0.38946672742908334,1.7666876736592532,-0.25404769774051267,1.766555194800741
straight_ahead,0.4992244260576759,-0.027838326590941407,-0.4992244260576762,0.027838326590941407,1.2103502380450613,0.07070180312291836,-1.128744573293295,0.1784965369674555,1.291521137680084,-0.8941884959405969,-1.3196195217939124,-0.6921327067370975,0.39039124333750175,1.7687055402384442,-0.2531880410771964,1.7682839858063664
straight_ahead,0.4993272054615132,-0.025929556224427833,-0.4993272054615132,0.025929556224427833,1.2041656584973275,0.07698771554776508,-1.130744459624146,0.17531757513726356,1.3512269576548974,-0.8642560825311724,-1.3728766343857455,-0.6915324593746768,0.3914549098975873,1.7710092270067415,-0.2534140739200575,1.770693961387339
straight_ahead,0.49935988140112286,-0.025292466211433575,-0.49935988140112286,0.025292466211433575,1.1977509140033575,0.08465162159785589,-1.131565195106368,0.1747476640341277,1.3835022507488246,-0.8319243340799917,-1.3894618473957505,-0.6691256508973055,0.3919084164109205,1.7739826516489063,-0.2545280518704831,1.7735018804694116
straight_ahead,0.49946489683544065,-0.0231261070905258,-0.49946489683544093,0.0231261070905258,1.1997494475527435,0.08594344779370569,-1.1331813349256048,0.17390788396575918,1.3707044280328304,-0.8366132934696476,-1.3691484280164332,-0.6719346494075772,0.3923265682664195,1.7751631890388586,-0.2541724647550563,1.7747218340440298
straight_ahead,0.49947545599928383,-0.022896918008925668,-0.49947545599928383,0.022896918008925668,1.2033324343816658,0.08579821913010828,-1.130196649509928,0.17337111115994863,1.3598313319365842,-0.8798470141751932,-1.3488967588095893,-0.7021498396580179,0.39435828841616133,1.7749063622456032,-0.249752114418898,1.7744137951034054
straight_ahead,0.4994630604219681,-0.02316573491001936,-0.49946306042196836,0.02316573491001936,1.2058705300291797,0.07910901828545411,-1.1204054182594105,0.1742071136925907,1.1293538031896435,-0.9172798235086734,-1.1387300623118355,-0.7258900575094436,0.3963847386220837,1.7681261407697826,-0.24652426279230252,1.7716415670577252
straight_ahead,0.499471102772577,-0.02299168317339288,-0.4994711027725773,0.02299168317339288,1.206480085899464,0.0792938167787768,-1.11079774402958,0.1706870360922424,0.920500009908807,-0.9048159250692912,-0.9377089901786307,-0.7256122301944204,0.3964617770411473,1.7577858528664538,-0.24411971314011394,1.7649077974930425
straight_ahead,0.49944585370166894,-0.02353378890469955,-0.4994458537016692,0.02353378890469955,1.2079235854683104,0.08163199937329538,-1.1065169297296726,0.1691155547386739,0.8849772648418816,-0.8800113441047395,-0.9067917652014013,-0.7095084086529789,0.3963031795901307,1.7539643993462817,-0.24455154291700326,1.7631885093586137
straight_ahead,0.49942463578645496,-0.02397984923986891,-0.49942463578645496,0.02397984923986891,1.2083533685834666,0.08385323858952663,-1.1002891878569685,0.17060664819431245,0.8919555031260465,-0.8619493012085576,-0.8992264091421395,-0.7065044995465491,0.39659218300213106,1.745789646906585,-0.24489838079672085,1.7541577210111232
straight_ahead,0.4994659460850794,-0.02310343483849154,-0.49946594608507966,0.02310343483849154,1.2169938391413593,0.08456503761546987,-1.0992534159619902,0.17098053337868607,0.953638554992047,-0.9139880654719333,-0.9616063218658196,-0.7330341025188173,0.39684079684222057,1.7525809082177553,-0.24529787173153947,1.7638222165311797
straight_ahead,0.4995208086842158,-0.021885193429968273,-0.4995208086842158,0.021885193429968273,1.2263091650589786,0.09183341431875253,-1.1005958398547346,0.17293763164421286,0.9712649385233298,-0.91870338481865,-0.989571328451628,-0.743608612607419,0.39697653171445724,1.7554666866413815,-0.24637644079760224,1.7665358203744392
straight_ahead,0.49959678629606674,-0.020076133159606293,-0.49959678629606674,0.020076133159606293,1.228096109824621,0.09957569383718595,-1.0993504176523607,0.1696892332854454,1.118454051963982,-0.9199166285058198,-1.1560317024660178,-0.7491844537998997,0.3972121196216895,1.7639464369855589,-0.24677041615919096,1.7776511297744484
straight_ahead,0.49963613486595265,-0.01907177852774735,-0.499636134865953,0.01907177852774735,1.2353381430433286,0.10111090395256897,-1.1133447322656982,0.16902324767972454,1.2417097420451941,-0.9219793136847738,-1.2970873677769938,-0.721733771611854,0.39691530618228443,1.784824637272478,-0.25260609802255973,1.799498042455466
straight_ahead,0.49964758818457283,-0.01876932660857926,-0.49964758818457283,0.01876932660857926,1.24147026640877,0.1035415819168606,-1.1241771100520528,0.17033030173324434,1.2786649923261757,-0.8927669138416404,-1.3391977297355548,-0.7033733226830047,0.39661867864635475,1.8039206041402625,-0.2590192514021264,1.8151626128019756
straight_ahead,0.4997038152124796,-0.017207471112633047,-0.4997038152124796,0.017207471112633047,1.238844719344778,0.10944796689084484,-1.135728999279376,0.15832624702284953,1.2936205153114777,-0.8990572009884469,-1.4049158186539468,-0.7026440405975237,0.3969497789766797,1.8205034340847535,-0.26438771354758167,1.8316297676404887
straight_ahead,0.4999173406870719,-0.009091340955333146,-0.4999173406870719,0.009091340955333146,1.2391915492904506,0.11454379161718668,-1.1660866040459035,0.1648341275478329,1.2660363725214399,-0.8981565310650709,-1.3733716489301124,-0.7061492325266115,0.3953612824979059,1.8309698129388372,-0.2684565722812104,1.8409543030446796
straight_ahead,0.49997148164612826,-0.005340181698712187,-0.49997148164612826,0.005340181698712187,1.2390103877547247,0.116316040086093,-1.1746513868264858,0.17042434385957203,1.2645238858737504,-0.8945921354062165,-1.3753762325851948,-0.6989325034776661,0.3954095845901331,1.8385909482517924,-0.2690148373580217,1.8462409526801127
straight_ahead,0.49997125244467844,-0.005361597607025175,-0.49997125244467844,0.005361597607025175,1.2384276870631798,0.1101010463395035,-1.1771379600944896,0.16129548654120096,1.2896218187103579,-0.8913606267263094,-1.3979002335035375,-0.6995782566147158,0.39447707935765325,1.8396521850024594,-0.27165695289511094,1.8455471190963342
straight_ahead,0.499963972086463,-0.006002217550734808,-0.49996397208646326,0.006002217550734808,1.2387016392697179,0.10495870362881536,-1.1788832655748023,0.15943093832110664,1.3010344929225597,-0.8859434236173925,-1.387642329878097,-0.7019635325881399,0.3944645697716021,1.8379679289300368,-0.2719396287451137,1.8404613046942344
straight_ahead,0.4999764271515199,-0.0048551305647508425,-0.4999764271515202,0.0048551305647508425,1.2365052055132681,0.08963727107891505,-1.166195988205298,0.15653249067156597,1.2783269449967656,-0.9314124598253238,-1.3019952097683787,-0.7576300873367554,0.3899963943806321,1.823629285228019,-0.271911384001038,1.8262529448412694
straight_ahead,0.49997844886416726,-0.0046422700676645836,-0.4999784488641676,0.0046422700676645836,1.2358473350811086,0.08790484995547954,-1.1623183947750875,0.15710703352311808,1.2620729128078245,-0.947174369406595,-1.2252267812783857,-0.7604026781171453,0.38988213892620677,1.8199790904432094,-0.27022481438893065,1.824090065953494
straight_ahead,0.4999760417736413,-0.004894655489606215,-0.4999760417736416,0.004894655489606215,1.23253588137662,0.08677209428165694,-1.155586948537013,0.17262202909364857,1.0901016343227754,-0.9420857039999495,-1.048066190289988,-0.754698345890035,0.39008043827510785,1.8116893700926107,-0.26745523920025627,1.8157833027505328
straight_ahead,0.499965486468382,-0.005874720455812102,-0.4999654864683823,0.005874720455812102,1.2315641083678908,0.08324748159709094,-1.154137795869068,0.1803189503222872,1.015692973075147,-0.9385683989620336,-0.990712554261028,-0.7522469937843531,0.3901909682380113,1.807390023163504,-0.2664783818005741,1.813459075882813
straight_ahead,0.4999513643301191,-0.006973758273155691,-0.4999513643301194,0.006973758273155691,1.2315386143263984,0.08651992578852251,-1.1575130982888902,0.19059469397140816,0.9156854159183037,-0.8705025584877759,-0.9331017370001016,-0.6970737232687578,0.38700515664689633,1.8003724353028305,-0.27151772080519976,1.8070964906835996
straight_ahead,0.49992288337296803,-0.008781268704338692,-0.49992288337296803,0.008781268704338692,1.2303155345840697,0.08962397652744425,-1.1592191952113566,0.2032454505799373,0.8909163024108435,-0.8465293073240424,-0.9266579476403114,-0.6577570119129755,0.3834682227174253,1.799536831933443,-0.2745659421517338,1.8044092568354722
straight_ahead,0.49990868344769884,-0.009555533139930444,-0.4999086834476991,0.009555533139930444,1.2392203583819184,0.09301913048267287,-1.1600788372122222,0.20648391417715686,0.9392166918270053,-0.8404447357255294,-0.9604352882437178,-0.665345017629072,0.38151084628250065,1.7962680940943636,-0.27598026690399796,1.797103880678453
straight_ahead,0.49990193488452184,-0.009902297648084524,-0.49990193488452184,0.009902297648084524,1.2425962289154626,0.09509814952602552,-1.1559994215488036,0.20747732592245774,1.0410725850196323,-0.8422204689952418,-1.0980999282359234,-0.6690003382322325,0.3830777627908117,1.7976669606151714,-0.2715825550642025,1.8078869960590422
straight_ahead,0.4998953883877026,-0.010227446832321723,-0.4998953883877026,0.010227446832321723,1.2442135787414417,0.09938224893991932,-1.1609041963842537,0.20313052500065132,1.1174899623137902,-0.8428424791154494,-1.2090790226539667,-0.7034441765223827,0.3831554458001478,1.7909986644478952,-0.2689964780695951,1.8032597667131882
straight_ahead,0.4998890695816904,-0.010531766839039515,-0.4998890695816904,0.010531766839039515,1.2463690322449912,0.11034053429475298,-1.1677453450192639,0.20068802139656636,1.2726509040806813,-0.8329973727843195,-1.4022033524418784,-0.6715053931862384,0.3853081631048055,1.8138910479203492,-0.26675522415926456,1.8174201308901408
straight_ahead,0.49988456352946375,-0.010743516414912491,-0.49988456352946375,0.010743516414912491,1.2476813808433675,0.1135311440604528,-1.1734642654003493,0.20002321644864535,1.3607999581508998,-0.8300062986516267,-1.458951085340112,-0.6463037331294328,0.38590608160829576,1.821371248956576,-0.2662057871314167,1.8216119254940077
straight_ahead,0.49980809024879236,-0.013851820163972756,-0.49980809024879236,0.013851820163972756,1.2421306673334018,0.10931884894205127,-1.1762627530058778,0.19585263565147443,1.4588208466402754,-0.7468613060879471,-1.5369042733078218,-0.5913213998641604,0.3832327357977991,1.815725876807488,-0.26831722231545413,1.8168621053066119
straight_ahead,0.49977778040233256,-0.014905375410162871,-0.49977778040233256,0.014905375410162871,1.2362347344304676,0.10733064373599195,-1.1786027115796927,0.19402794561319892,1.4709008935924486,-0.7224278877047218,-1.5480011296509713,-0.5828013365226039,0.3806562903769235,1.8087294759991053,-0.2694023325075653,1.8130101112908927
straight_ahead,0.49978487412866435,-0.014665592118805588,-0.49978487412866435,0.014665592118805588,1.2403030543350555,0.09034969768391962,-1.1789513138140666,0.19372300770037595,1.456784526017481,-0.7356719092747147,-1.4951192927636812,-0.5902857317755469,0.3787209723177123,1.8048313534737792,-0.27022157664905727,1.8081987323410154
straight_ahead,0.4997944236018327,-0.01433646178496848,-0.4997944236018327,0.01433646178496848,1.2466876530241455,0.07338775271095348,-1.1832538692887913,0.19166543638625133,1.4470302242855821,-0.7723183739677854,-1.4620108748846259,-0.609767963272185,0.37866953630612155,1.803591356405226,-0.2703018962346463,1.8059483348866996
straight_ahead,0.4998103183701494,-0.013771189154531927,-0.4998103183701494,0.013771189154531927,1.2471136513973353,0.07407850879681356,-1.1909994774990553,0.18392485030037056,1.3913099433253426,-0.8211690396774914,-1.354083195410097,-0.75748743575293,0.3737880186278756,1.803794856717352,-0.2770088670594737,1.8064560067127415
straight_ahead,0.49980203517271066,-0.014068604664871396,-0.49980203517271066,0.014068604664871396,1.2464117079593768,0.06175259723002858,-1.1912983924224585,0.16643576201583,1.309759960963725,-0.8865504511556518,-1.2769278010596459,-0.7942918684421678,0.3694739747497129,1.8016891359646428,-0.2798144721108221,1.80493944604698
straight_ahead,0.49978493626253934,-0.014663474521732585,-0.49978493626253934,0.014663474521732585,1.2432804878227925,0.041157983812246224,-1.1904752055690313,0.16700436143074293,1.1504435598280789,-0.8982589473765172,-1.1166710587686863,-0.795717930689516,0.36537276807689856,1.7914188752948952,-0.28436134332606045,1.7971396680525455
straight_ahead,0.49974172852170395,-0.016068751480419623,-0.49974172852170395,0.016068751480419623,1.2432139303272025,0.040818652599727924,-1.193248516650087,0.16908615862646761,1.0979401720360094,-0.8944193943694567,-1.054796750671282,-0.7877939265312809,0.3636331166070752,1.7879120500812264,-0.28593893492209815,1.7940201546792425
straight_ahead,0.4997051512159733,-0.01716862977122092,-0.4997051512159733,0.01716862977122092,1.238834822473842,0.033277777648128365,-1.195267647289392,0.16923918904450533,0.9705106801043861,-0.8896925580457359,-0.9488094650991183,-0.778029564836496,0.3609015118282477,1.7875346203252387,-0.28832827278826295,1.7933147540858907
straight_ahead,0.49965315604344523,-0.018620517066519664,-0.49965315604344523,0.018620517066519664,1.2362001451481348,0.02740670328880305,-1.1957652208598761,0.16862398274911236,0.9601695033332754,-0.8853918926492036,-0.9571048569553887,-0.7724873676519699,0.3568505858577018,1.7842079554422927,-0.29218342451556667,1.7912274614065617
straight_ahead,0.4995905103285525,-0.02023170753189966,-0.4995905103285528,0.02023170753189966,1.2358796664749532,0.025625932645469657,-1.1969778949782286,0.16765821480225254,0.9619613756139361,-0.8819798727494929,-0.9791555989606188,-0.770441271023977,0.3561524948411702,1.781729177464994,-0.29260763806697815,1.7905378816021238
straight_ahead,0.49952994181868193,-0.0216757289756121,-0.49952994181868193,0.0216757289756121,1.2356036270442168,0.027946954075851262,-1.1975466544715272,0.1681406456282992,0.9949683846240607,-0.8777097645304668,-1.0105225237093247,-0.7877106884101438,0.35583619152059615,1.782953902538085,-0.29308044017247203,1.7957815715002738
straight_ahead,0.4995471889640969,-0.02127453872751981,-0.49954718896409717,0.02127453872751981,1.2344414117646785,0.029114596068783957,-1.1979760705028697,0.16938796555326907,1.0041465669711493,-0.8885415263385892,-1.0742956601791127,-0.7851168150569715,0.3550573331279659,1.780353057143549,-0.29351209065123157,1.7992136260398384
straight_ahead,0.49958602250695217,-0.020342224944265054,-0.49958602250695217,0.020342224944265054,1.2349241341400765,0.02581452302423691,-1.2032351403754682,0.1629337298245717,1.1204500428540933,-0.9112785626151123,-1.291723138880938,-0.7916645522891904,0.35519751871596217,1.7822628919215178,-0.2916901066145016,1.8056247744664446
straight_ahead,0.4995239776644346,-0.021812742567162223,-0.4995239776644349,0.021812742567162223,1.2306756269384473,0.11465932864583363,-1.2073394714297212,0.16680312219031268,1.0889908595341629,-0.7658392374677646,-1.018871334295957,-0.7928791033390095,0.3576811131491187,1.7884084962528792,-0.29538468982331906,1.8088640382404553
straight_ahead,0.49944931438842705,-0.02346022925996234,-0.4994493143884273,0.02346022925996234,1.2239463199539402,0.12718374421469736,-1.2130765525406157,0.1793984840667944,1.0261074975419342,-0.7243776790484446,-0.9204877812588581,-0.7771206053111194,0.3647115050671735,1.8013487102092234,-0.29266160891463827,1.8222202506249123
straight_ahead,0.49951366290042587,-0.02204768867250481,-0.49951366290042587,0.02204768867250481,1.222648088297782,0.1305718590196901,-1.2177714900722567,0.1778222427894431,1.0636471695980305,-0.7436415097340979,-0.9525720975745475,-0.8169887002227256,0.37082013966975635,1.8141864821375109,-0.2911636987051258,1.8390779763787322
straight_ahead,0.4995447344752449,-0.021332094553909987,-0.49954473447524517,0.021332094553909987,1.2215037128305237,0.13056423780133142,-1.2314887988941143,0.1771011500635173,1.2318864404785606,-0.7606170814388724,-1.2582318777779138,-0.8256221512125289,0.37445372720567605,1.8211964685565125,-0.29034641453242865,1.8539789584126973
straight_ahead,0.4995394356770525,-0.02145581980376815,-0.4995394356770528,0.02145581980376815,1.2191326241949187,0.15975518967242905,-1.2352304500166595,0.19164087093235446,1.3804630381143532,-0.7145257535590834,-1.478296446929363,-0.7387875084226733,0.3790548035228755,1.816896905645701,-0.2874414365021499,1.8498142930639114
straight_ahead,0.49959517589738117,-0.020116168125778874,-0.49959517589738145,0.020116168125778874,1.217765440489423,0.17829751094366042,-1.2336674467227027,0.20040674229739738,1.4116845213011326,-0.6880525261956061,-1.518426355417216,-0.6967218333210689,0.3848852778971917,1.8173863727599142,-0.2787648670032468,1.855017855942521
straight_ahead,0.49950078712789436,-0.02233749445694183,-0.49950078712789436,0.02233749445694183,1.2182998000459113,0.16970710852501358,-1.233261426507808,0.19758750875805664,1.4200682112427083,-0.6965906818283399,-1.5114091784044406,-0.7049343611861224,0.38913129906127775,1.8158442648994195,-0.2760010963346676,1.8490526540321355
straight_ahead,0.4995282592916681,-0.021714469117065354,-0.4995282592916681,0.021714469117065354,1.2198029067976441,0.16172550098535313,-1.2404296609751795,0.14131324936262948,1.3752070433363808,-0.730308532782539,-1.440447972579081,-0.8606100935854388,0.3924423814462051,1.811121537166657,-0.2719088200457604,1.8333720346382703
straight_ahead,0.4995386229616103,-0.02147473328398128,-0.4995386229616103,0.02147473328398128,1.2190339214931771,0.12488954162968706,-1.2323388418917218,0.031350138155922386,1.2811718281608662,-0.7944143885665924,-1.227607786059908,-0.9978676663868684,0.39496483622749096,1.8058933092476095,-0.2515872410457422,1.8302715485203425
straight_ahead,0.4995515536881025,-0.021171802185990185,-0.4995515536881028,0.021171802185990185,1.2185108525750448,0.08762919652027226,-1.2303099242078057,-0.010341555734623824,1.2013389846627827,-0.8439379744439809,-1.140169959872773,-1.0349910574054468,0.3954572508220502,1.8065390503356016,-0.24963569661071167,1.8305525882822598
straight_ahead,0.4995208823577955,-0.021883511795172377,-0.4995208823577955,0.021883511795172377,1.2155262128913906,0.06623143325150263,-1.2276593388784478,-0.017118031437288232,1.0370078272468353,-0.8455676408693075,-0.9566448432013479,-1.0038269108866464,0.39594134693508787,1.8037798493804145,-0.2487445506531101,1.830845454221733
straight_ahead,0.4994591042404176,-0.023250875066535566,-0.4994591042404176,0.023250875066535566,1.2106653515127968,0.06638909398087904,-1.2138467633663192,0.0022655164590989012,0.9286458694152688,-0.811455464128257,-0.8724180671317622,-0.9863121573248606,0.39612612057719976,1.8049717064340152,-0.24917002329743396,1.8332197370500594
straight_ahead,0.49941929019969605,-0.024090923112901962,-0.49941929019969605,0.024090923112901962,1.211682322268262,0.035581787000124876,-1.2135426930407354,-6.481917051600558e-05,0.9677686922964935,-0.8447714387558316,-0.9105516897767311,-0.9731585274822274,0.3959903081618436,1.8058045408450834,-0.25158773513155125,1.8347781042790976
straight_ahead,0.49936818140688255,-0.025128059980485513,-0.49936818140688255,0.025128059980485513,1.212138633441259,0.012637920016939454,-1.2130347014289458,-0.002770573173147846,0.9983384468503247,-0.8835346947361267,-0.9379830138142112,-0.9831993191469043,0.39592668645118173,1.8038978140489692,-0.2517451379235139,1.8340979398374166
straight_ahead,0.4993509985294377,-0.02546723910543406,-0.49935099852943804,0.02546723910543406,1.2115048689046044,-0.026170509276681287,-1.2110397007367355,0.0008524807600307647,1.1072923840661282,-0.9385530469052172,-1.0583460197894976,-1.0132216839886776,0.396034986630664,1.813105938237059,-0.24954148185138925,1.8422438787672677
straight_ahead,0.49940450562005145,-0.024395486598792305,-0.49940450562005173,0.024395486598792305,1.2078318775956172,-0.05002096366955001,-1.2115071365659804,0.004025655377243033,1.2530348156070705,-0.9503634802585554,-1.2866068898531375,-1.0072644638657635,0.39699717734401907,1.8004726034797525,-0.24427914029763198,1.8346132837202744
straight_ahead,0.49938423520239567,-0.024806967394632912,-0.49938423520239567,0.024806967394632912,1.2082069511288835,-0.07217801116770235,-1.2153534718998245,0.005771133417608911,1.305354787768209,-0.9650463704665359,-1.3605045500035502,-1.0012224183038518,0.3969866205518556,1.7940282603795783,-0.2446206152974241,1.8299959456772164
straight_ahead,0.4994018967060451,-0.024448835686073332,-0.4994018967060451,0.024448835686073332,1.2127477811722116,-0.08485275643026077,-1.2195640255117253,0.023770748254275047,1.348063762401188,-0.9893294134375821,-1.433358681489612,-0.9776619425720522,0.39588543428464296,1.7897042453838758,-0.2455448960451045,1.8262195676540587
straight_ahead,0.49941247497920543,-0.024231793890352536,-0.49941247497920543,0.024231793890352536,1.2169294993202462,-0.07598332604107358,-1.2196475073971254,0.0319966334797586,1.3075827371627717,-0.9966176251497062,-1.3540596278754473,-0.9825010408389397,0.3962017854524521,1.7888682753689749,-0.24540612875756948,1.8233032606032515
straight_ahead,0.4994305379819692,-0.023856607701868374,-0.4994305379819692,0.023856607701868374,1.2190935246374028,-0.07182446514447866,-1.2191874818644373,0.03163979697700303,1.3034599330702068,-0.9913293868458818,-1.3183704063922617,-0.9886905053643004,0.39593994389877085,1.787702165611327,-0.24572448065672328,1.821388524544705
straight_ahead,0.4994284576090458,-0.023900119879397053,-0.4994284576090458,0.023900119879397053,1.2190089622956677,-0.06648237519339625,-1.2195135343749963,0.02918377140805646,1.114347324753872,-0.990648679659878,-1.109152578660673,-0.9961858541082058,0.3958579731183138,1.7862292387293262,-0.24744586583906644,1.8251284402026504
straight_ahead,0.4994236903354362,-0.023999531906567784,-0.4994236903354362,0.023999531906567784,1.217804079897703,-0.06260723980485558,-1.2174363560194623,0.0236525037441495,1.0240963789279967,-0.986709793247726,-1.0317737396534414,-0.9952319290980202,0.3959682064410529,1.7847025524181208,-0.24743985298811724,1.8247172690544409
straight_ahead,0.49947168954349663,-0.022978932624576346,-0.4994716895434969,0.022978932624576346,1.2115995450171517,-0.04660451582724779,-1.2006120442209918,0.026146679090319154,0.9014227175614744,-0.8612834304403835,-0.8606140178821348,-0.9447881961006502,0.3917791272829677,1.776779437110798,-0.25337637183847206,1.812332598402181
straight_ahead,0.4996095652073043,-0.019755565123989127,-0.4996095652073046,0.019755565123989127,1.21085986321009,-0.02913774802760305,-1.2005582324368962,0.030041452963623948,0.8853199143626913,-0.8198992457128356,-0.8119198490139297,-0.9012276946007984,0.38818986119090154,1.790709647023103,-0.2627612169225635,1.8143385793000077
straight_ahead,0.49971686874432314,-0.01682412233576893,-0.49971686874432314,0.01682412233576893,1.2097923805094495,-0.010852689790659746,-1.2057957799372487,0.03411229448903147,0.8962970326421696,-0.8104140189968868,-0.8266997372154358,-0.8863000628668458,0.3842318058492651,1.797799018163631,-0.27302435569084776,1.8115777281292107
straight_ahead,0.49968124714446116,-0.017850805364350412,-0.49968124714446116,0.017850805364350412,1.2096212158404809,-0.009361080781624983,-1.2055283625339732,0.022961405140886768,0.9507682893447331,-0.8226121868988626,-0.9019450079233674,-0.9082621885082611,0.3852228854052894,1.7984709942437842,-0.26826601834361935,1.8173462277917822
straight_ahead,0.4996753609008512,-0.018014819138809254,-0.49967536090085146,0.018014819138809254,1.2154372860620604,-0.010399548676847316,-1.2067931917710366,0.02283502961586907,1.158724568350364,-0.890395468969615,-1.086244043484896,-0.9734711329313892,0.38509065741678555,1.806051713952948,-0.26642467434159617,1.8267423861828127
straight_ahead,0.4996589005512101,-0.018465727712601247,-0.4996589005512101,0.018465727712601247,1.2144060128559122,0.0008005552577974418,-1.2129863171492572,0.01994034716875204,1.368857043420563,-0.8844324476674237,-1.319704599817336,-1.0239007938070364,0.38539026668355103,1.798736001110721,-0.2672781807919704,1.8195074671664664
straight_ahead,0.49961516804572076,-0.019613359188222917,-0.49961516804572076,0.019613359188222917,1.2126640087019633,0.004398187462084357,-1.2198417226445133,0.008187037514359367,1.4200796253633874,-0.8548217471736825,-1.3997548190904143,-1.0238957469129883,0.3869642728853819,1.7932504131867364,-0.26450541515644993,1.8116277396652916
straight_ahead,0.4996306157720356,-0.019215821170497045,-0.4996306157720356,0.019215821170497045,1.2068061277604805,0.002877609519458084,-1.2155236937088574,-0.02504448931477937,1.4507790710501909,-0.8098024249717688,-1.47127897222567,-1.0177002682211367,0.3882613026141355,1.7891372754551096,-0.26181114220320667,1.8097102494598012
straight_ahead,0.49964016098149494,-0.018966009975365655,-0.4996401609814952,0.018966009975365655,1.2137345088497014,0.023836328313026317,-1.2085936508201285,-0.025834577957083247,1.4242898745625103,-0.8379352505783129,-1.347068984504206,-1.0436769120072935,0.39615359581752707,1.806607448535909,-0.25414954590079936,1.8263245382921134
straight_ahead,0.49965918911625457,-0.018457917858925425,-0.49965918911625484,0.018457917858925425,1.2085090747637954,0.031616485124869975,-1.2124512745951592,-0.024400800033705934,1.1968023220282193,-0.8438848693808618,-1.110934091713888,-1.0488061389186103,0.39928070214563577,1.815761525713287,-0.2536512649595666,1.8409202427160338
straight_ahead,0.4996789565542159,-0.017914808871151048,-0.4996789565542162,0.017914808871151048,1.2126057906510666,0.039324247827450885,-1.2157316084451857,-0.0231065863642559,1.1748027598964719,-0.8512557252844754,-1.1080616324948174,-1.0595018056611447,0.40269216694202414,1.8290491913722609,-0.2552729309050183,1.862071254183594
straight_ahead,0.49968166665918806,-0.017839058402731065,-0.49968166665918806,0.017839058402731065,1.2127094694697471,0.04879688657460729,-1.2261832741835712,-0.021829773081329263,1.304628778524613,-0.847830609541711,-1.3782599023529534,-1.0546492834784278,0.4071083619036525,1.8249266996816873,-0.24944389511891255,1.8628941061905193
straight_ahead,0.49966134733828504,-0.01839940151444188,-0.49966134733828504,0.01839940151444188,1.1972439870471554,0.05171176519511216,-1.229644738554651,-0.008758686408990201,1.4190345821214387,-0.7310556211345769,-1.5053417517057919,-0.9635791624005836,0.4077265487222496,1.827074761326893,-0.24890099960465814,1.8636259453321797
straight_ahead,0.49974867512987303,-0.015851236732082066,-0.4997486751298733,0.015851236732082066,1.1950362543391129,0.05398016205942103,-1.23223450814964,-0.007081298596977294,1.4357166348177872,-0.7460167269623997,-1.4961447987371854,-0.9597395790473779,0.4089315252274376,1.8237964134918707,-0.24620719585564269,1.8595879229689138
straight_ahead,0.499759239814935,-0.01551458087085503,-0.499759239814935,0.01551458087085503,1.1950132882374351,0.05402985208792278,-1.2342089358185662,-0.02146298825419668,1.4068665201446757,-0.7529552968156366,-1.4360912680177205,-0.9828678171838398,0.4112015371071723,1.8191133916789322,-0.2429949564720415,1.8523762361442566
straight_ahead,0.49977254578327734,-0.015079870069133576,-0.49977254578327734,0.015079870069133576,1.2027097641483129,0.05510117328001143,-1.2307460704704556,-0.020079694054021966,1.3472870740232517,-0.8240019406843665,-1.2674260068467835,-0.9903825832858473,0.41162986718104927,1.8170959541658824,-0.24154500636776108,1.8504740414249414
straight_ahead,0.4998680430861519,-0.011486492119918418,-0.4998680430861519,0.011486492119918418,1.2074519717939527,0.057669336136813694,-1.231359871326345,-0.015911909486884243,1.223842485119167,-0.8418056151579706,-1.0828105511494412,-0.992934027691806,0.41249493919859015,1.8226210782336099,-0.241138386998356,1.856332622359321
straight_ahead,0.4999065007832582,-0.009669047245630134,-0.4999065007832582,0.009669047245630134,1.2105870897574957,0.058038570697230535,-1.229924045785157,-0.016479791881520316,1.1614761988100926,-0.8471706862927559,-0.9956887274344597,-0.9970998151168886,0.4131476811761372,1.8267583507363643,-0.23954215257203676,1.8601918389469678
straight_ahead,0.4999466894780947,-0.00730121085118417,-0.49994668947809495,0.00730121085118417,1.2161860511009774,0.06191986095224916,-1.2145139461512537,-0.012417833759509863,1.030665383803307,-0.8377633351980828,-0.8733794593928235,-0.9505214482765355,0.4111901672086016,1.83191119011143,-0.24288585844572075,1.8563425857556755
straight_ahead,0.4999593821777115,-0.006373081866806001,-0.4999593821777115,0.006373081866806001,1.2195220151633284,0.06758276469258401,-1.2073030476658417,-0.007323400492155287,0.9985823408607388,-0.8102557084250211,-0.8509403901614787,-0.9068017999190191,0.40815289862984006,1.8309702782673147,-0.24511772810260396,1.8474533909759585
straight_ahead,0.4999702317002799,-0.005455952122994415,-0.4999702317002799,0.005455952122994415,1.2189842982071097,0.072395383510861,-1.2094586417426005,0.0017976170760823714,0.9856881555388857,-0.7935318243429413,-0.870954650294919,-0.885050116028784,0.40593169634562404,1.8239369750099368,-0.244579674779912,1.8400316469764202
straight_ahead,0.4999749748096503,-0.005002455805854358,-0.4999749748096503,0.005002455805854358,1.2192555843096582,0.07249794716568758,-1.209556818689037,0.011055962328635429,1.0063692399784627,-0.7995326890132256,-0.91960185847967,-0.8859379998324598,0.4047508407580395,1.8217588515345198,-0.24538442329353188,1.8362568344589907
straight_ahead,0.49998088626775244,-0.004371883680155184,-0.49998088626775244,0.004371883680155184,1.2226547584639336,0.0718380011875879,-1.2117164894192125,0.013535310665306314,1.0295258840955188,-0.8034324431925234,-0.9474131911761347,-0.8904922716316005,0.40452119925839664,1.8208193317607662,-0.24471420811235617,1.83757268939042
straight_ahead,0.4999559054304608,-0.00664022779791127,-0.4999559054304608,0.00664022779791127,1.2323879705768785,0.06623321106816317,-1.211132460784162,0.016282339252816323,1.1376336105697942,-0.8437213809455978,-1.1300083447625193,-0.9141629504667963,0.40367464569404893,1.8161374934689256,-0.24412315953472724,1.8310205278052438
straight_ahead,0.49986524604380844,-0.011607575007848826,-0.49986524604380844,0.011607575007848826,1.2411323450010825,0.06196839134226102,-1.2085419272729894,0.017777799855217977,1.2410380923620432,-0.8559006628217433,-1.2784950578100234,-0.9381990765221843,0.4060551714794129,1.8114574805626569,-0.24182508351376747,1.8263004586606073
straight_ahead,0.49979288368793373,-0.014390045687883823,-0.499792883687934,0.014390045687883823,1.239648396911851,0.05933690921237374,-1.2052340625580016,0.019110899008509045,1.4053410272456661,-0.8546574286823455,-1.4503915181611544,-0.9080076269142844,0.39964581449568753,1.7942884188298105,-0.24401530641950886,1.808800749334837
straight_ahead,0.4998004839081252,-0.014123607372193281,-0.4998004839081252,0.014123607372193281,1.2372288425903997,0.057151157283193185,-1.2049060304415065,0.017820708416457463,1.4572316077382839,-0.8219836685446399,-1.4918355590247463,-0.8755985072879594,0.39716715385183016,1.7865687172634563,-0.24639365921193396,1.8013367994882858
straight_ahead,0.49981629476919714,-0.013552545266146809,-0.4998162947691974,0.013552545266146809,1.2364137636769323,0.05584462216906021,-1.2046877721879274,0.0168941952206436,1.4568499303138098,-0.8214795529504689,-1.4478444744591947,-0.8753949351770356,0.39515212016138695,1.7817297316083542,-0.25179146014342474,1.79358133082225
straight_ahead,0.4998533612915051,-0.012108559186955256,-0.49985336129150537,0.012108559186955256,1.2434560003985657,0.0600559672530263,-1.2051587113944953,0.018536605749045275,1.389346005499988,-0.8489901673545014,-1.4054647153376232,-0.9193069508860409,0.39393965262563885,1.7743592234634726,-0.2553762254070628,1.7795515658701093
straight_ahead,0.4998700626568838,-0.011398265631354723,-0.49987006265688405,0.011398265631354723,1.2473053383091026,0.06158456562802556,-1.1993669070106316,0.030635596913906132,1.37586261590355,-0.8658240706695263,-1.3018226393371704,-0.9255290018270051,0.3931879853425968,1.7750827847762272,-0.2567630182217668,1.7793540036516373
straight_ahead,0.49988513698738246,-0.010716800786881744,-0.49988513698738274,0.010716800786881744,1.241078735507773,0.06353170475924796,-1.1793057813970196,0.04742703728780994,1.119858283169949,-0.8629271810186487,-1.00495552270299,-0.8785517562924183,0.3890025906021988,1.7731507356705647,-0.25937144680640406,1.7742561680463487
straight_ahead,0.4999382043908769,-0.007860775434120159,-0.49993820439087716,0.007860775434120159,1.233918768238772,0.07146928993046074,-1.1691516454767235,0.057404718173829465,0.9724487118389953,-0.8119262987519618,-0.9098011501864638,-0.8248561709753611,0.3805988799969263,1.7675422976683508,-0.26558956070570916,1.7570678968206865
straight_ahead,0.49993037165765186,-0.00834406940539488,-0.49993037165765186,0.00834406940539488,1.229135323103983,0.07211449159018128,-1.167482473468405,0.059837406054831795,0.9448273658436889,-0.8022796703029955,-0.918484893853623,-0.8217353223305452,0.3773849635462105,1.7659527198959801,-0.2672367806188447,1.755850310323123
straight_ahead,0.49990749765926495,-0.009617368873658287,-0.49990749765926495,0.009617368873658287,1.2250197798351894,0.07150051117908239,-1.1654001747654785,0.0621497281386388,0.9582406311856339,-0.8032923893070596,-0.9385248251662754,-0.8244249043823304,0.3750366802958081,1.7585299703070962,-0.2678830893181373,1.7513962459062362
straight_ahead,0.4999099040624149,-0.009491460388529998,-0.4999099040624152,0.009491460388529998,1.2279264439248947,0.07126114556078317,-1.1676074212253489,0.05256921662279957,1.0692218062331025,-0.8234606777767308,-1.091464606054643,-0.8848201000149705,0.37573432243634336,1.7603490558157648,-0.2650326704668947,1.7536052754963136
straight_ahead,0.4999078185369817,-0.009600675267721173,-0.4999078185369817,0.009600675267721173,1.2300209138398681,0.06967623190888791,-1.1708838940229906,0.046444440706039467,1.1364076155461795,-0.8504425676781522,-1.1863561743716802,-0.9107549472081038,0.376958455858214,1.7626880449099687,-0.26083214460307746,1.755517475187131
straight_ahead,0.49990706290513254,-0.009639940744832116,-0.49990706290513254,0.009639940744832116,1.2315084089743589,0.07118541509351219,-1.1840909282799577,0.04627875647371496,1.2371238969001126,-0.8486282095089165,-1.3353605480900927,-0.9212228441017307,0.3781226910725203,1.764398516437579,-0.2607194217920768,1.7575952853773866
straight_ahead,0.49991065443663885,-0.009451855941108683,-0.49991065443663885,0.009451855941108683,1.2311264464526839,0.07113924770362284,-1.191200815747123,0.04487573978666083,1.371282872288668,-0.8506099866239368,-1.4461890014690573,-0.8932384184853336,0.3793689615531644,1.7648621529842508,-0.2609494868036492,1.7585812192588381
straight_ahead,0.49993190932747206,-0.008251426312358437,-0.49993190932747206,0.008251426312358437,1.2315940498201077,0.06814383163082265,-1.2019067818891531,0.027008883964922493,1.4216105205570795,-0.8568869586987327,-1.493973264009196,-0.8950677911006932,0.3796598495290666,1.774052197890791,-0.2607853237807548,1.7663555043028476
straight_ahead,0.4999543153614043,-0.006758886854314336,-0.49995431536140456,0.006758886854314336,1.2374149736631317,0.08340282635692543,-1.2170385244734085,0.025918900732850234,1.3758929058734215,-0.8585562482782233,-1.474849612200978,-0.9072008136869487,0.383297825434921,1.7899093454819954,-0.2604341244006807,1.7791856533232202
straight_ahead,0.4999641297795213,-0.005989067857844539,-0.4999641297795216,0.005989067857844539,1.2381867286129198,0.09190710479078418,-1.2216974598610773,0.025969212064612262,1.398107009177004,-0.8527823292419437,-1.4865739666549382,-0.900071747688903,0.3845278590371622,1.8002978527968225,-0.2609104952253511,1.7901977822996922
straight_ahead,0.4999685428844479,-0.005608576111807719,-0.4999685428844479,0.005608576111807719,1.2390719256963263,0.0888198494131428,-1.2232775422626647,0.025956764750175363,1.4674532530891613,-0.7827608972636045,-1.5128054738438625,-0.882795045733046,0.3859448645594281,1.8042689791162743,-0.26080599720070197,1.793704751708159
straight_ahead,0.4999623927083166,-0.006132363115056926,-0.4999623927083169,0.006132363115056926,1.238438690809346,0.07838444719920466,-1.225286991797684,0.020878482538310445,1.4545986764908898,-0.7925005401203222,-1.487221764960365,-0.9070605431936083,0.386435878346746,1.802988426407087,-0.2604170241697436,1.7929578242939062
straight_ahead,0.49996213667862555,-0.006153201422295741,-0.49996213667862555,0.006153201422295741,1.2373767319903555,0.07260663610619121,-1.2289165865852956,0.013699679640531951,1.4314325882856993,-0.8453642045847922,-1.465174861567974,-0.9399955105330051,0.3868958410702833,1.8011745999597926,-0.2598461974874301,1.7934765317853025
straight_ahead,0.4999710350522644,-0.005381831358130234,-0.4999710350522644,0.005381831358130234,1.2401492226027409,0.07095060961531331,-1.2253987897133378,0.013216076183896022,1.2825856179717403,-0.8833321639030113,-1.2572047255879129,-0.9673076568225445,0.38854575024408106,1.8041130108922279,-0.2583748384541847,1.797087763160797
straight_ahead,0.49997294173146645,-0.005201685917438169,-0.49997294173146645,0.005201685917438169,1.2405514935987223,0.06098615164394767,-1.2263627192957327,0.009261567767701586,1.0938196419124189,-0.8943049526001186,-1.0501750071450031,-0.9675713419640288,0.38995315984627454,1.8079617573317461,-0.25783703363376703,1.8013145302726006
straight_ahead,0.49997024354922204,-0.005454866206569408,-0.49997024354922204,0.005454866206569408,1.2336455263001398,0.05427754725368027,-1.2170738972928374,0.011836468583682149,0.9204810783593671,-0.8541476676101696,-0.9182492817338852,-0.9347553184479588,0.38931438621595693,1.803164710835598,-0.25848022846907204,1.800703868937898
straight_ahead,0.49997935377851355,-0.00454376443270884,-0.49997935377851355,0.00454376443270884,1.228178636498366,0.044689272015020765,-1.210132806063812,0.01114717371944383,0.8916074250524796,-0.8426957227568789,-0.896925346940388,-0.9149548920213857,0.38853475884000355,1.8005227127588852,-0.25922875001694085,1.7979472142519104
straight_ahead,0.4999665255798246,-0.0057856114316989105,-0.4999665255798246,0.0057856114316989105,1.227942031061012,-0.014085570836180335,-1.2099428373822692,0.01502073501406379,0.9504258731315385,-0.8978837885041896,-0.9208091209853612,-0.9091107393388993,0.38649259338839187,1.802682750852486,-0.2613576348013081,1.7991518872667192
straight_ahead,0.49993994889438925,-0.007749032163790159,-0.49993994889438925,0.007749032163790159,1.2255509577201917,-0.051890493144810784,-1.2106915739084554,0.01233872872890936,1.0073278290957364,-0.9817231015899562,-0.9978600725416583,-0.9415395906454025,0.3834580084145478,1.8028316953113175,-0.2633753689774349,1.7999158029585958
straight_ahead,0.4999263098389951,-0.008583981055724088,-0.4999263098389951,0.008583981055724088,1.2320504607732803,-0.060773355434042865,-1.2129587290918753,0.010317756139229552,1.019210796008252,-0.9952929027924343,-1.0277340089861666,-0.9623107646801409,0.38153622165295004,1.8052484458907643,-0.2653906318247048,1.8030544619400757
straight_ahead,0.4999441349770242,-0.007474082022228024,-0.4999441349770242,0.007474082022228024,1.2345082993962981,-0.053224349829550474,-1.213340656698183,-0.0018500083570425385,1.1297860932296095,-1.0034539133538656,-1.2014307471871075,-0.993460671015665,0.3813164775547108,1.8081672819166297,-0.2653399407738298,1.8038857348997188
straight_ahead,0.4999615500473718,-0.006200683367932024,-0.4999615500473718,0.006200683367932024,1.2376537721910368,-0.04962661215881914,-1.225410239384132,-0.0049286476265980855,1.2835192546857979,-0.9937257395463687,-1.3852042542888017,-0.9914101874268735,0.38090432116980644,1.8097655157273351,-0.2665352886127122,1.8057575911925414
straight_ahead,0.49997082383203845,-0.005401418027942779,-0.4999708238320387,0.005401418027942779,1.237959784928456,-0.046129955900077804,-1.2327121450013732,-0.0075095979646815835,1.3435388742423788,-0.9896928961602093,-1.4412466547247154,-0.9901006045042375,0.38039581251333476,1.80818136975792,-0.2673826547538168,1.8036604748634852
straight_ahead,0.49997342722905813,-0.005154809873283295,-0.49997342722905813,0.005154809873283295,1.2384793288516223,-0.03542470185821307,-1.2332940028422863,-0.007738106539162915,1.3126900396333012,-0.9823098874492596,-1.3860482625152397,-0.9972023661230849,0.3800791543560344,1.8083578213492462,-0.26780515343741446,1.8037622725436293
straight_ahead,0.49997003288535435,-0.005474140719576012,-0.49997003288535435,0.005474140719576012,1.2380516604131155,-0.03294096672213996,-1.232646588779924,-0.005501949717157514,1.179081774226403,-0.9777110040082783,-1.2017512458744453,-1.0039865771905303,0.380703287692551,1.8115340227258865,-0.26669501235221066,1.807751999054803
straight_ahead,0.49996933359698265,-0.005537640525438295,-0.4999693335969829,0.005537640525438295,1.2377532079561715,-0.024777887727766436,-1.2322866170880538,-0.004003270266287861,1.083729039766592,-0.9765007457693626,-1.0929086554923708,-1.002292829563005,0.3807256355299939,1.811950688436859,-0.2668278950831627,1.8085572358676552
straight_ahead,0.49996752742147244,-0.005698379072956739,-0.4999675274214727,0.005698379072956739,1.2320790676803575,0.01917394309197735,-1.212817438642956,0.005056354956200694,0.9030973982281886,-0.8430144903793156,-0.9126405268014653,-0.888174563342306,0.3763946373382611,1.8014842048409112,-0.27168524286038725,1.7859711877010147
straight_ahead,0.4999676072346864,-0.005691372068517663,-0.4999676072346864,0.005691372068517663,1.2312975247317377,0.04819670868629229,-1.1903060644122891,0.01875579856884507,0.8505757442708831,-0.7842018057685151,-0.842722360068582,-0.8240503136274849,0.37609594672392394,1.7974913347335388,-0.2729845523727828,1.784346023295422
straight_ahead,0.49996519822702595,-0.0058992000992072885,-0.49996519822702623,0.0058992000992072885,1.229950959905275,0.06011208319428872,-1.1889230875195074,0.022903344390073722,0.8672439211162445,-0.7657276902768704,-0.8622588769355081,-0.8179574399439374,0.37601506256389045,1.7942839506897865,-0.27391271064750217,1.782885945959621
straight_ahead,0.4999621971126234,-0.006148289056177638,-0.4999621971126234,0.006148289056177638,1.2320817949793839,0.05831085293437061,-1.190437769320414,0.023493440207460674,0.9211784321108455,-0.8266388491669507,-0.8966331682024161,-0.8491291110135649,0.37676809916050985,1.7933139275115773,-0.2727426748928023,1.782618278084974
straight_ahead,0.49996777849381896,-0.005676307598739054,-0.49996777849381924,0.005676307598739054,1.2319186703182368,0.05579362770025749,-1.1890722123702164,0.02180642407603286,1.160327694901571,-0.8559197303253122,-1.1987938999144105,-0.9100914484958873,0.3777349287861629,1.7911081658972632,-0.2703036756472786,1.780854559362657
straight_ahead,0.49996993897503383,-0.005482711126889942,-0.49996993897503383,0.005482711126889942,1.2313721194362586,0.06011551060349967,-1.2020452823346728,0.018403845586400312,1.256642547941859,-0.8573310651268549,-1.326921194996251,-0.9436870638780184,0.378645614072528,1.7867104239781588,-0.26791817871898127,1.7780587513992356
straight_ahead,0.4999760161243492,-0.0048972747956866946,-0.4999760161243492,0.0048972747956866946,1.232107508779177,0.05977912127591709,-1.2096967820833344,0.01977941555332579,1.4183223367890962,-0.8472893809502194,-1.4843825726434652,-0.915358053935837,0.3786180100995592,1.787451652188897,-0.2690759532903475,1.7773600891750936
straight_ahead,0.49997298095853976,-0.005197914142374616,-0.49997298095854004,0.005197914142374616,1.2334472002856998,0.058926670470528145,-1.2154042965839988,0.018213371318243368,1.3996429403003994,-0.8486015763615036,-1.4747706253575092,-0.9169063624746111,0.37870549422114336,1.7861803579515114,-0.2701958158894464,1.774866880616728
straight_ahead,0.4999816608854149,-0.004282379976349562,-0.4999816608854152,0.004282379976349562,1.2356490052884779,0.0357120972922645,-1.2162730057219084,-0.0013447681026880838,1.3450623738254333,-0.9267241552020683,-1.415097854617548,-0.9800167781642618,0.37959146897534674,1.785972928512845,-0.2678368300744656,1.7730843926439868
straight_ahead,0.49998708773776035,-0.0035933404393606685,-0.49998708773776035,0.0035933404393606685,1.2364354853614223,0.018874821785367722,-1.2138452608273989,-0.010081237090421833,1.288351554587847,-0.9588720171026829,-1.3018899741608236,-0.995119124630252,0.37929865421382086,1.7852004113564068,-0.2675581077389608,1.7720227803782276
straight_ahead,0.4999714833315152,-0.005340023902979925,-0.4999714833315152,0.005340023902979925,1.2303383301773765,0.01717910251930227,-1.2109997197737554,-0.010403253145145328,1.0417490011835842,-0.9473726620304108,-1.0151229133754751,-0.9697384798776993,0.3784252080626552,1.781238682342973,-0.26744433635745785,1.768462068589641
straight_ahead,0.4999775644484025,-0.004736565025783815,-0.4999775644484025,0.004736565025783815,1.2335066065142029,0.019316491609897478,-1.2114934205568728,-0.009252190277896576,1.0764469067807565,-0.9416997259273144,-1.0643208506408555,-0.9838370178096979,0.3783866426279697,1.783524481547029,-0.26764515275995127,1.7716683796353372
straight_ahead,0.49998207486096896,-0.004233771099187154,-0.49998207486096924,0.004233771099187154,1.239429950122048,0.009431129499389422,-1.2132259375828205,-0.030874479599327313,1.0933329781661107,-0.9601344715740817,-1.0929093605351812,-1.0033506855592655,0.3805730136536146,1.7887006428721801,-0.26598700002282333,1.7772882215432462
straight_ahead,0.4999481096003398,-0.0072033122274716,-0.49994810960034014,0.0072033122274716,1.2358190350305536,-0.004744445150471575,-1.2133116389649652,-0.04161932132615784,1.0030435750814466,-0.9561146244873142,-0.9773413982557586,-1.0000065761421104,0.38054671673818474,1.7922715547501469,-0.262903958845809,1.7806128633033727
straight_ahead,0.49993142217799547,-0.008280888786047809,-0.49993142217799547,0.008280888786047809,1.2337489726008009,-0.008355582285436407,-1.2093624486008192,-0.04515146742174537,0.9742411669649095,-0.953879357611419,-0.9431030132238221,-0.9853920329915782,0.3801658172107507,1.7913586848883265,-0.2619824795783369,1.7787698184066947
straight_ahead,0.4999126142065702,-0.009347628423984105,-0.4999126142065702,0.009347628423984105,1.228369358193569,-0.006285830094342643,-1.199309237650532,-0.043773954993546194,0.9037919222975902,-0.8967414711109885,-0.9023690281215697,-0.9594569704792648,0.38009907996421155,1.7868012444699397,-0.26168358519333784,1.7755482393327984
straight_ahead,0.4998901054675834,-0.010482483274884534,-0.49989010546758367,0.010482483274884534,1.22838247431887,-0.005445950572211172,-1.1993858076941355,-0.04470999792668671,0.949171537856837,-0.8955466089213971,-0.9415608543180592,-0.9482705323429887,0.37974810366729517,1.7861753831832388,-0.2617803246517419,1.7752620922899303
straight_ahead,0.4998688764894121,-0.011450166689298982,-0.49986887648941236,0.011450166689298982,1.2303411980732053,0.009011643984673435,-1.2022687056937902,-0.04870306831828984,1.0037240426850902,-0.889054663429921,-1.0264899053445955,-0.9757208914706657,0.38307097917396893,1.784616265683065,-0.2586299105833689,1.7742972173467628
straight_ahead,0.4998691408068124,-0.011438621816417438,-0.49986914080681266,0.011438621816417438,1.232133579305087,0.012392817036383423,-1.2021419462723641,-0.05057775626889309,1.0859574833527041,-0.8965434961104596,-1.1742082193085286,-0.995799183425249,0.3858636991288418,1.782993560264207,-0.2555135695341908,1.7743847659095853
straight_ahead,0.4998747698182929,-0.011189928467539998,-0.4998747698182929,0.011189928467539998,1.2310405636010435,0.0150967950317734,-1.1972104602223217,-0.05380478996843828,1.1473622638423204,-0.8968665732623347,-1.2420619144609295,-0.9994710982570848,0.38859916986814474,1.7767886630273078,-0.2506152151743069,1.7688919516717057
straight_ahead,0.4998977307075275,-0.010112310985336057,-0.4998977307075278,0.010112310985336057,1.2347133662470933,0.020121604967440566,-1.1996124592115127,-0.05451908731283313,1.1825834636685952,-0.9034640667556743,-1.2733565136885507,-1.000411314154898,0.3913987833651519,1.7778298038256353,-0.24860177183334076,1.7699162385730278
straight_ahead,0.4999067123087643,-0.009658104816278252,-0.4999067123087646,0.009658104816278252,1.237723999920983,0.019784662291342237,-1.2045895618606326,-0.05486446139293258,1.1892536248188155,-0.9133077836394976,-1.2754234138906604,-1.0005647788819727,0.39383271026704686,1.7779557411015647,-0.24682842591828916,1.7704190983260182
straight_ahead,0.499901577547351,-0.009920320845106051,-0.499901577547351,0.009920320845106051,1.234958074321015,0.02218695658758328,-1.2044004483509594,-0.04289300169993075,1.1430253952794378,-0.912140159811867,-1.206634047679475,-1.0005837591874052,0.39708066460667013,1.779442486577284,-0.24763077667715946,1.7741915319940673
straight_ahead,0.4999012999448133,-0.009934299848797947,-0.4999012999448133,0.009934299848797947,1.2385395007008342,0.021627179706564244,-1.2067805174630002,-0.032461753385973395,1.088718893117863,-0.9179229582334998,-1.1245067709720864,-0.9920712257299349,0.40096444002703435,1.7845814514976677,-0.24654905141986155,1.7804511726604215
straight_ahead,0.49990934440006407,-0.009520891843625956,-0.49990934440006435,0.009520891843625956,1.2359267096096307,0.03593236826911002,-1.2068534703850902,-0.017835270366949204,0.94580374352377,-0.848073380780744,-0.9615935991285746,-0.9074099707102786,0.40091325619012297,1.7826190669549968,-0.24774670617644365,1.7813634985907407
straight_ahead,0.4999104033796728,-0.009465125079618705,-0.4999104033796728,0.009465125079618705,1.2312219490578715,0.047061352323162296,-1.203066644410975,-0.01070411181658296,0.8968031634800543,-0.8079698288078654,-0.904466481349135,-0.881547932582958,0.4009420910556843,1.7758251686010846,-0.2473334414149001,1.7774498918057802
straight_ahead,0.49990784220300116,-0.009599442897341118,-0.49990784220300116,0.009599442897341118,1.2297973832420335,0.046621592449651396,-1.2023927135892984,-0.011170165175227512,0.9107228137207665,-0.8136263239108519,-0.9167150064796391,-0.8826375478503979,0.4006282738893522,1.7738491350211276,-0.24718073200800766,1.7761659879580982
straight_ahead,0.4998892561422557,-0.01052290803638679,-0.4998892561422557,0.01052290803638679,1.2308119941113727,0.046035730310709996,-1.2035053920949133,-0.013782239787361613,0.9989940532632513,-0.8299015580039217,-1.009418772351798,-0.9282172643174776,0.4012786822533328,1.774608099823874,-0.24685242804377402,1.778163050979832
straight_ahead,0.4998689972256745,-0.01144489460845231,-0.4998689972256745,0.01144489460845231,1.2309033863407546,0.04638770456113346,-1.203853731633551,-0.01607194776916161,1.0727117759990792,-0.8316411330924386,-1.0826092054584067,-0.9666544590620749,0.403253804829024,1.7772861355415366,-0.24415098299110122,1.7803434621959986
straight_ahead,0.4999011970920382,-0.009939474128304517,-0.4999011970920382,0.009939474128304517,1.2315337082318982,0.05553820734731282,-1.2133946268964222,-0.017056639588693696,1.2424073310171881,-0.8368568035054232,-1.3119424950091205,-0.9818234934615773,0.4047086200156577,1.7801472667662608,-0.24281906272532996,1.7819436370412427
straight_ahead,0.49991198425559763,-0.00938125778513237,-0.49991198425559763,0.00938125778513237,1.2312377086695852,0.06206090627951779,-1.2162987645238101,0.013932218333595961,1.2996294438567877,-0.8397601330479136,-1.4619803484547496,-0.9216468704699862,0.4050985502746594,1.7821373677941361,-0.24337434716898582,1.783159294579111
straight_ahead,0.4999242215504513,-0.008704751988152957,-0.4999242215504513,0.008704751988152957,1.230966318468611,0.062364046028573594,-1.217867214859767,0.039654178877898905,1.3166290940226673,-0.8435915401465018,-1.4937371262101231,-0.8740210108872095,0.4052816709062625,1.7823955365774,-0.24361141662126415,1.7859437558537075
straight_ahead,0.49989184459529207,-0.010399216658785716,-0.49989184459529207,0.010399216658785716,1.2307060506228666,0.05799350796016806,-1.219713229124787,0.07381173808218104,1.3150177948322388,-0.8463569961267157,-1.5152226101514708,-0.7892507363525989,0.40527129338461426,1.7866264598405517,-0.24373932187645508,1.7857262744988547
straight_ahead,0.4998961631164021,-0.01018950938462293,-0.4998961631164024,0.01018950938462293,1.2338745226234182,0.05628618787438544,-1.2199066141865824,0.07363684598485862,1.2816447214653386,-0.8764463443869351,-1.4697904796150787,-0.8137925571091453,0.40521878220373003,1.7868628713498398,-0.2455953382431174,1.7856394640563589
straight_ahead,0.499900767882531,-0.009961037619432043,-0.4999007678825313,0.009961037619432043,1.2375326898667196,0.05512548206738365,-1.2260185872421077,0.06712277047212593,1.2644794852893546,-0.8873977622137643,-1.44662289809312,-0.8549256076357339,0.4052218568654825,1.7868873198305577,-0.2448748330943833,1.7843473317432679
straight_ahead,0.49990008736207314,-0.00999513158450123,-0.4999000873620734,0.00999513158450123,1.2388336925267722,0.051854473657692045,-1.226266447789943,0.060915000994249256,1.1048009954988633,-0.8929712764467853,-1.2147969802560064,-0.9142496602472702,0.40469204569414646,1.786168022790842,-0.24472760844397065,1.7856999701012999
straight_ahead,0.49987584695687437,-0.01114170674302246,-0.49987584695687437,0.01114170674302246,1.2377670365210984,0.04451534159058639,-1.2257089500285756,0.05090133013485125,1.005770905403484,-0.8902684054045418,-1.1214303382489623,-0.9254663939745339,0.4046930359439218,1.7853003343718004,-0.2454326899163673,1.7862174646370665
straight_ahead,0.4998710165165539,-0.011356357105470196,-0.4998710165165542,0.011356357105470196,1.2341244460167458,0.04639637448783962,-1.207117688640861,0.049189741687041405,0.8635196975643513,-0.8197186238904896,-0.9149768335004542,-0.870698176387865,0.4035037553717218,1.780584192842905,-0.24512458396133047,1.7838317001150559
straight_ahead,0.49986917316877855,-0.011437207507155217,-0.49986917316877855,0.011437207507155217,1.2303966159103847,0.047732935131245026,-1.1985127670645408,0.04915580174420517,0.8424297226647642,-0.7952752405442299,-0.8823995853572736,-0.8242223973411573,0.4028538456669428,1.771533130519543,-0.24534699189808193,1.7765931472910756
straight_ahead,0.49986288433046544,-0.011708837210744644,-0.49986288433046544,0.011708837210744644,1.2301519613895546,0.046216405291547545,-1.196868756517555,0.04901915720251903,0.9108486152241666,-0.7972669137134597,-0.9178153741158871,-0.8328762283635982,0.4031940895971298,1.771034018524715,-0.245636816907698,1.7782563790141497
straight_ahead,0.49986952824027875,-0.011421678372332864,-0.499869528240279,0.011421678372332864,1.2319196567529207,0.04519704100680746,-1.2005768557902352,0.04053175941393442,1.0200278096409185,-0.852964018616502,-0.9292912277593797,-0.9028517728847585,0.4050298701729687,1.7789990898986674,-0.24471841288036933,1.784949799378978
straight_ahead,0.4998996092197409,-0.010019017015171895,-0.4998996092197409,0.010019017015171895,1.2326189566242103,0.050649536410182876,-1.1970002069575618,0.041629978978089885,0.935964277561219,-0.8128829403777773,-0.9112827512929296,-0.8880875254408342,0.4042563018047981,1.7824413458966646,-0.24601275542942191,1.7858841299024497
straight_ahead,0.4999156332296892,-0.009184751088560036,-0.49991563322968946,0.009184751088560036,1.2284947789820195,0.06519252507440855,-1.1878319037312033,0.04261841316532212,0.8584897246898071,-0.738310472021213,-0.862051871499819,-0.8296144183306237,0.403862007310056,1.777773782876313,-0.24570624145840572,1.782428477926144
straight_ahead,0.49993564940403235,-0.00802162421011619,-0.4999356494040326,0.00802162421011619,1.2226031400758024,0.06952044248249317,-1.1806416777593889,0.04180541362774299,0.8347325485182246,-0.7318196410271706,-0.8554246347031675,-0.8127938768549977,0.4030787239223509,1.7718453643502778,-0.24568122134515996,1.7782235162438713
straight_ahead,0.49992775704318065,-0.008499278662004426,-0.49992775704318093,0.008499278662004426,1.225484957124085,0.07572311165132806,-1.1831041532833082,0.03738283528355495,0.9925601672988362,-0.7622945357310101,-0.965150601584457,-0.8796777433765595,0.40279387289892865,1.7716716197593265,-0.24411880428261243,1.7788702917180275
straight_ahead,0.4999315034429874,-0.00827598122485289,-0.4999315034429877,0.00827598122485289,1.2412938536788274,0.09724218081099839,-1.199848253287282,0.034183465774503576,1.223346898154876,-0.8025397251168516,-1.2793294876272454,-0.9376026492889887,0.4041130475953416,1.767208113235116,-0.2394130301641112,1.7716959744555212
straight_ahead,0.49992989407629784,-0.00837263452335039,-0.49992989407629784,0.00837263452335039,1.233906203419348,0.10156925897286272,-1.2006437821936142,0.03373028444844015,1.4435348698941965,-0.7842385064737261,-1.4841347521712458,-0.9090507869180016,0.4048495908646228,1.7611731458097235,-0.23732011596176625,1.7674157949922271
straight_ahead,0.4999359896240783,-0.008000392402458928,-0.4999359896240786,0.008000392402458928,1.2358027701761736,0.10474349351085759,-1.2020268382562724,0.035478005119094075,1.5500797542192457,-0.694989002425395,-1.5975071493655648,-0.8047176126419056,0.4064129585183386,1.7634631988418454,-0.23640581236379152,1.7702130641510672
straight_ahead,0.49993670384556055,-0.007955636243336367,-0.49993670384556055,0.007955636243336367,1.2363969296240913,0.10311949804043052,-1.201698601163265,0.03758558914676993,1.6424980710764339,-0.6142867896360623,-1.670571522097471,-0.6467229920908372,0.40751902262603656,1.7686929237892755,-0.23225102301441447,1.7754307845593846
straight_ahead,0.49992892235411984,-0.008430456325037706,-0.49992892235411984,0.008430456325037706,1.2370296686944768,0.10157499056022645,-1.2028754454071862,0.03881355198547315,1.636401722209858,-0.6174534430116269,-1.645834721704528,-0.6817803397015191,0.40746239054799993,1.772590391529317,-0.2310168797714255,1.7801360755552076
straight_ahead,0.4999217423310184,-0.008845990318721736,-0.4999217423310184,0.008845990318721736,1.2375006028335864,0.09674718056074168,-1.2025516182103004,0.038262301378425345,1.62139629021194,-0.6314967040534678,-1.6096123637421924,-0.7079025616856994,0.4080687381800874,1.7729369707736091,-0.23010451107343052,1.7793346064714164
straight_ahead,0.4999283504318752,-0.00846430354276263,-0.4999283504318755,0.00846430354276263,1.2367117555424538,0.10370866151356573,-1.2087787922835291,0.033189274405216365,1.5657547427220089,-0.7427968042543617,-1.4994386126064383,-0.8968736193462027,0.40763529170809787,1.7772581010302764,-0.23282919818711192,1.781229005178066
straight_ahead,0.4999511691633356,-0.006987735843158682,-0.4999511691633356,0.006987735843158682,1.244811049407177,0.11097665741121603,-1.2061589730021058,0.032247926906962474,1.274170220156069,-0.8117833812517745,-1.1557366177801636,-0.9429405309763068,0.40899540096271525,1.7849302994470522,-0.23251067005979606,1.7888108748863127
straight_ahead,0.49995588453927736,-0.006641800550200879,-0.49995588453927764,0.006641800550200879,1.24641735578858,0.1121439068766938,-1.205956074653246,0.03294942949869755,1.1554856008398386,-0.8245197147844467,-1.0616654925951738,-0.9415327231659288,0.4093972661407271,1.7870412186826212,-0.23271605811322946,1.7886857834779073
straight_ahead,0.4999508173891169,-0.007012859042777797,-0.4999508173891169,0.007012859042777797,1.245645437130366,0.11269227520556534,-1.197297461735934,0.03693501182705228,1.017908596518325,-0.8165990453470412,-0.9475779735030486,-0.9154876129981458,0.4083295646939665,1.7861833245620353,-0.23309070418074793,1.7891689005539442
straight_ahead,0.4999411681571315,-0.0076699662113166875,-0.4999411681571315,0.0076699662113166875,1.242202565274805,0.11714374754622535,-1.1894003352590972,0.04263361515932435,0.9764480566269859,-0.7974461119844601,-0.9040664416761062,-0.8883248199632666,0.40458016071742403,1.7887861265581702,-0.2363898644040817,1.7912398425067273
straight_ahead,0.4999388163531956,-0.00782175832953614,-0.49993881635319587,0.00782175832953614,1.2395665562233433,0.11718721593187642,-1.1827501561041065,0.045716289922985126,0.9054244306958099,-0.7776160460024384,-0.8961287289737113,-0.857475134566658,0.4029068145244687,1.78975289630586,-0.23875147868795493,1.791814733922699
straight_ahead,0.49994015216312876,-0.007735906870402391,-0.49994015216312904,0.007735906870402391,1.2392630273353151,0.11663568279584872,-1.1833132318169457,0.04552823118649523,0.9883624919811451,-0.7842849618367769,-0.9813762385466446,-0.8622658884891321,0.40290418247628806,1.7884409337565828,-0.23895969141271672,1.7907911092918132
straight_ahead,0.4999716484109939,-0.005324545538666936,-0.4999716484109942,0.005324545538666936,1.2463064650021587,0.12177895013421292,-1.187209450533092,0.04251707245363764,1.1408953624111402,-0.8195676653270623,-1.1953319943143141,-0.9183767091731513,0.4054218812596308,1.7829502219481927,-0.2345782100282091,1.7892180258004833
straight_ahead,0.499971841416165,-0.005306391516748139,-0.4999718414161653,0.005306391516748139,1.2503421796770373,0.12802778529218822,-1.209023796082347,0.04470359102736301,1.2693425621346568,-0.8322621305228428,-1.3805753665044849,-0.9187156391025468,0.40935315718618503,1.7833303027886311,-0.23178746157304872,1.7911864837672515
straight_ahead,0.4999724955205418,-0.005244399199305613,-0.49997249552054207,0.005244399199305613,1.2489397815765664,0.12628767818070352,-1.2092571609684877,0.047359507664410286,1.4686837764865832,-0.7607415424739378,-1.5534664334123913,-0.8286006991198908,0.4096451498138664,1.7847633044629143,-0.23361062061875318,1.795701601402462
straight_ahead,0.49997713844914243,-0.00478132075969487,-0.49997713844914243,0.00478132075969487,1.246549109887461,0.12720462936374605,-1.2095338817637828,0.053296629059952035,1.5614243590357038,-0.6282281822939391,-1.61581081605303,-0.6979398958569142,0.40868817864493784,1.7849994207565547,-0.23474684619543554,1.7967536943220928
straight_ahead,0.4999761207010171,-0.004886586616626654,-0.4999761207010174,0.004886586616626654,1.243631657559399,0.12601584545356115,-1.210124297384257,0.06436525804460248,1.577574283642993,-0.6016476476024141,-1.6195266460095816,-0.6523951330330209,0.4066758627188849,1.7846396712078512,-0.23678587866972842,1.796984684904469
straight_ahead,0.49997414721611627,-0.00508449756783459,-0.49997414721611627,0.00508449756783459,1.2404427242429474,0.12150643934569573,-1.2162010259428666,0.06447827874235834,1.5102168727520422,-0.6800856778610143,-1.5448510457823752,-0.7485750635665516,0.4074230593340645,1.791996201384577,-0.23864013294689246,1.8090054982705677
straight_ahead,0.4999725745922513,-0.005236855506457782,-0.4999725745922516,0.005236855506457782,1.2433606960759966,0.11410729909566202,-1.2177536004675467,0.06514979396632893,1.4134647651515302,-0.8322289950346183,-1.4552476522573317,-0.8965588712206103,0.4065424411038788,1.7957882118022375,-0.23954392122853485,1.810926470611758
straight_ahead,0.4999745157094278,-0.005048132439132448,-0.4999745157094281,0.005048132439132448,1.2437060992818152,0.09665789385177512,-1.2151562178908228,0.06277445196258612,1.1555013019197584,-0.8735471552454466,-1.1640831120120612,-0.9329261273176375,0.4059741437598984,1.8023832008454095,-0.24135727425033293,1.8153701775328237
straight_ahead,0.4999766776093373,-0.004829269792507102,-0.4999766776093373,0.004829269792507102,1.2450328345678547,0.0884092090208924,-1.2120910919528367,0.0610210059053223,1.072544335716126,-0.8874993882133148,-1.061405405756796,-0.9375022260946037,0.40446274203011345,1.8061290900122,-0.24300146834756564,1.8144568330702469
straight_ahead,0.4999606887944538,-0.006269741635452302,-0.4999606887944538,0.006269741635452302,1.237025420399409,0.08849968129553738,-1.195009454980609,0.06227947377044385,0.9044290330551282,-0.8460344056878338,-0.9039759730451239,-0.8483663233441165,0.39863169242520463,1.8039226359413942,-0.24772291939228938,1.806858633611016
straight_ahead,0.4999465777621079,-0.007308856542337208,-0.4999465777621082,0.007308856542337208,1.234945659292207,0.08840235290429994,-1.1887988064006274,0.06455762114960094,0.8744207327180774,-0.8122687669949047,-0.8816421465162458,-0.8141698928638141,0.3975966548728404,1.803360508791834,-0.24906897260483002,1.801744928711641
straight_ahead,0.49992164973742786,-0.008851221599783644,-0.49992164973742786,0.008851221599783644,1.2334995099762807,0.08986768638065169,-1.1849790921530259,0.06392820027253639,0.9276876198903612,-0.7966323845457546,-0.9225874366632882,-0.8124644292248571,0.39685981465045245,1.8009439168336512,-0.24895570592790162,1.7996408579723042
straight_ahead,0.49989624228484136,-0.010185624649239373,-0.49989624228484136,0.010185624649239373,1.2320322873700533,0.08784371808007063,-1.1826095729542192,0.06306500376554326,0.9400006761474058,-0.8327278081664324,-0.9259161401378156,-0.8831935826318447,0.3986403591346609,1.7974777955261476,-0.24460410731441865,1.7999977613988365
straight_ahead,0.49992982042070316,-0.008377031343104748,-0.49992982042070344,0.008377031343104748,1.2292570614112173,0.09882845320068885,-1.1775807543943007,0.07125965744817882,0.9258773282263211,-0.7810830350206761,-0.8932326117883455,-0.8418387086316956,0.3951086463232838,1.7951401062562216,-0.24824364143484318,1.7989344863224728
straight_ahead,0.49993525566697317,-0.008046125850247995,-0.49993525566697344,0.008046125850247995,1.2347029002815013,0.09854054327799196,-1.1855547078968312,0.05288065115982317,1.0831112300810384,-0.8204785361530483,-0.945567002829454,-0.9183892495227375,0.3960488866030666,1.7944691459701176,-0.2457785536298159,1.7992034499842118
straight_ahead,0.4999277717964941,-0.008498410827472661,-0.4999277717964941,0.008498410827472661,1.2370814117375046,0.0991915194826559,-1.185438999505978,0.04783631199364427,1.0052467440520927,-0.8135402030097778,-0.9118251153548342,-0.9119633935650684,0.39536574859335877,1.7922540280972272,-0.24651135494521045,1.7986466207577796
straight_ahead,0.49994315991474925,-0.0075390221153207315,-0.4999431599147495,0.0075390221153207315,1.2338583356234196,0.1025556404551819,-1.182734220420115,0.045318162092360906,0.9584045783262843,-0.7668210590159107,-0.8779196635957212,-0.8953467183166792,0.39098394087968247,1.787739549026554,-0.24956784261123813,1.7896489003496405
straight_ahead,0.4999773978465686,-0.00475411848549009,-0.4999773978465686,0.00475411848549009,1.233036390358904,0.10531105512164429,-1.188243304706909,0.04791102306620261,0.8850147278402013,-0.7456037484123382,-0.8594852257392613,-0.8463206678653228,0.38580164226784197,1.7933292629924105,-0.2585911176919292,1.7934500387527212
straight_ahead,0.49994116622170165,-0.007670092364819109,-0.49994116622170165,0.007670092364819109,1.2328440117693775,0.10151369264897922,-1.1871881157886421,0.044044935673284095,0.9087312474641176,-0.7575906701070074,-0.8775063596545889,-0.8528248197258459,0.384835164316922,1.782852585376633,-0.25814344592272914,1.784165474633328
straight_ahead,0.499934990595148,-0.008062578906848233,-0.4999349905951483,0.008062578906848233,1.2318345691919328,0.10109759611505442,-1.190600232802107,0.0431914484302005,0.9700062163938564,-0.777774870150026,-0.9599164952683372,-0.8795778448626791,0.38492513057334377,1.7783341035855624,-0.2568514319605303,1.7813858664512958
straight_ahead,0.49991465144344605,-0.009238033999605235,-0.49991465144344605,0.009238033999605235,1.2351256225182152,0.102822816722785,-1.1857521121802825,0.044113236349318075,1.1792760721533997,-0.8131682435053131,-1.2145236028523325,-0.9157198967244651,0.3899870529435954,1.7736637902808288,-0.25069408590055126,1.7833121453183496
straight_ahead,0.499912399958847,-0.009359079409086823,-0.4999123999588473,0.009359079409086823,1.2401567845384018,0.10530263400875077,-1.1936898389347097,0.045414888537805086,1.2541202886237641,-0.8241693857663279,-1.3369725370282395,-0.920606213088789,0.3975278619640114,1.772076673271952,-0.24441231633463922,1.7843371730097883
straight_ahead,0.4999095287805261,-0.009511205729675742,-0.49990952878052636,0.009511205729675742,1.2367936133696165,0.10267529392992562,-1.2024122262311747,0.047464810449381174,1.4423628872049146,-0.7820436299019168,-1.5317686073298564,-0.8544182883058828,0.3981905403016544,1.7698507065806466,-0.24693977263943953,1.7826456189103903
straight_ahead,0.49991994062367706,-0.008947232355261892,-0.49991994062367734,0.008947232355261892,1.2368494232193363,0.10256831657755307,-1.2017948173053026,0.05505725138384392,1.524584190746987,-0.7227309271538207,-1.5727119093986353,-0.772573107334894,0.39860870268908694,1.7737385595138775,-0.24748054203345227,1.788269621988331
straight_ahead,0.4999375714346004,-0.007900928304558963,-0.4999375714346004,0.007900928304558963,1.233128649500365,0.1057554500138083,-1.2010647953062905,0.07087757976652448,1.6048326803210953,-0.5908511205092724,-1.6140322369526312,-0.6630357824418145,0.3973892409893794,1.7741446113359642,-0.24763111383142455,1.7911635241409676
straight_ahead,0.49994572984497226,-0.007366628114536859,-0.49994572984497254,0.007366628114536859,1.230250149588578,0.11236866564698533,-1.2004499282103134,0.08158746149999445,1.6261637158509157,-0.5608549395869261,-1.6050996177826637,-0.6323056778884779,0.3953652349608393,1.7702479113741865,-0.25043736167059516,1.789101502596529
straight_ahead,0.49995297538756395,-0.006857288175492229,-0.4999529753875642,0.006857288175492229,1.2302211199768005,0.12261496329080006,-1.2027458805604225,0.08081949992925407,1.5602511938267667,-0.5703299075001048,-1.5455865050338673,-0.7051753363868748,0.39575758260368643,1.7719689659707412,-0.2525212597297774,1.791217208204278
straight_ahead,0.499968229962937,-0.00563640201970919,-0.499968229962937,0.00563640201970919,1.2330525541118988,0.12517690839243614,-1.2066327830866947,0.08147343879323517,1.5396432329848873,-0.5763457629742067,-1.5054287144442207,-0.7872992831748462,0.39682517768038683,1.7774361014055933,-0.25398205654267736,1.7966402439431877
straight_ahead,0.49998473031108387,-0.003907615097804545,-0.49998473031108415,0.003907615097804545,1.2385730695648107,0.13624075867001245,-1.2119367294161456,0.0729959090961305,1.380413932572042,-0.760568618230053,-1.3168753889689122,-0.9081380440754846,0.3968532923871098,1.7841732494579174,-0.25547270170918013,1.802296192680029
straight_ahead,0.4999976583424351,-0.0015302457585054062,-0.49999765834243537,0.0015302457585054062,1.2449663879985269,0.1406528061358264,-1.210106398500811,0.07189400293235218,1.2925679453739072,-0.8206610238410889,-1.2129423910925816,-0.9320448293849446,0.39878854233463523,1.7893145239153503,-0.2546767010746029,1.804409774756467
straight_ahead,0.49999504038593556,-0.002227013575743211,-0.49999504038593584,0.002227013575743211,1.2467989429191169,0.1440904520887247,-1.2084896829480931,0.06826143594770974,1.119167902645827,-0.8095715576553664,-0.996906569731614,-0.9205569257035405,0.39803549128685445,1.7953376519479827,-0.25449240446657767,1.81027303302421
straight_ahead,0.4999958974977928,-0.0020254593001861236,-0.4999958974977928,0.0020254593001861236,1.2443437759452132,0.15772948761287686,-1.2033941877746623,0.07224068050905674,1.0661884027783821,-0.8022585846642849,-0.9498927804372801,-0.898510724561149,0.39426932613407145,1.798843761465967,-0.2581559067989453,1.8118178199773818
straight_ahead,0.49999620590323224,-0.0019478404381391842,-0.4999962059032325,0.0019478404381391842,1.2407433420488185,0.16314455420477356,-1.1865214904199304,0.07697544576611198,0.9818842398739409,-0.7518874376273805,-0.889080938308218,-0.8509488224761563,0.3909895395083373,1.8035794820129776,-0.26015528424311674,1.8142986125672167
straight_ahead,0.4999976056450185,-0.0015473684915276943,-0.4999976056450185,0.0015473684915276943,1.2400329518548112,0.16410045482445873,-1.1813557322865431,0.07768555150410994,0.9618287218935917,-0.7363468813302221,-0.894881193620144,-0.8342854691297299,0.3873589418489361,1.8090750405034481,-0.26406647047663295,1.8165577294565385
straight_ahead,0.49999999868744716,3.622917078440244e-05,-0.49999999868744716,-3.622917078440244e-05,1.2459443760083615,0.17603481228461598,-1.1921487565746716,0.07652616499139668,1.0384345999824862,-0.7391097973077081,-0.9942283418200155,-0.8622648757229829,0.38615763620162735,1.8216592488000165,-0.26838918366009196,1.8236523079526241
straight_ahead,0.49999955062657303,0.000670353059909012,-0.4999995506265733,-0.000670353059909012,1.2485636033247067,0.177358607719141,-1.19480077203037,0.07055822526318899,1.0721335969470422,-0.7551489286813688,-1.0205569238435543,-0.9030925715867882,0.3859157169298441,1.8236006668291302,-0.26868207355211704,1.823869839832362
straight_ahead,0.49999399519624266,0.002450462752118224,-0.49999399519624294,-0.002450462752118224,1.2581427816332766,0.18110494992193882,-1.2049755249515834,0.045356976852622626,1.1923664982587219,-0.7675411626259826,-1.2884937151601414,-0.9590281922646398,0.38769723652160865,1.8273716247213039,-0.2681191853543781,1.8260259685190057
straight_ahead,0.49998417814477075,0.003977638105456456,-0.49998417814477103,-0.003977638105456456,1.2614787306334752,0.19578497335434672,-1.224426358898337,0.025041524206232756,1.261702484192905,-0.7695308061782682,-1.3969211743422332,-0.9751863557695866,0.3896219208219021,1.8257392390972396,-0.26782859645167134,1.824642085589504
straight_ahead,0.499987618651095,0.0035186923149467995,-0.499987618651095,-0.0035186923149467995,1.2582255880739228,0.20226958471444428,-1.2199688804815936,0.011088463803601348,1.3989693415544562,-0.7467586239756288,-1.5103907600801085,-0.9685253244709341,0.3932748088856681,1.8160602053737165,-0.2608853172622199,1.81451546535894
straight_ahead,0.49998323053104377,0.004095019870663266,-0.49998323053104377,-0.004095019870663266,1.2561733662539523,0.2026649256579492,-1.2210442801845103,0.0064963689753290985,1.4376668770705696,-0.6950239106578477,-1.5544169859318888,-0.9149673385234136,0.3932718214599554,1.8176880996223823,-0.2601946597523638,1.8147704225840438
straight_ahead,0.4999940297387133,0.00244340451880974,-0.4999940297387136,-0.00244340451880974,1.2524318758380149,0.18367203419446226,-1.2181472145331194,0.005418850407137864,1.5097566131506914,-0.6636061114118451,-1.564526829877222,-0.8817039699873946,0.3950897842468249,1.80973418912022,-0.25616659618169635,1.80725726780685
straight_ahead,0.4999906008720397,0.0030657853180983724,-0.4999906008720397,-0.0030657853180983724,1.2505669295992103,0.17489163475071876,-1.2177328563374086,0.007855008953893064,1.520134778236955,-0.6513543368656556,-1.5376975036558087,-0.8815099478597086,0.3950001693483515,1.8084962395166007,-0.2568120808070744,1.805834788312969
straight_ahead,0.49999173641693917,0.0028746329807317274,-0.49999173641693945,-0.0028746329807317274,1.2451525856648702,0.15989073443015275,-1.2097472294583864,-0.001322115168658393,1.4624747790075003,-0.7042273296166984,-1.5075727214172532,-0.9520804232410649,0.3981486679690221,1.7978087263017557,-0.24969976481126835,1.7933371749995426
straight_ahead,0.4999893727020576,0.003259936349525332,-0.4999893727020576,-0.003259936349525332,1.2447584283978261,0.16692988549071214,-1.2161662736477616,0.04822380816167093,1.482457521218703,-0.658025603821482,-1.5837763940934888,-0.7469472592334595,0.39653192323187464,1.8020999423556106,-0.24986471449191217,1.8006360764873492
straight_ahead,0.49999926297801306,0.0008584995303696763,-0.49999926297801334,-0.0008584995303696763,1.2470714749921217,0.16312708273977464,-1.2169684662101266,0.07355461082195323,1.3198989233377125,-0.7518502360063433,-1.4442180104155657,-0.8059250371623852,0.39750466754968067,1.800137669994339,-0.25080809070017235,1.8075180911276454
straight_ahead,0.4999996245071098,0.0006127746316858372,-0.4999996245071098,-0.0006127746316858372,1.2432488554469578,0.12445180992503492,-1.2190905797139109,0.07443582614298337,1.4021041845917315,-0.7563544397315435,-1.5056644487241644,-0.8073896624746054,0.39723877525806217,1.7989629224587633,-0.2564603728245499,1.811318417029432
straight_ahead,0.49999995010390413,0.0002233743343923233,-0.4999999501039044,-0.0002233743343923233,1.2277101059178468,0.0771376120239333,-1.2133287844235683,0.07535864811714171,1.4947004355102902,-0.7420666414135184,-1.5621350203969,-0.7389869904703784,0.3881783418968965,1.7842100805732317,-0.2602431457195774,1.7954998536897828
straight_ahead,0.4999999804645218,0.00013976937357833375,-0.4999999804645218,-0.00013976937357833375,1.2267894345783483,0.06255206759103553,-1.212832697682584,0.07600587239441312,1.4745635492632112,-0.7569205227486341,-1.5581999234048645,-0.7500352843722009,0.386886898979559,1.7820985772526088,-0.2617609294745166,1.7922038584024795
straight_ahead,0.49999949534076576,0.0007103935384052812,-0.49999949534076604,-0.0007103935384052812,1.2305227355267996,0.06473539241174694,-1.2183554977266289,0.08084052283939747,1.381085690795982,-0.7911294515552151,-1.5074689273311703,-0.8260421541891042,0.38852991016703387,1.784822546347136,-0.2623630356353736,1.7948891828936626
straight_ahead,0.49999782056720127,0.001476288606166273,-0.49999782056720155,-0.001476288606166273,1.2383925241639482,0.08065776591835905,-1.2204847837375175,0.08126869541938449,1.286590593943432,-0.8262139540494762,-1.4006944370465335,-0.8798439839576426,0.3912302839996815,1.7890831676611323,-0.2614910329022123,1.7992158826046172
straight_ahead,0.4999974398105619,0.0016000571500418101,-0.49999743981056216,-0.0016000571500418101,1.2439037410245966,0.10356570359571295,-1.2168548317488503,0.0819445872896319,1.1257182183120562,-0.8234253718029582,-1.1506266622052888,-0.8828388626403137,0.3923825265161455,1.7924035863686862,-0.26164786448024085,1.803164778510179
straight_ahead,0.499993762156236,0.002497559779704991,-0.49999376215623625,-0.002497559779704991,1.2426262446662244,0.11521380558293899,-1.213250620255773,0.08732546339155844,0.9487985774042966,-0.7668650393921034,-0.9203516040888646,-0.8403155041156342,0.39160311883598997,1.7953136415931092,-0.26370960213114136,1.8080404679911284
straight_ahead,0.49997920990115746,0.004559568687318523,-0.49997920990115746,-0.004559568687318523,1.2435849042480267,0.1265844404438977,-1.2214351267020367,0.10129069001404153,0.9643668253459443,-0.7501088565895737,-0.9002756611572547,-0.7958469639090041,0.3885994735986014,1.8066032095907434,-0.26910252700559784,1.8223516185109647
straight_ahead,0.49997578158747646,0.0049211610410448,-0.49997578158747674,-0.0049211610410448,1.2473728257222734,0.13260049750978842,-1.223564541925966,0.10356452388420015,0.9880376287523606,-0.7528571735751665,-0.920485303268106,-0.8002441861762953,0.3871835114185011,1.8155145976588127,-0.2729782331107893,1.8306688708269796
straight_ahead,0.49994977640119814,0.007086683031706036,-0.4999497764011984,-0.007086683031706036,1.2543007771036343,0.14022614585741838,-1.216087171377015,0.0977527124461997,1.0191827121682266,-0.7711847136969155,-0.9637002595336922,-0.8745065948026153,0.39144719577041714,1.8134451287066016,-0.2672131302859121,1.832069526841366
straight_ahead,0.499953954741302,0.006785509452650798,-0.49995395474130233,-0.006785509452650798,1.2538650164500804,0.14358306266343385,-1.2183631668353918,0.07950181479636236,1.3185751378823731,-0.78514077769332,-1.387953086971053,-0.8905839296891133,0.3922831134704393,1.8161240597926773,-0.2669638646781896,1.8298085664684112
straight_ahead,0.4999433461863122,0.007526659553419631,-0.4999433461863125,-0.007526659553419631,1.2523899728441708,0.14346301311508605,-1.2223803105362738,0.06416512011437167,1.4088761552628135,-0.7842187731848552,-1.4860614236244873,-0.8945549981482542,0.39270521441229705,1.812916825901876,-0.2661570952683105,1.8253037607581535
straight_ahead,0.4999369168793212,0.00794223779539887,-0.4999369168793212,-0.00794223779539887,1.249798514423232,0.13542974951487471,-1.2212938330723129,0.05863705202555996,1.5182474479106935,-0.7322192295393357,-1.5840644317929393,-0.8152343990095589,0.3909475872251018,1.808633492300309,-0.26694285746660473,1.8202508027313526
straight_ahead,0.4999677936368111,0.005674973650957433,-0.4999677936368111,-0.005674973650957433,1.245228700046661,0.12715917562525475,-1.2193790981316701,0.04977929205881675,1.5110490886744214,-0.726500625674461,-1.5847845964682665,-0.8182382932698673,0.38960901073068144,1.8026186126012025,-0.26710526421974323,1.8124085846244717
straight_ahead,0.4999628322232364,0.006096424798174863,-0.4999628322232367,-0.006096424798174863,1.245924214814579,0.13038243151759593,-1.2241585816982488,0.040005072361283034,1.451684602627099,-0.7480652827972575,-1.5098882990203366,-0.9014156298103766,0.3885290324637336,1.803546690923357,-0.2683176317593973,1.8120570010810435
straight_ahead,0.49995467138622124,0.006732500211322019,-0.4999546713862215,-0.006732500211322019,1.2468101321178962,0.13022340000508872,-1.22705062836381,0.03361496301297553,1.427013316220313,-0.788952805359635,-1.474278843506639,-0.949394003499991,0.38911520954682094,1.804598744943588,-0.2680067780981198,1.8118804900831056
straight_ahead,0.4999313501253716,0.008285237583977274,-0.4999313501253719,-0.008285237583977274,1.2475574026111005,0.12692810711512773,-1.2225057114876783,0.03442270603954803,1.219220704878528,-0.8078315708028169,-1.1805267833412167,-0.9581141933361496,0.387376895389258,1.802411728948044,-0.2666966329032269,1.8087233455107643
straight_ahead,0.4999255235260703,0.008629653943500295,-0.4999255235260703,-0.008629653943500295,1.2465219678100705,0.13518082684051536,-1.2115809519950231,0.040774266917217736,0.9877019957645061,-0.7722776733320027,-0.9547716765045886,-0.898620359699122,0.38517019588664997,1.8020157091556093,-0.26852070103961184,1.8068734603771195
straight_ahead,0.49993310432431304,0.008178704093889084,-0.4999331043243133,-0.008178704093889084,1.234273077364354,0.1358755594542063,-1.2001998415322257,0.05501553578760979,0.9065171520410035,-0.7372191530267231,-0.8994568980545004,-0.8305370829568288,0.3851153074647067,1.80097916044477,-0.2673191473070087,1.8001229883949106
straight_ahead,0.49993020230479596,0.008354209925880977,-0.49993020230479623,-0.008354209925880977,1.2250709823086392,0.14137446257391606,-1.195369954607108,0.08784820349472368,0.8670880536017919,-0.6988109132093387,-0.8689428702510404,-0.7699840015711407,0.38597562024199256,1.7999060591862652,-0.2644818143143368,1.7992987378427103
straight_ahead,0.49994906331050853,0.007136812660086583,-0.49994906331050853,-0.007136812660086583,1.2299198636880666,0.15773613659930363,-1.196889748872713,0.1071290984601595,0.9635942708168239,-0.7027573854296105,-0.9459375737133526,-0.7794353694148805,0.3858728599687856,1.8022166575177923,-0.2647979777707342,1.8031645932060256
straight_ahead,0.49994345055509914,0.007519723868673367,-0.49994345055509914,-0.007519723868673367,1.2464864938475713,0.17687992323774093,-1.1945300757961625,0.11528215626099207,1.041283268549628,-0.7055479521914848,-1.0697368325921797,-0.8187957272263989,0.39000233745219953,1.8025621419925455,-0.2609700704796181,1.805516960725422
straight_ahead,0.4999299875526922,0.008367051186941263,-0.49992998755269247,-0.008367051186941263,1.254970198903534,0.19040758917657558,-1.193330239837308,0.12259623734825617,1.1281114103732608,-0.7245387494716599,-1.1813145764723958,-0.8388720954344973,0.39067239400491804,1.8017035630110891,-0.259489464149119,1.8079591893518043
straight_ahead,0.4999393694181796,0.007786328130311216,-0.4999393694181796,-0.007786328130311216,1.2553662666163194,0.20011810002106825,-1.2019588857811851,0.12716384928448482,1.2756110508768863,-0.7253581819188127,-1.3989588724147513,-0.827169543321633,0.39403218238355436,1.7967736693493843,-0.255114112743305,1.8094610510220637
straight_ahead,0.4999370310656647,0.007935046896422333,-0.499937031065665,-0.007935046896422333,1.2597192026292692,0.20259483926443375,-1.213425653923504,0.13572259688542165,1.3734351891054597,-0.7286788065188526,-1.4581481046091038,-0.794712347434558,0.3958744728206334,1.7991461614050204,-0.25515778310116005,1.8127702768585474
straight_ahead,0.499935648143172,0.008021702790953603,-0.49993564814317226,-0.008021702790953603,1.2527080172613207,0.1977842161414956,-1.2181505132126826,0.133506783188454,1.4360998681155175,-0.7028462285527863,-1.5317063698919515,-0.7449370741023933,0.3948573294989137,1.7967741640681878,-0.25604823055477566,1.8102066571958728
straight_ahead,0.4999389041407262,0.007816145250041668,-0.4999389041407262,-0.007816145250041668,1.2504832564475337,0.1964580033291732,-1.2238662958858109,0.12937572075319811,1.4167949021133217,-0.7025729768021696,-1.4745989958544252,-0.7591037262075355,0.3942363755681012,1.794499660983036,-0.2574274668785062,1.8078287990240482
straight_ahead,0.49993558319910947,0.008025749271324819,-0.4999355831991098,-0.008025749271324819,1.2500148808834148,0.19601415053297738,-1.2309612755740982,0.12082522000227489,1.4010243216299056,-0.7102088019172774,-1.4551094917198637,-0.809999894491186,0.39452547459723325,1.794839494430972,-0.257688267340886,1.8081176911214132
straight_ahead,0.49992495136857196,0.008662736238104636,-0.49992495136857196,-0.008662736238104636,1.2423884952753692,0.1726228285481808,-1.2219038408520688,0.10922950475619678,1.557472138298449,-0.647942190030725,-1.5535156454125731,-0.743717315731939,0.3914652382840923,1.7875922128888055,-0.25693281438805393,1.7991936778149937
straight_ahead,0.4999269043165563,0.008549288886486749,-0.49992690431655656,-0.008549288886486749,1.2389796054751259,0.17185567287762446,-1.221053103800238,0.07615406258968846,1.5438778548103933,-0.6050161081814893,-1.570532209871992,-0.7573022768727581,0.3898069014434437,1.7832722078810985,-0.2580876888268554,1.7888282449194222
straight_ahead,0.4999222398229476,0.008817830255071688,-0.4999222398229476,-0.008817830255071688,1.2394022603177484,0.1716118414094116,-1.2196091580648245,0.0695061348991906,1.614163992062511,-0.5903080152038618,-1.6055896911034795,-0.7207409958246735,0.38710332891562604,1.7776839006905245,-0.2582586864182349,1.7840813281897887
straight_ahead,0.4999346674942604,0.008082588533579677,-0.4999346674942607,-0.008082588533579677,1.2418113385720906,0.1656975324314928,-1.2198022337684868,0.05380410434697604,1.5518041331121697,-0.5919406032528415,-1.5553300275905688,-0.8115478217851296,0.38682161379086943,1.778023837112162,-0.2587496061598653,1.7843751231494007
straight_ahead,0.49993759319664577,0.007899551173650135,-0.49993759319664577,-0.007899551173650135,1.244159818983243,0.16781785543818223,-1.2212717913531814,0.05615714474369798,1.4784469065000856,-0.6769400528098981,-1.4213999775564856,-0.9030538208881436,0.3894836733263678,1.7802209331099632,-0.25924241653220814,1.789788932340198
straight_ahead,0.49992916466792736,0.008416074763711465,-0.49992916466792736,-0.008416074763711465,1.249606632737248,0.17089481752355268,-1.222966716818001,0.059084227992135974,1.4098556123696113,-0.7380724215003922,-1.3137608674213042,-0.9217189310178555,0.391260500467999,1.783927219189335,-0.25971960872976124,1.796164995881052
straight_ahead,0.4999350514107134,0.008058807043686635,-0.4999350514107134,-0.008058807043686635,1.2505010571624167,0.1779202410219131,-1.2206619581455274,0.05994163422218358,1.1627224989634612,-0.7538892622696628,-1.0081253618518535,-0.9202531157829335,0.3905886304200931,1.78664433252095,-0.26054641643461657,1.7990357347361186
straight_ahead,0.49991357955147797,0.009295858219010435,-0.49991357955147825,-0.009295858219010435,1.2493190958266525,0.18702030235799963,-1.2192927535896738,0.07633272769287895,1.0166031408007843,-0.7353200214989193,-0.9020101539817701,-0.8372095558330581,0.3884417650482549,1.7966978293218094,-0.26407855714803413,1.808258751413713
straight_ahead,0.4999254283816437,0.008635164007129598,-0.4999254283816437,-0.008635164007129598,1.249727398354446,0.19398742328355784,-1.2130972354483616,0.07827435995688055,1.0327310258495352,-0.7323854005497735,-0.9200855716621645,-0.8307381642958906,0.3873057018495196,1.7985021213430323,-0.26535526189386416,1.8065240343397242
straight_ahead,0.49992760212282833,0.008508386199444247,-0.4999276021228286,-0.008508386199444247,1.2512071006605479,0.19437464794239326,-1.2155299074747297,0.0769088779256124,1.0754990532009956,-0.7397929510820344,-0.9929732838651357,-0.835333009282217,0.3868771494723277,1.8017584702378906,-0.26649531660699716,1.8093236238273063
straight_ahead,0.4999529865722458,0.006856472671262747,-0.4999529865722458,-0.006856472671262747,1.250798687473915,0.17452462289914222,-1.2090676304601946,0.07493467307996499,1.1414490440536864,-0.7992780713945479,-1.0693879733368004,-0.8730137187409517,0.38868159432112337,1.797633204358264,-0.2628365141162356,1.8065834240346135
straight_ahead,0.4999596686452863,0.006350569115875602,-0.4999596686452863,-0.006350569115875602,1.2479146187645047,0.15478535902556687,-1.2138530078615666,0.0754437997994796,1.3775299146627362,-0.793470566440069,-1.2937745747187077,-0.8922791434112614,0.3887817511522991,1.7962804040160223,-0.262244108072996,1.8052850544062002
straight_ahead,0.49996578153529636,0.005849555008743991,-0.49996578153529636,-0.005849555008743991,1.2457551538265073,0.14176965009864137,-1.220127349072291,0.07567350566218767,1.4451392061625221,-0.778003873540392,-1.4038003746508891,-0.890188808223418,0.3884920987108065,1.7976180072976224,-0.26172027240867024,1.8055235739565212
straight_ahead,0.4999561047679992,0.0066252022768691155,-0.4999561047679992,-0.0066252022768691155,1.2403446929377977,0.14165356217330258,-1.2206935195131345,0.0719270886919103,1.5485553911853338,-0.6404236434421782,-1.5886384638487334,-0.7679214316116131,0.3862233159596607,1.793375031132146,-0.25964287500718347,1.8003969969351998
straight_ahead,0.49995549161893565,0.006671311720211575,-0.49995549161893593,-0.006671311720211575,1.235961558528527,0.1402808337761323,-1.2195605279637716,0.07372230012364675,1.55099057363132,-0.5788995463088147,-1.6077903853361393,-0.6866676024839984,0.38785491003922234,1.7929254898440705,-0.2539946755918801,1.7987688676205174
straight_ahead,0.4999567989958298,0.006572605103267908,-0.4999567989958298,-0.006572605103267908,1.2337512326009907,0.13925284051292064,-1.2204869442587611,0.07338963298266706,1.5507772711482462,-0.5812607204676242,-1.6084345458720897,-0.6929909732085444,0.3866942183255808,1.7939366171303124,-0.254188939624708,1.7997450005722584
straight_ahead,0.4999669881785882,0.005745496639222136,-0.4999669881785885,-0.005745496639222136,1.2309389225181315,0.13327487165322627,-1.2222351324024507,0.07344316942725632,1.5080732540000785,-0.5956078183491189,-1.5499198527960547,-0.7337991830953814,0.3867171544204844,1.7972454700688762,-0.2542209304743918,1.8030673222978797
straight_ahead,0.4999667676228578,0.005764657210219187,-0.4999667676228578,-0.005764657210219187,1.2333987115663052,0.11799049814644841,-1.2211187276277435,0.07285039735835397,1.3534492874198232,-0.7736925432683806,-1.3608755002971997,-0.8694823419654303,0.3873848897290492,1.7999273363854316,-0.25468243587119543,1.8050034061520628
straight_ahead,0.4999525899883208,0.006885329619558422,-0.4999525899883208,-0.006885329619558422,1.2350837120252565,0.1053783105043677,-1.2199192813643578,0.07195204629786217,1.2871342113037498,-0.8183459072215856,-1.2636073018029998,-0.9192252594957246,0.38696145237649215,1.800245973445163,-0.2560039709394521,1.8003702168433022
straight_ahead,0.4999565049409672,0.006594934966518548,-0.4999565049409672,-0.006594934966518548,1.2359322603562717,0.10676852766572713,-1.2158794234518555,0.08837464415899192,1.1531564903278588,-0.8203273739460364,-0.9695623534030706,-0.8652799348863367,0.3836351069880438,1.7961314290756996,-0.25797301827355984,1.800188145877756
straight_ahead,0.49995937468071433,0.006373669968637384,-0.49995937468071433,-0.006373669968637384,1.2392328214309243,0.10766118010986597,-1.2073877118155751,0.09926591019328491,1.112766998387642,-0.8107902250317669,-0.9101093628436471,-0.8407806145287404,0.3823221393504647,1.797602985262456,-0.2631622942544831,1.802918550148201
straight_ahead,0.4999695564647124,0.005517482077790965,-0.4999695564647124,-0.005517482077790965,1.2393391455065408,0.11340018116312932,-1.2089048247270835,0.09513982861205779,1.0713009569647434,-0.8017245139564089,-0.991014665140973,-0.8447752991489345,0.3809580258528633,1.7992416687784176,-0.2645552884030269,1.8038624625524475
straight_ahead,0.4999777328325268,0.004718757426107079,-0.4999777328325268,-0.004718757426107079,1.2410446796651031,0.11528506173034418,-1.2062366801495317,0.09368775275287781,1.0775299984940054,-0.8017744047091102,-1.0462675929572158,-0.8570092501310446,0.3812211874485895,1.799636328698023,-0.26455428319736174,1.803690493531848
straight_ahead,0.4999748478987289,0.005015123990779488,-0.4999748478987289,-0.005015123990779488,1.2420688373946815,0.10995486776696373,-1.2065684523744928,0.08573551045493905,1.107344779452072,-0.8480047945331882,-1.196415602468922,-0.9045662992977795,0.3825444141017032,1.800808273101348,-0.26443269176733075,1.8043560756564043
straight_ahead,0.4999750695855586,0.004992974355603173,-0.4999750695855589,-0.004992974355603173,1.2415929920746762,0.10694058261364932,-1.2125483613258268,0.08036790556980962,1.2417049307334074,-0.8499371812373813,-1.3673248643803138,-0.9217854444942701,0.3837437283490428,1.8005655868325994,-0.263623644110279,1.8031659848966894
straight_ahead,0.4999865607947939,0.003665927521625321,-0.4999865607947939,-0.003665927521625321,1.2402797657311975,0.08266914208517978,-1.2141253727468992,0.07503143146193803,1.425390326280082,-0.8395491764398098,-1.5389386118085722,-0.8784730398887366,0.3806457237217664,1.797029770330369,-0.26522145413929066,1.7994984617974392
straight_ahead,0.4999874070241401,0.003548635974129128,-0.4999874070241401,-0.003548635974129128,1.2286024407191722,0.0715170525862189,-1.2075562802504998,0.07353427829251874,1.5021211367598577,-0.7568319844984025,-1.6100793227181254,-0.7159640788697552,0.37584648751264976,1.7830901415257028,-0.26630112127825417,1.7853960939860187
straight_ahead,0.49998799755524215,0.0034644336765449367,-0.49998799755524215,-0.0034644336765449367,1.2186884147970056,0.0689586782941761,-1.201170344011792,0.07035802331677372,1.5113022867603791,-0.7134601754920551,-1.6406259743666594,-0.6534510506272436,0.37149165831067815,1.767036572595568,-0.26768566003883526,1.7676526030419486
straight_ahead,0.49999143378961297,0.002926796372650486,-0.49999143378961325,-0.002926796372650486,1.2169322011778516,0.06535421679793395,-1.2014108693421606,0.07063647579043422,1.48935762965808,-0.7155629661359976,-1.6392915618972186,-0.6354513075251341,0.37022088329594444,1.7654168763468767,-0.26825460368863774,1.7657943278875357
straight_ahead,0.4999937637301889,0.0024972446656359756,-0.4999937637301889,-0.0024972446656359756,1.2171621055401542,0.06340625508791867,-1.2046248849473629,0.07110920029924295,1.4628943411521247,-0.7223287933376317,-1.6130125275598788,-0.6533782807190182,0.3704447933960444,1.7661854648569457,-0.2685210118236789,1.766719609616921
straight_ahead,0.4993398425824632,-0.025685046422397127,-0.4993398425824635,0.025685046422397127,1.156036359818665,0.01732455210551207,-1.2461277099199766,0.08342463428283395,1.4188175573002315,-0.7368277017738605,-1.6347737837383132,-0.7956904954099216,0.4233516575834545,1.8554410739246583,-0.2440983235024328,1.8876315311671652
straight_ahead,0.4993074458441327,-0.026307309338061403,-0.4993074458441327,0.026307309338061403,1.1497513839802218,0.02730319171847964,-1.2515199224490619,0.10292936101422073,1.4942119069086877,-0.6297369829547393,-1.6845629043917933,-0.6522626184783172,0.4147448229776071,1.8563378487970488,-0.25338006148046893,1.8900620614274883
straight_ahead,0.499237615185437,-0.027600789553151407,-0.4992376151854373,0.027600789553151407,1.1459722835113273,0.03152948655133855,-1.2564041183443577,0.1117318924706895,1.516369275170819,-0.5785726296045476,-1.7057537949064996,-0.6141717556927565,0.40979828678502456,1.858299153523424,-0.25910020588966154,1.8978667883009421
straight_ahead,0.4992104927426769,-0.028087077733607642,-0.4992104927426769,0.028087077733607642,1.148501130065215,0.03641525665462978,-1.2603814300637681,0.11055516089981064,1.4793984693664606,-0.6049974768877419,-1.6559514285433743,-0.6691536574834844,0.409610785240286,1.8617481144999315,-0.25944440800187074,1.9026367667644604
straight_ahead,0.49929023717238097,-0.02663191814998299,-0.49929023717238125,0.02663191814998299,1.1609431446988734,0.030504491945350348,-1.2648967425209416,0.10954970922223538,1.3933987720845569,-0.8103717932285418,-1.441202043200507,-0.933797509664333,0.4128816710357742,1.868436969863602,-0.25341415439235443,1.9093903270799895
straight_ahead,0.4992532925801684,-0.02731574358974732,-0.4992532925801684,0.02731574358974732,1.1648546603124237,0.02799559662301297,-1.2659849543418635,0.09951441145761984,1.174426178153047,-0.8781153280439711,-1.0928134855725022,-0.9592880251605052,0.41344709529556484,1.8783261643542746,-0.254970674472597,1.9170208249265237
straight_ahead,0.4992332719897453,-0.027679236593751492,-0.4992332719897456,0.027679236593751492,1.1711171316029625,0.023249740985715923,-1.2665241304309223,0.0932642690469394,1.1035818820624885,-0.9085188210497009,-1.0242296365290946,-0.9458857981951386,0.4131864478669341,1.8898630413421016,-0.2571181261968028,1.9276624363804638
straight_ahead,0.4991627526975559,-0.028923110472400492,-0.4991627526975559,0.028923110472400492,1.1709559888535288,0.022023719806090122,-1.2402455347337875,0.09409987558882514,0.9271446006137453,-0.8987517871459835,-0.8464265273352422,-0.9122574214782428,0.4138896859378831,1.8980654564998036,-0.26109935096538517,1.9273966674721768
straight_ahead,0.4988122058210176,-0.0344439156306411,-0.4988122058210176,0.0344439156306411,1.1712853430542027,0.028613652610396893,-1.2395673881631675,0.10131796780915553,0.9297974076495434,-0.8887334933713705,-0.8996669513175697,-0.8869276707289508,0.4135207580739542,1.90301608886582,-0.26390249070855826,1.9250070927091294
straight_ahead,0.4988685720261827,-0.03361767161118396,-0.4988685720261827,0.03361767161118396,1.1734408271899355,0.02286323932362404,-1.2469786478536091,0.10268394036632536,1.025419238777104,-0.904226495218743,-1.0323898827227243,-0.9212210365192496,0.41284431204700467,1.9024255700247896,-0.26398207187536943,1.9329714798901125
straight_ahead,0.49885714940536385,-0.033786750171543665,-0.49885714940536413,0.033786750171543665,1.1756233421050353,0.01747071990612257,-1.2570197186648935,0.1009439222168939,1.0424970871266832,-0.8941697228503946,-1.0435838903994328,-0.9478470234854682,0.41355148119903024,1.898816664550344,-0.24566647375102207,1.9298691630918612
straight_ahead,0.49912933866352954,-0.029494122894360927,-0.49912933866352954,0.029494122894360927,1.1830947974631396,0.038923456915098686,-1.2691377414581642,0.10490711059686236,1.3081001529628717,-0.8822951235092908,-1.4236313340693345,-0.94174540325747,0.4133957854945246,1.8850516232127121,-0.2470423402934552,1.9161000574658251
straight_ahead,0.49924019537615316,-0.027554079929847347,-0.49924019537615316,0.027554079929847347,1.1795202970950265,0.04879162729751978,-1.273565144461281,0.1046262478592137,1.3835541363419492,-0.8208965779576393,-1.5397631093446082,-0.9391296015547457,0.41068642724465343,1.8725381706465736,-0.2518764654785868,1.9009467376223732
straight_ahead,0.4993624621732716,-0.025241461373061533,-0.4993624621732719,0.025241461373061533,1.1758634739435962,0.047315912827100286,-1.2711773952245151,0.10083676502967337,1.47143127097112,-0.7278651894504365,-1.65491207140115,-0.7947864091024575,0.4074599421281779,1.8576944780206792,-0.25283277904321694,1.890607688221143
straight_ahead,0.4993962013538596,-0.024564895141955947,-0.4993962013538596,0.024564895141955947,1.174094786580023,0.04558124608274967,-1.2690031776014563,0.09446376711048883,1.4602872953421322,-0.7259822289563903,-1.6227673860313798,-0.8019854263012222,0.4062580124732012,1.8541454457435211,-0.25466675368380737,1.8864652269425755
straight_ahead,0.4993373337446693,-0.02573377408707637,-0.4993373337446693,0.02573377408707637,1.1818833552741586,0.04122415816859934,-1.2580410018812715,0.09122413522481947,1.4126167911035314,-0.81626745118183,-1.5394304416439892,-0.9282874171159481,0.40645790771857104,1.8435077128594548,-0.25032137431603485,1.8778662143817033
straight_ahead,0.49946579501374916,-0.023106700571119212,-0.49946579501374944,0.023106700571119212,1.187825411121336,0.03834056122297654,-1.2554939890714047,0.09211846094599375,1.3679485748691522,-0.8368868615237834,-1.387118474435981,-0.9576662824159148,0.4054806724897018,1.84089396641608,-0.2543280293694167,1.875683953501655
straight_ahead,0.49944202163763,-0.023614974539837144,-0.49944202163763,0.023614974539837144,1.1930092794773601,0.05010806609461693,-1.2550689830149704,0.09204355034289842,1.1629432792895356,-0.8427869665029804,-1.057575763531802,-0.9513854923370714,0.4043035182143592,1.84538302943636,-0.256408800072048,1.879131883304489
straight_ahead,0.4994035823083423,-0.024414380549067187,-0.4994035823083426,0.024414380549067187,1.1926642438785633,0.052679060959806775,-1.2521099935851823,0.09336052273180881,1.0717327857043415,-0.842717451360779,-0.9835943066862972,-0.9386924356281363,0.40304580002408574,1.8483503143227267,-0.26003282780953635,1.881715808883572
straight_ahead,0.49941463702923566,-0.024187193325325256,-0.49941463702923594,0.024187193325325256,1.1945616429735142,0.05632749915883188,-1.2169902951426836,0.09478486179802628,0.9007911801923006,-0.7691196244860694,-0.8272561631898483,-0.8363381986450081,0.4049691428227483,1.8566438695411653,-0.26231012005513227,1.8890263834522154
straight_ahead,0.49940991226088627,-0.024284553435751154,-0.49940991226088627,0.024284553435751154,1.1900157486051322,0.06352726157537539,-1.213902214703036,0.10290082675369155,0.9233453459594991,-0.7497835570527485,-0.8817328076554611,-0.8068303306452218,0.39977376942566145,1.848196314005869,-0.27185703016634005,1.8745678380118582
straight_ahead,0.4994407129503967,-0.023642636223552543,-0.49944071295039705,0.023642636223552543,1.190968790698501,0.0654999650361658,-1.2201413348176,0.10487354902821343,0.9582651236410938,-0.7545884363391534,-0.9229894879146063,-0.8162834273440118,0.39598282157378123,1.845680618866247,-0.2775501789167648,1.8698398432540262
straight_ahead,0.4994960824497233,-0.02244245123374949,-0.4994960824497233,0.02244245123374949,1.192875745610388,0.06748897850951359,-1.2213018551028898,0.10300425994930072,1.0873649157774787,-0.7878833817655535,-1.0335614024615223,-0.8710270313468483,0.3969249769865731,1.8498584255200818,-0.26615619175993593,1.8829517976901144
straight_ahead,0.4995848310615245,-0.02037146468047937,-0.4995848310615245,0.02037146468047937,1.1968955493178002,0.07033338805438359,-1.2342976477488026,0.10275779616964008,1.3149178211984163,-0.7901611590086778,-1.355134936034093,-0.9032349866976127,0.3967899384924134,1.8415439264237385,-0.26575760528527365,1.875977697189183
straight_ahead,0.49958657935183876,-0.020328544746954395,-0.49958657935183876,0.020328544746954395,1.1960895414555222,0.08090654899380037,-1.2399026846266743,0.10539975456331568,1.3849450718634406,-0.7623352061374611,-1.4527252577190815,-0.8985284203356783,0.3961027473359317,1.8349451865578654,-0.26656015195626653,1.8740274819283618
straight_ahead,0.4996169977860606,-0.01956669423391387,-0.4996169977860606,0.01956669423391387,1.1918798233802843,0.081464593098754,-1.2385701797816957,0.10748078181507435,1.497149655107773,-0.6725144424915008,-1.5827105342402978,-0.7854050717567351,0.3947558195853754,1.830472232834012,-0.26710036102099827,1.8734250773361756
straight_ahead,0.49962990561903037,-0.01923427698455738,-0.49962990561903065,0.01923427698455738,1.194023272032097,0.08304202634329,-1.2406829382035707,0.10690353950385728,1.5038176780992458,-0.6589698264368303,-1.577482040734936,-0.7922828294064472,0.39539850558754824,1.8308926460326136,-0.26115462114723115,1.8742633716516868
straight_ahead,0.4996756246023049,-0.018007503388766624,-0.4996756246023049,0.018007503388766624,1.19474489926095,0.08656344206103736,-1.2446057764423184,0.10507923415411106,1.481662649286515,-0.654774249444784,-1.5542905862448029,-0.8178678896873454,0.3946821814636214,1.8358259494099978,-0.2579626673294225,1.8794037878163468
straight_ahead,0.49974526547098747,-0.01595837207650876,-0.49974526547098747,0.01595837207650876,1.2005067932993347,0.08872923756058547,-1.2447050509093371,0.09799134190281693,1.4478372674492632,-0.7454172017799522,-1.4137452971810116,-0.9121355412002952,0.3938617619498647,1.8344477119192426,-0.2552123342909614,1.876378722008817
straight_ahead,0.4997607391886289,-0.015466207215578925,-0.4997607391886289,0.015466207215578925,1.2029931881466491,0.09939186306141352,-1.2478134993154613,0.09164794910788485,1.2160153306241028,-0.7727418910265746,-1.0884432127232242,-0.9183696028145942,0.3913147482700943,1.8421215223392307,-0.2586392205792445,1.877158470614057
straight_ahead,0.4999957265827382,0.002067220113980306,-0.4999957265827382,-0.002067220113980306,1.2174359435059923,0.0669248323073058,-1.2045710620878263,0.06972220582815655,1.5011060701899968,-0.7036211091770699,-1.6112298030321945,-0.6612938817887205,0.3725908119462334,1.7723936619018832,-0.266047675934134,1.7707850541942782
straight_ahead,0.4999941969847792,0.0024089378459494276,-0.4999941969847795,-0.0024089378459494276,1.2223900076124583,0.07719464161929714,-1.2074254474651964,0.06616605446273867,1.4234469746651275,-0.7625854188097638,-1.5352824942652405,-0.845783856562453,0.3735195654941548,1.7764646301539717,-0.26906944525364007,1.7746505738854153
straight_ahead,0.49999524516357935,0.002180553556364232,-0.49999524516357935,-0.002180553556364232,1.2235730339976796,0.07613785908300731,-1.210448405323656,0.059608114219221256,1.4631742367853426,-0.7576834349596403,-1.568587744800159,-0.8310933812726846,0.373410024899542,1.7799037863863278,-0.27066135823867743,1.7782209936295623
straight_ahead,0.4999968453722148,0.0017761243857224605,-0.4999968453722148,-0.0017761243857224605,1.2224442806738105,0.07559737622259595,-1.2096740306852884,0.05960885336353473,1.5163771073467456,-0.7114065501132019,-1.5976606563403288,-0.7662120398438999,0.3744532769864237,1.7804953711619225,-0.26911754419271816,1.778352716733424
straight_ahead,0.49999704890402,0.0017178728913727224,-0.49999704890402025,-0.0017178728913727224,1.2210073461406148,0.07559809745714872,-1.2101542191295074,0.059285629884286,1.5213807284982914,-0.6960420232283843,-1.598116256395576,-0.7558072487747373,0.3747949092782328,1.7803690450102359,-0.2677522946316411,1.778173648144322
straight_ahead,0.4999968307537269,0.001780234880228866,-0.4999968307537272,-0.001780234880228866,1.2217903413470819,0.07538226102230461,-1.2117699757098959,0.056693576833508605,1.496332134054422,-0.7235246529346055,-1.539674097602042,-0.8273897821456059,0.37521694509554915,1.783512808337501,-0.2684856125136902,1.7786699999304987
straight_ahead,0.499996845754719,0.0017760167036324575,-0.49999684575471925,-0.0017760167036324575,1.2323558520208953,0.07881038667719362,-1.2148449871527702,0.05679566168058283,1.310402657506269,-0.7928377715957482,-1.3370273080149015,-0.9106237905402849,0.380006368655812,1.7935038325456472,-0.2667115208072473,1.789729666428034
straight_ahead,0.49999411761137397,0.0024253564734813414,-0.49999411761137424,-0.0024253564734813414,1.2317977035111685,0.07810809835486884,-1.2133290863987547,0.05871213465726817,1.120233701588505,-0.8430754429512003,-1.1317591237288638,-0.9223486767459754,0.38150758498740517,1.8001537209968606,-0.2642932526844031,1.7963443076063954
straight_ahead,0.49999289495082017,0.0026655203428352994,-0.49999289495082017,-0.0026655203428352994,1.2316556959182496,0.07412171531340779,-1.2119017926516524,0.0585083517903617,1.061059089116131,-0.865891369083829,-1.0602195042876759,-0.9132084111345108,0.38370776734336143,1.8055913930440461,-0.2627103590982564,1.8008305910430804
straight_ahead,0.49999485256004583,0.002268791188729406,-0.49999485256004583,-0.002268791188729406,1.22961321068499,0.07725552614298249,-1.1979377536282998,0.06345190958760087,0.9152672018291734,-0.843513148649826,-0.9143872487018545,-0.8630344316058453,0.3823435413831838,1.8058108017438046,-0.2643068843790896,1.8024788528398472
straight_ahead,0.49999894302751163,0.0010280911298160085,-0.49999894302751163,-0.0010280911298160085,1.2269483267838768,0.0795266505144171,-1.1923564111033633,0.06917271198897104,0.8836554454489152,-0.8268773772812147,-0.8999758286530523,-0.8321239177501792,0.3793880159080034,1.805998492039524,-0.26684614661824085,1.804033067897753
straight_ahead,0.49999984457320173,-0.0003942420248098941,-0.49999984457320173,0.0003942420248098941,1.2257119360542619,0.07730498937548902,-1.1868558794699686,0.06489625160219828,0.9910363750261055,-0.8441815203604267,-1.00945340918966,-0.8748804218584373,0.3806370800418724,1.7989494265600627,-0.2632121229098464,1.797370061852769
straight_ahead,0.4999932087032394,-0.002606002808655945,-0.49999320870323966,0.002606002808655945,1.2219310395818255,0.07208799426527181,-1.1793224469169623,0.06221437082383616,1.0284453083070175,-0.8670820611383804,-1.0553117081197982,-0.8889458290452189,0.3818754612859007,1.7862710739786127,-0.2583026798750375,1.786322598377001
straight_ahead,0.49996639900218104,-0.005796539380692718,-0.49996639900218104,0.005796539380692718,1.2240336428146348,0.06588583330051885,-1.183216109116481,0.050879279883042514,1.148835736393734,-0.8917065785571302,-1.2466285717685726,-0.9329540696191307,0.3842983465802137,1.7826609548887893,-0.25517724066924385,1.7824193456296586
straight_ahead,0.4999648756986336,-0.005926471770769758,-0.4999648756986339,0.005926471770769758,1.2244810327786029,0.07357202559384081,-1.1881882728402708,0.04821026069960247,1.3778282295359003,-0.873928784668836,-1.448989846219309,-0.9256940061849042,0.3861472248274607,1.7831837559722925,-0.2543850468607964,1.7821767228442333
straight_ahead,0.4999631032926345,-0.006074153932730062,-0.4999631032926345,0.006074153932730062,1.2272840582349962,0.0733094976308826,-1.1897657036029523,0.04719781571169887,1.4715045585824105,-0.8063748917798835,-1.5414200608261237,-0.8446550985179759,0.38704071519083566,1.7825342857378341,-0.2533778140080463,1.7814395971702348
straight_ahead,0.49997624348238845,-0.004874007923612501,-0.49997624348238845,0.004874007923612501,1.2258658420460002,0.07380636328528348,-1.1884007659104592,0.04546134693224752,1.482933834397727,-0.7479620315590579,-1.5530529970311244,-0.8214273983713716,0.38702995764970355,1.7804131005352142,-0.25268640293087447,1.7776738463257094
straight_ahead,0.49998502698194763,-0.0038694694547114273,-0.4999850269819479,0.0038694694547114273,1.2271559198529225,0.08683277796677835,-1.1921140438079552,0.04705125257509305,1.4422733293612797,-0.7555630449055892,-1.4949038654768334,-0.8258163628717404,0.39005239996074065,1.7886042558645068,-0.2505263554444135,1.785401278645574
straight_ahead,0.4999866014627483,-0.0036603767198056273,-0.4999866014627483,0.0036603767198056273,1.2320165879656413,0.08689698225894572,-1.194531035971023,0.04803877034412985,1.3155336935754305,-0.8298954167372105,-1.3689341929295848,-0.8979383181835789,0.38953253694073037,1.791307320056717,-0.2522407329463675,1.7901029601789074
straight_ahead,0.4999888476649041,-0.003339492584410573,-0.4999888476649041,0.003339492584410573,1.2341220782534967,0.08677661172592828,-1.196046723731321,0.045387161136267055,1.228475685584606,-0.8501498979896355,-1.2881021508914638,-0.9308710837328988,0.3882507464094065,1.791970764690547,-0.2536989539998459,1.7925145489353018
straight_ahead,0.4999913497520787,-0.0029411176607790153,-0.4999913497520787,0.0029411176607790153,1.2350318225295964,0.08423902942595407,-1.1972552659058386,0.04650588965745828,1.0807561656004239,-0.8598806995452712,-1.0934126280492371,-0.9283892034565543,0.38764409851608245,1.7962539632579555,-0.2551882559087517,1.7953853267261235
straight_ahead,0.4999926180950518,-0.002716956101178797,-0.4999926180950518,0.002716956101178797,1.2273943421954303,0.08972985355028293,-1.1895202972360122,0.05214030817820442,0.9518742917783357,-0.8097820049777139,-0.9382854726347668,-0.8765038892717143,0.3853808674072062,1.7987736206784792,-0.2568567578242585,1.7972359467784513
straight_ahead,0.49999832230260904,-0.001295258497847513,-0.49999832230260904,0.001295258497847513,1.224670955056575,0.09279819202270914,-1.1835051079106995,0.05551362554620786,0.9042403338835787,-0.7919677917553206,-0.8958111901206633,-0.857393553385056,0.38354102395987644,1.8040206035723714,-0.2597875771995984,1.8013518766361465
straight_ahead,0.49999850582126715,-0.0012223651255516617,-0.4999985058212674,0.0012223651255516617,1.2236881789904033,0.09038299188347398,-1.1831583568751318,0.05707481769752967,0.9040818647033626,-0.7888245078061153,-0.9074311391450905,-0.8443552379586016,0.3814335903557153,1.8005681391875774,-0.2622180273104445,1.7959145684444386
straight_ahead,0.4999983171889891,-0.0012972309659366676,-0.4999983171889891,0.0012972309659366676,1.2301671575247077,0.09101559212632725,-1.1841173347976723,0.05767070626033292,0.9656947760791217,-0.803341614270347,-0.988847068587715,-0.859324313936421,0.38232185890461784,1.8016454380509523,-0.26090143081819905,1.7971341788765047
straight_ahead,0.4999956982357471,-0.0020740650297824243,-0.4999956982357471,0.0020740650297824243,1.230630592806235,0.08859919203704328,-1.1860514697621114,0.057499466671831014,0.994707383180713,-0.8220620571005155,-1.009676891657763,-0.8828921479078268,0.383963857407086,1.8001232946543702,-0.2592789038733509,1.7966819697166931
straight_ahead,0.4999895186187666,-0.0032374791696714975,-0.4999895186187666,0.0032374791696714975,1.236544339312956,0.08542816899951068,-1.1871649181993758,0.0536624080376844,1.1272926734162374,-0.8419782506041187,-1.1975506447278994,-0.9097223599325943,0.38736616510710836,1.7961239054928908,-0.25515287217263827,1.7975420813408811
straight_ahead,0.49998513095195657,-0.0038560117939002592,-0.49998513095195685,0.0038560117939002592,1.238299141025495,0.08686532032845828,-1.1956564162738446,0.052155519335001184,1.3151274409931033,-0.8433286622442157,-1.4216459827227308,-0.9112045107336966,0.3878985261756689,1.7966886884663689,-0.25502917178637313,1.7970498617436055
straight_ahead,0.4999822916051807,-0.004208097103448293,-0.4999822916051807,0.004208097103448293,1.240537769453137,0.09200518455430129,-1.1996366078814344,0.051404676360448244,1.373851737948212,-0.8391406806153899,-1.477108470096628,-0.9108747162400812,0.3879658042542217,1.7985302601599595,-0.25579173813684286,1.7987540999003542
straight_ahead,0.49998326514513036,-0.004090791465491082,-0.4999832651451307,0.004090791465491082,1.2386451091410504,0.09212913595889605,-1.2007839498473507,0.050424093738160015,1.4551811972724555,-0.7644954373589776,-1.5722399953351582,-0.8137494906354447,0.3889272246664757,1.7999225939290313,-0.25370294841524016,1.7994104762192595
straight_ahead,0.49998713635355385,-0.003586569527110695,-0.49998713635355385,0.003586569527110695,1.2393958347937042,0.09175984288409708,-1.2073467693486772,0.047519232385158865,1.38696008226484,-0.7951442200022534,-1.4849326037247492,-0.8706066993591887,0.38952247572438164,1.8003217873511441,-0.25411735776601074,1.7998709712140908
straight_ahead,0.4999861666113054,-0.003719300650924654,-0.4999861666113054,0.003719300650924654,1.242211175126523,0.08615227641602796,-1.2079642430742055,0.05066382413269007,1.163003957773067,-0.8529314621960498,-1.26085096101358,-0.891156939833139,0.39044954630152545,1.802432488828149,-0.2537685536922442,1.8032680840931863
straight_ahead,0.4999856274990714,-0.0037910808959622636,-0.49998562749907166,0.0037910808959622636,1.2426676362245823,0.08236460017623598,-1.2085143813906256,0.051345572160098045,1.1352592903580778,-0.8577300982360637,-1.2298876222825903,-0.8999481199411028,0.38912477601332207,1.8038722442197137,-0.257386970042555,1.8065465679418502
straight_ahead,0.4999868057885386,-0.0036323597528454296,-0.4999868057885389,0.0036323597528454296,1.244901585851592,0.08063237516066073,-1.2157958192792677,0.053794691889533834,1.1371721375590922,-0.8642665772941568,-1.3090321221011514,-0.9080302755377176,0.38894810794048834,1.802531100553727,-0.2591956188841814,1.8061535415749355
straight_ahead,0.49997395569648284,-0.0051032955246049505,-0.49997395569648284,0.0051032955246049505,1.2442118380923337,0.08015621232858312,-1.2179033920909874,0.05521638081354832,1.231937792750242,-0.8640426829033657,-1.4416655894450847,-0.8961951720931756,0.38909327568073654,1.8060806948559338,-0.25916224506899105,1.8104778655163383
straight_ahead,0.4999724885634705,-0.005245062406707301,-0.49997248856347076,0.005245062406707301,1.2388978617285942,0.07801504896280519,-1.218406171946054,0.05074814409528691,1.338702589992891,-0.8603407219024944,-1.543052617784633,-0.857584233154572,0.3860524795560283,1.8051076066093543,-0.2613017300690827,1.8053101510151017
straight_ahead,0.49997215734961853,-0.0052765400754973164,-0.49997215734961853,0.0052765400754973164,1.236062422886918,0.07576697948240585,-1.218994542314218,0.05107469050791819,1.370393423765699,-0.8591648567791922,-1.5484863263900477,-0.8187385776761457,0.3835957073578129,1.8044546280231892,-0.2635306251822869,1.8039331451453968
straight_ahead,0.49997091002906535,-0.005393433480464209,-0.49997091002906535,0.005393433480464209,1.2354307973905603,0.0765239889481724,-1.2223425677562487,0.06196784575437426,1.3470529021701227,-0.851922781758658,-1.5044326634653242,-0.8402364114417054,0.38354746884439483,1.8046287948285733,-0.26420703048307786,1.8050436513356873
straight_ahead,0.4999395674860755,-0.007773600313612927,-0.4999395674860755,0.007773600313612927,1.2350598558325379,0.07282856974891426,-1.2199964982359568,0.06401379957371092,1.2216069435139076,-0.8976474862342636,-1.2943750235491596,-0.8785581274607919,0.3826474736193013,1.8020123178314635,-0.26373873614589183,1.8062537669391152
straight_ahead,0.4999329972115735,-0.008185248869319482,-0.4999329972115738,0.008185248869319482,1.234431900320316,0.07315089287694088,-1.2190794631612605,0.06429893229042578,0.9983765320762207,-0.8951565674549244,-1.0384538948747202,-0.8778589447326197,0.3824283794154691,1.8018828603260784,-0.2635837681254985,1.8077221500041638
straight_ahead,0.49985993301966686,-0.01183416078875813,-0.49985993301966686,0.01183416078875813,1.2305792342957913,0.07845732953722759,-1.214148767322603,0.06979547328300445,0.9331168355920099,-0.8422877272117375,-0.9696557691905775,-0.8491386280888679,0.38014742892817427,1.8029856817075514,-0.26539088616231216,1.8092700250457856
straight_ahead,0.49987095767843087,-0.011358946678647286,-0.49987095767843087,0.011358946678647286,1.2308091636218506,0.0829514118835929,-1.2066737592097496,0.07629624911693506,0.8299335650117388,-0.7730952032294752,-0.8619279165230717,-0.7853678765462383,0.37846070927883924,1.8094729918832944,-0.270200341702316,1.8156758562223707
straight_ahead,0.49984649384116686,-0.012388809252393445,-0.49984649384116714,0.012388809252393445,1.2277116011067077,0.08627158644538334,-1.1974759610991357,0.07758172764691168,0.8643561399298251,-0.7606027762947042,-0.8922748926954139,-0.7840906783347663,0.3768035683111478,1.8056162003134213,-0.27062124613888144,1.8126587605014044
straight_ahead,0.4998190295697892,-0.01345130773992636,-0.4998190295697892,0.01345130773992636,1.2273625184749144,0.08577387299452023,-1.1950858859007938,0.07654579599269508,0.8976371584357024,-0.8026466237863807,-0.9726907522030775,-0.8445476622733717,0.3781356084633835,1.8027835261298835,-0.26870122776396405,1.8098025469573447
straight_ahead,0.49980928459210544,-0.013808657991554767,-0.49980928459210544,0.013808657991554767,1.2306548059749294,0.08275211985310593,-1.1954230982219387,0.07450742333218628,0.9258436662172819,-0.8611558059643623,-1.0327325484744332,-0.8850453110359102,0.3782723825478051,1.8022819748763257,-0.2647051647952193,1.8091222139358882
straight_ahead,0.49984784578433417,-0.012334142238539111,-0.49984784578433417,0.012334142238539111,1.2327024090959897,0.08375771564807265,-1.2113951321087153,0.07056772400254646,1.194640245584138,-0.8618370691444952,-1.3897070424779339,-0.9018687012516026,0.3797477254083834,1.8032266392191605,-0.2639658085890324,1.8090954914484474
straight_ahead,0.49985339023589836,-0.012107364274636049,-0.49985339023589836,0.012107364274636049,1.2301484772777405,0.08323922845895387,-1.2115049573992833,0.06506484417047406,1.4319036057477352,-0.7880893727535362,-1.5791121096701362,-0.8029395707427655,0.38066910613303745,1.8006006637165877,-0.2626268125085754,1.806533410805854
straight_ahead,0.4998734174402204,-0.011250179404571603,-0.4998734174402207,0.011250179404571603,1.2280600564873294,0.08179160353409783,-1.2120224083810227,0.06351558686258138,1.4783025485868269,-0.7554490187137848,-1.6120204038073693,-0.7251174206913557,0.38023610740722447,1.7976944975015299,-0.26063912699866654,1.8032043278158925
straight_ahead,0.4998691628358219,-0.011437659105536391,-0.49986916283582217,0.011437659105536391,1.2260565481278234,0.08145183428955471,-1.2107584765634083,0.06218470045655688,1.487703720231982,-0.7219200190999225,-1.5985886542017582,-0.721582327762512,0.38131988401352457,1.7950665259810148,-0.2570236099217166,1.8000450950998153
straight_ahead,0.4998829095313339,-0.010820201407001115,-0.4998829095313342,0.010820201407001115,1.226101384250379,0.08061391613728268,-1.2089167777994794,0.06132615717024327,1.470589225836396,-0.7272883173066931,-1.580175397018869,-0.735926806129694,0.382078449359529,1.7929822205393322,-0.2559760263299479,1.79816837307207
straight_ahead,0.49989269857249125,-0.010358084471189657,-0.4998926985724915,0.010358084471189657,1.2280985683828431,0.07963915667863224,-1.2154861559332402,0.05961045675866316,1.414618658753896,-0.8061409114014538,-1.5214021465347565,-0.8392644998697272,0.38330965776475023,1.7925903304943784,-0.25632114644041176,1.7994887880139834
straight_ahead,0.4998946228362163,-0.010264797096723023,-0.49989462283621655,0.010264797096723023,1.2318837748495721,0.07920744641823417,-1.2106690285607988,0.06163247774650436,1.2528966910851016,-0.8396770780141336,-1.2740972438760225,-0.8750336013472907,0.3821905460414236,1.7932867752154602,-0.2555195969326621,1.8010978063482226
straight_ahead,0.4998733962817897,-0.011251119486909874,-0.49987339628178995,0.011251119486909874,1.2335728416610807,0.07608301334649561,-1.1992498119111565,0.06478029481564145,1.1709295205068906,-0.8867207968583561,-1.1774497362961407,-0.9030553887264764,0.3840090070583854,1.7941036650570716,-0.2537965148085097,1.801694821233892
straight_ahead,0.4998739163978576,-0.011227987578703736,-0.4998739163978579,0.011227987578703736,1.2274192687277536,0.07537980476664953,-1.1879659026436287,0.066142932480416,1.0039550393414733,-0.8782501114307262,-0.990427198399194,-0.8872744197103728,0.38331927438604546,1.7932266751687678,-0.25525287927904394,1.799292330310578
straight_ahead,0.4998687080856748,-0.011457516168800742,-0.4998687080856751,0.011457516168800742,1.2248029480093205,0.07589511754820569,-1.1755606641107526,0.0768034767088349,0.8836559541534739,-0.833267591569261,-0.9035146775509418,-0.8112167641090303,0.38274300470212647,1.7868135320802212,-0.2570656424580685,1.7906390472882907
straight_ahead,0.49986004337422474,-0.011829498633422133,-0.49986004337422474,0.011829498633422133,1.2238849910310656,0.07631185207581483,-1.167462077133066,0.0805142826172386,0.8643832145466973,-0.8043191057910969,-0.8879782999109875,-0.78479446545784,0.38251570943241153,1.78069068821325,-0.2573420187953999,1.7841074482502535
straight_ahead,0.4998450665708732,-0.012446261477219988,-0.4998450665708732,0.012446261477219988,1.2246817084347916,0.07499471368324263,-1.160543517637764,0.08219016910534281,0.9157032561114405,-0.8110075508960268,-0.9410409415557298,-0.7886362772202692,0.38302485392901897,1.7810414466503737,-0.2575455320407237,1.784964645533861
straight_ahead,0.4998373574575323,-0.012752101390395891,-0.4998373574575326,0.012752101390395891,1.2316234445818814,0.07507057470399356,-1.1553593600966887,0.08449930197546868,0.9304958670181253,-0.8479631030730382,-1.0242058798274811,-0.8072965639372237,0.38577026441131795,1.781146971390779,-0.25532009177626835,1.7860891733650466
straight_ahead,0.4998136605825554,-0.013649347789033385,-0.49981366058255566,0.013649347789033385,1.2328824649522974,0.07430706483793656,-1.1514390055533734,0.08399942007130298,0.9895614963027031,-0.8762066194253502,-1.106982281978137,-0.8288505216702335,0.38722342929231135,1.7800342193755807,-0.25373526597065316,1.7852651748650537
straight_ahead,0.499853807765082,-0.012090114257046902,-0.499853807765082,0.012090114257046902,1.236503879627154,0.07471765678828986,-1.152312465786756,0.08218453709103311,1.189517285678686,-0.8859416540995441,-1.3010049936761543,-0.8308010993640801,0.38774783159286136,1.7825143631837013,-0.2554981688973843,1.7888287117745114
straight_ahead,0.4998768463792946,-0.011096776734304528,-0.49987684637929486,0.011096776734304528,1.2403861180634654,0.07980760789801652,-1.1281254291647966,0.08434183279668278,1.0719199392747003,-0.909255783464521,-1.1659816323462182,-0.8352516234586382,0.3866655151581729,1.791916830489822,-0.2600583466917725,1.7916723453232715
straight_ahead,0.49984312724789187,-0.012523902868026515,-0.49984312724789187,0.012523902868026515,1.2301492633157591,0.10163538837242278,-1.1016502535522792,0.10652558652115407,0.86677350187229,-0.8429055836705476,-0.9472444593896004,-0.7688502363055608,0.3851691736860642,1.7845542984426723,-0.26518489563217335,1.791647517114957
straight_ahead,0.4997781671148923,-0.014892403274111237,-0.4997781671148923,0.014892403274111237,1.2312509583949123,0.10747288966450307,-1.0950185132176968,0.13044589987462502,0.9122672512348293,-0.8482616449897615,-0.9932340789885159,-0.7788559493543514,0.3868879315093239,1.7863257744499852,-0.26568685025151695,1.7933473741152985
straight_ahead,0.49973435010025463,-0.01629660485733621,-0.49973435010025463,0.01629660485733621,1.2358006898896778,0.119992664075902,-1.1007780090884869,0.13239691278715365,1.0375069291970465,-0.8790516065076763,-1.174841662543715,-0.7762238995229606,0.38783843860539563,1.7965773694530325,-0.26346411362589234,1.802283640621458
straight_ahead,0.4997136214107221,-0.016920300723726033,-0.4997136214107224,0.016920300723726033,1.236262227755141,0.1287752627463177,-1.110400208714102,0.1298350973459886,1.1460446112911007,-0.8867065909943831,-1.2763803051732965,-0.7757188498866331,0.388911450880089,1.8075257086383287,-0.26380442236360596,1.8139842384105513
straight_ahead,0.49970717880829907,-0.01710951336101142,-0.49970717880829907,0.01710951336101142,1.2265115052125535,0.13577868262294318,-1.1111562957567722,0.1395562215090033,1.294599490313575,-0.871476221502442,-1.3939416878219737,-0.6713601761618883,0.38942672985767507,1.8197003129553277,-0.26624143287699376,1.8248695119326372
straight_ahead,0.4996970285441701,-0.017403438284628637,-0.4996970285441701,0.017403438284628637,1.223148790348373,0.13662826634147499,-1.123655928271652,0.13839958187904905,1.3277149143418248,-0.8692873399307299,-1.4229341139484342,-0.6795661965896813,0.38905543465550196,1.8383059049168473,-0.269892828622957,1.838855068454711
straight_ahead,0.499686688980674,-0.017697820643543423,-0.49968668898067425,0.017697820643543423,1.2272805847570039,0.14141050666640465,-1.1211591331043815,0.142106808259695,1.2832521863616826,-0.8851145996005073,-1.4006006478953354,-0.6925783656531385,0.39101275207564246,1.8430887519490187,-0.26151632561243565,1.8447432439701525
straight_ahead,0.4996490694050509,-0.01872985431514827,-0.4996490694050509,0.01872985431514827,1.2348037560397869,0.16080317214400408,-1.1210766924592428,0.14576994426617682,1.2014510985997857,-0.8963318359445432,-1.2116101626086084,-0.7425697457581132,0.3948952771789102,1.8488993394747135,-0.2604711241294925,1.8524939438197388
straight_ahead,0.49961104955240865,-0.01971799090020725,-0.49961104955240865,0.01971799090020725,1.2374947387041164,0.16202136836724215,-1.1174912436736297,0.1480543153051788,1.1535693172890835,-0.8974978476418662,-1.1378185167216488,-0.7658852682093392,0.3957357672024003,1.849203730549176,-0.25978045524369237,1.8528189085106164
straight_ahead,0.4995613556692095,-0.020939243585704297,-0.4995613556692098,0.020939243585704297,1.2293102565309841,0.1707100164908081,-1.0998564853025197,0.15313530931438643,0.9158650592194468,-0.8519493187361096,-0.9567803115479179,-0.7525714050561895,0.3951860080357362,1.8433773825713016,-0.2618189295190491,1.8520837776358707
straight_ahead,0.4996632163091008,-0.01834857671986291,-0.4996632163091008,0.01834857671986291,1.22408351669185,0.1847076043013744,-1.0860367873933126,0.1628384613859906,0.8202237648426509,-0.7864362590470736,-0.8845913167804702,-0.701836000791102,0.39321326664637846,1.8400002430145739,-0.26782915573374466,1.8550033171166105
straight_ahead,0.4996917485398626,-0.017554385240581692,-0.4996917485398626,0.017554385240581692,1.219683976025832,0.1897985010001268,-1.08840119251129,0.16541709609764235,0.8418089720334766,-0.7898665631508653,-0.9004662774187797,-0.6953179037765203,0.3907620957639116,1.8377826521963934,-0.27015874851682314,1.8508411108987417
straight_ahead,0.49968077200677036,-0.017864100501225316,-0.49968077200677063,0.017864100501225316,1.2195610150190805,0.18987712403267526,-1.088368809530112,0.1658660621063947,0.8766080247918865,-0.7959752885688653,-0.9209239826771628,-0.6973356711284966,0.3892361141462746,1.8407628004622967,-0.2731561781759914,1.8535290947564957
straight_ahead,0.49970244674539427,-0.017247165467589136,-0.49970244674539427,0.017247165467589136,1.2348319783635748,0.1846826811393148,-1.089964807917225,0.16233322332837888,1.0242176596667416,-0.8422473440007625,-0.9990762481014839,-0.7336670871341939,0.3883806760814566,1.8391160975999057,-0.2737124264043609,1.8498458235206685
straight_ahead,0.49977604082949456,-0.014963589569191929,-0.49977604082949484,0.014963589569191929,1.233709491150447,0.18292572156916792,-1.0920821776828367,0.1599270141341436,1.1755973783076745,-0.8582822927816101,-1.1468151571455611,-0.7361859965534773,0.38713365570273683,1.8354744065897037,-0.2739784575273644,1.8466708771563347
straight_ahead,0.49984180813503803,-0.012576439889563373,-0.49984180813503803,0.012576439889563373,1.236800431525445,0.18866678473908002,-1.1011576306810933,0.15477698060159284,1.3340282060745698,-0.8394455848258604,-1.3283245242188548,-0.7268881352707781,0.3875363731128916,1.8490060259824965,-0.27743472475110126,1.8587614170828477
straight_ahead,0.49993120425040055,-0.008294035009831372,-0.49993120425040055,0.008294035009831372,1.237655047412525,0.20028031167017177,-1.108067870949681,0.15563468075682657,1.3830744062797626,-0.8013581241686625,-1.3885748059855156,-0.7055384111737104,0.3874113910009914,1.8612491174044619,-0.2807218970047158,1.8697865175288593
straight_ahead,0.49995144677670456,-0.006967845138917796,-0.49995144677670456,0.006967845138917796,1.2382980174323743,0.20234104996274183,-1.1119549117604695,0.15457535106361545,1.3843108716310155,-0.798605451383957,-1.435254463236451,-0.6903212772895112,0.38658346846158326,1.8718542417243447,-0.28268323951185714,1.8762055394574595
straight_ahead,0.49998261866719046,-0.004169056331907297,-0.4999826186671908,0.004169056331907297,1.241119909736002,0.20928363735241592,-1.1189860770565883,0.15717305785272107,1.3588247662831978,-0.7951035770497928,-1.4231749596353334,-0.6884446757372099,0.3862589572008818,1.8855859643771096,-0.28556262247020636,1.8908998449457581
straight_ahead,0.49999421491218615,-0.0024052139918536264,-0.49999421491218615,0.0024052139918536264,1.2407874269556074,0.20351056178900656,-1.1180964359122687,0.15519201252544582,1.317546988864558,-0.8769984138925125,-1.380498394058233,-0.7086713680871515,0.38431538924829134,1.884043132726375,-0.2843485438335433,1.887932995766652
straight_ahead,0.49999518445742025,-0.0021944291718549135,-0.49999518445742025,0.0021944291718549135,1.2585048124628493,0.20136583247339582,-1.121267317716149,0.15295658837602072,1.126148926166253,-0.8951232055210552,-1.1897741919183886,-0.7897355023758164,0.38486347896655626,1.884841568834144,-0.2819071315670491,1.888110266285006
straight_ahead,0.4999950416488956,-0.0022267300058600253,-0.4999950416488959,0.0022267300058600253,1.2609665363944704,0.20182683528035855,-1.1211862413636051,0.1546168593567443,1.0270405853399824,-0.8906729650398848,-1.0828317847422928,-0.7980233238321117,0.3848974046375323,1.8832646760219678,-0.2807141713696257,1.886730417237985
straight_ahead,0.49998633257161035,-0.0036969232601031764,-0.49998633257161035,0.0036969232601031764,1.2491825246588684,0.20274146057258902,-1.118475393961553,0.1559205142714928,0.8984961232003416,-0.8565168905485256,-0.9684260822372619,-0.7880012332054463,0.3821595963096944,1.8749069523300073,-0.2815211649321996,1.88167446976191
straight_ahead,0.4999524213928739,-0.006897560684915755,-0.49995242139287416,0.006897560684915755,1.2407347213504767,0.20724291196695285,-1.1093596006753448,0.1630546281467498,0.8128753366892277,-0.7641107638389214,-0.8779672410101944,-0.7064720706521216,0.38095277788342474,1.8645657260967532,-0.2821956352024797,1.8817655900600054
straight_ahead,0.4999300435573054,-0.008363704250550715,-0.4999300435573054,0.008363704250550715,1.2338755779622657,0.21031553816502502,-1.1068435662093592,0.16681978997768757,0.7911600132422953,-0.7348932987303984,-0.8532510554554524,-0.6815352729332718,0.379224990519583,1.8513277660310299,-0.28263485297831137,1.8677771636633362
straight_ahead,0.4999212161455206,-0.008875677302802575,-0.49992121614552093,0.008875677302802575,1.2309099216807613,0.209042969855841,-1.115524383336716,0.1635400745492566,0.8378729826206468,-0.7351709453551466,-0.9218788005495642,-0.6998045450152331,0.37709983189409396,1.8478692439544782,-0.2833278378974052,1.8651525785048786
straight_ahead,0.49992181477568404,-0.008841895237258673,-0.49992181477568404,0.008841895237258673,1.2459928010510286,0.18893617189149037,-1.120025433800756,0.16268177178068657,0.848994113876463,-0.8238381606578142,-0.9683004198181283,-0.7708354411499325,0.3776871043694324,1.8469635425275566,-0.2806063790622639,1.863582659041671
straight_ahead,0.49992627486364877,-0.008586017758853337,-0.49992627486364904,0.008586017758853337,1.2660779668079711,0.18163921250295895,-1.1274601334805832,0.16431103895378055,0.9493932080363762,-0.8733152669961975,-1.0493465743345336,-0.7755989872316165,0.37989642234743454,1.845080914340427,-0.27614899632284046,1.8619006949040675
straight_ahead,0.49994436054621,-0.007458978351036085,-0.49994436054621,0.007458978351036085,1.264351739556798,0.18257796111002098,-1.1328244114369432,0.16344160436686,1.1551415601251547,-0.8720014385995467,-1.2515434548728879,-0.7828598112058371,0.380757410138678,1.8453660962380287,-0.2757651587505057,1.8665572159431696
straight_ahead,0.4999362585373469,-0.007983570609627922,-0.4999362585373472,0.007983570609627922,1.2578669073535094,0.17292344393910694,-1.160934239183637,0.16996895774787962,1.036276096352499,-0.8527544112006304,-1.0847084333548442,-0.7694311322390657,0.3804323218075715,1.8340677811746626,-0.27282705350913233,1.849770086672909
straight_ahead,0.4999348078101998,-0.008073904865581585,-0.49993480781020005,0.008073904865581585,1.2456584667649806,0.1627266361362827,-1.1756010714492973,0.17044596457145564,0.9331344940102416,-0.7913802095030327,-0.9545593527028844,-0.7550069610910075,0.3744079976087783,1.8199935404300636,-0.2864776477561472,1.8307284569829023
straight_ahead,0.4999559104547668,-0.006639849497172192,-0.49995591045476706,0.006639849497172192,1.243600965664298,0.16240000357951467,-1.1769818832880643,0.17164444000515167,0.8622395274128618,-0.7284413864347642,-0.9013394496463775,-0.7214109485382201,0.3697976915893403,1.8182759157256017,-0.29849016879128937,1.8281893190958465
straight_ahead,0.49996373280536127,-0.006022115851527601,-0.49996373280536155,0.006022115851527601,1.2384271970329555,0.16217628078464202,-1.1786603275015852,0.17132130890839092,0.8537820123284062,-0.7054168801653994,-0.8927169451329184,-0.7161655865778807,0.3681454088090892,1.8114636564794748,-0.29876425735647677,1.8214039575538732
straight_ahead,0.4999779238606225,-0.004698473371361941,-0.4999779238606228,0.004698473371361941,1.2357190625817218,0.15915731971760547,-1.17979744922808,0.16050461556405915,0.8923207116026755,-0.7052717476137547,-0.8980956201222782,-0.7344633099603515,0.36461369035768515,1.8091465470485049,-0.2988225712703989,1.8181553312158365
straight_ahead,0.49999405393090285,-0.0024384490442586506,-0.49999405393090285,0.0024384490442586506,1.2571453321229638,0.1612124281541845,-1.1845741383998483,0.15914062087142927,1.0575425765804325,-0.7040081439979355,-1.0631582327267615,-0.7741510773943454,0.3624135197540703,1.8171743512854606,-0.2986032544929934,1.8184861106528303
straight_ahead,0.49999974018933224,-0.000509716195668134,-0.4999997401893325,0.000509716195668134,1.254879544806908,0.1629074547904651,-1.1873364482076514,0.1591577799672172,1.1002623890712482,-0.7230934587632891,-1.1445274326153085,-0.7849532121799488,0.3607129869196278,1.820135423513889,-0.29812461145529817,1.8210487473741859
straight_ahead,0.4999998018487923,0.0004451417397223809,-0.4999998018487923,-0.0004451417397223809,1.2597876490330358,0.16905590257450442,-1.196547906625946,0.15195826805575105,1.2044536907478323,-0.7398158515034345,-1.30657559972184,-0.8002606626801897,0.36192081327717945,1.8231767888582213,-0.2950471894622639,1.8191785625054635
straight_ahead,0.4999946352856969,0.0023161790783430957,-0.4999946352856969,-0.0023161790783430957,1.2605411056673737,0.18374098795627963,-1.2075821770688984,0.13555072591452158,1.336315203577183,-0.7394487565186718,-1.45660820238633,-0.7971543174285977,0.3637619114900833,1.8285995245828608,-0.29281528877780727,1.821736692963904
straight_ahead,0.49999366226889536,0.0025174770977777865,-0.49999366226889536,-0.0025174770977777865,1.254506828132421,0.1854336752018666,-1.2109868985824546,0.13039303106423114,1.4309792212624866,-0.7124879740892035,-1.518046062560648,-0.7787357312655245,0.3648187776291074,1.833608799321264,-0.29215472972033674,1.8234908550166864
straight_ahead,0.49999351019376137,0.0025475015448357366,-0.49999351019376165,-0.0025475015448357366,1.247418006971126,0.18509626698522239,-1.2129557949577379,0.13022001516257894,1.4471588379950093,-0.7034124199984637,-1.5142889975914449,-0.7543828066022156,0.36592930456644696,1.8321184500169898,-0.29186476069634226,1.8221547871472363
straight_ahead,0.49999391189040515,0.0024674019797355047,-0.49999391189040543,-0.0024674019797355047,1.2445198906382393,0.18583858088468583,-1.216270758018538,0.12939894397179472,1.4192432394958998,-0.7052492528171626,-1.4566768184260122,-0.7699375611191255,0.36820320559328606,1.8323060761949355,-0.28930618566311156,1.8222800248140583
straight_ahead,0.49999720785938534,0.0016709676293880098,-0.4999972078593856,-0.0016709676293880098,1.244153262569133,0.1958556646308965,-1.207287965049553,0.12688831898521252,1.3664135295961357,-0.727211713214676,-1.399051674159284,-0.8164782043510475,0.3693383489801882,1.826945349506738,-0.28489521180817984,1.8193046505559403
straight_ahead,0.4999947300811052,0.002295624342696032,-0.4999947300811052,-0.002295624342696032,1.2452771250803842,0.2012118738876203,-1.1999064110087028,0.12490936250937677,1.3608866338064318,-0.727588914556522,-1.3180010210652684,-0.8261676969430919,0.3713204469854804,1.8206276612709642,-0.28135459822232295,1.814226072867725
straight_ahead,0.49999994230866873,0.0002401901909298679,-0.499999942308669,-0.0002401901909298679,1.2399424544722437,0.20673770208811054,-1.189207230560997,0.13058840443118255,1.1885291436282281,-0.7182740543265755,-1.1200357581883202,-0.8203835581758119,0.37212418584630036,1.806089124055436,-0.27701832772684054,1.8002446962346343
straight_ahead,0.49999432874247235,-0.0023814334683768777,-0.4999943287424726,0.0023814334683768777,1.234066096582622,0.19720278640104894,-1.186342649762187,0.13834808765216655,1.0096387867653804,-0.7128858578667238,-0.952442243549234,-0.8048739743341278,0.37081595965815045,1.8030639597145564,-0.2773716896027149,1.7978314045143928
straight_ahead,0.49998192988774753,-0.00425085705752122,-0.49998192988774753,0.00425085705752122,1.2317238105750903,0.1968739786273816,-1.1841998758737544,0.15061163789522108,0.9607476284790623,-0.7020132974699884,-0.9089624994700125,-0.7720504147541427,0.3702191772943127,1.7961832149259367,-0.27619139972587864,1.7906229728440017
straight_ahead,0.4999807594601493,-0.004386361778534434,-0.4999807594601496,0.004386361778534434,1.22820788517772,0.19503791983858912,-1.18505830190263,0.16537111155227133,0.8950082569598515,-0.6893749307578115,-0.8928538708971329,-0.731990373679731,0.3689066711681766,1.796955695114696,-0.2774208310315555,1.7905792635851154
straight_ahead,0.4999723973724275,-0.005253747773478531,-0.49997239737242777,0.005253747773478531,1.2285512295043655,0.17661673440595588,-1.1846060119972897,0.16399725023608364,0.947199999267782,-0.7082395155591483,-0.943534363841803,-0.7396289352284605,0.36914358829928834,1.797359261174238,-0.27547208268179824,1.790515003450169
straight_ahead,0.4999646106817212,-0.005948786924641707,-0.4999646106817215,0.005948786924641707,1.2301174617124024,0.15795605405429505,-1.1833275927062177,0.15889408183604747,0.9723945535148023,-0.740924731584829,-0.9743070329758727,-0.7627086206104083,0.37069574854348314,1.798709641863033,-0.27358304235982833,1.7911133855633128
straight_ahead,0.49996217121272846,-0.0061503948047576355,-0.49996217121272846,0.0061503948047576355,1.2314260603669256,0.11883932348843286,-1.1843180567730234,0.11552119546034147,1.0675638440979418,-0.8083217123548018,-1.115352892944922,-0.8261930413786048,0.372240176718219,1.7993145128183148,-0.2711065307007279,1.79316576703354
straight_ahead,0.49996094475952396,-0.0062492971736095295,-0.49996094475952424,0.0062492971736095295,1.234705953819854,0.09884572965159458,-1.193619584239808,0.08564560400810595,1.2126408600173915,-0.853401124724859,-1.3119502781615189,-0.8580455078470198,0.3740872147815797,1.8002954662696624,-0.27004043587448706,1.795188594366465
straight_ahead,0.49997019115255276,-0.005459666553908715,-0.49997019115255276,0.005459666553908715,1.2351301730931976,0.09806650933734168,-1.1994899871255986,0.08073078153914563,1.3609090922985079,-0.8397840622544588,-1.4288168362726206,-0.8518841152045247,0.3737633922788698,1.8016634078455203,-0.2717188922658973,1.7967133861841302
straight_ahead,0.49997259356442364,-0.005235043883625427,-0.4999725935644239,0.005235043883625427,1.2344977672795343,0.09679117579458726,-1.2059190796457833,0.07331118635285898,1.4129724756615394,-0.8386573937509477,-1.4658805353411475,-0.8512609612387775,0.37316149010524896,1.7993686576398655,-0.27681779246151544,1.7955404670432695
straight_ahead,0.49997392647857913,-0.0051061572236215345,-0.49997392647857913,0.0051061572236215345,1.2339482372544803,0.09938837373146896,-1.2059691515738247,0.07348188524460846,1.3496146935051119,-0.8328194858806571,-1.3916896783943795,-0.875199494224444,0.373582301767541,1.800224994118533,-0.2765291112916749,1.7960515582094192
straight_ahead,0.49997776828357865,-0.004714999700118958,-0.49997776828357865,0.004714999700118958,1.2383330686028768,0.10184176818946274,-1.2026188780049096,0.07575124111615954,1.2915702538131235,-0.8343012890189543,-1.2503203215715748,-0.8852693862620314,0.3730342426498701,1.8031465183932696,-0.27620443584200294,1.8008541245726173
straight_ahead,0.49998192202634417,-0.004251781608067461,-0.49998192202634417,0.004251781608067461,1.239583452430374,0.10278158981151578,-1.1991208072237023,0.07708502499024973,1.2488461816685679,-0.8217598630905038,-1.1483312446943428,-0.8918873724936692,0.3726077213173065,1.8081829869937875,-0.2774470135931031,1.8078817306358288
straight_ahead,0.499971809918983,-0.005309358373320951,-0.499971809918983,0.005309358373320951,1.2388654997378874,0.1114082624636615,-1.1885113943052157,0.07750277520168175,1.0686373787428058,-0.7920878877760397,-0.9462898799688592,-0.8608134275210714,0.3711542743142739,1.8016308275529698,-0.27769917415722234,1.8025312344850462
straight_ahead,0.4999608543139474,-0.006256528883316194,-0.49996085431394766,0.006256528883316194,1.2361798626574056,0.12236919357432725,-1.180836308024512,0.0928095926374935,0.9876492750118401,-0.7614449668235446,-0.8928856457294105,-0.8104569009839175,0.369513671744613,1.7907095792170207,-0.2792242371119516,1.7937403299316155
straight_ahead,0.4999758756862103,-0.004911591575752919,-0.49997587568621066,0.004911591575752919,1.2365883802592788,0.13247227983442428,-1.1765207269711253,0.10574036349337465,0.9423703973774521,-0.7294892958865015,-0.8625431005715114,-0.770696594183742,0.36888672269496103,1.7859147097660568,-0.28112038024072,1.785402250876874
straight_ahead,0.4999646204789051,-0.005947963465284048,-0.4999646204789051,0.005947963465284048,1.2317427587284986,0.1302179144363972,-1.178113926205927,0.12872519044782374,0.9969140712679335,-0.7571758698279699,-0.876072829147065,-0.7763812258871422,0.3700457336294649,1.7879625852081522,-0.27704106311883975,1.7944521778546556
straight_ahead,0.49994850977363636,-0.00717548431258115,-0.49994850977363664,0.00717548431258115,1.2289693714665884,0.1330807674819375,-1.1996363084445691,0.12373829204666374,1.2241830950154762,-0.7646393327296515,-1.2510382146483658,-0.8061341515802626,0.37439121499384664,1.7912898871149439,-0.27380624428132805,1.804151247751058
straight_ahead,0.4999342699502463,-0.008107140637378683,-0.4999342699502463,0.008107140637378683,1.2356823947477331,0.13379771208900287,-1.2091151598358998,0.1228731769662256,1.2563452096030008,-0.786026507999081,-1.2681391039300054,-0.829554403088821,0.3782968136157035,1.8087860746256978,-0.2688997285186182,1.832021688969033
straight_ahead,0.49993442766448776,-0.008097409201772243,-0.49993442766448803,0.008097409201772243,1.2369934825848437,0.1444840074735082,-1.2075430034991832,0.1341117988670202,1.208261545449515,-0.7629130192239055,-1.1310783291693314,-0.8302529261302648,0.38067381484821994,1.815528272070617,-0.268257538605662,1.8400116644057833
straight_ahead,0.49993301042523736,-0.008184441774459419,-0.49993301042523736,0.008184441774459419,1.232108270340459,0.14414602633340645,-1.2074980177114523,0.16371592923357844,1.0115015663696303,-0.7477769947465795,-0.928882389305118,-0.7670665230559283,0.38065264853593056,1.812570890847137,-0.2695360275826728,1.826325075850368
straight_ahead,0.4999376877934441,-0.007893562170831812,-0.4999376877934441,0.007893562170831812,1.2293577266320541,0.14387991056142882,-1.1995935870263392,0.17539353795454324,0.8961176202583985,-0.7157290707680756,-0.8492284231119499,-0.7043421686700277,0.38082446826515814,1.81355200134059,-0.27077276079049833,1.8250618214818586
straight_ahead,0.49995738561762937,-0.006527830143692754,-0.49995738561762965,0.006527830143692754,1.2295158546522704,0.14478304927997038,-1.1986180176806505,0.18148496047581314,0.8843896350444942,-0.702209277318059,-0.8427778624889098,-0.6919175199816221,0.3805189055918033,1.8155084101779813,-0.2749540657370697,1.8232539859565613
straight_ahead,0.4999327391649157,-0.008200994516786733,-0.4999327391649157,0.008200994516786733,1.2336119848409364,0.14722858933579033,-1.2078574655412284,0.18235464468266888,0.9344183816084141,-0.7084086074305772,-0.904017561935255,-0.7026429585175964,0.3784655663880804,1.8253277789814775,-0.27994618821481837,1.8319611031076963
straight_ahead,0.49993232847219693,-0.00822599224211799,-0.49993232847219693,0.00822599224211799,1.234624780938137,0.14743315719293681,-1.2097109565509816,0.1793195155781324,1.1028902144989303,-0.7107603554678948,-1.106021253210404,-0.7763387329703655,0.3788639648253911,1.8265553320260532,-0.27966134757240396,1.8328554395009373
straight_ahead,0.49993358534609106,-0.00814924800227346,-0.4999335853460914,0.00814924800227346,1.2357456019752653,0.15188426240236258,-1.226091166829032,0.1759405564750161,1.2633097539448435,-0.7136150713814132,-1.3552300551068346,-0.8073338018763855,0.37737983327951385,1.8276567251848153,-0.28344136295477795,1.8333460226207896
straight_ahead,0.4999421286270791,-0.007607103510862645,-0.4999421286270794,0.007607103510862645,1.2351995399741,0.150841059007597,-1.2347763009778212,0.16690665291926338,1.3080914504147736,-0.7328615626178138,-1.425691067073642,-0.827433618352468,0.37647937095433837,1.8260734701199228,-0.28474005581601836,1.8325366471373998
straight_ahead,0.4999356722284953,-0.00802020158365784,-0.4999356722284953,0.00802020158365784,1.2301123891698091,0.14854230327238668,-1.2428200496417052,0.16057490229603036,1.4271595952962226,-0.7178925583895507,-1.534272509356368,-0.807283310392019,0.3716767530383631,1.8206687450437324,-0.29225268848746644,1.828643319884007
straight_ahead,0.4999370163187903,-0.00793597594915608,-0.4999370163187903,0.00793597594915608,1.227576656307657,0.14794844582175182,-1.2436946125915003,0.15928669150856717,1.4687880130200228,-0.689715622285424,-1.542133906745827,-0.7876974698209459,0.3713472939505662,1.8196371867270777,-0.2929392514875331,1.8285683552775616
straight_ahead,0.4999290115142705,-0.008425167438351441,-0.49992901151427077,0.008425167438351441,1.2259288622318032,0.14680974341149441,-1.2423545581454198,0.1577851921151822,1.467964199051238,-0.671654323710509,-1.5177560238636965,-0.7794428669600724,0.3721723411165257,1.8184383457744437,-0.2916093353050075,1.8332597140782443
straight_ahead,0.49993223286981614,-0.008231800398439484,-0.4999322328698164,0.008231800398439484,1.2223706718294602,0.14507696926285552,-1.238428255982684,0.14499359766171385,1.4085709123983097,-0.7070530192537204,-1.4555937933517586,-0.8626958883565018,0.3754355280792603,1.8158695089424706,-0.28699551383007904,1.8331146039786228
straight_ahead,0.4999304325058006,-0.00834042292471644,-0.4999304325058006,0.00834042292471644,1.2226186489019832,0.13899773324956025,-1.229854040236784,0.14341999759184604,1.2841164973434216,-0.7791999839350852,-1.2017859935120532,-0.8886538515979816,0.37892519744478137,1.8156586827712997,-0.27392856541135874,1.8366851310146841
straight_ahead,0.4999215554112015,-0.008856547591745848,-0.49992155541120176,0.008856547591745848,1.2220036776509682,0.13590932551838464,-1.2209735340243961,0.14208468992078133,1.1941479587383175,-0.7875727474124836,-1.1152892883006502,-0.8925362285472261,0.37994876252790394,1.8099696816962205,-0.269115478419281,1.8341681311371258
straight_ahead,0.49987477814281894,-0.011189556589401016,-0.4998747781428192,0.011189556589401016,1.2197634705750633,0.13682065309471553,-1.2070593944592944,0.14493492459525315,1.0407021764888065,-0.776822446974567,-0.9338671174391239,-0.8744206616005601,0.3798905821148367,1.8090455729980042,-0.27001061078549654,1.834961363236668
straight_ahead,0.4996906750851987,-0.017584914924394766,-0.49969067508519904,0.017584914924394766,1.2155943321775917,0.14208500147450193,-1.1995024011945805,0.16116961586812928,0.9616271104790967,-0.7546983457234208,-0.8672113676883398,-0.798089965792859,0.3768618392157446,1.8096296265085996,-0.27733557973174694,1.831485617145085
straight_ahead,0.49953222845700784,-0.021622967714348705,-0.49953222845700784,0.021622967714348705,1.214890906238569,0.14739889460850145,-1.1984449225384874,0.17158614997122543,0.9536001958228526,-0.7408926728281242,-0.8675977569517038,-0.7648665938742224,0.37665807585385236,1.808453174394489,-0.2793286079194245,1.8312843748312015
straight_ahead,0.49954764929900797,-0.021263726856676535,-0.49954764929900797,0.021263726856676535,1.2163807596558118,0.1444227168371853,-1.1985660762984642,0.17277832637458396,1.014106363665308,-0.7534172417606608,-0.9433429707765881,-0.7817095773135372,0.37727785748746695,1.8114235238277596,-0.2791937056632877,1.8347285244459928
straight_ahead,0.4995166844146299,-0.021979126265958094,-0.49951668441463015,0.021979126265958094,1.2097770439601427,0.13739664466430304,-1.1966381290437043,0.16627171606969096,1.14252913322581,-0.774305850652781,-1.1302210973895708,-0.8385603977168203,0.38367769454755674,1.8126037152986316,-0.2721856636764317,1.8350235541221076
straight_ahead,0.4995103662126418,-0.022122252283899066,-0.4995103662126418,0.022122252283899066,1.2126415054308695,0.13527967589438258,-1.2079646123454149,0.1582557512335499,1.2257320302939998,-0.7924131560714057,-1.237101285839007,-0.8711485608538836,0.38852745144460016,1.817615703571691,-0.2691041176929539,1.8429398688477197
straight_ahead,0.49951492954909593,-0.022018972672714,-0.49951492954909593,0.022018972672714,1.2080379696897234,0.13250453849246546,-1.2230764122488966,0.1557127855306216,1.3937585125208258,-0.7625107929558728,-1.4240274534169652,-0.8625338405502455,0.3931307432203227,1.8242412689019414,-0.2675374537467753,1.846881778828408
straight_ahead,0.4995610245800278,-0.020947141106910032,-0.4995610245800278,0.020947141106910032,1.2017526359631054,0.12866309860254527,-1.225777187876736,0.15282061277894332,1.5093902845412321,-0.6544101151479685,-1.5716528094486362,-0.7824725119741908,0.39166145981704986,1.8236681664458376,-0.27138141002320654,1.8484101637566102
straight_ahead,0.4995533157159602,-0.021130185924171895,-0.49955331571596046,0.021130185924171895,1.198244581763344,0.11926748922710854,-1.2268385025258068,0.1467349610778784,1.5355799472222744,-0.6336343023404908,-1.5971812775279852,-0.7540047441861321,0.3929143211957207,1.8210951535566946,-0.27123357957307576,1.8437004184566543
straight_ahead,0.4995688752844561,-0.020759066622163085,-0.49956887528445637,0.020759066622163085,1.1931846244069593,0.11366859409643136,-1.2301857772549054,0.12884931085035028,1.4965151366944953,-0.6411485357073371,-1.5363418929644561,-0.7783357874732267,0.3938276981418902,1.8156443571610268,-0.2701815009191581,1.8381442339874723
straight_ahead,0.4995657330670077,-0.02083454691667438,-0.49956573306700797,0.02083454691667438,1.1949292077103075,0.11281352935306485,-1.2255597309939723,0.11997923674418083,1.4553944309201041,-0.6861875813039711,-1.5235794344470601,-0.8942075296448869,0.3993229226354495,1.8113569172495465,-0.26365085044306846,1.8342817783177146
straight_ahead,0.49954636335233377,-0.0212939160667537,-0.49954636335233404,0.0212939160667537,1.2006970531584544,0.111325015567743,-1.2275649832755837,0.11322080811092732,1.4045180642222914,-0.743776157428952,-1.402110383313183,-0.9326342426341453,0.4029289008492801,1.8205652948421431,-0.26341993200129304,1.843776182937976
straight_ahead,0.4995605991731527,-0.02095728402634006,-0.4995605991731527,0.02095728402634006,1.1979546784215467,0.10446250680188332,-1.2250692159751382,0.11599943869046389,1.2434222185123136,-0.7927819961502204,-1.1530059797106327,-0.9247363796910429,0.4023426383812196,1.824401073898682,-0.26331238188862205,1.8473738864862406
straight_ahead,0.499560993609536,-0.02094787969826916,-0.499560993609536,0.02094787969826916,1.1944095733125872,0.11651648271062767,-1.234419365436541,0.1163906650340208,1.2807534807976062,-0.7606496976548959,-1.31409760816011,-0.920335232972286,0.41256081868027383,1.8243732595401037,-0.25368515831036287,1.84881456475183
straight_ahead,0.49957817882766814,-0.020533953326874736,-0.4995781788276684,0.020533953326874736,1.201394514117344,0.12402308504412182,-1.23883502326879,0.1278935393244818,1.3379178377868943,-0.7399165040738142,-1.4344096101505712,-0.8999727372416193,0.42098864157329624,1.8406556778369192,-0.24757036010956304,1.8667028140130824
straight_ahead,0.49961897752105283,-0.019516078008086482,-0.49961897752105283,0.019516078008086482,1.1993187702941563,0.12357609809255098,-1.2395121271857839,0.14522222320440759,1.4272407296294702,-0.6816605863763439,-1.545824832538956,-0.7864695748750482,0.4201213081580677,1.8404512627150658,-0.25061627120140434,1.8666889901233774
straight_ahead,0.49960949896208057,-0.019757240365466507,-0.49960949896208057,0.019757240365466507,1.2025067732323105,0.12613739515995212,-1.247009636947184,0.14800106629155638,1.4305867757060848,-0.6836897120284988,-1.4928341196045394,-0.8299627335054607,0.42512086028419294,1.8464391863019993,-0.24769442220377835,1.8735280402718038
straight_ahead,0.49962900312390823,-0.019257705922817798,-0.49962900312390823,0.019257705922817798,1.2101126980764496,0.12569258577744796,-1.2456915255861067,0.15418108173216574,1.4232578375037535,-0.7203480130436485,-1.4909812134944227,-0.8574755095512913,0.4308137774927386,1.850322428430725,-0.24364653735475425,1.8807760216767837
straight_ahead,0.4996543538376533,-0.018588348261133286,-0.4996543538376533,0.018588348261133286,1.2135111817796393,0.14607243600871564,-1.236770580572465,0.17217606911604597,1.271858688165072,-0.7349260358146733,-1.1822966889127189,-0.8646563975383007,0.4297089957745361,1.8566923290939192,-0.24433647485538212,1.8868469920234607
straight_ahead,0.49955475165655405,-0.02109621049758668,-0.49955475165655433,0.02109621049758668,1.2133829299234435,0.16909952599864128,-1.2303177217101446,0.18889937342851595,1.1161858550530934,-0.7325612463521952,-0.9694616488666913,-0.8531645139202839,0.427839760223666,1.8577989487536266,-0.24502831915846035,1.8863267082041288
straight_ahead,0.49969041328297786,-0.017592352687649818,-0.49969041328297814,0.017592352687649818,1.2081984463427904,0.19009659902281212,-1.2229210846842338,0.19687998528044814,1.0081566630378396,-0.6912227267148754,-0.8885424740541887,-0.8292802699248626,0.42792635751989466,1.8630328304328234,-0.24702400405882027,1.8947281177773352
straight_ahead,0.49973287481431994,-0.016341781720947034,-0.4997328748143202,0.016341781720947034,1.2069027472830811,0.20276965700985977,-1.2230841730946886,0.20723495233147568,0.9733973749024217,-0.6545269167280297,-0.874363314063573,-0.7992758397795516,0.42951072685457103,1.863867323657277,-0.2466500288828706,1.898148512867784
straight_ahead,0.4996999774720974,-0.01731855982422441,-0.49969997747209766,0.01731855982422441,1.206255903644913,0.2092779500656138,-1.2230074026334468,0.20788350231204422,1.0102194256865649,-0.6572561665194414,-0.9357138196996456,-0.8009561638872934,0.42883628024721787,1.8645980643247433,-0.24779949112889751,1.8981195007638136
straight_ahead,0.49964629683040446,-0.018803671547420003,-0.49964629683040473,0.018803671547420003,1.206428045317094,0.2088590447287274,-1.2217503135340368,0.20151531798341307,1.0425683494712064,-0.6787727165577182,-0.981406302045841,-0.823902018755925,0.4288564083392756,1.8663579514918163,-0.2471090928141394,1.9009498074545232
straight_ahead,0.4996485090055277,-0.018744797906435615,-0.4996485090055277,0.018744797906435615,1.2089955868393125,0.20977498403127223,-1.224307566669668,0.1933390671821594,1.0651341512904167,-0.697252045086346,-1.1228690048404715,-0.8780056769387693,0.429553633242512,1.869592659072228,-0.24815270126710784,1.9067102684925301
straight_ahead,0.4996354523545995,-0.019089650348150786,-0.4996354523545998,0.019089650348150786,1.2047465501993138,0.20543419190023687,-1.2408251727293758,0.1875181525675825,1.3022842806373724,-0.6958539590289111,-1.4904207372190836,-0.8559931432063521,0.43173649426070915,1.8624985937513014,-0.24340031381632138,1.9051607929852579
straight_ahead,0.49970848766053166,-0.017071243657808717,-0.49970848766053166,0.017071243657808717,1.2025402670279541,0.20056784240342432,-1.239430676293515,0.1818691675353562,1.373667020986346,-0.6967345070122549,-1.566891064512688,-0.8233703190274545,0.43249644896088874,1.8576909694093462,-0.2423889548511382,1.9033143684981808
straight_ahead,0.4996826367757994,-0.01781186415803713,-0.4996826367757997,0.01781186415803713,1.1915578569103644,0.19908331473329685,-1.239681297072663,0.18834344749797483,1.46518154140477,-0.6422317588458515,-1.6396603490319583,-0.6601779800725941,0.4321760537190225,1.8588758667335263,-0.2424096639015003,1.9030947196205514
straight_ahead,0.4996827639253884,-0.017808296827163974,-0.4996827639253887,0.017808296827163974,1.1870616457809755,0.19774610183522454,-1.240139880636226,0.19150148482260776,1.4771040507889956,-0.6278875567514847,-1.6165388392328357,-0.6777537705195822,0.4320163313460644,1.8596835459833332,-0.24261047027339966,1.905261576060295
straight_ahead,0.4996794101663663,-0.017902152267035662,-0.4996794101663666,0.017902152267035662,1.18121550405422,0.19717776699576967,-1.2405808674525214,0.1940482101642877,1.4610631162462373,-0.6253598498542791,-1.5818234732499763,-0.6990662715339764,0.43298148734625325,1.8598611454650376,-0.24103279823645585,1.9093193259380286
straight_ahead,0.49967327566578107,-0.018072564439730692,-0.49967327566578135,0.018072564439730692,1.1859913586997635,0.19582270267628352,-1.24073161441305,0.19352333492465648,1.4240697600554573,-0.6667566779750735,-1.410959246760007,-0.851264782323807,0.4323925323516868,1.861553061536709,-0.24258531751156892,1.9095697639727471
straight_ahead,0.49967080976276035,-0.018140613854751093,-0.4996708097627606,0.018140613854751093,1.1893689458352201,0.19342870114214453,-1.2381859484331972,0.1946414085533277,1.275494535259597,-0.7211399042426774,-1.195349932810488,-0.8728516884969378,0.433872788310836,1.8667939097285884,-0.2382636747554943,1.9147925762440634
straight_ahead,0.49965377417214013,-0.018603923122181315,-0.49965377417214013,0.018603923122181315,1.2021496746140525,0.1954655526490615,-1.237348913485588,0.1963790892759306,1.1998326704159046,-0.7485609848517858,-1.0952211510040553,-0.8878843932445863,0.4330115900970504,1.8758664338282593,-0.23816533393870404,1.9239810314034123
straight_ahead,0.4996369807879425,-0.019049604434450428,-0.4996369807879428,0.019049604434450428,1.202406235717198,0.20286473448826836,-1.2297621457125691,0.2020982822034001,1.0449891846439676,-0.7295847738823601,-0.9343254104926333,-0.865918450475397,0.4324603907196421,1.8743840590509195,-0.24066250232911104,1.9188807854626984
straight_ahead,0.4996374706122231,-0.019036752880150692,-0.4996374706122231,0.019036752880150692,1.2030519534269164,0.2056807658407049,-1.224777529146681,0.20751635478780195,0.9861685164732769,-0.6981697191080739,-0.8784676776739264,-0.8192151673264775,0.4265201053869229,1.8787475388162258,-0.24850542892352487,1.9062331092873472
straight_ahead,0.499674169663353,-0.018047830097791588,-0.499674169663353,0.018047830097791588,1.2067093848560484,0.21599173259557325,-1.2258946720246542,0.21533493982931776,0.9891417577622823,-0.6744655777302938,-0.8939959697267545,-0.8102595228577179,0.42532378433263646,1.8857083867481663,-0.24762052697849346,1.9129125421956032
straight_ahead,0.4996938704061121,-0.017493881174842508,-0.4996938704061124,0.017493881174842508,1.2222460370838668,0.22173392479964613,-1.2246053122579037,0.21170136111100862,1.0367873791347824,-0.6796789880017685,-0.9667715611260206,-0.8217475527181947,0.4254958577357718,1.882178246209217,-0.24695620382080635,1.9092155271610147
straight_ahead,0.49969857073498225,-0.017359101515226235,-0.49969857073498225,0.017359101515226235,1.2291244672043922,0.22444898751225464,-1.224647364107064,0.20162436821330873,1.0616297994469581,-0.6876466031448345,-1.0098108465909181,-0.848101814426817,0.42642043742511465,1.8808250697257818,-0.24405549790045603,1.9044705199998182
straight_ahead,0.49971617160599163,-0.016844816278338032,-0.4997161716059919,0.016844816278338032,1.2307116221138543,0.22299443929680954,-1.2382600977249532,0.19999235330101336,1.225017930921018,-0.7073360142402575,-1.2522298492203892,-0.8839453225279467,0.42615721819925273,1.8829231800642858,-0.24445952026880027,1.9102186585103
straight_ahead,0.49974843255601265,-0.015858882615382732,-0.49974843255601265,0.015858882615382732,1.2377426226176729,0.21635419496693872,-1.2421360622378796,0.1836761869449305,1.3725414805970713,-0.7109074196230382,-1.4342042732050047,-0.8826477510899329,0.4358797593089994,1.8806741857046056,-0.23274268311395627,1.9124686826652644
straight_ahead,0.4997517930147364,-0.015752630845548517,-0.4997517930147364,0.015752630845548517,1.234230745115611,0.21339509505537096,-1.2410597096523603,0.17800852917361837,1.4051025219251772,-0.6869299383854693,-1.4970567054226023,-0.8788814430515969,0.4394555968990309,1.8701126081700208,-0.22896205632088681,1.9014390538561863
straight_ahead,0.4997953910856384,-0.014302693786616263,-0.4997953910856384,0.014302693786616263,1.2297907375449073,0.2207341889894371,-1.2446281267459975,0.16777732013562358,1.4718378810861301,-0.6219792464583179,-1.5796468264962895,-0.7990162678555137,0.43602508372015936,1.8688701207762344,-0.2314649835584204,1.8989780405955257
straight_ahead,0.49980209913681567,-0.014066332088809738,-0.49980209913681567,0.014066332088809738,1.2292940552627594,0.22501547545116962,-1.2511067703782424,0.1575597578325497,1.4887382115442898,-0.6127189485383153,-1.5960689871346179,-0.7798062998935327,0.4338559162919029,1.8720950289863028,-0.23593301965629973,1.9011494417264243
straight_ahead,0.49988458394018004,-0.010742566683672173,-0.49988458394018004,0.010742566683672173,1.244794933848276,0.22305060773243743,-1.2436803249264528,0.1538050246423173,1.4819576686989828,-0.6155346384166103,-1.5315713301541567,-0.7790285445073234,0.4293188326194272,1.8635937176693247,-0.23527379052352798,1.8903365806879293
straight_ahead,0.4999453207717157,-0.0073943382710139225,-0.499945320771716,0.0073943382710139225,1.2732100266714197,0.22501401946470678,-1.2326088521009193,0.16051940533196457,1.300245982554998,-0.6553610993085602,-1.2381147996681166,-0.8039470277568098,0.4222341401399031,1.864200344554562,-0.24101600871821321,1.8870794246417961
straight_ahead,0.49995881824807153,-0.006417168845497281,-0.4999588182480718,0.006417168845497281,1.2813789182818944,0.22315831665392824,-1.2319630629006457,0.1662745569220687,1.2974887504395953,-0.7151644425014183,-1.257022268322048,-0.8279678068178304,0.42205353350206176,1.8635531432742507,-0.24014092218593827,1.885367676216787
straight_ahead,0.4999610163406607,-0.006243567859293902,-0.4999610163406607,0.006243567859293902,1.2870268250720769,0.22145659428883394,-1.231737579804482,0.16592827780196592,1.366045127563509,-0.7154175268973426,-1.4056120337086997,-0.8064102936002296,0.421476907959651,1.8621088494811748,-0.2405249240283899,1.883371013786969
straight_ahead,0.49996173285421214,-0.006185926075638163,-0.4999617328542124,0.006185926075638163,1.281476340597427,0.22127441204277656,-1.2325339706843987,0.16585100282702586,1.4325489334365806,-0.7042132030550888,-1.4685644309629173,-0.7922852346398289,0.419876947724377,1.8626749917621994,-0.24460785581128677,1.883011960745164
straight_ahead,0.4999591866821695,-0.006388399807748645,-0.4999591866821695,0.006388399807748645,1.280708124588092,0.22109756561358998,-1.2319361094161845,0.16631498499083283,1.4409479227036956,-0.7030416750894326,-1.4751286366860785,-0.7849211938895524,0.41880178910998583,1.861604253935351,-0.24818669665714568,1.8813505823878864
straight_ahead,0.4999744729287932,-0.005052367719719273,-0.4999744729287935,0.005052367719719273,1.2779925872683704,0.2174434147111922,-1.2247827748691567,0.16737194467874342,1.4254167436203142,-0.7215154759951788,-1.3608340596471524,-0.829767494744206,0.41810064071094566,1.8554920949706837,-0.25171119926922625,1.8725656878270176
straight_ahead,0.499984423732827,-0.003946647254688141,-0.499984423732827,0.003946647254688141,1.285616679341297,0.2170199355755925,-1.2219896230807883,0.16766085067464268,1.2775999701501497,-0.7381918062040048,-1.109695375479009,-0.8321170125709708,0.4142183162461018,1.8573997539514024,-0.2538869092534936,1.8717504131477491
straight_ahead,0.4999815113729266,-0.004299800605136079,-0.4999815113729269,0.004299800605136079,1.2731921150533745,0.2294553965158294,-1.2092161729686506,0.18925555398891647,1.1032634792912857,-0.714323278407851,-0.9424272629614311,-0.7843839135115827,0.4073623908292592,1.8489629279270068,-0.2580733199599715,1.8622069954459373
straight_ahead,0.499991414344248,-0.002930116386519037,-0.499991414344248,0.002930116386519037,1.2599651609135998,0.23436625689791946,-1.1979678249460881,0.20691946952453089,1.0313376084100363,-0.6914247179958222,-0.8996750454059976,-0.7396125522294331,0.39959248477773773,1.835215008516766,-0.2636920012517632,1.8428251888732898
straight_ahead,0.4999920176471959,-0.0028252945131331114,-0.4999920176471962,0.0028252945131331114,1.252523388789978,0.2346885805397478,-1.1947798782887171,0.2187520464296591,0.9931383816182094,-0.6709216493112865,-0.8848633889299176,-0.7173362214835268,0.39376442161440156,1.8314374149060444,-0.2707863967718435,1.8348961623216782
straight_ahead,0.4999877144451293,-0.0035050540560332506,-0.49998771444512957,0.0035050540560332506,1.2537054292333492,0.23165367787987975,-1.195785455126326,0.21570975189723846,1.0401684633026542,-0.6892886812201775,-0.9540094360013,-0.731187902900955,0.3922032627364808,1.8308729279501426,-0.27140572240864924,1.834337739583335
straight_ahead,0.49998515897161655,-0.003852376945110646,-0.4999851589716168,0.003852376945110646,1.261521704602298,0.2315383848512035,-1.1964026815828963,0.20952105776066174,1.068516080469251,-0.6948534993276188,-1.0011253147732897,-0.7526638413900775,0.3908217285322974,1.8311326449064516,-0.27196144517089316,1.8342549004882156
straight_ahead,0.4999879280132477,-0.003474455499701191,-0.4999879280132477,0.003474455499701191,1.262258913309409,0.22819252012316651,-1.1930948727695625,0.20147780431525433,1.1798957143192068,-0.7312056323993762,-1.1899314921569895,-0.8123528252048834,0.39264168877262196,1.8269333809810313,-0.2688612643703697,1.8327560335626853
straight_ahead,0.49998586444901594,-0.0037597009415789233,-0.4999858644490162,0.0037597009415789233,1.2668376097868093,0.22965790030224192,-1.1956687182799228,0.19156617741037577,1.3783361269511916,-0.7286236649562042,-1.4206280553254902,-0.8134419715535001,0.39349279081606375,1.8268596422276544,-0.26738488968596297,1.8333762547320487
straight_ahead,0.4999910358285862,-0.0029940091946097434,-0.4999910358285862,0.0029940091946097434,1.265743113704757,0.22854857067582912,-1.204374273106655,0.18518203376596926,1.4318030120964942,-0.7153003060877965,-1.4681624807472877,-0.7782183635493982,0.39341517593728026,1.8263698934869175,-0.2674430662742228,1.8328272151525105
straight_ahead,0.49998176131542366,-0.004270638351196826,-0.49998176131542366,0.004270638351196826,1.258084088168691,0.21384105548162097,-1.2066480730151912,0.17409332595746285,1.5165300421547647,-0.6636814773066657,-1.5435205793283566,-0.7155826354358701,0.3903413489498598,1.816784216835078,-0.26838485154705644,1.823650857890785
straight_ahead,0.49998739784869484,-0.003549928519128467,-0.49998739784869484,0.003549928519128467,1.2562152417100767,0.21107268211334188,-1.208471301815683,0.16997654843454466,1.4834275886228474,-0.655943269715032,-1.4846000954441232,-0.7224510959124611,0.39031309959582494,1.8131912605149814,-0.26950856069998796,1.82010830288231
straight_ahead,0.4999794984263161,-0.0045278199356166195,-0.4999794984263161,0.0045278199356166195,1.2523295163372665,0.2058306498316151,-1.206737534473857,0.16403788702691707,1.4558996390982524,-0.6756397421775592,-1.456613054525598,-0.750552872578378,0.3913331698114926,1.8022799690867237,-0.26583384885387634,1.8098378124379968
straight_ahead,0.49999112931039397,-0.002978357083511436,-0.49999112931039397,0.002978357083511436,1.260402073068275,0.21287599690232262,-1.2058860619794645,0.1660033286523073,1.3491761345822844,-0.698267138273235,-1.2947334879913242,-0.8116131740713627,0.39551766907944647,1.8076918677746387,-0.2640693208261476,1.8166598473801747
straight_ahead,0.49999975127890994,-0.0004987193880586595,-0.4999997512789102,0.0004987193880586595,1.2618043270879837,0.2174105775148278,-1.1985470676463545,0.16807024400948173,1.1703114947422095,-0.7085506678680336,-1.072197430883831,-0.8086493512876038,0.3932004877689616,1.7996948344874049,-0.26533025468713045,1.809436607216398
straight_ahead,0.49999998478341223,0.0001233555325691977,-0.4999999847834125,-0.0001233555325691977,1.2606708949626042,0.2201727152080525,-1.1984088129974142,0.17073145538800452,1.1080965586445801,-0.7121065768379222,-1.0016413379812183,-0.8052392489978466,0.38953986142556096,1.8009266064755969,-0.26799314070480784,1.8119600567791792
straight_ahead,0.49999923731922036,0.0008733156346917871,-0.49999923731922064,-0.0008733156346917871,1.2556454765435952,0.22094191252150958,-1.1877740901882796,0.17618275047967732,0.9748661985107684,-0.7035087222765156,-0.9162675646644901,-0.7743574719588154,0.38884635225833813,1.7959173036196125,-0.2684350536074122,1.8037261279674202
straight_ahead,0.49999919164116946,0.0008990874135029128,-0.49999919164116946,-0.0008990874135029128,1.2478978000308596,0.22054680495433743,-1.1843266591984898,0.18050158404133226,0.9516385609505563,-0.6853102610327639,-0.8986536775956288,-0.7583398857634482,0.386652451846645,1.7897409896139247,-0.2697063513886866,1.7899761494498072
straight_ahead,0.49999961709430785,-0.0006187936210309916,-0.4999996170943081,0.0006187936210309916,1.2466803631581913,0.21978189036157464,-1.1840460186628958,0.18013696286318634,0.9898500105553463,-0.6853146877159735,-0.9437506382126876,-0.7585995960557412,0.3860982511935604,1.7803842181162959,-0.2674915256278332,1.78067645965619
straight_ahead,0.49999824979226265,-0.0013229530127735684,-0.4999982497922629,0.0013229530127735684,1.248761350120953,0.2202640734485648,-1.1836808544788078,0.17721141545213223,1.0008224606893479,-0.686120439577046,-1.0134846883302133,-0.7865802549603582,0.3863456404295154,1.7777861254841327,-0.2675641227552691,1.774912274669541
straight_ahead,0.4999949849944114,-0.002239415200072566,-0.4999949849944114,0.002239415200072566,1.246547947921417,0.21953771691882656,-1.17784753934862,0.17310871566478925,1.0487039280211439,-0.680691437774885,-1.1051957423770349,-0.8071078063215169,0.3866599283545556,1.7718377908420841,-0.26472359064505624,1.7690812874096704
straight_ahead,0.49998888694900245,-0.0033336057801771155,-0.49998888694900245,0.0033336057801771155,1.247394491669897,0.2199279325515628,-1.180610039265632,0.16681252034286262,1.1987447290601112,-0.6863920627985117,-1.3025045178189985,-0.8124252773982223,0.3893830602046426,1.764039889632095,-0.2600955187919764,1.7618440118230208
straight_ahead,0.49998748955954136,-0.003536987976729703,-0.49998748955954136,0.003536987976729703,1.2483609544973528,0.2196716940218921,-1.1836778717861443,0.15910851572762744,1.368334641317267,-0.6866012249072742,-1.4176178554814811,-0.7818886921666892,0.3913265998588047,1.7638168954080562,-0.260190145478229,1.7622600582744272
straight_ahead,0.49998861408464007,-0.003374282993587528,-0.49998861408464007,0.003374282993587528,1.24744071072477,0.21688541788618648,-1.1875428849924117,0.15016928669466068,1.4171282199016537,-0.6864661256269637,-1.45421480310518,-0.7615704486750816,0.391428799697697,1.764313909463046,-0.2629495363812963,1.7634075956381832
straight_ahead,0.4999818053931548,-0.004265474862354878,-0.49998180539315507,0.004265474862354878,1.2557194720123213,0.2209170717669265,-1.1901541020816349,0.14541298778778672,1.384242740525495,-0.7039072308247065,-1.4169611018597097,-0.7758507728978041,0.3973447078165966,1.7723823389268372,-0.2581876997891001,1.7754857852511134
straight_ahead,0.49998247601867735,-0.0041861287883502235,-0.4999824760186776,0.0041861287883502235,1.2596782130411848,0.2202342568594385,-1.1923711832688058,0.1447288467678752,1.3786445216722618,-0.7158734082286058,-1.3782535608378372,-0.8085614079814875,0.4005222801936569,1.7765210722906573,-0.25620851465764033,1.7804212128153476
straight_ahead,0.4999857671158442,-0.003772622639599081,-0.4999857671158442,0.003772622639599081,1.2644264134977792,0.21991983339125223,-1.1962777894029661,0.1420072163517638,1.3579733848526894,-0.7298209673609276,-1.4115822969423795,-0.8087697515859266,0.4012433786325989,1.7809281714505913,-0.25606166951663806,1.7891874446031653
straight_ahead,0.49998767244160885,-0.0035110406466528983,-0.49998767244160885,0.0035110406466528983,1.2658473381401667,0.21043047409278187,-1.1987567709080125,0.14189790720818943,1.4912547946531067,-0.7268916996947518,-1.5606733524625995,-0.662610716647795,0.4007188047918367,1.7840468708711124,-0.2547888007656695,1.794222349235889
straight_ahead,0.49999061412307805,-0.0030636234799877944,-0.4999906141230783,0.0030636234799877944,1.2618824741613317,0.2033995115089477,-1.1972117802215445,0.14095728930609724,1.5899725716404751,-0.6337383802344487,-1.6296412291187896,-0.5865697119986076,0.3996457667839382,1.7831386984603188,-0.2503399609519072,1.7924907174759266
straight_ahead,0.49999328705535667,-0.002590926394120444,-0.49999328705535667,0.002590926394120444,1.2588174092048598,0.1987189906316447,-1.194621342474906,0.14101297428872087,1.6005805861092364,-0.5954399501693497,-1.6249143798318348,-0.5728530167309794,0.3989693305253168,1.7824527872441973,-0.24807490994441353,1.7917042551920248
straight_ahead,0.4999944458739391,-0.002356712798062836,-0.4999944458739391,0.002356712798062836,1.2562843271133302,0.1956436818583394,-1.193497971934303,0.14125429467815104,1.593659453427556,-0.5937741337142431,-1.6045894461561307,-0.5827173700127257,0.39880546612741774,1.7807930163359995,-0.24688160551280627,1.7899274112341186
straight_ahead,0.4999945056461646,-0.0023439973650390368,-0.4999945056461649,0.0023439973650390368,1.2563313089755936,0.19497518603433678,-1.193254483612431,0.14021014897709552,1.5867265410426559,-0.650186331445467,-1.5664892768732464,-0.7007402281165015,0.39911218880075816,1.7829953722758065,-0.2537335974987704,1.7911766057974718
straight_ahead,0.49999453699607643,-0.002337300596643191,-0.4999945369960767,0.002337300596643191,1.2595568080338295,0.201389729855137,-1.1965474480338363,0.13524452778837903,1.5241667032413801,-0.6843693812101105,-1.517249708839845,-0.7989312950973704,0.401137921729496,1.7853889444409223,-0.25427585999212104,1.793319483780126
straight_ahead,0.4999944087853274,-0.002364568334984876,-0.4999944087853277,0.002364568334984876,1.263622194889483,0.20727820740150046,-1.1905841071728824,0.13686581612901885,1.280273128624785,-0.7083600743618428,-1.2436504744184096,-0.8379438849402748,0.40017499817031904,1.785612479931468,-0.25245877603903516,1.794562011446366
straight_ahead,0.4999950503469018,-0.0022247760784283935,-0.4999950503469018,0.0022247760784283935,1.263485075962227,0.20815845377367226,-1.1866571425152515,0.14109912565885283,1.1959875457462938,-0.7154551216649878,-1.1606861645636277,-0.8533912385275485,0.40028066154634756,1.7847264752369978,-0.25083633703789443,1.7939767415084527
straight_ahead,0.49999201592126535,-0.0028255999343770356,-0.49999201592126535,0.0028255999343770356,1.26177646791492,0.21403354985071527,-1.1910456950877037,0.14908359018705833,1.0325367645974335,-0.7129187344711014,-0.9908077568079088,-0.8420174900876662,0.3953563019528625,1.7893267391364907,-0.25658863540475224,1.7971917521450922
straight_ahead,0.4999864317338912,-0.003683487750870569,-0.49998643173389146,0.003683487750870569,1.24752677434682,0.20671246035990845,-1.1850559048073768,0.14958088112797344,0.9722713663951147,-0.7105911784869274,-0.9297415566711316,-0.8285731633267527,0.3933744615437217,1.7824918283211268,-0.2583968536949807,1.7921192728112778
straight_ahead,0.49998716655139747,-0.003582357311184864,-0.49998716655139774,0.003582357311184864,1.236695451696985,0.20315958046196222,-1.17879869345862,0.14775445886593291,0.9304480326240825,-0.7031088559727549,-0.8906317662890983,-0.8182976194125237,0.39176945241534933,1.7824578521636214,-0.26055759036029774,1.790284757828949
straight_ahead,0.4999840831451944,-0.003989561562273876,-0.49998408314519466,0.003989561562273876,1.2345246350693746,0.20396734962521018,-1.1772048671460773,0.14763211854234265,0.9438104043997838,-0.6976443986682549,-0.8965374523332488,-0.8135495957852086,0.39101995343692786,1.7781051039397462,-0.26080612417227383,1.7867375782795183
straight_ahead,0.4999753294040094,-0.0049668891020745835,-0.4999753294040094,0.0049668891020745835,1.2339189455273107,0.20177012274584158,-1.1765054695964152,0.1401028118185143,1.0122955394747377,-0.7103712132777833,-0.9840935434536449,-0.8257588726663884,0.3906064115813655,1.779834280606944,-0.25962982090466785,1.7865687806556863
straight_ahead,0.4999553582913029,-0.006681295968207076,-0.49995535829130316,0.006681295968207076,1.234698733192565,0.19756907173326466,-1.182201462929277,0.1217244431426209,1.1760876692917852,-0.7428585981455433,-1.1870343956948763,-0.8659779133482551,0.39190669987481064,1.7835199777225283,-0.2534658732293699,1.7883925665535874
straight_ahead,0.49995012861406085,-0.007061791471291436,-0.49995012861406085,0.007061791471291436,1.237769071250251,0.1970304144291062,-1.1899577011351055,0.11713364116853003,1.2611369462120543,-0.7522035780131313,-1.3062927803520155,-0.8794506339572983,0.39587782594018894,1.789571998311255,-0.24796013627741456,1.7933773222248734
straight_ahead,0.49994968826883707,-0.007092897848738475,-0.49994968826883707,0.007092897848738475,1.2416312246866863,0.19553320979070485,-1.195019422399465,0.11109001479211429,1.4669044248049081,-0.7297320843865126,-1.4986965628069842,-0.8240236050361264,0.3967584663489866,1.7902221764615702,-0.24745574609947257,1.7970136900043445
straight_ahead,0.4999343907491068,-0.008099688038401243,-0.4999343907491068,0.008099688038401243,1.2421011562193505,0.19372907672166587,-1.1945577984435711,0.1103055034921537,1.5192186671775922,-0.6856728754937733,-1.5572421359504711,-0.7452852760100022,0.4018095038083061,1.789382636950358,-0.24342469781477993,1.8001612977835435
straight_ahead,0.4999515496226957,-0.006960461900278932,-0.4999515496226957,0.006960461900278932,1.2428685158351722,0.1902241059555166,-1.1930838244551287,0.11343711378569885,1.600294894749274,-0.5926256503616648,-1.5896530433062754,-0.6304170941374586,0.4014445239735153,1.784141561585688,-0.24191339835625758,1.7975961870323476
straight_ahead,0.4999570667265037,-0.006552208042346721,-0.499957066726504,0.006552208042346721,1.2420384625062046,0.1890649235417674,-1.1919830998613907,0.11624828289068256,1.609322966055951,-0.5707409161004082,-1.5891038179029902,-0.60586500604337,0.40093847584890224,1.781937278399792,-0.24226720417148326,1.7978665824252926
straight_ahead,0.49995694016471415,-0.006561858055186839,-0.49995694016471415,0.006561858055186839,1.2524318436821507,0.18924815485230256,-1.1944184542205307,0.11589441577700062,1.5425649725633697,-0.6048642415454358,-1.5268280575732012,-0.6840150072834027,0.4011619263113704,1.7833023164366744,-0.24235145554350637,1.7984150733102167
straight_ahead,0.49995761332534416,-0.006510366965510321,-0.49995761332534416,0.006510366965510321,1.253413530409708,0.19007090631942664,-1.1964139792242785,0.11583134697539174,1.5049309623429412,-0.6207689090964053,-1.4958581811362568,-0.742689849855198,0.40096663742145267,1.7871715071816947,-0.24327802746539323,1.800491444273204
straight_ahead,0.49998424269816577,-0.003969515529843402,-0.49998424269816577,0.003969515529843402,1.2577912127562252,0.1992363319356392,-1.199230550410885,0.11573354425940349,1.3523724671197006,-0.6790304912090961,-1.3332774691643479,-0.8702511947916721,0.4020170568985891,1.794958701084762,-0.24593810801917884,1.8100461105923458
straight_ahead,0.49999834002323873,-0.001288399784863128,-0.499998340023239,0.001288399784863128,1.2574997210734196,0.20247691208267668,-1.1941876020671478,0.11772739859595133,1.1795061382103718,-0.6920545264882486,-1.1375603461727557,-0.8603508261645757,0.3986512500629126,1.7892108842691752,-0.24888791202258323,1.7993187321548163
straight_ahead,0.49999866055995357,-0.0011573410267927827,-0.49999866055995357,0.0011573410267927827,1.2574217306038888,0.19564575934992276,-1.1882663869770245,0.11706766559588723,1.1125426359870116,-0.7176656042974064,-1.0725365015737418,-0.8606244827832864,0.39622625877419815,1.7848852504681945,-0.25066697778603036,1.7913349716354663
straight_ahead,0.49999607695547843,-0.001980663810771039,-0.49999607695547843,0.001980663810771039,1.2443797154642005,0.18305767843688855,-1.1812809527598542,0.12046972483805418,0.9653735558927159,-0.7166256159061158,-0.9324877378790376,-0.8553948212437451,0.3935904489912634,1.7781036332168247,-0.25293910162263666,1.783815489804782
straight_ahead,0.49999466224289096,-0.002310352487654361,-0.49999466224289124,0.002310352487654361,1.2351438022896117,0.17444070869383987,-1.1785357311629048,0.12480098060417921,0.9167364258424288,-0.714309060000114,-0.9010591950459065,-0.8252545408608656,0.3921413281650889,1.77445129136154,-0.2551790862624215,1.7779982319412724
straight_ahead,0.49999237195260066,-0.002761881462385099,-0.49999237195260066,0.002761881462385099,1.2321817708591807,0.17463636338271607,-1.1733498031963727,0.12665263687558542,0.9057230837079433,-0.7024956789407424,-0.8987888480441796,-0.8178833201688842,0.39127610897527665,1.771650697300721,-0.25633452132998313,1.7766373233507795
straight_ahead,0.4999886685291479,0.003366205942859191,-0.4999886685291482,-0.003366205942859191,1.2495470925956698,0.20792037469662505,-1.176527232792575,0.13368401174362113,0.9628309909056724,-0.7009782737012741,-0.974296423898968,-0.8137862359092404,0.3851894486580701,1.7814356456303027,-0.263578744949596,1.7834589839138086
straight_ahead,0.4999550991266079,0.006700660960211874,-0.4999550991266079,-0.006700660960211874,1.259595897388882,0.222399865267965,-1.1576311003353177,0.12956988005594966,1.1793739906503593,-0.725306110411077,-1.064561875794097,-0.840471732656745,0.38591617804444456,1.7839639605538387,-0.26325650064221406,1.7839268761965694
straight_ahead,0.4999557114497322,0.006654816961578315,-0.4999557114497322,-0.006654816961578315,1.2609677632201475,0.22394863702638215,-1.1571186596089937,0.12970618369213546,1.1080569612536595,-0.7345306762553823,-0.957674638953834,-0.822147191394799,0.3836580449972634,1.7864925230720365,-0.2670257779646162,1.7844985273868155
straight_ahead,0.4999655918997875,0.005865740899069808,-0.4999655918997878,-0.005865740899069808,1.260232303013436,0.2310553232526666,-1.151285335769917,0.13093637184701382,1.0567735476412714,-0.7342799632354466,-0.9179423735666133,-0.7983850843551981,0.38257135148347887,1.7878365991236977,-0.27004794955638234,1.7872081918428837
straight_ahead,0.4999673692889837,0.005712236536854215,-0.4999673692889837,-0.005712236536854215,1.2492726544485662,0.23201917747813322,-1.133910507262508,0.1317345488117892,0.8988917326891095,-0.711608447443724,-0.8307177719187266,-0.7440269066968874,0.3802185869794771,1.7870927340527816,-0.27525671583612044,1.7857125392118884
straight_ahead,0.49998155878841166,0.00429428358519212,-0.49998155878841166,-0.00429428358519212,1.2430514968256026,0.23312719955570013,-1.1406530749614259,0.1332868630217987,0.8754006316900917,-0.7050040395447034,-0.8606836589592818,-0.7292541385141026,0.3789710610781049,1.7959738880335803,-0.2803886089639997,1.7936762706333198
straight_ahead,0.4999956226678528,0.0020922029027202606,-0.4999956226678528,-0.0020922029027202606,1.2395950676809047,0.23170289312410922,-1.1438695028136197,0.13453586008592877,0.9085414361928585,-0.7041032150527372,-0.8986976055226358,-0.7335968860618844,0.3796336404142532,1.7917432588783704,-0.2787837873529084,1.7893834113882696
straight_ahead,0.49999724372961296,0.0016601996235512753,-0.49999724372961296,-0.0016601996235512753,1.2465220944998483,0.2316755550669017,-1.1444565382928986,0.13390052393333457,1.03614877777449,-0.7087281878648227,-1.0332390097668762,-0.7784701327887869,0.38125579290082284,1.7916107622561246,-0.27458781471984656,1.7923095210183866
straight_ahead,0.49999846338789616,0.001239600638367014,-0.49999846338789616,-0.001239600638367014,1.2528041525411642,0.23073057221349091,-1.144991654394735,0.12991977605036464,1.1649668070118815,-0.7623751135503376,-1.2268453671965605,-0.8058694638250755,0.3843103265249192,1.7978987264681978,-0.270214351248832,1.800078692782573
straight_ahead,0.49999899421417554,0.00100288823541233,-0.4999989942141758,-0.00100288823541233,1.2597124693654838,0.2304537059274182,-1.150541706254266,0.12935884835401115,1.2391087012935267,-0.7696648366253969,-1.2884534119385074,-0.808816238246495,0.3862325247582108,1.8008869536904881,-0.269070396596465,1.8026967915590193
straight_ahead,0.4999989693034211,0.0010152317550454525,-0.49999896930342136,-0.0010152317550454525,1.2645346982529608,0.22933160744066858,-1.1540566110911978,0.12830796135692568,1.2726205446747205,-0.769231519109599,-1.3398324265907284,-0.8096093335596284,0.38734455726129,1.8056227850484938,-0.2688312784632612,1.8087481242835932
straight_ahead,0.49999945575105353,-0.0007377320992260196,-0.49999945575105353,0.0007377320992260196,1.2632190091148494,0.2263354758022458,-1.1555269031346571,0.12561765355084042,1.4122189259495954,-0.7564666197747891,-1.4150948759910882,-0.7513360560938191,0.3863197598422792,1.8162949027938415,-0.2697712074698893,1.8142553084665773
straight_ahead,0.49999956884490476,-0.0006566238720429341,-0.49999956884490476,0.0006566238720429341,1.2611211367285213,0.221166101101659,-1.1565354947471311,0.1206834438026097,1.4286038161206869,-0.7515262933672008,-1.4175890573609247,-0.749984416141206,0.38464441132801397,1.8269474011653848,-0.27125333348037717,1.8200135262380457
straight_ahead,0.4999998222905073,-0.0004215559998058664,-0.4999998222905076,0.0004215559998058664,1.2685324911110163,0.2202247212261379,-1.1553674652288586,0.12021105505623342,1.367713702168267,-0.7593245095239192,-1.3544382658435756,-0.7731265483055729,0.38450687557301844,1.824236013771682,-0.27033477387333943,1.8189048299503738
straight_ahead,0.499999944595066,0.00023538252000479808,-0.4999999445950663,-0.00023538252000479808,1.2729142813407501,0.22053181535061042,-1.1425438611738263,0.12066633072874282,1.310166798407883,-0.7817706230801375,-1.2558899020383476,-0.7999976290393713,0.38373406497237283,1.8239971017106906,-0.2706538374643147,1.8192082009772506
straight_ahead,0.49999824197392057,0.00132590459265255,-0.49999824197392057,-0.00132590459265255,1.2714200196430014,0.22210657135875214,-1.138949613630262,0.12173536574574047,1.2006612404750856,-0.7795857027724027,-1.1370469975271087,-0.8131817696750104,0.3811810820611551,1.8222808735879288,-0.2723553920805068,1.8174358890351547
straight_ahead,0.49999180795331977,0.002862163442327088,-0.49999180795331977,-0.002862163442327088,1.2713494346335539,0.22900512819775456,-1.1468086931076544,0.1251653134545475,1.0283894280652213,-0.7746146502348323,-0.9483416522012307,-0.8024648803258975,0.37841732519118837,1.8322940901611415,-0.2791131359200479,1.8270621555154456
straight_ahead,0.4999879928851579,0.00346510759880466,-0.4999879928851579,-0.00346510759880466,1.2646870127867396,0.2316864051271407,-1.1430940020050548,0.12840236258563198,0.967123173489998,-0.7522546801034995,-0.888304635675199,-0.7608525041503724,0.3739525639240173,1.8345470514978537,-0.2848536000326025,1.8288126189393126
straight_ahead,0.4999860384191968,0.003736493794648738,-0.4999860384191968,-0.003736493794648738,1.2572273647229306,0.2330497652612568,-1.1308024409311592,0.12821316633903423,0.8892477390452042,-0.7289832697572638,-0.8254887082338891,-0.7347047280765732,0.3686865092372561,1.833252413313928,-0.2881972379717879,1.8292111993178988
straight_ahead,0.4999692661344465,0.005543728076218019,-0.4999692661344465,-0.005543728076218019,1.2467819888674985,0.23508265153818017,-1.1269478452482935,0.12979772477663007,0.8657217169806005,-0.713627373799761,-0.8294780066312483,-0.7183916032873645,0.3614097698028727,1.830304322364107,-0.29285781801056854,1.8227515285653644
straight_ahead,0.4999764763834131,0.004850058064217203,-0.49997647638341336,-0.004850058064217203,1.2460333069408511,0.2325800865519645,-1.126243879748121,0.13023167532144328,0.9239227327132572,-0.7333345676955217,-0.8973514519799702,-0.732693732448155,0.36206361299833234,1.8258674212154768,-0.29063310331964193,1.8184978920337291
straight_ahead,0.49995130050310005,0.006978332555771998,-0.49995130050310005,-0.006978332555771998,1.2468631829394334,0.23619729951655377,-1.125405727680154,0.12788985452656382,1.052171111962919,-0.7415030510426172,-1.0192824721828906,-0.7806480954354906,0.36247194294704416,1.8221287870728928,-0.2890773044325149,1.816017193964823
straight_ahead,0.4999124262234786,0.009357676386530742,-0.4999124262234786,-0.009357676386530742,1.251831393375536,0.239672030348491,-1.1248937087246664,0.1287713840994476,1.1261568292769872,-0.7442984236898179,-1.1225742872625906,-0.7821252800954156,0.36251270912408007,1.8218961299179433,-0.2875719157866726,1.8161079172448817
straight_ahead,0.49992093673749105,0.008891400986879117,-0.49992093673749105,-0.008891400986879117,1.2518721201984575,0.2371837179922883,-1.123771705980268,0.1260588473249241,1.2828511944702368,-0.7555671171956417,-1.293394144598759,-0.7808473241682223,0.3647227925648399,1.819447335278401,-0.2856980025436786,1.8145298722326
straight_ahead,0.4999177868349227,0.009066774844054652,-0.4999177868349227,-0.009066774844054652,1.244710800563109,0.23196208666064794,-1.1340757709821354,0.12023265743937799,1.40758733227322,-0.7535749739930727,-1.3916259309332852,-0.7752376089739421,0.36505527042746666,1.8218055831238644,-0.2867590887418484,1.8167084209809252
straight_ahead,0.4999249985504765,0.008660012950678852,-0.4999249985504768,-0.008660012950678852,1.2396226531220707,0.22379247057566243,-1.142450991782785,0.11753274000717248,1.4652456794864164,-0.7228214826254713,-1.47214896040688,-0.712955681619812,0.36470508855919404,1.8156505288075193,-0.2903361583437989,1.8157289095881157
straight_ahead,0.49994363948065346,0.007507152778402939,-0.49994363948065373,-0.007507152778402939,1.2332460293608436,0.2173847840236786,-1.146482817483424,0.11296305354992146,1.4681940874484427,-0.7030302748025197,-1.4785111058383087,-0.696925966133962,0.3650600643901683,1.8151596654463609,-0.29353931961292096,1.8206546825367276
straight_ahead,0.49994696207066713,0.007282521288039398,-0.4999469620706674,-0.007282521288039398,1.2321235210237789,0.2154929806032723,-1.1449291833263011,0.1124785116782933,1.4412759043245056,-0.7156429225847122,-1.4263459839065775,-0.7036248108755688,0.36677756067748524,1.814416995313535,-0.2916139402503885,1.8200247994477463
straight_ahead,0.49995089147284977,0.007007575579524698,-0.49995089147284977,-0.007007575579524698,1.231409851802877,0.2158745408428875,-1.1457524259052392,0.11079173337583116,1.4086973987396323,-0.7241737968648464,-1.3920437959868879,-0.7368142198352503,0.3688738311247169,1.813722951931167,-0.28937026139021543,1.819904597253534
straight_ahead,0.4999657201613174,0.005854798337710662,-0.4999657201613174,-0.005854798337710662,1.2334158077316626,0.19446199078602924,-1.1376466906461145,0.11203585226387537,1.1800463218473671,-0.827901055455276,-1.2120068488266664,-0.7948819112423201,0.37245204918944397,1.8087599316678833,-0.28471218336011495,1.8180238569306686
straight_ahead,0.49996296996986533,0.0060851178223227335,-0.49996296996986533,-0.0060851178223227335,1.2415756046737634,0.209723769019176,-1.1515418718412769,0.11207539546591126,1.2404505089169127,-0.8168989632578628,-1.3456290949992786,-0.7810618414607974,0.3717545049905434,1.8326081440003479,-0.2921958492148523,1.8394258930154823
straight_ahead,0.49992864914664564,0.008446642078955641,-0.4999286491466459,-0.008446642078955641,1.2431580901314965,0.23273551033796916,-1.1699705047531133,0.11513109381584137,1.333482135614835,-0.7869552057892917,-1.47955891955903,-0.7299203655719223,0.3711133251883481,1.855396495830831,-0.30061959580496067,1.8621409062804783
straight_ahead,0.4999179567124472,0.00905740340559611,-0.4999179567124472,-0.00905740340559611,1.2330931165812435,0.2468971705632769,-1.169908294163829,0.12205957439279375,1.402319766099541,-0.7132132021856982,-1.49917853696871,-0.6937569602623197,0.3721034984057107,1.8569440312052263,-0.3020745939509786,1.8637347166122982
straight_ahead,0.49992170552678206,0.00884807002646759,-0.4999217055267824,-0.00884807002646759,1.231345794436294,0.2581527951631264,-1.1732628644358736,0.1329590913712969,1.40148107480755,-0.7111800403080826,-1.4728471417727202,-0.6954840970318744,0.3737373037897641,1.8578739116780012,-0.30199389837417173,1.8651767353015667
straight_ahead,0.4999316894309147,0.008264738516823276,-0.4999316894309147,-0.008264738516823276,1.2407934025908915,0.25851095218373005,-1.1695777502631424,0.14041742506231883,1.3434489955802196,-0.731523422502685,-1.3764033395754602,-0.7230759847050942,0.37595890565811696,1.8511595178856446,-0.2979095557843776,1.8580937155453343
straight_ahead,0.4999465312148732,0.007312039812242898,-0.4999465312148732,-0.007312039812242898,1.2401719443955135,0.2586784476771731,-1.1594698784633775,0.19046534080836605,1.1856821005006248,-0.7277261194057378,-1.1570202433216548,-0.7221031108133088,0.3750081977628174,1.840933278508985,-0.29660336853905456,1.8450918430465353
straight_ahead,0.49994475173501524,0.007432712332253371,-0.49994475173501524,-0.007432712332253371,1.2446603114915493,0.25881260655854765,-1.1542908250763395,0.20628207522939715,1.134744416279088,-0.7250614572469016,-1.0889827424694394,-0.7227268114106302,0.3748908129175614,1.8360879487796389,-0.2957463959920408,1.8394750698821998
straight_ahead,0.49996380590755135,0.006016043752862154,-0.49996380590755135,-0.006016043752862154,1.2393293127490117,0.2577948566940581,-1.1552540242989318,0.21223414513024538,0.9864785552110927,-0.7131479374070182,-0.9714705643061989,-0.7069229319142626,0.37042745749375405,1.8286554610772663,-0.2976705977825581,1.8286300115917027
straight_ahead,0.4999806885522116,0.0043944368076289375,-0.4999806885522119,-0.0043944368076289375,1.2327558150573772,0.25684418799652753,-1.1547508560123072,0.21119137315912637,0.9206070048997829,-0.6994344364926997,-0.9466345342104128,-0.6998795800897589,0.37039026452603374,1.8195286553294545,-0.2954553140168078,1.817697041476262
straight_ahead,0.49998934319818844,0.003264458338556331,-0.49998934319818844,-0.003264458338556331,1.2256531357676668,0.2542397147510098,-1.1542341920929875,0.20802650862112415,0.9069969161666103,-0.6874557422563394,-0.9665514909166956,-0.7006186844457515,0.3696464777845445,1.8086932135492095,-0.2933116045359658,1.8075292586912504
straight_ahead,0.49999975946974623,0.0004904387789548993,-0.49999975946974623,-0.0004904387789548993,1.2309250497504136,0.2557752622511805,-1.157279841520039,0.20521385738318138,0.97026918682377,-0.6912912613949248,-0.9955068603380219,-0.747556119273421,0.3713120783063829,1.8017119275134927,-0.2890500258759767,1.8015743561785242
straight_ahead,0.4999999978768379,4.607778333302682e-05,-0.4999999978768379,-4.607778333302682e-05,1.2341230257651785,0.2547513737735513,-1.1557185803926946,0.19532160850290836,0.9936235859138821,-0.6894212329179279,-1.0813224489460858,-0.7593910267452766,0.37548634563384103,1.797271190490285,-0.2804774311192271,1.7972319110684272
straight_ahead,0.4999993507630063,-0.0008057521778283007,-0.49999935076300656,0.0008057521778283007,1.2502650845298218,0.2558403136659915,-1.1755172685436646,0.18057916538225266,1.2212245345496189,-0.7027642390159353,-1.3265801311020458,-0.7704970207469363,0.3852882959086837,1.813514764104044,-0.27340285084413235,1.812779910814976
straight_ahead,0.49999430967733827,-0.0023854329338758606,-0.49999430967733827,0.0023854329338758606,1.2558682242928763,0.2530128816747945,-1.1826596620674898,0.18053424205493543,1.3934547374188087,-0.6819320667904205,-1.462825129646104,-0.7214045998002483,0.3940465402909779,1.8274515087598808,-0.26842556054101935,1.8218313339923782
straight_ahead,0.4999941871510819,-0.002410978044020132,-0.4999941871510822,0.002410978044020132,1.2573904617172285,0.2535370556582615,-1.190302323793202,0.1810654150687016,1.430541130242614,-0.6630445147699616,-1.4926172737000598,-0.679367771018874,0.39708519196174663,1.828967148541845,-0.26718952293983445,1.8264173904581018
straight_ahead,0.49999462308858555,-0.002318810579429469,-0.49999462308858555,0.002318810579429469,1.2463310327623456,0.2552029501119585,-1.1915904908964936,0.1838823992190446,1.438808401999717,-0.6516190278521132,-1.4629166147743102,-0.6696429489325348,0.4004863711106951,1.8350937583451017,-0.26650582991407473,1.8360169303053484
straight_ahead,0.4999995187638757,-0.00069371167825316,-0.49999951876387605,0.00069371167825316,1.2478842188970751,0.25760297437476914,-1.196561213726144,0.18458253335124747,1.4160014549402926,-0.65316805052233,-1.4288725525778687,-0.7464053852916701,0.40226226257520753,1.8379576428599114,-0.2637403744437374,1.8396540302411863
straight_ahead,0.4999999781650188,0.00014776664229284935,-0.4999999781650191,-0.00014776664229284935,1.2508719600096425,0.2597077598214735,-1.1978075040647655,0.18444293541415133,1.3747671692106769,-0.6706167793312667,-1.3547468563817273,-0.7888997655202021,0.4032938311458687,1.8337474337273092,-0.2616447278439436,1.8355191021742814
straight_ahead,0.49999740953142535,0.0016094911817545773,-0.49999740953142535,-0.0016094911817545773,1.2532922233615462,0.25927343786517415,-1.196560834120756,0.18581704985118985,1.1950861429894934,-0.6876404568883723,-1.1309125974991205,-0.790040909773444,0.4021249224740619,1.833021338126968,-0.26248415779653056,1.83344394623078
straight_ahead,0.4999972085121322,0.0016707722990787436,-0.4999972085121322,-0.0016707722990787436,1.2471656660037782,0.26042126601339394,-1.1946634758179653,0.18771797528152964,1.1179988083558214,-0.6829598853358642,-1.0391289043901677,-0.779724736258111,0.39678006668379023,1.8285078386136673,-0.2648036895584595,1.826593462835215
straight_ahead,0.4999977324878871,0.0015058243493616895,-0.49999773248788737,-0.0015058243493616895,1.2395668246889262,0.2609856181079593,-1.1934379084817472,0.19321621994490012,0.9810260032362753,-0.6684716061953212,-0.920002235670377,-0.7480683737655763,0.3944585840804726,1.8216418729402735,-0.2685577938344474,1.8174861750288611
straight_ahead,0.49999738187919407,0.001618058698315377,-0.49999738187919435,-0.001618058698315377,1.232295804746066,0.2560592323471534,-1.1934488741814127,0.19438126565367853,0.9233325859709506,-0.6590298383296616,-0.8816106765566987,-0.7308300156068516,0.3915285000991111,1.8176918938360376,-0.2706127207735364,1.811583684267299
straight_ahead,0.49999451241872844,0.0023425522743335645,-0.49999451241872844,-0.0023425522743335645,1.2297707325987117,0.2559003982925145,-1.1950981631312294,0.19549515723733757,0.9356177639218326,-0.6540870297072371,-0.9008643591550088,-0.7232732330724446,0.38933311486515193,1.817825882994645,-0.2722266216496174,1.8083836514689495
straight_ahead,0.4999915134827701,0.0029131503924325424,-0.4999915134827701,-0.0029131503924325424,1.2341950898635896,0.2584511278767618,-1.2001662831299054,0.19397544606691464,0.9455986464629237,-0.6539712559697246,-0.9559516844379918,-0.7453798232949158,0.38621084487866036,1.8208731189527942,-0.2739455738229463,1.8113207945469283
straight_ahead,0.4999908080948069,0.0030318015604540636,-0.4999908080948069,-0.0030318015604540636,1.2356739454843142,0.2578332189611893,-1.2040809015543494,0.18366577868229203,1.12905878197841,-0.6690724055112907,-1.1485089667562465,-0.7695374949645628,0.3841480260049041,1.8223941862785042,-0.2740006237185673,1.8142756447766202
straight_ahead,0.49998643650233676,0.0036828404384108356,-0.49998643650233676,-0.0036828404384108356,1.2368688370080205,0.2571654933891482,-1.2116762386345357,0.1792083137173618,1.1994263979009878,-0.679680050435119,-1.2396867092265895,-0.7984940974442584,0.3834447739343955,1.8256454543891814,-0.2740370093342516,1.8224035334386923
straight_ahead,0.4999859432808068,0.003749202795506624,-0.4999859432808068,-0.003749202795506624,1.2410390607901605,0.25385600475400455,-1.218000170005372,0.17893440509066866,1.3553870040715459,-0.6913904997059613,-1.4097137325198605,-0.796243874815791,0.3860901222933051,1.833844583746186,-0.2720087605531247,1.8283731118621855
straight_ahead,0.4999927240277856,0.0026973911979214127,-0.4999927240277856,-0.0026973911979214127,1.2386408349808118,0.2516176217443169,-1.218130488788758,0.18019675794271367,1.4365143991071938,-0.6539286760371451,-1.518478343528518,-0.717257823120187,0.3864056294166699,1.8339381832087336,-0.2715475079910868,1.8318161501829981
straight_ahead,0.49999891399039603,0.001042117279606067,-0.4999989139903963,-0.001042117279606067,1.2363711795583538,0.24553502687350023,-1.2156877443058192,0.1802768611985918,1.4553459778935094,-0.6444005875056105,-1.5266174932991556,-0.674720376164151,0.38946574792775746,1.8363951043136597,-0.2675471502524845,1.840817525840801
straight_ahead,0.4999959834675395,-0.0020041248284492887,-0.4999959834675395,0.0020041248284492887,1.2376797264896677,0.23881090609507122,-1.21643798081268,0.17728891339164143,1.4455878643666018,-0.6487144431710018,-1.462394143340718,-0.6845950467505185,0.39175498884289733,1.8331033876331129,-0.2629728936236079,1.837305432738319
straight_ahead,0.4997980570232893,-0.014209229245274185,-0.49979805702328955,0.014209229245274185,1.200297575369558,0.10105899786297862,-1.2460999875854921,0.10291793850526333,0.9902944571918546,-0.7667972533509635,-0.9523147391633708,-0.8779991443825973,0.3894137599183657,1.8346279238494845,-0.2659906089983146,1.862000863438479
straight_ahead,0.49986297090640314,-0.011705140606776104,-0.49986297090640314,0.011705140606776104,1.2099894772656627,0.10072116285950157,-1.2361668022944954,0.09959929286078896,1.1936821199596224,-0.8065514170646007,-1.0409881483371983,-0.9161002407176414,0.392941264512122,1.8253284133065306,-0.2610977321812149,1.849604672484588
straight_ahead,0.49987437568337606,-0.011207521365360362,-0.49987437568337606,0.011207521365360362,1.224068868393465,0.11451886868953202,-1.240887227256644,0.10023631730288377,1.1691103220314076,-0.8063037018806779,-1.0325185592386987,-0.9149021993320059,0.39024035556478326,1.8346661706638492,-0.2623689213040265,1.858117505280871
straight_ahead,0.49991018420298955,-0.00947669405082113,-0.4999101842029899,0.00947669405082113,1.2389378999637264,0.13307253303339436,-1.2410293401276973,0.10138439991803973,1.1286464996532968,-0.8041650490511217,-0.9899543939422288,-0.9052958245515712,0.38826991418833695,1.8359397869986827,-0.26381353632376514,1.8592892291352283
straight_ahead,0.49992789863186515,-0.008490946326967619,-0.49992789863186543,0.008490946326967619,1.234366951342586,0.13588055815323494,-1.2176999204344887,0.13286102784897308,0.9687736747148551,-0.7436680140202268,-0.8705178628536298,-0.7816863374945332,0.38404275580077657,1.836899882252498,-0.2691356253103555,1.8526660758368874
straight_ahead,0.49993483748711753,-0.008072067066705017,-0.49993483748711753,0.008072067066705017,1.2320314251624542,0.13511061369963692,-1.2155029434875384,0.15666359391514992,0.9657194734773443,-0.7374033510504157,-0.9043660754267722,-0.7448275619011585,0.3814921467504548,1.827207737173728,-0.28066948470658465,1.8205142478688954
straight_ahead,0.49993567869735034,-0.008019798340330562,-0.4999356786973506,0.008019798340330562,1.2325701491236252,0.13400934897307668,-1.2170806817177597,0.16193388035645712,1.061742690688567,-0.7744037433614173,-0.9882183339342492,-0.781663307421585,0.38139422043257415,1.8234904767183189,-0.2793341455567581,1.8160641140741378
straight_ahead,0.49989298837979823,-0.010344088587929286,-0.49989298837979823,0.010344088587929286,1.227046668658154,0.12864896195257014,-1.2025945038441483,0.15511447169228978,1.3035202200865135,-0.7703272321651132,-1.3180921062904098,-0.8001179352247113,0.38945225238715686,1.8220700536259038,-0.26226432587392223,1.8349182777531945
straight_ahead,0.4999115409956174,-0.009404848716856967,-0.4999115409956177,0.009404848716856967,1.2250918772119415,0.1270267196958745,-1.1983003559288394,0.15021747930353996,1.5276491809249348,-0.7108146187050915,-1.5476304580133924,-0.7131309852891274,0.39470854982571296,1.8217400586560228,-0.25568937611399156,1.8423716614203733
straight_ahead,0.4999387020410923,-0.007829061340155307,-0.4999387020410923,0.007829061340155307,1.2189313325966011,0.1322385339238302,-1.1972471387473593,0.14343486732962443,1.5530052914124775,-0.6296624720255126,-1.600178007877006,-0.6606919973880307,0.39205816473270055,1.8135168911545003,-0.25703525104706815,1.833220001353842
straight_ahead,0.49995381805560296,-0.006795572943094481,-0.49995381805560324,0.006795572943094481,1.2179061369842827,0.13275008904586016,-1.1977295163055734,0.14301865490055402,1.541715825065447,-0.6322702141311127,-1.5522558239340876,-0.6823202124580429,0.3904556407475723,1.8123439876388874,-0.2633164170148729,1.8318736679738574
straight_ahead,0.49995352575809565,-0.006817043497668138,-0.49995352575809593,0.006817043497668138,1.2173405294355581,0.12355450595280533,-1.191074413627117,0.1342820714218061,1.5068434601311733,-0.7648807068706716,-1.5250668152320128,-0.8203042207214204,0.39351155000902294,1.8054467883126846,-0.2565593154989744,1.8247896337906604
straight_ahead,0.49995508305610126,-0.006701859918464744,-0.49995508305610153,0.006701859918464744,1.2163930158696419,0.11981797452636195,-1.1869704779904595,0.13228649565488976,1.412513754635289,-0.8013327792889896,-1.3604164490921997,-0.8618027516237466,0.394245134056372,1.8009412491650105,-0.25342811769967805,1.8203064508546354
straight_ahead,0.4999365885660358,-0.007962877178136284,-0.49993658856603607,0.007962877178136284,1.2172060675814327,0.12175017898348646,-1.1880621399245144,0.1349155607169539,1.140454585340016,-0.7953092842761772,-1.010531854196888,-0.8564013560567468,0.39267247526780297,1.7982406440865772,-0.25296272443318624,1.816290587942538
straight_ahead,0.4999591319089655,-0.006392684947156132,-0.4999591319089655,0.006392684947156132,1.2173538850724206,0.1250125888512064,-1.176681837015934,0.14052627525388386,0.933513400730586,-0.7523110330287738,-0.8289667807067338,-0.7676195040138348,0.38876383193890174,1.7988864450683526,-0.2624932875569363,1.8182659705205457
straight_ahead,0.49997690363701014,-0.004805812059154175,-0.49997690363701014,0.004805812059154175,1.2155697506042804,0.12650600559281283,-1.1580881870874191,0.14318730946617944,0.9045508866799639,-0.7203282409048444,-0.8029625581469462,-0.7329973599318436,0.386601330680441,1.8001529785392156,-0.26667522433322843,1.8201846867418878
straight_ahead,0.4999783328098969,-0.004654752478488214,-0.4999783328098969,0.004654752478488214,1.2243175028431923,0.12651186082798124,-1.1614535507968102,0.14407950281383297,0.9884689204698007,-0.7331646382596232,-0.8927637279232189,-0.733976459690569,0.3861837093784071,1.7997634689703572,-0.2661258214359381,1.8201002025468356
straight_ahead,0.49998413507815603,-0.003983047846572046,-0.4999841350781563,0.003983047846572046,1.221379765871619,0.12238129641198994,-1.155718013351538,0.14202942819387437,1.116834118353904,-0.7737786680678268,-1.0089347883961595,-0.7833066935957389,0.38465367002282863,1.7934329512413931,-0.2664472138538121,1.812277821866965
straight_ahead,0.4999850918302237,-0.003861081133928364,-0.4999850918302237,0.003861081133928364,1.2236973074252584,0.12396785728806398,-1.1576035950873964,0.14372591056822892,1.2087817182658447,-0.7853650878620887,-1.1293431069609186,-0.7858814403274877,0.3844265737691693,1.7957610857343282,-0.2666689700854678,1.813205772551484
straight_ahead,0.49996920194500827,-0.005549514075267521,-0.49996920194500827,0.005549514075267521,1.2233476979278624,0.13060934331948387,-1.1675430659045611,0.14848973537858753,1.3831543731419895,-0.7616662203935651,-1.402121862611193,-0.7430666153672528,0.3847710323785014,1.7971806085539308,-0.2663987501709386,1.821574486776039
straight_ahead,0.4999627048921099,-0.006106858191003536,-0.4999627048921099,0.006106858191003536,1.2221602647953287,0.1339344865536501,-1.1722464375630584,0.16319184693292693,1.5264197452251609,-0.660225921470814,-1.5215464028654724,-0.6132053661926673,0.3853152558475201,1.7914088736188818,-0.26841769967086804,1.8163292353024243
straight_ahead,0.49992809480199973,-0.008479388400276212,-0.49992809480199973,0.008479388400276212,1.2207223871776625,0.1350853157468088,-1.1758214877530804,0.17062918021468493,1.5587818684760266,-0.5938381424025976,-1.5420414209982807,-0.5755752117804815,0.3836079044410135,1.7882334468049692,-0.27093982249242815,1.812274602909851
straight_ahead,0.49993575738728185,-0.008014891490515565,-0.49993575738728213,0.008014891490515565,1.2147575960370798,0.13471484614267545,-1.1807259647068837,0.16948974062188174,1.5408574205990198,-0.5882880951963259,-1.529921036208387,-0.6051481901636384,0.3797286043855528,1.7855265547271615,-0.2744849233086378,1.8081794894123837
straight_ahead,0.49993120377456635,-0.008294063691150476,-0.4999312037745666,0.008294063691150476,1.2126623554987626,0.12529851199841346,-1.1836742864442875,0.14486784315720969,1.4773818406825991,-0.6916920184642902,-1.453119928975582,-0.7832357444758519,0.38235862413862215,1.7895934798384299,-0.271639425794712,1.8127775168619793
straight_ahead,0.499935904928854,-0.008005683166834287,-0.49993590492885426,0.008005683166834287,1.212917187560791,0.11810019316612927,-1.1835931015268029,0.13381199027673285,1.4712934157257251,-0.7824088994787245,-1.3842926050943938,-0.841210122026869,0.3817141323803212,1.7884949151078517,-0.27103072688652763,1.8115546197522856
straight_ahead,0.4999366470675889,-0.007959203403413228,-0.49993664706758917,0.007959203403413228,1.2160846833573962,0.08554450843019987,-1.182296379983899,0.12114828234119954,1.222450264168917,-0.8505901187185174,-1.1190787735336805,-0.8680253774426178,0.3831427617525403,1.7874820581313648,-0.2667566371193158,1.8126595725690953
straight_ahead,0.49993837649091716,-0.00784982239455154,-0.49993837649091716,0.00784982239455154,1.218272800310175,0.07010390004865688,-1.1814812229411191,0.11429021181360939,1.1724918982209542,-0.870607402867854,-1.070321077864994,-0.8765003765736727,0.38405847575772467,1.7869120868904491,-0.2638892518152788,1.813524337892728
straight_ahead,0.49992976222813196,-0.00838050347671983,-0.49992976222813224,0.00838050347671983,1.2160111584706368,0.07382087304115721,-1.176447123655531,0.11701743001634318,0.9407191665865962,-0.8529469570554086,-0.8926632012346454,-0.8413096634653506,0.38158798445984793,1.7819849277902575,-0.2662067493943828,1.808186332416328
straight_ahead,0.4999180370927874,-0.009052965773405907,-0.4999180370927874,0.009052965773405907,1.2156833810155971,0.0768202867211342,-1.1743573759540085,0.11865157013827148,0.9147264590763684,-0.8328712169099117,-0.8789485618976396,-0.8271411137358,0.381718855249913,1.7804355692314742,-0.2643515033137477,1.8087373969807525
straight_ahead,0.49991662061910114,-0.009130850386339755,-0.49991662061910114,0.009130850386339755,1.215667821962001,0.08246667305857046,-1.1736234929225153,0.12296179179242471,1.016473031250394,-0.8210755211915753,-0.9586707486659479,-0.8307414885112091,0.38199633432228147,1.778851809205076,-0.2641596646875339,1.802207740011613
straight_ahead,0.49992608563072866,-0.008597028901732692,-0.49992608563072893,0.008597028901732692,1.217758080781704,0.0861357513496714,-1.1572025971330804,0.14135212808851386,0.902078032206017,-0.7908475831829043,-0.8777556661496912,-0.7445742291678926,0.38126736260256505,1.7797559653754096,-0.2676897804132868,1.8058288900840325
straight_ahead,0.4999365960950838,-0.00796240446478836,-0.49993659609508406,0.00796240446478836,1.223384831498117,0.10836492872025731,-1.1408934965103439,0.1407745280391527,1.1968158925912367,-0.8055491670945674,-1.169273410676971,-0.7473705596946875,0.3836624521842292,1.7804429728725701,-0.2657301774728901,1.8054577689981706
straight_ahead,0.4999430646918127,-0.007545334091872861,-0.4999430646918127,0.007545334091872861,1.2277837442198036,0.11335110333387766,-1.130179211245115,0.14025456820700527,1.1938503076094231,-0.8256215206766286,-1.1475538378107433,-0.768762060060702,0.38553351617502285,1.7703778873875662,-0.261543414273506,1.7964369210573166
straight_ahead,0.4999416398987897,-0.007639155405460947,-0.49994163989879,0.007639155405460947,1.229365213752244,0.11736992239883146,-1.1275021551266595,0.14233810355114426,1.1930382634586274,-0.8209503135762384,-1.134163586900726,-0.7763393992913448,0.38679018199375237,1.7661447308865204,-0.25995297866824085,1.792205135784426
straight_ahead,0.4999394078750294,-0.007783858526779649,-0.49993940787502966,0.007783858526779649,1.22980124701481,0.12247014750635887,-1.12484437102238,0.14179324406031593,0.9839376936373507,-0.7998312502451544,-0.9542148895742494,-0.7574903829929733,0.38683951242814657,1.7528313615073459,-0.26017562413964945,1.7885741382456222
straight_ahead,0.4999282602791851,-0.008469626569533867,-0.4999282602791851,0.008469626569533867,1.2301408730810317,0.13280454458911695,-1.1208045132987818,0.14471885610305132,0.9260345939032838,-0.765329593762332,-0.9094399585084371,-0.7183650159399984,0.3869246841291331,1.7486987895183603,-0.25931283791894094,1.7826913226291445
straight_ahead,0.4999133890580157,-0.00930609695463628,-0.4999133890580157,0.00930609695463628,1.2302084516074088,0.13176161016486834,-1.120053651339109,0.14380309036749928,0.899171827382577,-0.7588653177795398,-0.911419230366024,-0.7174596074188453,0.3881189715791588,1.7524246665745982,-0.2570442684423929,1.7848807249971959
straight_ahead,0.4999021256868539,-0.009892660600919121,-0.4999021256868539,0.009892660600919121,1.2307722015499998,0.13162373570256336,-1.1211356411208808,0.14191518550245058,0.9117904296466912,-0.7562792209259378,-0.9218742700883141,-0.7260859497087834,0.3887567381086801,1.7535690093166392,-0.2541583635721661,1.7846939835387226
straight_ahead,0.49991263619804266,-0.009346452242607262,-0.49991263619804294,0.009346452242607262,1.2369945993872629,0.13037205322500547,-1.1152487413709773,0.1390082623829409,1.0553911819747277,-0.7945624800731335,-1.0393231278794561,-0.7731368136855326,0.39131240318725846,1.7574086294064906,-0.24917963918709035,1.7864371251777373
straight_ahead,0.49992702771736597,-0.008542069870933339,-0.49992702771736625,0.008542069870933339,1.2447047117398868,0.1343660612323003,-1.1158951440134417,0.1343367101279438,1.2080874120487757,-0.8228890592438937,-1.200331981724703,-0.7849608433918809,0.3940393247385479,1.7680149855953002,-0.24830824634845608,1.7916764682226045
straight_ahead,0.4999386245404775,-0.007834008716836444,-0.4999386245404775,0.007834008716836444,1.2484413185650753,0.1444014531035982,-1.1209242719927548,0.12003399158622759,1.4146902801883374,-0.8161467335293088,-1.3753019989951452,-0.7763882600282697,0.4000405093172939,1.7781711803520923,-0.24710133641876914,1.799886423654175
straight_ahead,0.4999588820770049,-0.006412194032584313,-0.4999588820770049,0.006412194032584313,1.2541045415575105,0.14601468884895594,-1.123120609860056,0.1139913530128255,1.4800891520001145,-0.7730031777566037,-1.44692121874716,-0.7292152606804423,0.40273928946992565,1.7930101153233409,-0.25092740287639004,1.80969285316491
straight_ahead,0.49997125520186725,-0.005361340491832836,-0.49997125520186725,0.005361340491832836,1.2570045346319576,0.14526961145372352,-1.123065734956827,0.11170012479689904,1.4898057316451667,-0.7557409446632978,-1.453222868248466,-0.7007412500584527,0.406038460345468,1.800035178003413,-0.25013784972490705,1.8131646203339586
straight_ahead,0.4999327879815148,-0.008198018115970908,-0.4999327879815148,0.008198018115970908,1.2607631046213499,0.15071923608859583,-1.1226597041406459,0.10730741881774113,1.4209418967339469,-0.7880116650181858,-1.3854572245421157,-0.7152620152079802,0.40886314249772376,1.8122879234136662,-0.2486158712465728,1.8169064608694827
straight_ahead,0.49983385575658235,-0.012888624422645106,-0.49983385575658235,0.012888624422645106,1.2604207467550368,0.14423630404702342,-1.1187222359470779,0.10655851038805172,1.3866489455734476,-0.8338565832788729,-1.353899738117601,-0.7273793078794959,0.41013427270857544,1.8182998215205606,-0.24795783867674615,1.8181254634960875
straight_ahead,0.49978397920054163,-0.0146960584672383,-0.4997839792005419,0.0146960584672383,1.2627836996004271,0.14125535758595895,-1.1145899645907096,0.11358788163538946,1.2544872398593392,-0.8560375879340003,-1.2326094993186583,-0.7406661840640588,0.4112403070200334,1.8153966690814085,-0.244982689056725,1.8135564011856138
straight_ahead,0.4996762790463659,-0.017989334572968002,-0.4996762790463662,0.017989334572968002,1.2615591188182054,0.130628631561669,-1.1132519373624477,0.12670657776053165,1.1535748756443829,-0.8792345849954872,-1.1475621995633212,-0.76204983311108,0.41109989796064983,1.8133472416153182,-0.2437968425544543,1.8098577829909706
straight_ahead,0.4996267398328541,-0.019316336194873482,-0.4996267398328544,0.019316336194873482,1.255896597340554,0.12483183604915682,-1.1052924054201776,0.13184532994107898,0.9364909574417668,-0.8640155602765601,-0.96657543681579,-0.7596717815501012,0.4066033756124766,1.794117140924462,-0.24640536308509714,1.7964810886824139
straight_ahead,0.49963829165863277,-0.019015191517386197,-0.49963829165863305,0.019015191517386197,1.2436399579845834,0.1280248069773307,-1.082995072457988,0.14196045833025783,0.8417807826757218,-0.8102629451740689,-0.8914604489471322,-0.7261226050147073,0.4062278098672094,1.79037451929121,-0.24604893860657004,1.7982395642734026
straight_ahead,0.4996983848228568,-0.017364452350366242,-0.4996983848228568,0.017364452350366242,1.2357282766067272,0.1389723086462177,-1.0727497397157904,0.15675909264752713,0.8072102120876181,-0.7689058528534553,-0.8723165767159601,-0.6607778887791597,0.4063786066965837,1.795229837167817,-0.24535548532154564,1.806077108374254
straight_ahead,0.4997027857005117,-0.017237342113805725,-0.49970278570051196,0.017237342113805725,1.2393448023759013,0.13288439722032114,-1.0794624279017195,0.1577563734091197,0.8941269548583868,-0.788556543320096,-0.9221489906593653,-0.6820974833859479,0.40835213652709573,1.8013120442236843,-0.2406196746962461,1.807604452163803
straight_ahead,0.4997034846331057,-0.017217068436046774,-0.4997034846331057,0.017217068436046774,1.2504085028816156,0.13234030155496773,-1.0904380402505058,0.1594737266460072,0.9451169318467326,-0.8250644655423044,-0.9612157218401257,-0.7166342518417096,0.41136353375858203,1.8186715130776916,-0.2413086459060908,1.8242573030054132
straight_ahead,0.4997165903638671,-0.016832388871192806,-0.4997165903638671,0.016832388871192806,1.2665885032368478,0.13654343032709518,-1.0913594515191203,0.16040262675364692,0.9872638849745691,-0.8404757661771332,-0.9873419623491259,-0.7433868632253052,0.413640969557517,1.8254997674304179,-0.24002093637465508,1.831194731130588
straight_ahead,0.49979329857759724,-0.014375628574937035,-0.4997932985775976,0.014375628574937035,1.2792061499464078,0.16370797845853455,-1.0934085116914027,0.16181394260761858,1.2550928805361543,-0.8471022792119274,-1.157101232112817,-0.7415460956881367,0.41540344413812774,1.8357064803158853,-0.2413839981801515,1.8389888064832345
straight_ahead,0.499848458361412,-0.012309292169730186,-0.499848458361412,0.012309292169730186,1.2723636881825344,0.17348673368097378,-1.0843923037831726,0.16116169629881846,1.4471824668346753,-0.8247543807010213,-1.2850415757751374,-0.7124075664838815,0.41652447930329395,1.8572095267786088,-0.2441269994178917,1.8571981902256627
straight_ahead,0.49986619073522165,-0.011566821510634026,-0.499866190735222,0.011566821510634026,1.2698619161722475,0.1751506704238694,-1.0875087923999018,0.15922831231200432,1.5073220876488067,-0.8019098324966076,-1.359513456734143,-0.7071342518264279,0.4172734329503017,1.869553763363174,-0.2462953596513284,1.8698587676280285
straight_ahead,0.49986851890912054,-0.011465766594609265,-0.4998685189091209,0.011465766594609265,1.2794742365087761,0.17572945182461655,-1.0977633396844821,0.1623141441192979,1.6114987120761604,-0.7136393255588039,-1.4559572756911638,-0.625858730678705,0.41466629272203426,1.8969858756967262,-0.25729193328900263,1.892076263240228
straight_ahead,0.4998369199860604,-0.01276923720699629,-0.49983691998606067,0.01276923720699629,1.2816564013443408,0.16380475350937979,-1.0968220807960791,0.16204400909844552,1.608402817182386,-0.732901060529523,-1.434544027475565,-0.6078139629505483,0.4165315000318724,1.909774848336847,-0.2576739198864753,1.899417114130323
straight_ahead,0.4998493672243556,-0.012272330072618945,-0.4998493672243556,0.012272330072618945,1.278575690345587,0.15740701481814182,-1.0954172362583996,0.16059174839037224,1.5674247933042702,-0.7372453680878861,-1.415331793285151,-0.6252012316683776,0.4156263474059314,1.9108797727374396,-0.2590657718116787,1.9006515526425412
straight_ahead,0.4998491580254922,-0.012280847739733208,-0.4998491580254922,0.012280847739733208,1.2779806392152413,0.13335734723471432,-1.093871739574106,0.1698001172438822,1.5049345897780992,-0.8548765975646244,-1.3608617872253541,-0.6253856922801745,0.415394312277288,1.9102877745410936,-0.2589144850627462,1.8986616093374846
straight_ahead,0.4999790714076647,-0.004574729973361172,-0.499979071407665,0.004574729973361172,1.283089343797094,0.14945299098100756,-1.0869139310749145,0.178303974462046,1.5252858764400101,-0.7939730413540608,-1.4274548362366757,-0.580585291669226,0.4154291961687153,1.930242577946096,-0.2607035558785757,1.9173359828906271
straight_ahead,0.49999502175236854,-0.002231193144558131,-0.4999950217523689,0.002231193144558131,1.2865971867576727,0.16454206309259678,-1.0854193098254115,0.20812512206516537,1.4450094795470707,-0.8086957696754039,-1.3580812942186729,-0.600592915973148,0.41700502867749717,1.9312862215575244,-0.2599407786688642,1.91895729402322
straight_ahead,0.49999820758995034,-0.0013388079909893943,-0.49999820758995067,0.0013388079909893943,1.2744190948357772,0.16317034649781478,-1.0808128254437332,0.19920099439495828,1.5079638100493085,-0.7963797880249656,-1.3782891275928202,-0.5971683178241314,0.4158036722635043,1.9278104987160822,-0.2660415514561151,1.9187316818449591
straight_ahead,0.499998208682373,-0.0013383999470185136,-0.499998208682373,0.0013383999470185136,1.2712957565830512,0.15865427442722735,-1.0771527017578078,0.19204968068738698,1.5380759623660962,-0.797661884514989,-1.391956643466253,-0.5844552078664643,0.41499684524013397,1.926286445734826,-0.2710145527089385,1.9196155472625882
straight_ahead,0.4999981258256693,-0.0013690035858778132,-0.4999981258256693,0.0013690035858778132,1.2665195239455063,0.15083595634901867,-1.0759813379129615,0.18528152102430168,1.5488858005006292,-0.7973808263021008,-1.38741132098446,-0.597669849885617,0.41404856532561723,1.9172204527113959,-0.27575186489169773,1.9155891626403105
straight_ahead,0.4999978181915881,-0.001477092973187298,-0.49999781819158845,0.001477092973187298,1.262792525113503,0.14948926019270328,-1.0745789553367178,0.18198241500992132,1.5408572846721942,-0.7967630276503855,-1.381134201485111,-0.608010844062764,0.4134611749379041,1.9135683261668337,-0.2753974649578916,1.9136916581306758
straight_ahead,0.4999983982085312,-0.0012656179925500557,-0.4999983982085312,0.0012656179925500557,1.260903489517117,0.1555858811109629,-1.0699481541568998,0.18341283460653748,1.4184126811164424,-0.8312239407313021,-1.2462900743321803,-0.6987862751128567,0.41322939528775526,1.9032623888605988,-0.2720785042685831,1.9028284078268645
straight_ahead,0.49999798830457703,-0.0014183410647230805,-0.4999979883045773,0.0014183410647230805,1.2628889294647647,0.15586259383821194,-1.0716721058607448,0.18470171485692563,1.1956663238681131,-0.9338815450941346,-1.07270978744622,-0.7509713009009086,0.4131970531616225,1.8983672471846242,-0.2704920439413381,1.8960435581749384
straight_ahead,0.4999955786627469,-0.0021026929649609638,-0.4999955786627469,0.0021026929649609638,1.273279823903745,0.15839371741163333,-1.0756555881934966,0.18102347876618688,1.154213610399802,-0.9294103620378029,-1.004776128612959,-0.7650359724480152,0.4131780436094262,1.8960405572801204,-0.27006180763790333,1.8968999396969575
straight_ahead,0.4999999456776336,0.000233071584003751,-0.4999999456776339,-0.000233071584003751,1.2907013940799126,0.16249648105464823,-1.0765413539749122,0.18260323915070736,1.0922232833625365,-0.9233339473214386,-0.9655535324674732,-0.7540568809696231,0.41144237481339846,1.8924683871110517,-0.2637652014573689,1.8934796481160268
straight_ahead,0.49999572345353016,-0.0020679768328012425,-0.49999572345353016,0.0020679768328012425,1.281214134701661,0.17991558455958306,-1.0710314274430541,0.19951816161257088,0.9005799891021105,-0.8549906525709166,-0.8550113739419973,-0.6488643737159268,0.40300562586386696,1.8750223054877668,-0.269825933700182,1.887249994563053
straight_ahead,0.49996843031685373,-0.005618601827978914,-0.49996843031685373,0.005618601827978914,1.271514424802179,0.18393133331291095,-1.0620569765326004,0.2074334557967246,0.842902301533898,-0.8117393922757116,-0.8669854660892773,-0.6158623063373974,0.3935073518267011,1.8577668846225248,-0.274397397567142,1.8771022923333174
straight_ahead,0.4999438804560276,-0.007491087675964347,-0.49994388045602794,0.007491087675964347,1.2695076795980424,0.18581716747867602,-1.0587637566106811,0.208874504142827,0.8589138128618665,-0.7965603596115569,-0.8867055309882057,-0.6147114759168933,0.3927036178092975,1.862513427197128,-0.275262184974792,1.8808135495587446
straight_ahead,0.49991990607134357,-0.00894916273284218,-0.49991990607134384,0.00894916273284218,1.2805097762482223,0.18140198607814226,-1.0585135447191392,0.205302567311931,0.9489622503971856,-0.840714012344991,-0.8906951747155917,-0.6720322539380079,0.3928922765968913,1.8680999651788999,-0.2738221809427105,1.8820510077184958
straight_ahead,0.49988090444344035,-0.010912441193795891,-0.49988090444344035,0.010912441193795891,1.2825162700701254,0.17680316592067125,-1.0658566351114687,0.20179335295947673,0.9908341001199489,-0.8673912044492332,-1.0032772197642486,-0.7037556038430098,0.39279176394586596,1.8755552439056844,-0.27379040258955356,1.8876913031713085
straight_ahead,0.49985027205810506,-0.012235420852522749,-0.49985027205810506,0.012235420852522749,1.2903634274620233,0.16421395420799942,-1.0776725813305912,0.2022179056763989,1.2019533330467482,-0.8946683401772095,-1.2415854882768416,-0.7039881902705495,0.3965082334600678,1.9056844385128195,-0.2698539869040562,1.9022524997288788
straight_ahead,0.4998594313157337,-0.011855333175880129,-0.499859431315734,0.011855333175880129,1.2933978945787847,0.15095826984896157,-1.0867279460722308,0.20217185770968055,1.2902202814149175,-0.901758424917497,-1.3080463315824655,-0.6943586089377639,0.39567427127054156,1.9073609488258851,-0.27283849861154347,1.899013467585535
straight_ahead,0.4998672842064875,-0.01151946960716709,-0.49986728420648785,0.01151946960716709,1.2932280772506433,0.13204484073632777,-1.1152085416448299,0.20113820036587562,1.4350992896230361,-0.8973121266670253,-1.4453848360224677,-0.6659284634534042,0.39162154912049896,1.9021462770049429,-0.2792506906684831,1.8909450755803234
straight_ahead,0.4998911588621285,-0.010432127849968408,-0.49989115886212876,0.010432127849968408,1.289608486053643,0.12343029833349654,-1.1221129454518421,0.20041403908473043,1.4629006369775104,-0.8855427392042662,-1.4707157211153594,-0.6218889842569638,0.3923999579056084,1.8996531064334217,-0.2818246832650238,1.8861123992644355
straight_ahead,0.4999367920060179,-0.007950094259282716,-0.4999367920060182,0.007950094259282716,1.2819917518536377,0.11834552033150515,-1.1318102523663027,0.20183546859390414,1.4628517695452639,-0.8621521987192751,-1.4765101224484776,-0.6014174946072451,0.392789157449306,1.8850898389847595,-0.2787343981899151,1.8687498780396201
straight_ahead,0.4999567272191599,-0.006578062656008844,-0.4999567272191602,0.006578062656008844,1.2768316567231417,0.11287935533565258,-1.133472575708821,0.20185876503618566,1.4542490306707383,-0.8573064330403092,-1.4627031050248134,-0.586363412321942,0.39231118847424107,1.8771365869042984,-0.27721125104957506,1.8579477475432418
straight_ahead,0.4999480242486133,-0.007209233656081537,-0.4999480242486133,0.007209233656081537,1.2746286975422652,0.09432570101476288,-1.1545749163744141,0.19793060903900758,1.4106929935592867,-0.8824610453278712,-1.4162492706189709,-0.6173698642069242,0.39210970293026814,1.878610953006121,-0.2768769283353424,1.8605759518760359
straight_ahead,0.49994881808755115,-0.007153970426310851,-0.4999488180875514,0.007153970426310851,1.269497889369042,0.07839879000878466,-1.1741689127300508,0.19529813236591395,1.395133615853181,-0.8934159538235018,-1.3767893442381884,-0.6714963565509077,0.3930542043547259,1.871105184184487,-0.2732813608572882,1.8498450198224203
straight_ahead,0.4999256709197452,-0.008621111032960609,-0.4999256709197452,0.008621111032960609,1.2644188829645377,0.06103062837832169,-1.1633224784832303,0.1923984606585013,1.2060976763503775,-0.9390794344160106,-1.2177192125744245,-0.7311677086607522,0.39199491337227677,1.8648103740775572,-0.2701597876462766,1.8437037863771681
straight_ahead,0.4999004570426119,-0.009976625110113798,-0.4999004570426119,0.009976625110113798,1.252045661289397,0.05877973526206262,-1.1653388997298313,0.19777593506191687,1.0096933129204204,-0.9242730962871198,-1.0079937089388664,-0.7314377252500851,0.38929536574581663,1.8453040140676207,-0.272866933770578,1.82500837566292
straight_ahead,0.49988718835818435,-0.01062068337486588,-0.49988718835818435,0.01062068337486588,1.2496473748383776,0.06177747090743003,-1.1652779511085014,0.20513695993603165,0.9640667392242064,-0.8881084181922306,-0.9535608313744048,-0.7227736670591873,0.3870828873910143,1.8303167963097464,-0.2723908630393874,1.8154785678471987
straight_ahead,0.49987488035998473,-0.011184989275405215,-0.49987488035998473,0.011184989275405215,1.2454017130097559,0.0650774033899901,-1.1634580198681708,0.20438557645773112,0.8846520899375564,-0.8219439535764215,-0.9187655040348051,-0.7179195828152068,0.3863388890410712,1.8226573940351962,-0.2719242351768527,1.8042770102011338
straight_ahead,0.4998815841781793,-0.010881259095972342,-0.49988158417817957,0.010881259095972342,1.2433796701993152,0.06908228002232361,-1.1597863213371205,0.20289942006858835,0.8831372042652763,-0.8015208769496419,-0.9151317583607015,-0.714574141268899,0.38562253866629564,1.8182466087597022,-0.2713916347330192,1.79997848787696
straight_ahead,0.4998686207529336,-0.01146132568945953,-0.4998686207529336,0.01146132568945953,1.2426984242650285,0.07001238363893306,-1.1615732277411077,0.19929038226963836,0.9478429897080621,-0.809197311476511,-0.9619084889161023,-0.7292157387129693,0.3851036262799821,1.8147182635263137,-0.27097459966532017,1.7965829025179216
straight_ahead,0.49987395447892297,-0.01122629206834168,-0.49987395447892297,0.01122629206834168,1.241344304663016,0.07566828506343584,-1.1602441471154652,0.19567529625879979,0.9594726813030192,-0.8195185669392339,-0.9806881714870349,-0.7451139183782246,0.383942732770918,1.809806771487101,-0.2732123427161751,1.7922425408042486
straight_ahead,0.49970258612998436,-0.01724312660179256,-0.49970258612998464,0.01724312660179256,1.2370010112918073,0.12344635893238495,-1.1839681119702508,0.24534913950583248,0.9790013709197065,-0.7694256501249751,-0.9554852066830799,-0.6867865937995612,0.38429639798868986,1.7916263599829647,-0.2715349081107111,1.7769836707953548
straight_ahead,0.49950260460463064,-0.022296815763468276,-0.49950260460463064,0.022296815763468276,1.225346674371581,0.11514006078853525,-1.16394419386841,0.23963633502754617,0.8998737521119567,-0.7326860929939116,-0.8568819424318425,-0.6582727483458853,0.38482701150461895,1.7617673600708266,-0.26787789344517815,1.753426171231386
straight_ahead,0.499358944726346,-0.02531095260534587,-0.499358944726346,0.02531095260534587,1.2204023656494676,0.11118264762355023,-1.1664757742079304,0.22737881369568105,0.9102167225910747,-0.7383994394991609,-0.8834218617393427,-0.6858278490574796,0.3828503924435158,1.7576977985846953,-0.2677698492692746,1.7673705617905913
straight_ahead,0.4993466330017859,-0.02555269280877712,-0.4993466330017859,0.02555269280877712,1.218641674555222,0.10960661957476456,-1.1641858592540075,0.20946661489582355,0.9218239827540085,-0.7412856583121364,-0.8973261366128993,-0.7254720835229294,0.38323343306086183,1.7525811555243587,-0.26587272644278503,1.7635708710233724
straight_ahead,0.49935649057127174,-0.025359324209121674,-0.49935649057127174,0.025359324209121674,1.2169630198607668,0.10391359475762588,-1.1768782327623102,0.18081542824051539,1.0890737627493896,-0.750435122485503,-1.2104678399787714,-0.7673927163423732,0.38508164092968866,1.7553047357877078,-0.258479233550255,1.7712273093174082
straight_ahead,0.4993759936442085,-0.024972324118097484,-0.49937599364420876,0.024972324118097484,1.2168131121330303,0.10290807166251634,-1.1821654004422992,0.16728491619138336,1.2518380416898325,-0.7703076383750243,-1.4901909955547459,-0.7400470383010317,0.3852379485043977,1.756322107915292,-0.2564636142155263,1.7719670640713616
straight_ahead,0.4994230563448171,-0.024012721445131835,-0.4994230563448174,0.024012721445131835,1.2180425664349033,0.10590125503737141,-1.1852662969027135,0.1630620221609763,1.3274416486157516,-0.7721995869720562,-1.5462340524412124,-0.6788403486741341,0.3851984172712115,1.7606474886382333,-0.25694406604879466,1.7749099855333859
straight_ahead,0.49942353631294717,-0.024002736857915128,-0.49942353631294717,0.024002736857915128,1.213896671734303,0.10548721433633941,-1.1854359245592314,0.1651762187738892,1.398766404733214,-0.7661425428372363,-1.5583418616566875,-0.6154519735385944,0.3864584836899839,1.7672060490976909,-0.2576071659158568,1.780969353592877
straight_ahead,0.49943077572103756,-0.023851630189204866,-0.49943077572103783,0.023851630189204866,1.214498499860345,0.09872329976351445,-1.1929534929730392,0.16542257738128507,1.3202400661230367,-0.8047565890085151,-1.4655988382696985,-0.6212999135671398,0.3864128923440868,1.7678899674459247,-0.257994092527457,1.7813739998727671
straight_ahead,0.49931890037937354,-0.026088996223182552,-0.49931890037937354,0.026088996223182552,1.2129638058976526,0.05230745719438883,-1.1917895874288753,0.15627282844736742,1.2305861035195071,-0.8500084230749888,-1.3029681426028878,-0.7631529649611147,0.38277902504005784,1.7680077368998182,-0.25948715620209634,1.7816333467803953
straight_ahead,0.4992504998369294,-0.027366739165931825,-0.4992504998369294,0.027366739165931825,1.2149328399024415,0.03378316925626906,-1.1913195065231887,0.14973111417527077,1.1371020493032655,-0.8664437196344359,-1.18657270457008,-0.8063433256000209,0.38248610142833245,1.769283141236497,-0.2594879903044728,1.7833349069533246
straight_ahead,0.4992354196404465,-0.027640473520316466,-0.4992354196404465,0.027640473520316466,1.2127961934988347,0.022779777479311515,-1.1900674675335925,0.13613633502351025,0.9399594412151998,-0.860773955656298,-0.9431049543588813,-0.792915839229242,0.379994472216602,1.7540541120376223,-0.2638698867820283,1.7760139578083607
straight_ahead,0.4992553069571717,-0.027278901647614883,-0.4992553069571717,0.027278901647614883,1.207467959418498,0.025714797049138698,-1.1831408797699752,0.13758157040354044,0.8270256335744196,-0.8146490085446896,-0.8396078710298436,-0.7367962570649268,0.3744217069466421,1.7428305544423657,-0.2696611772187893,1.7617528166396736
straight_ahead,0.4992654003960763,-0.027093541063239527,-0.4992654003960766,0.027093541063239527,1.2053120347145025,0.027668016783520467,-1.1793113878575339,0.1384450987892294,0.8213903841572129,-0.7915458971821543,-0.8263041926997398,-0.7174653006627645,0.37285944314340397,1.742250854719569,-0.27257171982226863,1.7606385150166566
straight_ahead,0.49918989062235525,-0.028450889273288652,-0.4991898906223555,0.028450889273288652,1.207221383794349,0.025474824498623795,-1.1787292178223066,0.13620792780706004,0.8935726211928461,-0.8128876230707671,-0.9064260964176862,-0.7485734962770102,0.37380577843367135,1.7444185331498607,-0.2693866785281558,1.762401266961778
straight_ahead,0.4991512732193603,-0.029120550192115558,-0.4991512732193603,0.029120550192115558,1.2170325983309551,0.024865148980712008,-1.1793288013770695,0.12901462696528274,1.0837453849941057,-0.8516916487978894,-1.134323385424951,-0.814418962327404,0.3763861186361221,1.7476226405892499,-0.26058184280650487,1.7644578753358553
straight_ahead,0.49915676474830906,-0.02902626751756225,-0.49915676474830933,0.02902626751756225,1.2286074854637103,0.023963000466307817,-1.182582661368775,0.12807141438019515,1.164230472826473,-0.8718486429764468,-1.2392420401686444,-0.8353702674526173,0.3787753469337502,1.7533031695169703,-0.25455383422329336,1.7706668055386716
straight_ahead,0.49924660032043067,-0.027437785415228996,-0.49924660032043067,0.027437785415228996,1.238489702874442,0.026256523738966434,-1.1916241899131357,0.13162059078554061,1.3125148379900897,-0.8871370644220844,-1.447457279792514,-0.7408715135365158,0.3788563478146711,1.7614395417525335,-0.25878109842258157,1.7788998421809872
straight_ahead,0.4994161254982303,-0.024156439976450984,-0.4994161254982303,0.024156439976450984,1.2365773760468428,0.02880970651501658,-1.1958588378527588,0.13399299952283616,1.3698017277414802,-0.8795709735597009,-1.532388084124359,-0.6782053369667984,0.37364098937486334,1.7600999288045849,-0.26299901669943404,1.7764805820759413
straight_ahead,0.499460956779578,-0.023211045922758213,-0.4994609567795783,0.023211045922758213,1.2382180080197107,0.029525512069528293,-1.2018692700392493,0.13543641195433076,1.3031230498437156,-0.8838725729749793,-1.463705345557786,-0.6829188778157369,0.37276367173551567,1.7700985326316077,-0.26776009985919313,1.7839778926456267
straight_ahead,0.4994847435724979,-0.022693411782187783,-0.49948474357249817,0.022693411782187783,1.2401151012935223,0.024725074386994443,-1.2050862968336262,0.13114708743090595,1.2667575926859045,-0.9141570441457059,-1.4318312233462842,-0.7399251968932805,0.37183870209558045,1.7767216108097839,-0.2694151358856335,1.789651050775332
straight_ahead,0.49947063039464823,-0.023001942813004373,-0.49947063039464823,0.023001942813004373,1.2399027743356863,0.01706544762310291,-1.2010490501271682,0.13498673772169875,1.1437484344191453,-0.9126155592437364,-1.2336513791409243,-0.7785849304167384,0.37124197636712586,1.7829706877617735,-0.2730674444231922,1.7925416196641775
straight_ahead,0.49925862589142034,-0.0272180909141463,-0.49925862589142034,0.0272180909141463,1.2323886912591933,0.02115340557368676,-1.1957121819178722,0.14684159601285288,0.9495344006910273,-0.86641639248594,-0.9589615363533786,-0.7706120314205273,0.3682225723228944,1.7843340475975356,-0.28172230137819354,1.7924753126600914
straight_ahead,0.4992670230311443,-0.02706362343845938,-0.49926702303114456,0.02706362343845938,1.224331008833532,0.026786341644154534,-1.1907070287670762,0.1555582037986367,0.8855389687839239,-0.8132744792723032,-0.8932164682298744,-0.7550316461914787,0.36349869401758045,1.7717999389851384,-0.2857443070105275,1.7751947112740847
straight_ahead,0.4993237320908029,-0.025996356877686012,-0.49932373209080316,0.025996356877686012,1.2223214472226986,0.039413025729820826,-1.1844766827254947,0.16755404695754778,0.8727364096321655,-0.7656224875362304,-0.8553392502592889,-0.7024160146779804,0.3617300307782636,1.7690179967692443,-0.2891841601424583,1.7675034034013515
straight_ahead,0.4993233871694251,-0.026002981091641675,-0.49932338716942537,0.026002981091641675,1.2244868261573025,0.03993522611218999,-1.1882831159425904,0.16754236530949032,0.887184863350568,-0.7879737863679416,-0.9497583103845896,-0.7489962996031242,0.36190269959082383,1.7757191194211037,-0.2907233144983097,1.7729448956079163
straight_ahead,0.49935149982389837,-0.025457408030340155,-0.49935149982389837,0.025457408030340155,1.228105966209168,0.046557746755660656,-1.1938443342979643,0.1689229234251946,0.9994284783679115,-0.796074694627586,-0.9849272979342792,-0.7748040782522551,0.36172279049542155,1.789308424122584,-0.29141311027088057,1.784687844158481
straight_ahead,0.49943058843908145,-0.023855551374739423,-0.49943058843908145,0.023855551374739423,1.2329350185473464,0.04916069371821261,-1.2059050369499964,0.15227725127968764,1.2099428617934713,-0.8288913858268367,-1.361685141406149,-0.7903012762515916,0.3638518331241412,1.79709080373441,-0.2902868914496879,1.7896244502514125
straight_ahead,0.49948156720470843,-0.02276321644074449,-0.4994815672047087,0.02276321644074449,1.2301881247213042,0.046784608171227746,-1.203837751176332,0.14642898819631564,1.414030299260369,-0.8293184700078589,-1.57665512425932,-0.68913649964805,0.36118700895846106,1.7970941033207521,-0.28812631836086294,1.7861148307366645
straight_ahead,0.49955475352689976,-0.02109616620806667,-0.49955475352689976,0.02109616620806667,1.229878960684647,0.04258656552234673,-1.2041090827519934,0.14094422288440261,1.4472446377526724,-0.8268730127326553,-1.613738966654753,-0.6437091815688162,0.36602106970027537,1.7978065529942153,-0.2835844678919062,1.7887089347193383
straight_ahead,0.4995098644104134,-0.022133579843538025,-0.4995098644104137,0.022133579843538025,1.2295510488116534,0.03427752281058083,-1.2042208865186916,0.13364865464021475,1.4443198950988723,-0.8366709893259175,-1.6218166675295551,-0.6406500014796578,0.3664210253005775,1.7961022510353133,-0.28020078897346057,1.7880045998730438
straight_ahead,0.49952055490667996,-0.021890985033171804,-0.49952055490667996,0.021890985033171804,1.231076455664376,0.06419373947482376,-1.207776416022692,0.14166616184755454,1.3058049689565958,-0.8381975038121119,-1.4117112277145742,-0.7187800135428989,0.36987227202449796,1.8028190253001983,-0.2791216155450084,1.7961694364533594
straight_ahead,0.49960024353790017,-0.01998991387852522,-0.49960024353790017,0.01998991387852522,1.2339857854163285,0.09778651919768576,-1.21400502175014,0.14890200536469395,1.2997308110710024,-0.8259697171468219,-1.4254634287754824,-0.7231541812476403,0.3730684072870514,1.8079387043548292,-0.2787003174161683,1.8007187368109403
straight_ahead,0.4997297346427303,-0.01643752760929106,-0.49972973464273057,0.01643752760929106,1.2337835151200776,0.08699843175396611,-1.2170266260652636,0.1493269408127843,1.3419961150906676,-0.8472750524244612,-1.4952383043942374,-0.7087908221523563,0.36790565849390816,1.806626498968582,-0.2831616309402795,1.8007398826054688
straight_ahead,0.49978879504261703,-0.0145313574675229,-0.49978879504261703,0.0145313574675229,1.2343040690437634,0.06958600312207656,-1.2215067362306602,0.1446145380223754,1.3237546760330885,-0.8717355843020227,-1.4714525908249025,-0.7737611675240201,0.3646658945230138,1.8125513708111043,-0.28716487162882376,1.8086185962987813
straight_ahead,0.4998101805033066,-0.013776191972097748,-0.4998101805033066,0.013776191972097748,1.2348372324745795,0.06460774547995557,-1.2165394322319414,0.14362458516713872,1.2208228402060295,-0.8796479110026164,-1.2481529138672554,-0.8340128416209492,0.36416942767647575,1.81341286065931,-0.28733731493737014,1.8102096737904678
straight_ahead,0.4998021071272893,-0.014066048170027339,-0.49980210712728956,0.014066048170027339,1.2357097725029658,0.06148052972810422,-1.212363168853324,0.14426325262356351,1.1096745965510852,-0.8796418135252875,-1.1039377059094941,-0.8417681642436234,0.3645532825841932,1.8150335667857715,-0.2866897161404996,1.8125010060459732
straight_ahead,0.4997775845991708,-0.014911939250764422,-0.4997775845991711,0.014911939250764422,1.2271013936817654,0.06192905219010147,-1.2081164413400538,0.15027968317133195,0.9094609533324691,-0.841958367416693,-0.904941997564628,-0.8105279556803813,0.3638712306935986,1.7991654764911416,-0.28891402467634486,1.7984493291391421
straight_ahead,0.4997961523112236,-0.014276068607851211,-0.4997961523112239,0.014276068607851211,1.2249099000388364,0.06296054670216979,-1.1984170042703057,0.15520155559153279,0.8625805153327919,-0.7834173605842938,-0.8547459266116875,-0.7447062889051363,0.3636683187508561,1.7952221463953675,-0.292825377635009,1.795776632484774
straight_ahead,0.49978114540820034,-0.014792115956385628,-0.4997811454082006,0.014792115956385628,1.2200093162717935,0.06406171316348999,-1.1957102730805609,0.15794677722148318,0.86767348964676,-0.7656350076778332,-0.8669138823551681,-0.7262723675810299,0.363537861729126,1.7931508468248187,-0.2926886753642571,1.7960250689711494
straight_ahead,0.49975270134741057,-0.01572378758333461,-0.49975270134741057,0.01572378758333461,1.2221805702973765,0.06541826241860484,-1.1949527161678992,0.15548402899220093,0.9384478583127689,-0.7726935239781836,-0.9129422353317,-0.7859319585026477,0.36503119223876035,1.7988419654055583,-0.2882700883232286,1.813248532349807
straight_ahead,0.4997463201355181,-0.015925310389694594,-0.4997463201355184,0.015925310389694594,1.2231680849318483,0.06462145583628702,-1.1945650324818762,0.153977228682327,1.0380950449019277,-0.809625406710344,-1.029451892597272,-0.8042849576836759,0.3654969154155281,1.8089438025651081,-0.28315391848732413,1.8267550877716832
straight_ahead,0.4997682042429837,-0.01522307550212307,-0.4997682042429837,0.01522307550212307,1.226040042710262,0.07729559566588565,-1.2083793385747683,0.14420949840714764,1.2203347056690874,-0.8136899706962861,-1.3464915428063715,-0.8119185942473423,0.3671293104200487,1.80896341441796,-0.28130373824942884,1.8301530817548366
straight_ahead,0.4998546486211022,-0.012055299742201216,-0.49985464862110246,0.012055299742201216,1.2302850441282174,0.07630176024903117,-1.211235164011817,0.14249677310923772,1.4257726070413907,-0.8054817422171777,-1.5862481411283254,-0.6899506370313377,0.3760422708892644,1.8124079388934409,-0.2707822163219226,1.829698155405908
straight_ahead,0.4998740144818363,-0.011223619995917604,-0.4998740144818366,0.011223619995917604,1.2297199487087804,0.07663766704575123,-1.2113947624649117,0.14655891263636903,1.4734109088766072,-0.7561465711085404,-1.6300071235853573,-0.6251667578456457,0.37765193505204586,1.8122752101850135,-0.2706992200241605,1.827742768987894
straight_ahead,0.49984059983226997,-0.012624371640457877,-0.49984059983227025,0.012624371640457877,1.2276682554100344,0.07337900094127758,-1.2135374108857078,0.159510348042343,1.4939895239644647,-0.742821653768766,-1.6095828831819037,-0.6121165118495607,0.37778797400921327,1.812684589334275,-0.2705122092828853,1.8273926678731909
straight_ahead,0.4996965530666308,-0.01741708509848079,-0.4996965530666311,0.01741708509848079,1.2290017995408762,0.06614087512823466,-1.224887825570024,0.16223005054837464,1.4523579556021244,-0.7621919493697117,-1.5305870846232779,-0.6324996110092985,0.3812662635212551,1.8132902147063885,-0.2680724871488285,1.8290703636236543
straight_ahead,0.4995983830830883,-0.02003635747244997,-0.4995983830830883,0.02003635747244997,1.2329935114375976,0.060271533420417724,-1.219459790497534,0.16268161431921022,1.3286638586574608,-0.8546670216325396,-1.3541522515262214,-0.7504553321379183,0.38440963524188443,1.802708954393625,-0.26296014391160794,1.8257352537583291
straight_ahead,0.499453262310944,-0.023376029751764258,-0.499453262310944,0.023376029751764258,1.2357150801846808,0.04789022387476984,-1.217457639371655,0.16665931139366605,1.1780329818668984,-0.8887242316317135,-1.1615969641314985,-0.7821271714144347,0.3854324777212655,1.8038374928706182,-0.2625651882777114,1.8225792461790793
straight_ahead,0.4989530308114396,-0.032339960483563635,-0.4989530308114399,0.032339960483563635,1.2272389153264984,0.049616569656548204,-1.2108219617832563,0.1706893013929972,0.9707517922927599,-0.8644664092891601,-0.9529385904151183,-0.7738403007546157,0.38661392143975026,1.7952460104242356,-0.26140212366773946,1.8158918112698526
straight_ahead,0.49880797007239697,-0.034505202394053115,-0.49880797007239724,0.034505202394053115,1.2147660273487244,0.05204978471862664,-1.2058690499292055,0.18511184875542386,0.8651469581013295,-0.8008245472796804,-0.8674760794459553,-0.7366770560275291,0.384402498409684,1.7851468991504238,-0.2721095169324493,1.811844409580824
straight_ahead,0.4987313455863024,-0.035595574579942106,-0.4987313455863024,0.035595574579942106,1.2085317908138302,0.05257144542127127,-1.2013357476837734,0.1915203443732367,0.8518993395288529,-0.7815657189663984,-0.858943527081061,-0.7188262211510555,0.38344294924472777,1.7779790089579597,-0.2770195142176905,1.8070994437803654
straight_ahead,0.49853411829520144,-0.038258762337876555,-0.49853411829520144,0.038258762337876555,1.2152501543695262,0.0475359026356697,-1.2018117586658013,0.1910501338959573,0.942240808001338,-0.8240412676074366,-0.9527850428522756,-0.7481350355020295,0.3871326038708391,1.7697492389481317,-0.27368140852354905,1.803452305565011
straight_ahead,0.4984308313493501,-0.039581641709200886,-0.4984308313493504,0.039581641709200886,1.2188560409286704,0.04649937146723723,-1.2024531672896164,0.18967007726491344,1.025719759892426,-0.8433720249892847,-1.0826292752187192,-0.772099848086897,0.39066623708151443,1.7683122434758827,-0.268967332911352,1.803184263373326
straight_ahead,0.49842404487789765,-0.039667007544750825,-0.49842404487789793,0.039667007544750825,1.2216961392826895,0.04593220055446563,-1.212832197484833,0.1886530393531133,1.11320964449667,-0.8483376390991972,-1.2128828151570883,-0.7965478865222434,0.3924016933663936,1.7751623658946412,-0.26414191109069585,1.8099936234941567
straight_ahead,0.49871076227919203,-0.03588280349843388,-0.49871076227919203,0.03588280349843388,1.2236012223342896,0.05058747461403489,-1.2235219401105426,0.18597623874424132,1.2724628417854686,-0.8503731585551989,-1.4371375868120149,-0.7927414508392153,0.3947692094558539,1.7837417170367058,-0.26360451796011997,1.8198158810448277
straight_ahead,0.49879782396085887,-0.03465156290720593,-0.49879782396085887,0.03465156290720593,1.2186075064814297,0.05027140737014661,-1.2282210499374555,0.18127815673511477,1.3502443116292557,-0.8427276053622301,-1.5096624978446658,-0.7702316048890112,0.3965556948898283,1.7850401480156115,-0.26117558173443484,1.822647825489309
straight_ahead,0.498908259936609,-0.033023448745170186,-0.4989082599366093,0.033023448745170186,1.2055821764081853,0.05595159020670428,-1.22295479282359,0.18277338971244655,1.483569609360808,-0.7180892532070831,-1.6124051456830546,-0.5814821487764448,0.3972756186107824,1.7880014016984356,-0.260390098670184,1.8280869177629735
straight_ahead,0.49901249094726763,-0.031409136864981674,-0.49901249094726763,0.031409136864981674,1.1936047754928543,0.06339356898930587,-1.2184504052730665,0.18348341028795212,1.5108947677455689,-0.627125348521422,-1.6140211406510858,-0.5512377855708583,0.3983915912812234,1.7848303168377349,-0.2600812606961574,1.8256075815488013
straight_ahead,0.498991233632854,-0.031745058789714904,-0.498991233632854,0.031745058789714904,1.1945791227107498,0.06207804358720212,-1.2210761785953508,0.18033660989604736,1.444843308222329,-0.6395773744130133,-1.515289927003197,-0.6908505116094005,0.40087629214308995,1.7832895153379575,-0.25739340046829395,1.8244134270839274
straight_ahead,0.49903433723788027,-0.03106010717221625,-0.49903433723788027,0.03106010717221625,1.188632721261207,0.0847671858541464,-1.226384479058641,0.18069422937243235,1.4883837137303855,-0.6484230173020206,-1.569575942210267,-0.6421219797755001,0.3925871827158471,1.7879532989977005,-0.26722832739954633,1.8266074973562316
straight_ahead,0.4991504956166083,-0.029133875912660853,-0.4991504956166083,0.029133875912660853,1.1895548826818925,0.10602283268774339,-1.2273466071200312,0.1766176671814769,1.4517324735731694,-0.6717002496433193,-1.573131966718581,-0.6500687467388642,0.3965922800449244,1.8007886144822902,-0.25585195427049057,1.8282115181002259
straight_ahead,0.49925030907435797,-0.027370219019183205,-0.49925030907435797,0.027370219019183205,1.1904669483681978,0.11860649494369592,-1.2272357568020071,0.17465423486990228,1.4607607403539538,-0.6710751993149754,-1.5797755974267043,-0.6442557487232679,0.40017354061365856,1.8073635658508147,-0.2482491008797359,1.8308443128443594
straight_ahead,0.4993573650241766,-0.025342099283824752,-0.4993573650241766,0.025342099283824752,1.192925877292929,0.11874940484322809,-1.2273897024536713,0.17117417778823799,1.4728141587438668,-0.6799739325650915,-1.5613871471753702,-0.6477111647603999,0.4029823349024732,1.8159801619546303,-0.24583033892879902,1.839533723026432
straight_ahead,0.4994339477945206,-0.023785116993196492,-0.4994339477945206,0.023785116993196492,1.1992671619708317,0.11718981419251077,-1.2261950144708533,0.1569951381319165,1.4557015552148294,-0.7064185165618609,-1.4369223577832113,-0.7994318675930324,0.40693657163427044,1.815425071500016,-0.23866885764674856,1.837971427353283
straight_ahead,0.4995042913354742,-0.022258996775365247,-0.4995042913354742,0.022258996775365247,1.206307499174752,0.11457587430324988,-1.222874627662905,0.14717158533933725,1.386251905298244,-0.7926124297344376,-1.3436872308026,-0.8712067597872726,0.4088692046750616,1.8174731720577153,-0.23604031047583673,1.840923825762777
straight_ahead,0.499537279512828,-0.02150596142753713,-0.499537279512828,0.02150596142753713,1.216479417333414,0.1136719626295425,-1.2163767574811983,0.14594383119440682,1.2247210645027926,-0.8039042013894898,-1.1108642239549116,-0.8593357117538913,0.4089254552828714,1.816425848290133,-0.23565471376377736,1.8398788898430007
straight_ahead,0.49956736292679804,-0.020795429747055016,-0.4995673629267983,0.020795429747055016,1.216295392843028,0.11531513845170503,-1.2104737423056202,0.14644367486160553,1.1537390187309513,-0.7983230914514222,-1.0282806917054752,-0.8464356239330968,0.40843642999824614,1.816045749769886,-0.23548205302232394,1.8395436057432828
straight_ahead,0.49959566919897813,-0.02010391299287745,-0.49959566919897813,0.02010391299287745,1.2135194042966677,0.12310932024769726,-1.1913761134680474,0.15212906109452692,0.9919782078144183,-0.7609009194602612,-0.8719576438326493,-0.786800195342873,0.40429876615380417,1.8095783181882799,-0.23829714955761533,1.8290950219854751
straight_ahead,0.4996164104747373,-0.01958168492083317,-0.4996164104747373,0.01958168492083317,1.2082991969029666,0.12460289576735051,-1.176722560738907,0.1505058657768757,0.9027344718857105,-0.7407055170513049,-0.8296841583161129,-0.769558072560627,0.40062544345717344,1.8044844080872497,-0.24005169492146092,1.8223219306992096
straight_ahead,0.4996130583836094,-0.01966702551419632,-0.4996130583836094,0.01966702551419632,1.204734995319058,0.1251729939495795,-1.1693828791315084,0.1519065496237117,0.9044898570910508,-0.7334935570056349,-0.8524092460039964,-0.7617032131614793,0.39760521331650456,1.8005770560242234,-0.2419870154209288,1.814412043305409
straight_ahead,0.4996209424669531,-0.01946570955381613,-0.4996209424669531,0.01946570955381613,1.2061744037345061,0.12252650447253109,-1.169451235121547,0.15144649521984327,0.9741755325372475,-0.7575782250338108,-0.9493720176196355,-0.7969557478548207,0.39619851405546347,1.7995050353279423,-0.24341341078785772,1.8126719979749693
straight_ahead,0.49963191284236613,-0.019182066350583057,-0.4996319128423664,0.019182066350583057,1.209653169903911,0.12144902046701236,-1.1784910127212769,0.1505127843457842,1.161145986636286,-0.7746682148390378,-1.199556423793977,-0.8233146082996767,0.3963106418696784,1.7986768749495616,-0.24334713479762804,1.8117688663850873
straight_ahead,0.49966727677625433,-0.018237667586671506,-0.4996672767762546,0.018237667586671506,1.2106119225722733,0.12216833294340014,-1.185264680908487,0.14450494970890843,1.3518207366226371,-0.7719298332255687,-1.3972055211388295,-0.8109706101990612,0.39662074505240924,1.7990822462421123,-0.24302293056422256,1.8117943012148106
straight_ahead,0.49969531738627343,-0.01745250074434365,-0.4996953173862737,0.01745250074434365,1.2118717330298074,0.1198608244583161,-1.1895298399612086,0.14120325469718592,1.4073119307424786,-0.7714659679182397,-1.4654280555433308,-0.7922634522416414,0.39685234148945225,1.7982687460860534,-0.24290689930093617,1.8105365519317103
straight_ahead,0.49970529400503505,-0.017164473290534353,-0.49970529400503505,0.017164473290534353,1.2123964582803162,0.10991578901735,-1.1973068813584289,0.14108880949059777,1.438087646657569,-0.7550318656885415,-1.5017881934497406,-0.7496694846305375,0.39516283692874193,1.7917772696927001,-0.24521239529013103,1.807593600488521
straight_ahead,0.4996612354374687,-0.018402440085553133,-0.499661235437469,0.018402440085553133,1.2147095988249361,0.10043951228266901,-1.1956730956946413,0.13958995341910022,1.419530854285305,-0.7746219515800197,-1.429327025010892,-0.7530208582575851,0.39623634298580723,1.7859892588039525,-0.24232742766059295,1.8038853044978602
straight_ahead,0.4996426763932731,-0.018899627683285805,-0.49964267639327337,0.018899627683285805,1.2211186937467127,0.07900279699784937,-1.1837201163333226,0.14156022950094996,1.3509017374115724,-0.8423876023283102,-1.2704239317806219,-0.7955841655451799,0.39481829647526673,1.78826512325598,-0.24364150083049313,1.810780448710588
straight_ahead,0.4996213920248713,-0.01945416744890071,-0.4996213920248713,0.01945416744890071,1.2232748916469829,0.05447804891882164,-1.1792949982854368,0.14725684998879804,1.2602136778065054,-0.8833888350295818,-1.1890888363612444,-0.8050815502888254,0.39472726693000143,1.7888228515350857,-0.24388414279516069,1.8120270775894434
straight_ahead,0.49952498686785735,-0.02178961896561826,-0.4995249868678576,0.02178961896561826,1.225284610822478,0.04621582860143293,-1.178351313381025,0.14981525021613565,1.097714595228982,-0.8820717639700821,-0.9989163087135281,-0.8029348176948881,0.3935814685849966,1.7917880597380842,-0.24556070459695414,1.812913942314461
straight_ahead,0.4993907355056382,-0.024675763233132558,-0.49939073550563845,0.024675763233132558,1.2220683180873246,0.05380048227168548,-1.1735071280433051,0.1571765455359351,0.9654137841686791,-0.8685056849131285,-0.9125736413570392,-0.7748812506054656,0.38980630346375506,1.7927040984542206,-0.249449100286041,1.8156764253251472
straight_ahead,0.499328842418338,-0.025898014000351622,-0.4993288424183383,0.025898014000351622,1.2148522394536962,0.056770303428959674,-1.1620840196932334,0.15879540291364908,0.9418497567455919,-0.8258911382684673,-0.8972592204109789,-0.7463018461301969,0.38541848103773574,1.7867496120578614,-0.25118637567903124,1.8077179100337275
straight_ahead,0.49930391668252805,-0.026374206821952142,-0.49930391668252805,0.026374206821952142,1.2092749954238535,0.05638178370371444,-1.1615034582423804,0.1582327288199321,0.949023953592472,-0.8206582243984131,-0.9330612957852418,-0.7450378176206415,0.3820627796733771,1.7791082142012302,-0.25329342447340286,1.7985523303111204
straight_ahead,0.49930447677471806,-0.026363601285201353,-0.49930447677471806,0.026363601285201353,1.2117680773336699,0.057946145188014504,-1.167763785167486,0.1591615722231011,1.0020001212599343,-0.8300868217688927,-1.039877456050464,-0.7733790396954099,0.3817137585336624,1.7848197221384745,-0.25592534831742136,1.797790770576008
straight_ahead,0.4994235741434315,-0.02400194970831245,-0.4994235741434315,0.02400194970831245,1.2137160115889418,0.05934325295522419,-1.1764915469452635,0.15349096762484898,1.2083973010736744,-0.841297102455739,-1.3228546081489172,-0.7770382509103209,0.3815711031076863,1.785232714136501,-0.2578326062419367,1.7982166163984197
straight_ahead,0.49948376505982656,-0.022714938733350284,-0.49948376505982683,0.022714938733350284,1.2138085709390203,0.05896413724446445,-1.1785111363119047,0.1526703164644817,1.4326530794375227,-0.7817092454980071,-1.5262267654398378,-0.685787407248657,0.380356031613983,1.7858959590902383,-0.25865351084096283,1.7958395270472527
straight_ahead,0.49949340024091304,-0.02250206914421485,-0.49949340024091304,0.02250206914421485,1.2096744525219498,0.06599854694126814,-1.177975624841536,0.16707146824500405,1.513094671067781,-0.6296405527554306,-1.592074192563082,-0.5468079898319336,0.37842093716030967,1.7857296232546533,-0.2602726678560348,1.7948999445624083
straight_ahead,0.49945786999739605,-0.023277373083405307,-0.49945786999739633,0.023277373083405307,1.2097451258103342,0.06374733535578919,-1.1776806358174918,0.17291981955806257,1.5064248665062694,-0.661930315279064,-1.578034258198336,-0.5567214494548234,0.3768411131450549,1.7822668546499763,-0.2608322056825974,1.791840708074289
straight_ahead,0.49941991402136204,-0.02407798743448596,-0.4994199140213623,0.02407798743448596,1.2094933286313636,0.06200598830567055,-1.1826588815954304,0.17436119535758754,1.4755781645510597,-0.6771118988674492,-1.5635180582845543,-0.5818172998534358,0.37453705810416443,1.7790163770399783,-0.26304065934676546,1.7886920286652888
straight_ahead,0.4994461740278189,-0.023526989798388985,-0.49944617402781916,0.023526989798388985,1.2106543811241999,0.06380693581490259,-1.1870826685223448,0.17188518074118372,1.4350048535670754,-0.7296034023115194,-1.5076110745211777,-0.6830865376997898,0.3755069280064888,1.777837507321505,-0.263705068348199,1.7881013907169772
straight_ahead,0.499337575792291,-0.02572907697291019,-0.49933757579229127,0.02572907697291019,1.2115609270487369,0.051880428476125375,-1.2136627526239245,0.11756049484642296,1.4423584130636495,-0.7351101901646844,-1.5873809995553545,-0.6901590296941931,0.3771678993683024,1.771285082577519,-0.26158291493321933,1.7825130318626106
straight_ahead,0.49946590076534775,-0.02310441457080526,-0.499465900765348,0.02310441457080526,1.2191861511160003,0.04960703398661882,-1.2245003353860482,0.10592866222782438,1.418564051165688,-0.8020584526291487,-1.5286666960162996,-0.7995052822545675,0.37649098522141977,1.769558438366733,-0.2645250195339228,1.7799623652814478
straight_ahead,0.4994447954831484,-0.023556236218802734,-0.4994447954831484,0.023556236218802734,1.219817607038389,0.04810821220949415,-1.2257072174033135,0.10709723000842472,1.4465354830789452,-0.8013964493557812,-1.521141649352452,-0.7940187424352598,0.3767907670926265,1.7697291933757104,-0.2639863736492813,1.780353749973208
straight_ahead,0.4994589933587601,-0.023253256826820154,-0.4994589933587601,0.023253256826820154,1.2220627721078474,0.04561115174961391,-1.2261248119110337,0.10376177791029395,1.439104433420171,-0.799424772253425,-1.5088420182019922,-0.7870333984001631,0.37622257979784407,1.7679856708248478,-0.2645995713862484,1.7805880292029175
straight_ahead,0.4994545432353295,-0.02334864539086305,-0.4994545432353298,0.02334864539086305,1.223895588041328,0.04504175545564349,-1.2263660363547018,0.10284019730490944,1.3678491518925324,-0.8567412207194225,-1.41325700851355,-0.8610357107941449,0.37459906096368745,1.7661376907926964,-0.2677054538458447,1.7801503157347864
straight_ahead,0.49946791082356995,-0.023060920570052542,-0.4994679108235702,0.023060920570052542,1.2258119382972275,0.04425522311441265,-1.2244435064811012,0.1016505668840935,1.2954277647974064,-0.8985157996908358,-1.313650443197069,-0.8892298968663783,0.3744083251267999,1.766570651136918,-0.2674558750853079,1.7819707643521951
straight_ahead,0.499464908378615,-0.023125857786070892,-0.4994649083786153,0.023125857786070892,1.2237273706046097,0.04155181197005656,-1.2240672424044223,0.10253410283283629,1.1205800704374789,-0.9016917366156888,-1.1156746389893735,-0.8762569295394042,0.37250876784827225,1.7646966841005454,-0.2686549289038834,1.7637111515781527
straight_ahead,0.4993719968378251,-0.025052121151773927,-0.4993719968378251,0.025052121151773927,1.21549431365247,0.0315670779304173,-1.212110816778837,0.1051226899316033,0.9092294774192815,-0.8964766424931928,-0.9279585787708549,-0.8441869995663305,0.373149349324381,1.7533778833644673,-0.2683181738059308,1.755173223267201
straight_ahead,0.49935628415344113,-0.025363388505239767,-0.49935628415344113,0.025363388505239767,1.2074513629697792,0.03059882670629231,-1.2021213616546969,0.10583217970750783,0.8662540964497553,-0.8604521633319446,-0.8865367060525893,-0.8162579005071696,0.3729466111136791,1.7463401840976378,-0.26864084503653135,1.749175309983691
straight_ahead,0.499328188531588,-0.02591061824354784,-0.499328188531588,0.02591061824354784,1.2075732141253466,0.030457439143493845,-1.1945535241932201,0.10677498332010765,0.8514315655469051,-0.8366042662342031,-0.8873308074516912,-0.7887505710162893,0.3723402886841353,1.7477898620392276,-0.2706770826410584,1.7464479060656388
straight_ahead,0.4992839129673111,-0.02675021966359098,-0.4992839129673114,0.02675021966359098,1.2056747247749744,0.029252949672813968,-1.1904808461374223,0.10706477814396109,0.8753324092467315,-0.8342588675336075,-0.9019271697354,-0.7899021197537147,0.37205973334834996,1.750382447832257,-0.2716089961241528,1.7476646487075842
straight_ahead,0.4992815567229395,-0.026794161982006865,-0.4992815567229397,0.026794161982006865,1.2118900391125458,0.02880342838935515,-1.1934449498337847,0.10638139956633191,0.896035962400855,-0.8488797160190343,-0.9565910642214931,-0.8323599026177877,0.37343505612645606,1.7539899087962023,-0.270093581405743,1.753399609156952
straight_ahead,0.4992703024832171,-0.027003056462500424,-0.4992703024832171,0.027003056462500424,1.2149035915419693,0.029115478582925458,-1.1943681266429913,0.10450172939763429,0.982635087107801,-0.8807962965617656,-1.0193863503554397,-0.8609269546885773,0.37541431901514793,1.7562007392112502,-0.2677597848099073,1.7561178991280968
straight_ahead,0.4992989147541374,-0.0264687310867115,-0.4992989147541374,0.0264687310867115,1.2251465723159518,0.03575460209943971,-1.203805359988454,0.10259835958949992,1.2025841272552646,-0.8812558171108145,-1.3064973928381702,-0.8654305898848962,0.3771442442318028,1.7582128831528019,-0.26662830967880263,1.757828415510871
straight_ahead,0.4993581343941113,-0.025326934564461237,-0.4993581343941116,0.025326934564461237,1.2344982194179233,0.041491034372599274,-1.2106987447604083,0.10100082497034867,1.28938077032083,-0.8869290629396577,-1.4046568385041036,-0.8647993268525156,0.37764961970729194,1.757511773173489,-0.26585560343363057,1.756453788440036
straight_ahead,0.4994035900700312,-0.02441422178084484,-0.4994035900700312,0.02441422178084484,1.2399024837787846,0.03524762863286121,-1.215137198545984,0.10022854156305545,1.4176184073145988,-0.8777003491877345,-1.4897370926418638,-0.7899815313642272,0.37623697974914694,1.7560914338399365,-0.26662159620269116,1.756251505755241
straight_ahead,0.4994315265921157,-0.023835902455512523,-0.499431526592116,0.023835902455512523,1.2370475439811108,0.03202672296103262,-1.216492166813949,0.09992936978679981,1.4329231896916768,-0.8733481576024842,-1.4920343450039726,-0.780157032275651,0.3733114525683557,1.7575904138695342,-0.2687881946570236,1.7575383936469247
straight_ahead,0.4994403783920627,-0.023649702568808207,-0.49944037839206296,0.023649702568808207,1.2381181903889393,0.030910215402827356,-1.219694775915486,0.10002696009604523,1.4175217078450775,-0.88859768247715,-1.4747080473212317,-0.782984278645862,0.3717229307003459,1.7622621833557917,-0.27100953718097764,1.7623891143638117
straight_ahead,0.4994896125351888,-0.022585990557134197,-0.4994896125351888,0.022585990557134197,1.2397054814482278,0.030081647058663726,-1.2192819446553687,0.10027186039199522,1.3481522116093634,-0.9274706086811468,-1.4010356795432848,-0.8554302729573635,0.3730782695626709,1.7741848054878675,-0.27045910622597524,1.775699175357337
straight_ahead,0.49949865533556476,-0.022385113758090807,-0.49949865533556476,0.022385113758090807,1.238285730230752,0.026867318420364304,-1.2153797604245054,0.10021030518087562,1.2520177934673864,-0.9443610213763731,-1.3187246773880872,-0.8765243328782191,0.3722703121615497,1.7735404574156597,-0.26941338312710994,1.7782012159136575
straight_ahead,0.4994821685134987,-0.02275001839675972,-0.4994821685134987,0.02275001839675972,1.226885581637181,0.015945773249375787,-1.2088682166991338,0.10133180372360949,1.0554707048986238,-0.9454497002282208,-1.093482041465362,-0.8734012823944706,0.3727852212055988,1.7761550037350893,-0.26937915850788186,1.7801209608134596
straight_ahead,0.4994831356447058,-0.02272877485770916,-0.4994831356447058,0.02272877485770916,1.2205475980504132,0.005077380277506791,-1.205368062576243,0.10045133951893705,0.9709972618194718,-0.9432417856492017,-1.0207632644758342,-0.8694038673799549,0.37244460346319963,1.776307205137737,-0.27017030304728945,1.7808493444170423
straight_ahead,0.4993361666314377,-0.025756410732495696,-0.4993361666314377,0.025756410732495696,1.2123295624338901,0.009559294071508176,-1.1933819193314512,0.10824613263537068,0.83561765062241,-0.8821968411957725,-0.9077160175413665,-0.8110127487919299,0.37212461497952964,1.777269369503295,-0.27021692891370247,1.7837827606940875
straight_ahead,0.4993956741494913,-0.02457561068976665,-0.4993956741494916,0.02457561068976665,1.2079749844176457,0.012887407500623602,-1.1923997051843935,0.1148815794637883,0.8168556320699372,-0.8246390475705238,-0.8921520567308304,-0.7599223291211983,0.3713026900741047,1.7768062333838976,-0.27148445662247706,1.7840731951181574
straight_ahead,0.4993905269750585,-0.024679983135598094,-0.4993905269750585,0.024679983135598094,1.2079878953214793,0.009727027059678227,-1.1900367275942942,0.11219431645799627,0.8634077875298023,-0.8306589634697966,-0.9166765630867434,-0.7634434555662117,0.3713796544377491,1.7772818388802125,-0.2713460120876198,1.784176999216317
straight_ahead,0.4993836816805897,-0.02481810772680504,-0.49938368168059,0.02481810772680504,1.210297861039923,0.009731398146477816,-1.1908754329076483,0.1122896786032331,0.9079492422818396,-0.836082340106239,-0.9527724450483936,-0.7661005716694911,0.3725041780630567,1.7774855082534717,-0.26979659477672474,1.78451075551078
straight_ahead,0.49937755382707955,-0.02494110530193656,-0.49937755382707955,0.02494110530193656,1.2163948738266535,0.007792155942344269,-1.1928295448430373,0.10421320016585416,1.0594307630519333,-0.897659601329454,-1.0991322882905377,-0.833039984530478,0.3732381969800324,1.7791280703756684,-0.2671222800519,1.7876158352162783
straight_ahead,0.4993751655156028,-0.024988878851685103,-0.49937516551560307,0.024988878851685103,1.2225156452090173,0.007560256261964852,-1.1929975942691646,0.1039993872255727,1.1425927663869329,-0.9240375598450804,-1.2045910270272213,-0.8661878960587884,0.3744903382629941,1.7806564100666886,-0.2635486467560006,1.7923811576206112
straight_ahead,0.499414928130858,-0.024181181940711463,-0.4994149281308583,0.024181181940711463,1.23165286556385,0.013882295521540133,-1.2026015075879626,0.10287276268698789,1.3272884364997577,-0.9255800510304016,-1.413633363111878,-0.8623963353392187,0.3751373238335488,1.7819024366767542,-0.26298520034497214,1.792821619882041
straight_ahead,0.49943469777216365,-0.02376936392139234,-0.49943469777216365,0.02376936392139234,1.2435012219672887,0.016074865961999498,-1.2040206144289696,0.10379119360323431,1.3901065739632,-0.9274093001489518,-1.451670565634523,-0.8242304216610536,0.3747003697142546,1.7810719254006215,-0.2619068537384163,1.792316931592366
turn_left,0.49784714814831216,0.046348862775610046,-0.49784714814831244,-0.046348862775610046,1.0896929429639022,0.061150361326713316,-1.1315646627411453,-0.11604238807592665,1.4112164194471468,-0.6135438205810728,-1.7968917104530107,-0.22004083056993198,0.34285966194840034,1.8904906061310274,-0.2726437788742922,1.8809929537115095
turn_left,0.49810383434511485,0.04350368042700051,-0.49810383434511457,-0.043503680426999966,1.135213915785886,0.0959742219441265,-1.142263649317946,-0.12069295212926942,1.26339804896535,-0.7103563814393951,-1.8231735784392373,-0.2520966622646032,0.34182173704166724,1.9179359008070311,-0.28224703024818676,1.9086154439372005
turn_left,0.49810866095770245,0.043448381775671764,-0.49810866095770273,-0.043448381775671764,1.1535064287351162,0.09529643911110505,-1.1533776491260197,-0.12140135036240879,1.2905551781686153,-0.77743271460673,-1.8422510928119284,-0.2583042480117665,0.34017786110441117,1.9331676943050926,-0.2887781100977055,1.9252719491537857
turn_left,0.49812492492648375,0.04326152062728129,-0.49812492492648425,-0.04326152062728129,1.161421428976088,0.09525923643693952,-1.1601591897929164,-0.12156256976993152,1.3011769300404195,-0.8039207889218118,-1.853027318684078,-0.2655366670871374,0.3390559919459665,1.9375256774445646,-0.29220034651654336,1.9296057951038303
turn_left,0.4981293039233379,0.043211070026682605,-0.4981293039233379,-0.043211070026682605,1.1666236251251383,0.13064162686813494,-1.1637751213873444,-0.1233394024641539,1.2577512295981128,-0.7867957711549154,-1.8586833412124055,-0.27055313975195144,0.3391391682554419,1.9418990147743993,-0.2934494220535237,1.9343060839067587
turn_left,0.4981275432963675,0.04323136141188993,-0.49812754329636777,-0.04323136141188937,1.1734445178750441,0.1418668164703054,-1.1641378340250186,-0.1234013530372089,1.224890382814561,-0.7826109545972664,-1.8558532561444487,-0.2700466466460001,0.3390159240980419,1.9415887456545555,-0.2943830637268377,1.9350065826509815
turn_left,0.49831325430816975,0.041035357690674915,-0.4983132543081692,-0.041035357690674366,1.1881291822358324,0.14791070329675837,-1.1658861493731594,-0.13140352789422297,1.107929177644457,-0.7798982894804188,-1.862696282198103,-0.2986768460551211,0.33803904593903955,1.9440088271317792,-0.2970936553898036,1.936183958643849
turn_left,0.4985947589964627,0.03746019622558506,-0.49859475899646244,-0.037460196225585614,1.191306265261819,0.15465300867155074,-1.1637776329032965,-0.13620239116537175,1.051878100689181,-0.7791320421784489,-1.8653410758240785,-0.312324782700879,0.337605319036053,1.9456653338732757,-0.2986617391991861,1.9369136354298744
turn_left,0.49868790840234817,0.036199033319846495,-0.4986879084023479,-0.036199033319846495,1.1942687146926472,0.15421742620170473,-1.162167747055528,-0.13924083585167588,1.0707121504397346,-0.7782934497716613,-1.8649239637376378,-0.31873185085860334,0.3381260166820337,1.945992960608975,-0.29766536421326045,1.9375626723404864
turn_left,0.49877177452963734,0.03502451901963685,-0.4987717745296368,-0.0350245190196363,1.1963013334770043,0.15298421711127963,-1.1620045749588526,-0.14116356062090618,1.1080071307008592,-0.7815649466462835,-1.8658992558916065,-0.32150329751888984,0.3384552445295278,1.9477074712632763,-0.29775007081652,1.9389904232942452
turn_left,0.49877224611199283,0.03501780273514712,-0.49877224611199283,-0.03501780273514712,1.1940731296908336,0.14825481549980946,-1.1612661154641553,-0.1418815609298385,1.140541886333203,-0.7802116459759101,-1.8657427629697412,-0.31986880391595085,0.3386272635077035,1.9481774403363825,-0.29770075400427265,1.9394231403523061
turn_left,0.4987549206716029,0.03526370805606506,-0.4987549206716023,-0.035263708056065615,1.1938411206498751,0.14204128320541942,-1.161391927692927,-0.14167775958652254,1.1786563064319475,-0.7806482067805738,-1.8670303432042987,-0.31810205646958745,0.33818341290645415,1.9493923030637632,-0.29783990424269174,1.940574923266655
turn_left,0.49878052030969994,0.034899750136422554,-0.4987805203097005,-0.034899750136422554,1.1925798604206297,0.1279936816469467,-1.161611590597037,-0.14186042249389924,1.220289770048399,-0.7968218258777381,-1.8675253661977576,-0.31294479693141763,0.3386436990273596,1.9485986800426467,-0.2978838031278367,1.9401519479404747
turn_left,0.49876780045591357,0.03508106652270063,-0.4987678004559133,-0.03508106652270007,1.1926891937904396,0.12777067945647205,-1.1618489701463375,-0.14123648478905373,1.2308245478035504,-0.7960286539510226,-1.8684290843843803,-0.30632372998604696,0.3386375161079788,1.9494201172689332,-0.29830218006073006,1.9409837995555872
turn_left,0.49881258165327313,0.03443847244575157,-0.49881258165327286,-0.03443847244575213,1.192241818043771,0.13089467580752379,-1.1619153199293384,-0.13968419786709538,1.1226418265156388,-0.7937871008362986,-1.8632313156145779,-0.29841636201328403,0.33840879005923025,1.9498939566359699,-0.29868526005382956,1.9417007553483665
turn_left,0.4988398100589092,0.03404179637432861,-0.4988398100589095,-0.03404179637432861,1.1909941370204487,0.1431497793465783,-1.1606158362810934,-0.14010463555722638,0.980902128397849,-0.7721111858616285,-1.8617023281049878,-0.29762284664111466,0.3352821105282065,1.945867379993101,-0.3007390457349429,1.9371302791986422
turn_left,0.49887712555178604,0.03349050016329767,-0.4988771255517855,-0.03349050016329767,1.1916567216889669,0.14784123211930425,-1.160398889215741,-0.1415613296004421,0.9321089908863618,-0.7590143380223369,-1.8630927101396835,-0.2988216607903717,0.33383588824739013,1.9463105112426007,-0.30214266442029425,1.9370095289201885
turn_left,0.49888624671195975,0.03335435266428785,-0.49888624671195975,-0.03335435266428785,1.1921416429354017,0.15191983339488166,-1.1605118487394939,-0.14203051192722788,0.9284955740938521,-0.7480679610273423,-1.8663908631122148,-0.30021896190437086,0.33154310749172466,1.9452936132131164,-0.3045454007279406,1.936282660707851
turn_left,0.49899875098856494,0.03162667405612324,-0.49899875098856467,-0.03162667405612324,1.1897349945438689,0.14518938840366855,-1.1614120774883954,-0.14082319331617668,0.9642592121839418,-0.752747669994596,-1.8665888464855156,-0.295139406108115,0.332325897122347,1.947956021048829,-0.304390413910091,1.939330974883598
turn_left,0.49907395625190676,0.03041687345981044,-0.4990739562519062,-0.03041687345981044,1.1889702094371113,0.1396393098606268,-1.1626494099030797,-0.13775080130154643,0.9894277439924059,-0.7646287451650239,-1.8675522969825558,-0.28982575841081215,0.3336530795514786,1.9516028992268983,-0.3044795765982341,1.9439419221306762
turn_left,0.4990817299100901,0.03028905528325373,-0.4990817299100898,-0.03028905528325429,1.1872043898287912,0.13742679062217666,-1.1661691772130212,-0.13737934053091982,1.0841900207083452,-0.7668875260455554,-1.8725534369611292,-0.28749356830388106,0.3362514703669388,1.955217360012463,-0.30347396493953793,1.9479382236885507
turn_left,0.4992873207053698,0.026686539357014,-0.49928732070536924,-0.026686539357014,1.1778481509749508,0.11168993813285465,-1.170583883463421,-0.14036832576016703,1.2189402885279994,-0.7822009011585271,-1.8705017074337817,-0.28243481778822155,0.33806893364282636,1.9472198863562482,-0.3004367711710727,1.9394463782323905
turn_left,0.4993304948464742,0.02586613454645488,-0.4993304948464739,-0.025866134546455435,1.1767878197844317,0.06122647024433061,-1.1722888186271627,-0.1362938159436286,1.3043118286130302,-0.8224446345285287,-1.8685555366829318,-0.2780782780114781,0.33845239656143905,1.9423798558450227,-0.2984298398595844,1.9346061699268455
turn_left,0.49935655750653535,0.02535800613656856,-0.49935655750653535,-0.02535800613656856,1.1756451848341352,0.05103950598341899,-1.1754497431088948,-0.13217230145718492,1.3351106854131474,-0.8240205575276379,-1.864906783819734,-0.2708755685670772,0.3386538765204808,1.9377591953492432,-0.29702766869179426,1.9303028048179691
turn_left,0.4992992995969292,0.026461470518770583,-0.4992992995969295,-0.026461470518771138,1.1767265561570412,0.07510789358161868,-1.1779785337578228,-0.13484470320241368,1.3092029642447718,-0.8257467413628687,-1.86964587499141,-0.27217040351465793,0.33926895448020433,1.9412747510257395,-0.29769744043180335,1.9340020157439999
turn_left,0.4992984018328236,0.026478404921521124,-0.49929840183282387,-0.026478404921521124,1.1784168178903391,0.09202125968885407,-1.1793364386029914,-0.1349360944117361,1.2514797047214232,-0.8261275055262218,-1.8736345603671163,-0.27548307597897204,0.33889731756863994,1.944641859805597,-0.2990433412609918,1.9372795566216379
turn_left,0.4992862649566876,0.026706284384026197,-0.4992862649566873,-0.02670628438402675,1.1847112571991594,0.10528890816085648,-1.172143979387231,-0.14354001599110816,0.9611189268777088,-0.8121466290217927,-1.8696376262423149,-0.29953318317595345,0.3370358606574414,1.9423698993263596,-0.30012332791417246,1.9349116397332162
turn_left,0.49928044353879525,0.026814896973582494,-0.49928044353879525,-0.026814896973582494,1.1924982020817485,0.12078815503858976,-1.1651682442509348,-0.1471682380839543,0.8975710328390377,-0.7854170104161934,-1.8704182322351777,-0.3073526701990201,0.3330232513703893,1.942599689213392,-0.30399491456026906,1.9345525934395764
turn_left,0.49927635439659696,0.026890926730845595,-0.49927635439659696,-0.026890926730845595,1.1989286010991265,0.12600436321303077,-1.1627150159671158,-0.1484952305227026,0.9144895504317846,-0.7808625010247942,-1.8672746238259867,-0.3082404485037894,0.33222200353024905,1.9450955400610916,-0.3055641127461921,1.9367752372282587
turn_left,0.4992986354210964,0.026473999823052707,-0.4992986354210964,-0.026473999823052152,1.2046621409867864,0.12814373064102813,-1.165326341205431,-0.1484540137354085,0.9496313548017346,-0.780293326542261,-1.8671819268402525,-0.3077330369923966,0.33247119033148104,1.9460205554097219,-0.30540441072408203,1.937576685462624
turn_left,0.4992988375217271,0.0264701879376019,-0.4992988375217271,-0.026470187937601343,1.1996231513817914,0.12761426242710225,-1.1747357900956206,-0.1359196641183345,1.0755360746214873,-0.7849774089982324,-1.8701680542244297,-0.2859395616356424,0.33636698392968856,1.944520896989355,-0.29995254934466037,1.936974120997271
turn_left,0.4993737403382109,0.02501734319677031,-0.4993737403382112,-0.025017343196770864,1.1969204769714135,0.13992512838149032,-1.168532755445675,-0.13915033335324214,1.024216674555185,-0.7603899921868843,-1.8585155418957886,-0.29061456441368866,0.3377841007005446,1.9338550538680235,-0.29541796431341727,1.9268282267212278
turn_left,0.499351588983747,0.02545565908411643,-0.49935158898374754,-0.02545565908411643,1.1912299943556452,0.14030056526923523,-1.1695281378577402,-0.13957393395855588,1.1667410507899934,-0.7669143831677047,-1.8532658708095533,-0.2932414228288903,0.34538095274889014,1.9332227263697817,-0.2881570749806183,1.926255677514266
turn_left,0.49932347382053316,0.02600131711654806,-0.49932347382053316,-0.026001317116548614,1.1861621331220633,0.13549325524077133,-1.1662021333917634,-0.14016722806799586,1.221408899602345,-0.7728790826853754,-1.8514109399543894,-0.29527857128995705,0.3510408125575614,1.9317068895269336,-0.28339102614808154,1.9274031350914014
turn_left,0.49932494514620174,0.02597304669734789,-0.49932494514620174,-0.025973046697347336,1.1813066367158416,0.08116289588457286,-1.1619910629505272,-0.13729725285432506,1.3647307829373758,-0.7964591651737173,-1.848083085596628,-0.294028052585564,0.35112326212396455,1.9260149335916215,-0.281063591083705,1.9223260422436843
turn_left,0.4992239092857252,0.027847592310249275,-0.49922390928572546,-0.027847592310249275,1.1752227813101108,0.06524507627093155,-1.1599208655169202,-0.133406232771901,1.4441610908537001,-0.7743915057122722,-1.8399222564472486,-0.2909596410303872,0.352215875727885,1.9175740824683551,-0.27658009794608873,1.915522770379185
turn_left,0.499194370835625,0.02837217168326481,-0.49919437083562473,-0.028372171683265363,1.1704450678245488,0.06278163613259023,-1.1617703039631908,-0.13078050129601418,1.488550559742441,-0.7424340379122181,-1.840944998472169,-0.2892119950288514,0.3524728886096425,1.9130239061874637,-0.27518066940486646,1.9121076026753114
turn_left,0.49916129249097896,0.02894830010096439,-0.4991612924909787,-0.028948300100964938,1.166908717647689,0.0746310971350217,-1.1570673750103888,-0.13023149898247738,1.5429953204757185,-0.6177004153132367,-1.8367246067611236,-0.2837900461114715,0.35269227760148986,1.909617732420555,-0.27355152172303815,1.9079778017294204
turn_left,0.49915198647605274,0.029108321782792337,-0.49915198647605247,-0.029108321782792886,1.1676160962516646,0.07516231334579358,-1.1598741922708882,-0.13337719359686864,1.536910329065717,-0.6442904162436148,-1.8393870825961836,-0.28664908442145537,0.3524938487892798,1.9086929962652501,-0.27454589859550355,1.906732862267623
turn_left,0.4993255105088478,0.025962175468910356,-0.4993255105088478,-0.025962175468910907,1.160985437331752,0.09141227133700953,-1.159502676550905,-0.1385968194454271,1.4857765276615025,-0.6357926116656907,-1.8407809831412256,-0.2950054936825896,0.352216581994982,1.9075404646779686,-0.2753570622949609,1.9054785034018322
turn_left,0.4993749874356892,0.024992437328227216,-0.4993749874356889,-0.024992437328227216,1.1583683015719979,0.09849995189454207,-1.1560616145337168,-0.1425252223690163,1.4549950649560668,-0.6485328524353214,-1.8409372854059043,-0.31287892796425365,0.35184916234015606,1.906421894720447,-0.2764159893977513,1.9043038761021978
turn_left,0.49934451642077476,0.025594021186645693,-0.49934451642077504,-0.025594021186645693,1.1630834740989962,0.11406948016392512,-1.1619666343304846,-0.15642250814934514,1.2573389203380485,-0.7489491395782628,-1.8484504038607954,-0.34938954544533773,0.3538073476208126,1.9120335804234798,-0.27564086381150277,1.9104851603536996
turn_left,0.4993519927937167,0.025447736499416097,-0.499351992793717,-0.025447736499416097,1.1701381589371185,0.13940774455281893,-1.1648176793540146,-0.16434551941103565,1.0842275455929413,-0.7542369305424915,-1.8539332332734964,-0.36454867976708527,0.35246780733063726,1.9107990408888427,-0.27683355245188196,1.9080232068177645
turn_left,0.4994075653984326,0.024332768498672355,-0.4994075653984331,-0.024332768498672355,1.1745028923835954,0.15153417290532017,-1.1678562564867203,-0.16745822140560002,1.009476899154301,-0.7551228754883009,-1.8600369709729776,-0.37429141165980223,0.35062450870731615,1.9117866276463524,-0.27908817023402854,1.9081122719279902
turn_left,0.4993865216858748,0.024760895752840562,-0.49938652168587533,-0.024760895752841114,1.1862235013156845,0.1802846633716381,-1.1698960586071148,-0.17089192450625343,0.9921677215564657,-0.7266387216242187,-1.8649644123186322,-0.3749385211577371,0.3501383958138821,1.913709003410353,-0.28056273542237053,1.910513447109745
turn_left,0.4993490794594078,0.02550483960039545,-0.4993490794594081,-0.02550483960039545,1.1907339711349576,0.1895524710620128,-1.170211365945363,-0.16975785132217147,0.9928164933355866,-0.7240568187472356,-1.8689020745167468,-0.371961991337037,0.34872270632397157,1.9153605120095578,-0.28175068788506447,1.9118373758097313
turn_left,0.4993496967898322,0.02549275026165014,-0.49934969678983193,-0.02549275026164959,1.1902416665669369,0.1865084307894194,-1.1693784785657921,-0.16974091156473492,1.04371420568667,-0.7318714138529983,-1.8676101093229802,-0.3712551661820563,0.348842570636048,1.9165474076190305,-0.28191336116971155,1.9131469695034165
turn_left,0.4993343691414992,0.025791234830093185,-0.4993343691414992,-0.025791234830093185,1.188038212628234,0.18384957754212544,-1.1704377392154062,-0.16713845241615544,1.147096436822648,-0.7480046363099625,-1.8708385831506273,-0.36567949412673306,0.35137509344726314,1.9198203432672152,-0.2806832284934552,1.917280876180821
turn_left,0.49933307067449667,0.02581636168746434,-0.49933307067449695,-0.025816361687464894,1.1835562545862852,0.14179488317629727,-1.1816637642180234,-0.1508201965376302,1.3270692160033488,-0.7551627007634543,-1.8817684077513925,-0.3034830037365952,0.35210845642156713,1.9192455442279177,-0.2791753649748005,1.9170348198353104
turn_left,0.4993314477268086,0.025847733189769462,-0.4993314477268083,-0.025847733189770013,1.180733777775002,0.12352490533624239,-1.1935869179584384,-0.1418778182482835,1.3758330751001033,-0.7552530631205822,-1.8892712711762856,-0.26755376281294324,0.3515626709559754,1.9199845580456594,-0.27924032894272555,1.9171380619259748
turn_left,0.49927022282475764,0.02700452925930607,-0.4992702228247579,-0.02700452925930607,1.1730719173889053,0.08751128276711918,-1.188518378560797,-0.1222057500959623,1.4541777999186205,-0.7204878894042525,-1.872191692863836,-0.18191605582479908,0.3517111648740454,1.916874255316231,-0.2778839680278026,1.9142716233375947
turn_left,0.49929364354912004,0.02656797906209845,-0.4992936435491203,-0.02656797906209845,1.1683345972837818,0.08912695269466722,-1.1873790918776095,-0.10667711023723085,1.446103998461228,-0.705641079051509,-1.8676980227075644,-0.14016846409290978,0.35101860030489285,1.9160252360474592,-0.27826185096114325,1.9137058579796398
turn_left,0.4993366887419149,0.02574628664991994,-0.49933668874191517,-0.02574628664991994,1.1683234789223134,0.08867291333819217,-1.1879779142334983,-0.0984003199298824,1.4218652152799323,-0.7124877577614374,-1.8650753669087947,-0.112837156267911,0.3508020954147441,1.9185635904709544,-0.2798242266231734,1.9161571515049236
turn_left,0.49925567275959326,0.027272205949758554,-0.499255672759593,-0.027272205949759105,1.1657796166298147,0.10446611752670333,-1.190084445261904,-0.08930314084806452,1.3526920075589401,-0.7154595371166699,-1.8640026859362033,-0.09055459741642795,0.34945558578496366,1.9196539538521964,-0.2824348220201994,1.916890583243529
turn_left,0.4991323026932412,0.029443919714313357,-0.49913230269324066,-0.029443919714312802,1.1657448828644177,0.11673392461563409,-1.193317313271368,-0.08123337107507232,1.2880021646608328,-0.7276462567918063,-1.8649555967840912,-0.07249214183068943,0.35013736402940054,1.921904584701538,-0.2827673635216285,1.916933637421897
turn_left,0.498973942736298,0.03201569099978251,-0.498973942736298,-0.03201569099978251,1.169533302154528,0.13911436046730394,-1.1942865467494543,-0.08139198770607291,1.1091923076242218,-0.7353045611268948,-1.8600084993843808,-0.0723193373873784,0.34927447859962646,1.9177244189927405,-0.28355567424364764,1.9114655274173762
turn_left,0.4989850945026763,0.03184141115207263,-0.49898509450267603,-0.03184141115207263,1.171973343823933,0.14823662007963287,-1.195461618895239,-0.07847833415959114,1.0263709178646765,-0.7419550331803322,-1.8517375846909991,-0.06901053544183514,0.3484028805121912,1.9191951379966603,-0.2849208666269595,1.911483274616996
turn_left,0.49899572208840437,0.03167442718459263,-0.4989957220884041,-0.03167442718459263,1.174900270534966,0.15390147617556754,-1.197176201288179,-0.07922698161767613,1.0223409726892752,-0.7434427020566747,-1.8510729159076482,-0.07623903247232339,0.34826038167246093,1.918522353002755,-0.28501678039164063,1.9103681883274697
turn_left,0.49899851523410854,0.03163039351881371,-0.4989985152341088,-0.03163039351881371,1.1767655281985405,0.15362114533916912,-1.200811148594816,-0.07928438614330074,1.0431231093839888,-0.7462783862760952,-1.851435532421739,-0.08063764425660647,0.34857420377158976,1.918352269880656,-0.2846556097994722,1.9099413102868665
turn_left,0.4989382750243094,0.03256681924546671,-0.4989382750243089,-0.03256681924546671,1.1784432807459027,0.15455113376072552,-1.2031625381758733,-0.07708663534182855,1.065957064738405,-0.7672642514875856,-1.8521403204380769,-0.08459430101703257,0.34925779169931065,1.9216279455361016,-0.28446301433912097,1.9135342156564783
turn_left,0.49898481601125594,0.031845775076345596,-0.49898481601125566,-0.031845775076345596,1.1832401516549085,0.13846035474088517,-1.1969377044316476,-0.08593745003600678,1.1618279749908453,-0.77856226469682,-1.8584351649549962,-0.1390165236833322,0.36305008989702425,1.928129166155714,-0.27261992492045106,1.9235868155141562
turn_left,0.49918111921744474,0.028604374085429568,-0.49918111921744474,-0.028604374085430127,1.1622685875780978,0.1349699027055058,-1.1941412388285813,-0.09005155154264707,1.217860711939037,-0.783761398213524,-1.8748425803028075,-0.16596597136130692,0.3736407099215506,1.9323903585084463,-0.26434870468520844,1.9294475602239753
turn_left,0.4992312242544641,0.02771614564453568,-0.4992312242544638,-0.02771614564453568,1.1623688252778164,0.1047171433642626,-1.1890948464650966,-0.09062734795524183,1.2749981457757606,-0.7890266598480488,-1.8819612752611818,-0.1772581843011626,0.37977550335962756,1.9279876086185967,-0.2569732414844283,1.9261654813369928
turn_left,0.4992452516287325,0.02746231465415109,-0.4992452516287325,-0.02746231465415109,1.1580600621245252,0.09790554503716303,-1.1780761432588869,-0.08855272078463358,1.4525461591398638,-0.7281927278304666,-1.8677511580094617,-0.17691552430197635,0.3812687268359162,1.9140020565711187,-0.2513260948843924,1.9126242689542885
turn_left,0.499333292577827,0.02581206933560765,-0.499333292577827,-0.02581206933560765,1.1603615491354642,0.06389680244212854,-1.1787512818779782,-0.08729241667497915,1.5539076110517331,-0.7259900496581231,-1.861128844130849,-0.1763304997882654,0.38167218589882007,1.90367559556801,-0.24716997629756451,1.904030100533198
turn_left,0.4994196120909708,0.024084249187054395,-0.4994196120909711,-0.024084249187054395,1.2002671490649517,0.0403101859893908,-1.168406938904532,-0.08631576918972868,1.693507290223628,-0.656461199911607,-1.8474814591161632,-0.17441282782441814,0.3832386241228674,1.8972603164132487,-0.2425985183788056,1.898592177253969
turn_left,0.49941345242493546,0.024211640526958875,-0.49941345242493546,-0.02421164052695833,1.1985963600359535,0.04171762858752749,-1.166760747292565,-0.08664827668988002,1.6108087589607099,-0.5989979654927237,-1.845476704087688,-0.1726491928626984,0.3831357035366179,1.8952071585860295,-0.24191523562179523,1.8976813260697902
turn_left,0.49941458169323116,0.024188335870316328,-0.4994145816932306,-0.024188335870316872,1.1978924511633928,0.04336770096722916,-1.1682724614265583,-0.09252883625336586,1.5989289123471822,-0.6600986337006013,-1.8459540122333853,-0.17248562247295904,0.38369534431352087,1.8924823303402623,-0.24089105144769465,1.896823086595143
turn_left,0.49939628973275935,0.0245630983622599,-0.49939628973275907,-0.0245630983622599,1.18944991606166,0.06135781419315188,-1.1759310304447474,-0.09829402027738304,1.3963252737439305,-0.7094630671998814,-1.857543898743341,-0.18474384451301,0.38298789698191277,1.9014020820290387,-0.24406396265698027,1.9059346067345917
turn_left,0.4993922729516997,0.02464462854528397,-0.4993922729516997,-0.02464462854528397,1.1854971278028814,0.0783752271780611,-1.182623891999376,-0.10900768979043104,1.2996966046995104,-0.7286605723120518,-1.872656205664818,-0.1973079035004546,0.3827480832062816,1.916612034570292,-0.2481011545815365,1.9212150777318184
turn_left,0.4994829878342386,0.0227320228792364,-0.49948298783423806,-0.022732022879235845,1.198820017033005,0.09039710498248654,-1.1877284247445095,-0.11312034920375785,1.0455937924923573,-0.772269256173507,-1.8812922411497293,-0.22167647500256335,0.3785571839856793,1.9272038262849052,-0.254794126866332,1.9309236815354143
turn_left,0.4995658943277973,0.020830679884919136,-0.4995658943277976,-0.020830679884919136,1.2009759038938508,0.10581644095764396,-1.189921041402769,-0.11681832275246183,0.969694359954795,-0.7749232875222474,-1.8872133487068643,-0.23392121262009347,0.3715364312617898,1.9309166701068086,-0.2623721910953699,1.9341567225899523
turn_left,0.49962372070004496,0.0193942701291771,-0.49962372070004496,-0.019394270129176546,1.2003267729283287,0.11942930597502736,-1.1920647839510845,-0.1261457980756735,0.9014488729179821,-0.7762750320162956,-1.8935964660089943,-0.24881815246917344,0.3690530307220092,1.9349478293683178,-0.26680383901098287,1.9380018108689534
turn_left,0.4996380178021289,0.019022385937613795,-0.4996380178021289,-0.01902238593761324,1.2011976386595076,0.13125260926686655,-1.1946727205799752,-0.12751733948560579,0.958503395492867,-0.7759581340633734,-1.8965704598118396,-0.24638125651782425,0.36820402141060843,1.9375625788203354,-0.2686906044614914,1.9404494970013504
turn_left,0.4995734019752042,0.020649843556809374,-0.4995734019752048,-0.020649843556809374,1.2027411833267323,0.13502350500878185,-1.1999965719748835,-0.13010279140729822,0.9861236811380839,-0.8013910319685789,-1.9013378621409611,-0.24725749523542034,0.3724423473728966,1.9405907514855598,-0.2653328118296526,1.9450434104344645
turn_left,0.4995466580231078,0.021287002089166986,-0.4995466580231078,-0.021287002089166986,1.1933436656945522,0.12761920020912682,-1.2000338332101776,-0.1286333691111789,1.3262117778474072,-0.7972564109773074,-1.899087902491035,-0.2324495349538516,0.3726498104367525,1.9370953220956857,-0.2632938151943331,1.9419271599594505
turn_left,0.4995031559890249,0.02228445998905046,-0.49950315598902545,-0.02228445998905046,1.1917182136539297,0.119333109754842,-1.202472385650425,-0.12763431003839348,1.4109404872063511,-0.7891986515527912,-1.907124661688332,-0.22598647633699478,0.3726342016919398,1.9359515121489108,-0.26237302808933466,1.9412511182904102
turn_left,0.49949716351056306,0.02241837739225946,-0.49949716351056306,-0.02241837739225946,1.2029987408875884,0.09443170094715192,-1.2044403758607949,-0.12497955570061328,1.5840102048860583,-0.7523993399053631,-1.909424887417378,-0.22037876122296637,0.3722235707255674,1.9298243139592022,-0.26171049664038987,1.9350427826157097
turn_left,0.4994702644246303,0.023009888213326623,-0.49947026442463055,-0.023009888213326623,1.2174340203067515,0.07283049745339251,-1.1978972520150675,-0.124383670943003,1.681864208838246,-0.6617549306011561,-1.9006247970802712,-0.21115136329566928,0.3706023475222861,1.9151747165477992,-0.2589823740386918,1.9201132319172818
turn_left,0.4994329072857885,0.02380695528758589,-0.4994329072857882,-0.02380695528758589,1.2229429610188376,0.06065330164594457,-1.1916373776074594,-0.12342305523671884,1.7079419745769886,-0.631343089632876,-1.8938391589709356,-0.20193860114266995,0.37072517308204006,1.9052501202899106,-0.2557361529282397,1.9101097912646658
turn_left,0.49938709458572683,0.02474933860179473,-0.49938709458572683,-0.02474933860179473,1.2192371040180277,0.05894243490526363,-1.1910570343098232,-0.12323650747159275,1.6899283003558712,-0.6073511328463753,-1.8890759895674505,-0.19604633603594163,0.370485941401511,1.8994440887801056,-0.25410253385866705,1.9044113692636466
turn_left,0.49931795058513956,0.02610716804742279,-0.499317950585139,-0.02610716804742279,1.2010266739805813,0.0875959683026132,-1.1923756627269047,-0.12622948841155282,1.6084886237818448,-0.6115687303119242,-1.887914719407516,-0.19905513228392666,0.3703967509205791,1.9002680740009505,-0.2546224327881589,1.9056529496049164
turn_left,0.49929147402131197,0.0266087198043385,-0.4992914740213114,-0.02660871980433905,1.1865609631513334,0.11723654113199182,-1.1952329293288657,-0.1280309709869862,1.3722562945544892,-0.6898542509740985,-1.8880686129562998,-0.20236496688359168,0.3729772447055324,1.9038750900073087,-0.2539768225169948,1.9110638166115632
turn_left,0.4992414429908966,0.02753146564146515,-0.4992414429908969,-0.02753146564146515,1.1815458991865568,0.12368397935591242,-1.1997748230307912,-0.1294678879828537,1.2846975205541955,-0.7153065568264969,-1.892546934600396,-0.20412484594528135,0.37502295898679633,1.9117471149656478,-0.2545329536242187,1.9189335601746602
turn_left,0.4991661054736823,0.028865189177216262,-0.49916610547368284,-0.02886518917721571,1.1851211876960759,0.13248425242810072,-1.2017891771600646,-0.1310465099949759,1.247733945885348,-0.7608085131824491,-1.893349744725598,-0.20589534073684748,0.37637153556135344,1.9139740413138353,-0.25450089258684866,1.9221713861663923
turn_left,0.4991482883734566,0.029171667999076473,-0.49914828837345715,-0.029171667999075918,1.1871117315754258,0.13478578625522958,-1.2045996499356264,-0.13106850576092455,1.0838513502691112,-0.7727045091697308,-1.8953008860183091,-0.20609431024899016,0.3756880743951715,1.9183491056442656,-0.2564467060083518,1.925192851666893
turn_left,0.49914860901686925,0.029166181041140708,-0.49914860901686925,-0.029166181041140708,1.1882121823835445,0.13994418407432002,-1.2061880719539952,-0.13147525546756902,1.0274132602402686,-0.773224076956638,-1.8963208238476879,-0.20659886779107672,0.3753146214304709,1.9217442176257213,-0.2573502270816089,1.928401833962933
turn_left,0.4991542731676721,0.029069082862260988,-0.4991542731676721,-0.029069082862261543,1.1879399473268963,0.1454648961248449,-1.204749923661526,-0.13136667203136246,1.016953098427137,-0.7706774468205665,-1.892772179021583,-0.2079662027307953,0.3752795082847111,1.9215143066500675,-0.25700330623821543,1.9286905043529583
turn_left,0.4992137669561318,0.02802882233467685,-0.4992137669561318,-0.028028822334677406,1.1888882163733014,0.14747465973153803,-1.2050918999650315,-0.13040856107598656,1.0409496159876812,-0.7702037520159906,-1.8935963635643653,-0.20697716589990625,0.37525768912448043,1.9240188420567992,-0.257325951904334,1.9307036696709612
turn_left,0.49924948899904026,0.027385173619993326,-0.49924948899904026,-0.027385173619993326,1.1870866260627477,0.14666597271617424,-1.2085650558942533,-0.12944223192989238,1.0720522818622833,-0.798285451851345,-1.8996583092594657,-0.20808748310858674,0.3782696266562737,1.9305119010766216,-0.256118922511441,1.9377534261221745
turn_left,0.4992968121557202,0.026508364173134145,-0.4992968121557202,-0.02650836417313359,1.1985829779186274,0.16566073642241702,-1.1993511656427958,-0.13009711360696422,1.0164687847319545,-0.7654332576371662,-1.8936020107034153,-0.21467721190596495,0.37716562414667576,1.9299630964218129,-0.25798232984111646,1.936933859350925
turn_left,0.4992433080215008,0.027497625274724147,-0.49924330802150024,-0.027497625274724147,1.200812214494324,0.16321279471597838,-1.201135118575695,-0.1318682523343171,1.0397969129591387,-0.7855364170039862,-1.8953593215984716,-0.21775022517392148,0.3783224773604164,1.931852203495688,-0.257615715581565,1.9384568155194788
turn_left,0.49922977320884293,0.027742269947633326,-0.49922977320884265,-0.027742269947632767,1.2017499803933767,0.1625487544761838,-1.2011256405733186,-0.13232486873471794,1.0786822338545485,-0.7909464537500153,-1.8953908562166581,-0.21885469825651652,0.3790091193105624,1.932818719281611,-0.25647888060911267,1.939213292190486
turn_left,0.49924278152957663,0.027507182527690365,-0.4992427815295761,-0.027507182527690924,1.2007638815053019,0.16411562015194914,-1.1978844651684486,-0.1314503624033197,1.0129279150477235,-0.7810517340455971,-1.8901949954325399,-0.2183669913780893,0.3787434461009903,1.9297040866631014,-0.2551557614229857,1.9362034650812692
turn_left,0.4992156517628322,0.027995232362152126,-0.49921565176283167,-0.027995232362152685,1.2011506566923793,0.1730892416883221,-1.1954353506540296,-0.1289505513734915,0.9976556530195999,-0.7582864688087839,-1.889697486379678,-0.21599228679597854,0.37875821266505216,1.9317339632707788,-0.25510031849457676,1.9374590018833069
turn_left,0.4992066167589725,0.028155883649081913,-0.49920661675897193,-0.028155883649081913,1.2012992337099442,0.1750784309316134,-1.1973064313527375,-0.1278580132539637,1.0266493763673266,-0.7544236960620305,-1.8885344070388856,-0.21528496246158915,0.3788170784658909,1.931375332628802,-0.2545681668538505,1.9382318475002391
turn_left,0.4992108445481792,0.02808082415979639,-0.49921084454817977,-0.02808082415979639,1.1984307717820695,0.1745472045769883,-1.198809997491523,-0.12601825610658618,1.0402598853666036,-0.7535024702320374,-1.886903230347004,-0.21274222237069296,0.37909372428069854,1.9298788880712687,-0.25368070052926434,1.936962099858701
turn_left,0.49919903678604133,0.02828995708531079,-0.49919903678604105,-0.02828995708531079,1.2019166957421965,0.17185058228598057,-1.213541768070686,-0.1222058139326439,1.1828995891963305,-0.7604627648369542,-1.8975794116950837,-0.2022114182950886,0.38547711524764494,1.9314560794406788,-0.2480535436669474,1.93881084933659
turn_left,0.49910439786219424,0.029913208363802034,-0.4991043978621948,-0.029913208363801475,1.19391777214017,0.16775998713107798,-1.2187227086807844,-0.1203478469175165,1.252368232513962,-0.7540761931632374,-1.899133205900589,-0.1962864767846797,0.3867050916374141,1.9271699443814183,-0.24644171114490904,1.935002030408709
turn_left,0.49901655142250123,0.031344559438504255,-0.4990165514225018,-0.0313445594385037,1.1817768290132715,0.16618499683284918,-1.2128020422742671,-0.11867322956452009,1.3922586926695242,-0.6726717092778266,-1.8912898091239108,-0.1910230832785358,0.38709795886032894,1.9131760333177414,-0.24337398391061113,1.9228061571548394
turn_left,0.4989273669609726,0.032733507257716975,-0.4989273669609726,-0.03273350725771643,1.1707959857424868,0.1630616434676041,-1.2075079427304505,-0.11871313168502182,1.4466406950871817,-0.6293220203807915,-1.877260640675444,-0.18062219678773397,0.38758117031397427,1.8977316615561302,-0.23918289575697926,1.9071900321885975
turn_left,0.4987441298372406,0.035415998544358056,-0.49874412983724004,-0.035415998544358604,1.1684272325553833,0.1569797611391386,-1.2007899761373206,-0.12106128342714945,1.5029392290061547,-0.5610728392416995,-1.8691890979889725,-0.17883178508024986,0.386200687418946,1.887420888766937,-0.23866085745551463,1.896995112815954
turn_left,0.4987103377792792,0.03588870284751733,-0.4987103377792789,-0.03588870284751788,1.167140403904058,0.15589016349893037,-1.1965853276932956,-0.12071463072486803,1.5089405881913944,-0.5462874720363506,-1.8648566333918948,-0.17654347536825493,0.3845063331256972,1.8825135906183998,-0.24162731109713664,1.8921969239839993
turn_left,0.4986281658337542,0.037012865834277466,-0.4986281658337539,-0.037012865834278014,1.1672798322767635,0.1546836873992509,-1.195866807139509,-0.12126973461483466,1.5127119456004625,-0.5498481875589646,-1.8660523172018966,-0.17688217253065402,0.3844681651645997,1.8808537662470426,-0.2415435545396631,1.8906024116275195
turn_left,0.49860651995966393,0.03730332764932932,-0.49860651995966393,-0.03730332764932932,1.1654598200687316,0.15659151462106954,-1.1959827244256984,-0.12107551957640278,1.4670288588141904,-0.5657851922524778,-1.8677512193316315,-0.17649497003611644,0.38566475469738226,1.883969418822887,-0.23960193019512976,1.8953109877148595
turn_left,0.4986002082882717,0.037387595468177735,-0.4986002082882717,-0.03738759546817719,1.1706855872669157,0.16484331329035615,-1.1943889733647892,-0.1226322157503269,1.325368052737426,-0.6209220747188731,-1.873912807651234,-0.17801853175174667,0.38709235729117253,1.8972759652482982,-0.24231396388063373,1.908058695188582
turn_left,0.49864372176803834,0.03680270019059569,-0.4986437217680389,-0.03680270019059625,1.1778987729606514,0.1657302722471926,-1.1947412459560185,-0.12329098565003449,1.2615830678909512,-0.7154214813084009,-1.8751504125488192,-0.1809376850184313,0.3903078976581804,1.906478371335389,-0.23970397643378305,1.918524609653656
turn_left,0.49877859510656614,0.034927253878886386,-0.49877859510656614,-0.034927253878886386,1.1838755050421732,0.16493790284842366,-1.189182017709077,-0.12159696095288014,1.1929564761590732,-0.770607551979166,-1.8718632393606562,-0.18247621680815473,0.39200418147677013,1.911852978317861,-0.23845171836656284,1.923996578128406
turn_left,0.4988936689401899,0.03324315104493083,-0.49889366894019016,-0.03324315104493083,1.19017264758955,0.16768073224324392,-1.1861989704814104,-0.12167252981308192,1.0617532760271244,-0.7602892793603295,-1.8702833494316393,-0.18408239729118545,0.39076426072362513,1.9141579261270636,-0.2393353745429151,1.9245906776378758
turn_left,0.49905904499060955,0.030660554676338495,-0.49905904499060955,-0.030660554676339047,1.1952919183928805,0.174053172857533,-1.1846302287866417,-0.12141151686436755,1.0274228066201214,-0.7541240286978232,-1.8691826164683985,-0.18598296470673092,0.3899573208101752,1.9150670124874432,-0.23993458111014399,1.9252902173702868
turn_left,0.49910663335585537,0.02987588559664411,-0.49910663335585537,-0.02987588559664411,1.200905299802616,0.17508342750875597,-1.1849036709580316,-0.12083476779899381,1.051053865082734,-0.7502685666920172,-1.8738783072469323,-0.18562538049074917,0.389590623339955,1.9204514829393047,-0.24156681898969015,1.9300415409442446
turn_left,0.49912179389578665,0.029621526939915068,-0.4991217938957861,-0.029621526939915068,1.2038440864082143,0.175131183810953,-1.1855538350599795,-0.12046701544357019,1.0703216427468036,-0.7494879105232897,-1.8743730307845012,-0.18580340040070825,0.38958210700319534,1.921828098157154,-0.24197560425880904,1.9313868496594175
turn_left,0.4990625412372636,0.0306035934786178,-0.4990625412372636,-0.030603593478618355,1.2044996987942023,0.1742960664798392,-1.1873322363474177,-0.12043927216831829,1.174177003405311,-0.7515111781818582,-1.8772253139951836,-0.18686236248454047,0.39075613342277277,1.9242348527829334,-0.24124406155631856,1.933827527299865
turn_left,0.49910446865612595,0.029912027137694724,-0.49910446865612595,-0.02991202713769417,1.2010364755862237,0.17055138514081344,-1.192905279630356,-0.12070227545298796,1.3523246248498486,-0.7416362778117492,-1.8857097161625058,-0.1787599813554588,0.3903995736226881,1.9230420289392292,-0.24192612435547034,1.9326715549789368
turn_left,0.49909376883969947,0.03009002999973211,-0.4990937688396992,-0.03009002999973211,1.1886256643393838,0.16961299813536798,-1.1970073179827148,-0.12081452399599349,1.4181688797607865,-0.6561756986721826,-1.8909110510450025,-0.17463209819360398,0.3887274523599811,1.9207080365079137,-0.24358870209735342,1.9301303431916759
turn_left,0.4990604514911552,0.030637652609895042,-0.49906045149115463,-0.030637652609894487,1.1845317534212703,0.15542170663678365,-1.203324578556787,-0.1203771743825158,1.5411069463708416,-0.5387486683178818,-1.8954156362597196,-0.16724410232131923,0.3865539790282566,1.9151496594182291,-0.24446329566997566,1.924069790254399
turn_left,0.4990241268169947,0.031223722624566002,-0.499024126816995,-0.031223722624566554,1.180677385473175,0.1468656589967487,-1.2001301604822618,-0.11986660313717933,1.5601712962885228,-0.49045757585639466,-1.889627638694858,-0.16359458188875667,0.38544672586192413,1.9071212272322293,-0.24327784111509587,1.916419763293772
turn_left,0.4989820397518892,0.031889245915260156,-0.4989820397518895,-0.03188924591525961,1.176981656874884,0.14608858418778198,-1.1976707461801688,-0.11989034046602137,1.5462054339021833,-0.461769405497058,-1.8860718558967717,-0.16197552312913568,0.38561349010235013,1.9029064310793837,-0.2419878733817521,1.9123216571089972
turn_left,0.4989318764040848,0.03266470125225052,-0.4989318764040854,-0.03266470125225052,1.1667994102997115,0.15497612342322276,-1.192997974734674,-0.12238549853854554,1.4946828266335168,-0.4971114746640942,-1.8829813218545082,-0.1655393524137561,0.38549451580257693,1.9023800969701825,-0.2433935924065918,1.9136004303008562
turn_left,0.4988736137185312,0.03354277173123751,-0.4988736137185309,-0.03354277173123751,1.163646837032951,0.15631918262694036,-1.1861182330739704,-0.12566365634609777,1.4835525735314001,-0.5043019583635553,-1.8819933517562848,-0.1707819622208015,0.38588564014610854,1.9109326289487074,-0.24473591473600295,1.922624336744385
turn_left,0.49884605223102374,0.03395020137676432,-0.49884605223102346,-0.033950201376763765,1.1615641798744483,0.15641547569282127,-1.1905849219173674,-0.1247167875441417,1.6091485168025514,-0.3841007827396732,-1.8815529527130619,-0.16795510544172781,0.3834968891371861,1.9067565987036246,-0.24480180719471367,1.9183171003397879
turn_left,0.49890946005101316,0.03300531277849347,-0.4989094600510137,-0.03300531277849403,1.1731140393627044,0.17508230307605185,-1.1953020994461536,-0.12601122051065733,1.2514351526229102,-0.6479153636340413,-1.885042677939061,-0.17299124430651122,0.38959582214818866,1.919257960217998,-0.2420814327349371,1.9310054986507943
turn_left,0.49890173535957605,0.033121872761118526,-0.49890173535957577,-0.033121872761117964,1.1757458482180991,0.17595597595961385,-1.203793914958616,-0.12376136567605192,1.2871615013726148,-0.6600695925154876,-1.8890194599634853,-0.17026421377670686,0.3921446771523505,1.923257576265696,-0.2404259263007709,1.9357084739881971
turn_left,0.49890746989275836,0.03303538232269253,-0.4989074698927581,-0.03303538232269308,1.1790609896474695,0.17360517229162897,-1.210332164620368,-0.12076187377876466,1.4923137535792934,-0.6545505979446011,-1.8961691638630727,-0.16014002119381343,0.3917312227860906,1.9217801459321915,-0.24092851070490537,1.9341488763781354
turn_left,0.4989208959501439,0.032831990258062986,-0.49892089595014416,-0.032831990258062986,1.1813921191687753,0.16261484956431219,-1.2109591075658415,-0.1179410994824351,1.648799405807275,-0.553928495652412,-1.8922852731655162,-0.15514983384273215,0.38948945444441513,1.9147276202795491,-0.24089358503884814,1.9270571903133562
turn_left,0.49893191752101534,0.032664073212057256,-0.4989319175210156,-0.0326640732120567,1.175151022977517,0.1616192825833645,-1.2111746697836079,-0.11643611742821465,1.6407298104778374,-0.4215512328179302,-1.8834501116552074,-0.15110930651533797,0.3890848935698823,1.90290322634378,-0.2373277261662285,1.9160639589560922
turn_left,0.49892546080556455,0.03276254812976186,-0.4989254608055648,-0.03276254812976186,1.1662662832136144,0.16152814365727433,-1.206994321614212,-0.11579253019906142,1.6653885568851812,-0.3250145397680334,-1.8749909745173967,-0.14776238618389664,0.39280068472469315,1.8916773650800018,-0.23026213771698187,1.906119821751994
turn_left,0.4989208270176412,0.03283303775213461,-0.4989208270176409,-0.03283303775213461,1.1607019444094357,0.1733039035953785,-1.2054891865771231,-0.11684408767957714,1.6466738481952004,-0.2936188194991869,-1.8755449979256058,-0.1484417565216359,0.39264622939884225,1.8900197754616885,-0.23061983852687737,1.9046302522397518
turn_left,0.4989190214526835,0.03286046306272666,-0.49891902145268324,-0.03286046306272666,1.146215183931327,0.18645986080572946,-1.205239373822349,-0.11730256284588832,1.6232797448518694,-0.29627792773758654,-1.8754991982125953,-0.14673356963959006,0.39267153918389497,1.8899647116988054,-0.23062638687932302,1.9061625014740504
turn_left,0.4989077845722755,0.03303062962136719,-0.4989077845722755,-0.033030629621366644,1.1436745391600247,0.19155103178699814,-1.185105819462908,-0.1178180765753014,1.6134957056795736,-0.3223626162304035,-1.866270831985031,-0.1501251968469477,0.39304618555007786,1.8912000514014236,-0.23049134766229473,1.9077760422298677
turn_left,0.4987480677355087,0.0353604995736293,-0.4987480677355082,-0.03536049957362985,1.1425859540413172,0.20504615712187876,-1.174826001694186,-0.12211498881945738,1.4964745142616367,-0.4268273565097065,-1.8548712641256562,-0.16815125383247345,0.3938434910810783,1.8969041331882994,-0.2309590741415508,1.9132735748476535
turn_left,0.49873446207816363,0.03555188230747962,-0.49873446207816335,-0.03555188230747907,1.1469289906315494,0.20838439602716535,-1.1787545716005723,-0.12327292820761447,1.389634278017052,-0.5665590552582779,-1.8562782468543813,-0.17710124097393107,0.39476279305044054,1.9070528801430722,-0.23285502749420253,1.922917580031865
turn_left,0.4987139140986695,0.03583897158660082,-0.49871391409866894,-0.03583897158660082,1.1512485412738214,0.21889159045056475,-1.1865788856877093,-0.12217021390598555,1.3297481607116939,-0.5954968722297221,-1.865032691616174,-0.1828015124176459,0.3947816123881546,1.9183879051716586,-0.23590948508632817,1.932194054581092
turn_left,0.49877505471375355,0.034977775733920996,-0.498775054713753,-0.034977775733920996,1.1545331178631801,0.2186474979435434,-1.1897381418963082,-0.12293594762867106,1.294901401008511,-0.6456240036392512,-1.8684241082343083,-0.19184044473349027,0.39505333542568877,1.919989377614006,-0.23682358179344004,1.9315178259991181
turn_left,0.4989173058836318,0.03288650011506905,-0.4989173058836321,-0.03288650011506849,1.1718484317223352,0.2204224835708159,-1.1965981960972958,-0.11983061992573804,1.1262795498194154,-0.6930540229795026,-1.878273710615887,-0.19285457080084523,0.39535310784340033,1.927578289411086,-0.23857675373338946,1.9386896071703397
turn_left,0.49898333669238326,0.031868945751869285,-0.49898333669238354,-0.03186894575186873,1.1792397084928248,0.22699237936742805,-1.2021544036075609,-0.11897819439651874,1.0909606930761468,-0.6984718396958652,-1.8858265129435665,-0.19663277527699677,0.39494203417882273,1.934207150879487,-0.24086954036082894,1.9444161111882032
turn_left,0.49918659834885665,0.0285085957019454,-0.4991865983488572,-0.0285085957019454,1.1884116350293827,0.23032644644604744,-1.201927424080351,-0.1148860909583385,1.0347338231432601,-0.6914205446823657,-1.8879480977204488,-0.19459112187344393,0.3944430252463521,1.9402771325598114,-0.24210946275101722,1.9501797099683718
turn_left,0.4993061495138329,0.026331901899977833,-0.4993061495138326,-0.026331901899977833,1.1917825081426803,0.23235008363014173,-1.2032439765073022,-0.1123103090043784,1.0919481426528161,-0.6941947923687128,-1.8899648826389526,-0.19300138408651776,0.3953665458534953,1.9455482851184014,-0.24195881136430641,1.9547843869110957
turn_left,0.49927945740362867,0.02683325203433777,-0.4992794574036284,-0.02683325203433777,1.1943898047240231,0.2329204306679534,-1.2033883730500097,-0.11119426650147565,1.1241607500181308,-0.7138108911601959,-1.8914553879017864,-0.19270225418058343,0.3967276039144416,1.9492733264750484,-0.24135260345612553,1.9582552885564204
turn_left,0.49927133830537573,0.026983897916327455,-0.4992713383053763,-0.026983897916327455,1.1989752942230858,0.23314518845493096,-1.2047470579828976,-0.1123452330247032,1.162082316906674,-0.7219130209057424,-1.8963330256525022,-0.1942557735452178,0.40122495675982484,1.9575156330911174,-0.23980616487125303,1.9668583540042008
turn_left,0.49921103265569294,0.028077479851952542,-0.49921103265569267,-0.028077479851952542,1.1936824950315712,0.2323923128971343,-1.2044768877787482,-0.11171696277370328,1.3374505257858658,-0.6732574756360621,-1.8974760508245803,-0.18616926402695644,0.4031752628532517,1.9592555636575302,-0.23864856805025245,1.9687988532086091
turn_left,0.49909147687995786,0.03012802193610417,-0.49909147687995814,-0.030128021936103606,1.1840685291930129,0.22103179564820427,-1.2026189820204345,-0.11371553530486045,1.469407168684579,-0.5618348458046732,-1.8961207835190554,-0.18109560726559212,0.4031342657200361,1.954306128903162,-0.23796445099700186,1.9657243608315422
turn_left,0.4990575388666437,0.030685059888627905,-0.49905753886664317,-0.03068505988862734,1.1778377247392138,0.21514486164175844,-1.2019037400742625,-0.11302598960597453,1.5098455876166386,-0.4966727349269516,-1.8970871343786733,-0.1812996748265438,0.40306979480177596,1.9516581881035748,-0.23770695394586347,1.9639049732093048
turn_left,0.49902136864347274,0.03126777314096743,-0.4990213686434733,-0.03126777314096743,1.1853193197201588,0.1976203665590421,-1.1994174381986007,-0.11293420831361778,1.652662630094966,-0.4373541228226334,-1.8952595296209735,-0.18593635789508603,0.3987461141384717,1.9447543133957983,-0.2395437199436263,1.9566159677369297
turn_left,0.4989760853001961,0.031982281008261525,-0.4989760853001961,-0.031982281008261525,1.1909227131088842,0.15569907470112465,-1.1986053672166719,-0.13520154890630653,1.6981514920089527,-0.4544167443198362,-1.896291369285326,-0.2045849637894769,0.3942045690239668,1.9320359340924056,-0.24052556271380612,1.9437615735690739
turn_left,0.49893105841897584,0.032677193039186106,-0.4989310584189764,-0.03267719303918555,1.1888339911645056,0.1426099202135236,-1.208151419935592,-0.1506878007000262,1.6786671477753239,-0.4555217500848249,-1.899933697940447,-0.2299451482847687,0.3929500039155476,1.9238450954283572,-0.23940572517563521,1.9356765110910923
turn_left,0.49888945168665877,0.03330638070678017,-0.49888945168665877,-0.03330638070678073,1.1852291631587577,0.14582269775604348,-1.2087395015425049,-0.1509326401431901,1.6133084871080483,-0.5035831655587968,-1.899944087773175,-0.24345003004746646,0.3914254894357036,1.9228431587305541,-0.24124311485685476,1.9339566723303754
turn_left,0.49883187738889556,0.03415784098372928,-0.49883187738889584,-0.034157840983728725,1.1812794064783974,0.1478834535992146,-1.207633694127764,-0.15062093012833297,1.5865928238083502,-0.5436001549694307,-1.8966378467916931,-0.24874911178603634,0.3901266243442276,1.9205268897367906,-0.24189001479227898,1.9310689616383556
turn_left,0.49886979015387417,0.03359959035210986,-0.49886979015387417,-0.033599590352109306,1.1840098121899048,0.1413504864035256,-1.209779849240029,-0.15425713066076,1.3705993113309167,-0.7054774695146534,-1.899369538296266,-0.2572138190473645,0.3899969128895063,1.9222547792301843,-0.2427109961105139,1.9330358621953434
turn_left,0.49889969118532745,0.033152648991967716,-0.498899691185328,-0.033152648991967716,1.1859503895885453,0.13741232125636454,-1.2114287349801798,-0.15666323955683129,1.3198314579296266,-0.7473930628152279,-1.9015900167985278,-0.26219487163242927,0.3898805328648328,1.9237135209231482,-0.24335761885221385,1.9346507225905978
turn_left,0.4989721159587177,0.03204414916455036,-0.4989721159587177,-0.03204414916455036,1.174268738217067,0.13724603445529895,-1.2007708598664686,-0.1025972053150939,1.5085544794253898,-0.5738671279016734,-1.8694058114255712,-0.10400989195584905,0.38127734555118403,1.9084539874518451,-0.24858290987403242,1.9185445076286243
turn_left,0.4989657957537926,0.03214241228944316,-0.4989657957537926,-0.032142412289443714,1.1743421459752976,0.15263061991440388,-1.2033735060851996,-0.09298538023192925,1.4140778217656458,-0.6240764529835912,-1.8697623324118984,-0.09651298052342482,0.380490901514491,1.9108266268655345,-0.2502347364824664,1.9212278558689821
turn_left,0.49888037746079195,0.03344202422967096,-0.49888037746079167,-0.03344202422967096,1.1724517320977705,0.15118764802083873,-1.204112936227285,-0.08567929935271146,1.4454317073768732,-0.6147196098336724,-1.868959687464894,-0.0846492243113111,0.37946830560641165,1.9088409200904364,-0.2512392188617625,1.919504776087825
turn_left,0.4989183090880022,0.03287127707846052,-0.49891830908800167,-0.03287127707846052,1.1710805467727163,0.1489223295089194,-1.2026946221699681,-0.08638916671324255,1.5394680613925047,-0.555405675948698,-1.8685142472162173,-0.08013190792700822,0.3762662106933353,1.9060308229252754,-0.25402428912099606,1.914682156329664
turn_left,0.4989892293927823,0.03177654716921851,-0.49898922939278173,-0.03177654716921851,1.16964721893933,0.14541725806844846,-1.2008786732735581,-0.08693765765882001,1.5731959483130753,-0.5208005310110502,-1.8666381746674503,-0.07854152214060751,0.372765717408687,1.901870785465943,-0.25645061631024046,1.9098841877218857
turn_left,0.499030436805046,0.031122711034946817,-0.4990304368050463,-0.031122711034947365,1.1666401902834298,0.14028713246774202,-1.201150768685445,-0.08706095384922626,1.547040785642766,-0.5366493541495891,-1.863587500278815,-0.08649793437651247,0.3698473658125173,1.8961919403100065,-0.2581281022299839,1.9038539653530524
turn_left,0.49886033146017256,0.033739734667701624,-0.4988603314601723,-0.033739734667701075,1.1616288357391154,0.15624327393404294,-1.2008416669364739,-0.08909439227788758,1.448176769895455,-0.5842206394325061,-1.8632039439500219,-0.0935535721958446,0.37011359464657856,1.8926066318209758,-0.2577412732495146,1.900994558783262
turn_left,0.4987301168577171,0.03561278617417685,-0.4987301168577174,-0.03561278617417685,1.161596949757265,0.16778372075294506,-1.2016269474917367,-0.09149881045521575,1.3897432585964717,-0.6279871212643894,-1.8645140780663652,-0.09903510882053237,0.3697711394935945,1.8910079169608374,-0.25850478890284273,1.898437024577302
turn_left,0.49868268106433766,0.03627097471097642,-0.4986826810643374,-0.036270974710975866,1.1774930375091324,0.16971721062393727,-1.2112416113263709,-0.09406132115902911,1.2315377955603788,-0.7035713670042782,-1.8784372478732436,-0.10429761067930372,0.3692234560348549,1.8995367895081317,-0.26251050198484566,1.9069370909657397
turn_left,0.4986681077997811,0.036470786437722405,-0.4986681077997811,-0.03647078643772185,1.191863933192152,0.17031147944822925,-1.2190872047705805,-0.09428019203367252,1.1710437005472856,-0.7505517783288451,-1.890974188423024,-0.10675549539666462,0.3686040308371051,1.9086640308408243,-0.26609354419295567,1.9160011456415325
turn_left,0.49864951117707756,0.03672417463826262,-0.49864951117707756,-0.03672417463826318,1.2001326730598765,0.18530610551401888,-1.2237841027601806,-0.09260656593303275,1.0890013842627966,-0.7347298417095669,-1.8983252654899019,-0.10651266803770401,0.36489746022593067,1.9122278490762963,-0.27060087447811304,1.9168249449302046
turn_left,0.4985805896904107,0.03764831449032206,-0.49858058969041097,-0.03764831449032206,1.210902392271291,0.1983568674546311,-1.2240192477147358,-0.09204791111544079,1.079752633438756,-0.7296406948609986,-1.8978167490448405,-0.10614428692872208,0.36294005961157993,1.908500926603333,-0.2720209641553764,1.9133909140295726
turn_left,0.4985686488397787,0.03780611582902134,-0.4985686488397787,-0.037806115829021894,1.211108919612537,0.19815893487337524,-1.2232882242250107,-0.09229225969286925,1.1206612403837541,-0.7292827135875815,-1.8965197547390213,-0.10973785959286436,0.3643376352610094,1.9085348804718643,-0.269903952875515,1.9149491627861919
turn_left,0.49855680198855795,0.03796202300907747,-0.49855680198855823,-0.03796202300907692,1.2102841923478973,0.19780991375334067,-1.2238751992078785,-0.09280364490866642,1.1556765816550667,-0.7261112925725659,-1.8961038645534731,-0.11101514713813214,0.36649105565427953,1.9095892203928413,-0.2678083843531919,1.918213649014221
turn_left,0.49865968689972506,0.03658574395947721,-0.4986596868997245,-0.036585743959477765,1.1940904203997298,0.1983975671825545,-1.2222105095547091,-0.08944771163514602,1.3010041082365602,-0.7005274130000004,-1.8872093063447595,-0.10663562540735394,0.36893358944262095,1.9029545811010158,-0.26375207346082113,1.9119018556039238
turn_left,0.4987087080928804,0.0359113418341602,-0.498708708092881,-0.0359113418341602,1.1849789125974415,0.19724922891077068,-1.2195160684945372,-0.0826302934500096,1.3730091301141116,-0.6665048796232379,-1.879828276367769,-0.09616350723273316,0.3693551391283147,1.899206714670429,-0.26286881803630324,1.9086279407269007
turn_left,0.4987746285878196,0.034983851661627055,-0.49877462858781935,-0.034983851661627055,1.180265877888307,0.18714915704331125,-1.2095923710029237,-0.07889710196192655,1.5109853492184013,-0.5215932084057238,-1.865682419390868,-0.08418892701090212,0.3699496805559896,1.8922942224649302,-0.25985452929952946,1.9031461685400077
turn_left,0.498808373629374,0.03449936806984524,-0.4988083736293743,-0.03449936806984524,1.1756994567713925,0.17899472290973767,-1.201529651335524,-0.07604572722603749,1.5616498942779709,-0.4701717965382239,-1.8556259601993592,-0.07143038347099429,0.3701447298531045,1.88655203727401,-0.2577249247887686,1.8971070071389085
turn_left,0.49883892376504385,0.034054781410733655,-0.4988389237650436,-0.0340547814107342,1.1735726426611734,0.1756657070413369,-1.1937886105790103,-0.07136234300230437,1.5759747764385643,-0.4487842222419132,-1.8467556243777554,-0.07013333458176349,0.3699843793272396,1.885936688079337,-0.2578185016407719,1.8965813815861239
turn_left,0.4988430305717613,0.033994570889789855,-0.49884303057176105,-0.033994570889789855,1.1717413185816654,0.17390743174484413,-1.1873157468016047,-0.06747594432351764,1.5514820562288267,-0.46365420275195984,-1.8387912301915361,-0.06792959658244482,0.370563833934086,1.8815327855532937,-0.2570213330123905,1.8921828029739942
turn_left,0.49876769486628,0.03508256771927512,-0.4987676948662797,-0.03508256771927512,1.1649098596966398,0.18340793711583497,-1.1903706542262331,-0.06691220919905021,1.5149654238930381,-0.4755927390594299,-1.8407755621534858,-0.06822299571535141,0.3716927608622418,1.883185958616365,-0.25621979411322715,1.8942792694637525
turn_left,0.4987650834036393,0.035119675074812874,-0.49876508340363984,-0.035119675074812874,1.163133080945414,0.18470077453050904,-1.1979677715938981,-0.06597461721319149,1.4353370474620757,-0.552090724221914,-1.8488473457158119,-0.06819954159247064,0.3735039124818093,1.887459241866826,-0.25565118656430585,1.8987404630487776
turn_left,0.4988022192927601,0.034588235407687254,-0.49880221929275953,-0.034588235407687254,1.172601762432077,0.18228270555515555,-1.2076207822606706,-0.07308966230480021,1.2848559148277543,-0.6802984651094017,-1.8603321963921897,-0.07877249942431845,0.3739338979819344,1.8893364784331474,-0.25656916522433804,1.9024140218777899
turn_left,0.4989436010738702,0.03248511886139065,-0.4989436010738702,-0.0324851188613912,1.1777184734024928,0.1778233874212809,-1.2131440660538584,-0.07790716833509653,1.200357504894326,-0.7279242756837296,-1.8664717718666592,-0.08830813016743815,0.37420775310435594,1.8913829911599822,-0.25743799704501963,1.9047361442382895
turn_left,0.49897102428635126,0.032061143501590644,-0.498971024286351,-0.032061143501590644,1.1811660178357908,0.17834890596222588,-1.2165367849631379,-0.07856604000812156,1.0597262802459702,-0.7316454741628989,-1.8683327226325173,-0.09180869923284263,0.3738968147786936,1.8915020333762378,-0.2575496450728598,1.9044884376737061
turn_left,0.4990509725540262,0.03079166758850006,-0.4990509725540259,-0.03079166758850006,1.182757819092839,0.1797352692681469,-1.2194807420007032,-0.07958823479559035,1.0187688461372086,-0.72870586667795,-1.8735931782263138,-0.09598490041464824,0.37369796769380853,1.8945610287899766,-0.25902166644870855,1.9063474089753394
turn_left,0.4990896853434503,0.030157685318603977,-0.49908968534345,-0.030157685318603977,1.184746683666539,0.17988959788915299,-1.222716764030897,-0.08172407078984238,1.0165723277364083,-0.7188339917535551,-1.8746914052515988,-0.0973069483450814,0.37332765497773396,1.893645310193148,-0.259726806782662,1.9053358862805398
turn_left,0.4991794964582242,0.02863267915710554,-0.4991794964582242,-0.02863267915710554,1.1832619238364954,0.17890934127288627,-1.2224139541980816,-0.08249862774693298,1.017745655516417,-0.7314127641535839,-1.8743572486967834,-0.09927033028414256,0.37338311947473024,1.8912189188039643,-0.25870185829150005,1.9030130866386843
turn_left,0.4991908149476666,0.028434666727157127,-0.4991908149476666,-0.028434666727157127,1.1884728069990365,0.17990288887935635,-1.224358840145945,-0.08091896326776223,1.02516357285801,-0.7473422744920042,-1.8777595650744923,-0.09785192744730833,0.37628187806332347,1.8963510631715723,-0.2566048400637049,1.9084696036405406
turn_left,0.499064263815643,0.030575489892236764,-0.499064263815643,-0.030575489892236764,1.1890194817796282,0.18376425518531117,-1.219425849471704,-0.07142350303597944,1.2854932699879804,-0.7406767589486722,-1.86904162732027,-0.08612890925975633,0.38155085363624497,1.8983675726896672,-0.2510861333580977,1.9106923995475544
turn_left,0.4991133279221607,0.029763835278162967,-0.49911332792216095,-0.029763835278162967,1.192660231078596,0.17561214616068088,-1.2231940090801372,-0.07051596942322351,1.1270638940566875,-0.745456171765584,-1.8758279875227772,-0.08368715601124957,0.3815037069231889,1.8992859229962362,-0.2510692105611347,1.9103852422558252
turn_left,0.49911740799792775,0.029695336897066688,-0.4991174079979275,-0.029695336897066132,1.1898758729493235,0.17545650664251702,-1.2282927812291462,-0.07206160398681552,1.1879211758883899,-0.7425725279050408,-1.880771900089792,-0.0939566488802147,0.3818436853598249,1.8969495202526325,-0.2511966632689244,1.909083013706524
turn_left,0.4992324814893741,0.027693490678531274,-0.4992324814893738,-0.027693490678531274,1.1856347088951216,0.17686282156645655,-1.2312273997508356,-0.07645529041701339,1.1128462424922152,-0.7412776358897692,-1.8873561617831909,-0.10449913072955754,0.3817829107914229,1.8931902635320004,-0.2513268310715794,1.9049903132575308
turn_left,0.49929249899957806,0.02658947992639208,-0.4992924989995786,-0.02658947992639208,1.185260608719007,0.18108238154215478,-1.2363265018263356,-0.07930582893441548,1.0699114791714737,-0.7392550347877538,-1.8945671745946,-0.112217637890287,0.38101917371083355,1.8927358967864836,-0.2519809975986217,1.904378095404681
turn_left,0.4993263183969435,0.02594663284810344,-0.49932631839694325,-0.025946632848103994,1.1854182932524688,0.20456286806415888,-1.241237912945723,-0.08014869209576253,1.066532230310994,-0.7294381386681191,-1.906909093116765,-0.11637514190452093,0.38073411574002375,1.8919486185307215,-0.2525521404933572,1.9027578279647956
turn_left,0.4993334807421099,0.025808429048838347,-0.4993334807421099,-0.025808429048838347,1.184493443274758,0.20636838282109254,-1.24221582587782,-0.08054437614090314,1.0726994773477403,-0.7267814697666305,-1.9080651197621934,-0.12057083512253204,0.3801540428905611,1.8906188738458947,-0.25318316279286734,1.900287935087213
turn_left,0.4993214286986044,0.02604056148366715,-0.49932142869860413,-0.02604056148366771,1.1853141534986913,0.20785351139030298,-1.2551083145583453,-0.08073779046415043,1.188367029832581,-0.7180271536151345,-1.9181705950134011,-0.11765864832759687,0.382847906362371,1.8847011063188512,-0.25127401363935564,1.8980418651471174
turn_left,0.49937204207184815,0.025051219471164003,-0.4993720420718479,-0.02505121947116456,1.1808296529440088,0.20561267194515118,-1.2630465356150544,-0.08141504722087521,1.2481722370764758,-0.7107382625309054,-1.9159087880065873,-0.11853690072150815,0.384072605708138,1.8780693521482599,-0.24958293884337748,1.8921000639714574
turn_left,0.49937786039460563,0.024934966366650404,-0.49937786039460536,-0.02493496636664985,1.168856913477408,0.2020346002175975,-1.2606227018400296,-0.07816986693628983,1.3786067769242363,-0.6012565881198858,-1.912297205171845,-0.10750071953417119,0.38460558712816173,1.8762048572821333,-0.24901322437761644,1.8906636274452224
turn_left,0.49937297128199803,0.025032689687463496,-0.49937297128199776,-0.02503268968746405,1.1650536129347298,0.19451061255616367,-1.2572920754023384,-0.07512814034873494,1.4499427097026893,-0.5686151756701315,-1.9097930153222176,-0.09838124338506428,0.3845576774827982,1.8749879894169619,-0.24977969089107588,1.8891371116828493
turn_left,0.4993722429857484,0.025047214124182794,-0.4993722429857484,-0.025047214124182794,1.159505542994807,0.19378526046390807,-1.2421673208842405,-0.07281507131346834,1.5433867755063557,-0.40771322513799374,-1.8947426193929873,-0.08626915818311107,0.38399058606621417,1.8684306600136333,-0.24827941925230018,1.8824660971457081
turn_left,0.4993549473987499,0.02538969295583474,-0.4993549473987502,-0.02538969295583529,1.1540519212329008,0.19484377390725793,-1.2359091133183897,-0.07072485273285022,1.5555448259758948,-0.3315600473835505,-1.8852889181686099,-0.07633266463831759,0.3840088414495625,1.8657250006647328,-0.24734813403535266,1.8800866649320733
turn_left,0.49933410607269735,0.025796327501799686,-0.4993341060726976,-0.025796327501799134,1.1508919575344103,0.195496031880019,-1.2260634387215052,-0.0698726178797407,1.5202470314991028,-0.3887498511304644,-1.8787694004449953,-0.07149290435017387,0.38281478699651883,1.8639730596866615,-0.24813595592942275,1.8782499465377425
turn_left,0.4993235190462364,0.0260004485977246,-0.4993235190462361,-0.0260004485977246,1.1475512746928662,0.19660772293692377,-1.2240040571351385,-0.06997502999812216,1.4945742478586301,-0.41795277448340984,-1.8763780104297179,-0.06992152145762216,0.3828457431892161,1.8620403875787093,-0.2489969414514333,1.87600284304553
turn_left,0.49926329921129825,0.02713223287254311,-0.4992632992112977,-0.02713223287254366,1.1507282033760475,0.20263085733454958,-1.2318595951917042,-0.07275324391007922,1.4402186923370601,-0.5386404826504837,-1.8841347538786657,-0.07638461972101135,0.3828445824858411,1.869527988312751,-0.25101543921646396,1.8831764158179576
turn_left,0.49925208780561103,0.027337754511638144,-0.49925208780561076,-0.027337754511638144,1.1549566528267214,0.21401781069064607,-1.2340806798573078,-0.07545906350098056,1.378463032503392,-0.5891403904755457,-1.886992683392608,-0.08031479270320195,0.382770133047201,1.872356743293068,-0.25180458885043944,1.8858684404965536
turn_left,0.499240568484791,0.027547318907336877,-0.49924056848479126,-0.027547318907336877,1.1706856472234144,0.21374308264059994,-1.235118281925798,-0.07548838548617477,1.1951583817410638,-0.668107058254966,-1.8881339967174005,-0.07984417965271273,0.382778806669098,1.873310247290898,-0.25203308515684497,1.8867056934788449
turn_left,0.4992216611939713,0.027887864649910298,-0.4992216611939713,-0.027887864649910298,1.1815714772994588,0.21581226001135312,-1.237460001099308,-0.07551071720812787,1.133778376900324,-0.6780626563969351,-1.8899351485170413,-0.07996469433475797,0.3825319884346786,1.8770635628763515,-0.2519577616229124,1.8901311370125975
turn_left,0.49923883209028735,0.02757876960862415,-0.4992388320902879,-0.027578769608623595,1.1842864419273178,0.21901179530361262,-1.2390875356147315,-0.0755955880159566,1.0629841267059665,-0.6828261527110062,-1.8925459388046875,-0.0797531129385356,0.38244675883253487,1.8816737653817492,-0.25266628487533793,1.892562996890912
turn_left,0.4992778051812453,0.026863976872357174,-0.49927780518124504,-0.026863976872357174,1.185006714064492,0.22118091160675515,-1.2402564502587825,-0.0753320852109704,1.0534090847054847,-0.6830807899977507,-1.8932914315231049,-0.08015339035754662,0.38230160298293,1.8849909292035476,-0.2537514125005785,1.8955073416497754
turn_left,0.4993070960533007,0.02631394745795669,-0.4993070960533004,-0.026313947457956136,1.186091552683674,0.22121522880768682,-1.2409638376975658,-0.06943150367222395,1.096018342247907,-0.6910395372668021,-1.8943111448356453,-0.07597349892311106,0.38254087305731954,1.8848410947582739,-0.25389843695062525,1.8938046288700867
turn_left,0.4993417768037005,0.025647415825440837,-0.49934177680370107,-0.025647415825440837,1.186956468227127,0.2195830228072178,-1.241256166868235,-0.06748947430759449,1.1222453757580908,-0.692901833021114,-1.89496308899926,-0.0754003289893835,0.3829073738959303,1.8840335636105514,-0.25369779274536153,1.8927494121760617
turn_left,0.49936356840410984,0.025219566822493086,-0.4993635684041093,-0.025219566822493086,1.1898200743221912,0.21380336090197563,-1.240821336737883,-0.06674880030435412,1.2225114124542589,-0.695185121909224,-1.8943005815436482,-0.0738332167958073,0.38714790390719267,1.8851843862118827,-0.24989446907732898,1.893616252609751
turn_left,0.49936705680647536,0.025150399130794376,-0.49936705680647564,-0.025150399130794376,1.1848710440678853,0.21299475002043305,-1.240685966191098,-0.0648277959560605,1.2924999640999513,-0.6929231733278101,-1.8953103486805973,-0.07241615561541334,0.3899470973212111,1.8808562419231163,-0.24563259982576408,1.8893463806069717
turn_left,0.49939172133286774,0.024655803864305933,-0.4993917213328683,-0.024655803864305933,1.1832296413252101,0.21129612922841506,-1.241076116142999,-0.06269802754733117,1.3490136118959195,-0.6867175064262679,-1.8974956269309864,-0.06953332831850259,0.39155915198194224,1.8837115550297094,-0.24495539314958178,1.8914779117225955
turn_left,0.49941746525977987,0.02412872548429991,-0.4994174652597796,-0.024128725484299354,1.1777591392975137,0.1990738114284507,-1.2349546434865526,-0.06348826528440557,1.4665580251114108,-0.5832614085796056,-1.8968417214069107,-0.06906863639452544,0.39167258269716326,1.8823033787674275,-0.24493033006867354,1.890100911020873
turn_left,0.4994128608834484,0.02422383917155718,-0.4994128608834484,-0.02422383917155718,1.1604246237510818,0.19747755890017404,-1.2310743743820214,-0.06217613912225786,1.4833466635742583,-0.48668865366253694,-1.8930531249097169,-0.06831434598535022,0.3921267534214621,1.8804905057844044,-0.24265370853399443,1.8882421977421047
turn_left,0.4994091041694599,0.024301166076090373,-0.4994091041694596,-0.024301166076090928,1.153527077934578,0.19878396945420612,-1.2287472984256327,-0.06177039035434392,1.4944664365470668,-0.4638443141076614,-1.8931372768688735,-0.06793759303408493,0.39195599121665387,1.88037762489545,-0.24257417591663752,1.8885132942736824
turn_left,0.49936687933266816,0.02515392266730231,-0.4993668793326679,-0.02515392266730231,1.1545958890561805,0.21722385500005656,-1.2321940828062667,-0.06671966783945238,1.4591312653125967,-0.4848536137110043,-1.8958186020876264,-0.06901487730180936,0.3925463530559872,1.8829023572697872,-0.24241658289585527,1.891764445932821
turn_left,0.49933644080290746,0.025751094856033118,-0.49933644080290773,-0.025751094856033118,1.1571103636093343,0.23238371704939084,-1.2342508398252503,-0.06908639962755296,1.4607821294426386,-0.4900801770284786,-1.9006352404446332,-0.07108308461991424,0.3920672967325595,1.8883839366315038,-0.2439916997521216,1.8969930690674985
turn_left,0.49938603885895716,0.02477063165848346,-0.4993860388589569,-0.02477063165848346,1.1542006138552332,0.2305189163716525,-1.224802190904863,-0.0690165194680613,1.53285526513688,-0.3692713281155001,-1.8901348159718716,-0.05861375597609065,0.3912665828078915,1.8856105272653392,-0.24407034175487216,1.8962081527538237
turn_left,0.4994420365004119,0.02361466019915458,-0.49944203650041136,-0.02361466019915458,1.1615320690084185,0.23647018257538688,-1.230844422784209,-0.07186426629249051,1.164888200158967,-0.5365920282079497,-1.8956220220503246,-0.06945624775630803,0.39094735182979046,1.8911225241018266,-0.24539625929339406,1.9012050004734218
turn_left,0.4994411326120362,0.023633769382104264,-0.4994411326120362,-0.023633769382104264,1.1701928294165056,0.2364798151003032,-1.2339514069586788,-0.07438353479891081,1.1295395230772587,-0.649305676004468,-1.898815422705187,-0.07382370257651641,0.3911702488850136,1.8957915227776763,-0.2461621727997954,1.9037437090380005
turn_left,0.4994819682621998,0.022754414536937564,-0.4994819682621998,-0.022754414536937006,1.1764035826729944,0.23420458368128289,-1.2353534936435562,-0.06499559093390787,1.1941417371562855,-0.6669074263007672,-1.8988463415898982,-0.07185480274180886,0.39319875465296994,1.8993255192794587,-0.2452448116366158,1.9067622406726057
turn_left,0.49956626813295707,0.020821713275099712,-0.49956626813295707,-0.020821713275099712,1.1797378453129597,0.23318414930418999,-1.2347947675638105,-0.0560350305530006,1.2021878445258245,-0.658821098325072,-1.88666737160852,-0.055000956002627596,0.39546192414903836,1.8997174185812509,-0.24379357822858674,1.9078946490020292
turn_left,0.4996149351949134,0.019619289747148543,-0.4996149351949131,-0.0196192897471491,1.1793073148869746,0.23263094292217792,-1.2318017748698789,-0.05231123209692141,1.3577090650197896,-0.6334012818661787,-1.8839517383034228,-0.028215653371464745,0.3981746261224527,1.8990660060040974,-0.24082393565919422,1.9080784577691599
turn_left,0.49961485927263544,0.01962122305016741,-0.499614859272636,-0.01962122305016741,1.1746763424654378,0.2241782428527433,-1.2242642158214845,-0.051202835316036935,1.4924486230501968,-0.5069262961514899,-1.8827409427775472,-0.016156516803591245,0.3977148406739187,1.897490157671454,-0.24196557635840135,1.9063559014671272
turn_left,0.49959385449838384,0.020148958966851507,-0.49959385449838356,-0.020148958966851507,1.1709561021968586,0.22011220159208159,-1.218894631827426,-0.05137484718740124,1.5430180422255466,-0.44816659632340394,-1.8780538625519938,-0.012582282716243742,0.39666930251642174,1.8929579915193244,-0.24220494623608735,1.9024682244902495
turn_left,0.4995795431222965,0.02050073397996483,-0.4995795431222968,-0.02050073397996483,1.167859904220468,0.21718202435241063,-1.2156948044927463,-0.05130894942679538,1.5519394773163515,-0.4284968529852543,-1.8748205380440448,-0.010865901756174091,0.3958088657009409,1.8895987776991048,-0.24242651261817727,1.8995860272685368
turn_left,0.4995714563749148,0.020696859072006062,-0.49957145637491507,-0.020696859072006617,1.161448700301847,0.2257517579022694,-1.2160266123939214,-0.05070063225261858,1.528517155154184,-0.3979963786182504,-1.8684688939465812,-0.01202755082178436,0.39615016928929003,1.885007226949307,-0.24052921117861928,1.8952898085671896
turn_left,0.4995962185714583,0.020090256073525957,-0.49959621857145803,-0.020090256073525957,1.1514400602127222,0.22895748430703694,-1.2104880234203563,-0.04982926498332915,1.5077894949624822,-0.4022009839765318,-1.8573184815176569,-0.01438948271427764,0.3968832719780422,1.876604465909998,-0.23709449698440085,1.8888952668492887
turn_left,0.4995872936576114,0.02031098264149895,-0.49958729365761195,-0.02031098264149895,1.1520575712743222,0.22896951423183245,-1.2118315522797276,-0.05021888048797631,1.455727781459887,-0.511183162148103,-1.8591606556393827,-0.023187572489770072,0.39669647258842206,1.877651333678972,-0.23771781448428028,1.8897401525948672
turn_left,0.4995062930190351,0.022214032375553337,-0.49950629301903454,-0.022214032375553337,1.1629266175888415,0.23446435081388495,-1.2215900517363636,-0.0611040010242435,1.3606084557869256,-0.5656730540568105,-1.869980586698329,-0.038765348165758426,0.3958593089153965,1.8818917994869058,-0.2402319848707693,1.8938440533302279
turn_left,0.49934759048014216,0.02553397504652394,-0.4993475904801416,-0.02553397504652394,1.1854631826615947,0.2304235009917565,-1.2287596261697469,-0.0680898578444784,1.3027437705488025,-0.6570356161713414,-1.8811868033011745,-0.058307648920852544,0.39443467926509246,1.8858282331957599,-0.24418738799027745,1.8974390357436983
turn_left,0.4992181074561197,0.027951407619838095,-0.49921810745611916,-0.027951407619838095,1.1993945781572273,0.22999351178268085,-1.2348414641734948,-0.0722616200016349,1.2578698591904682,-0.679704331747575,-1.8894679286225193,-0.06887978544063679,0.39292442968120767,1.8891517696557683,-0.24757170664684675,1.900420263503763
turn_left,0.49921464174058244,0.028013237439143003,-0.4992146417405827,-0.028013237439142444,1.204488114628633,0.23558381834326128,-1.2414526005972522,-0.07506832431317519,1.1586907320258413,-0.6748316110643018,-1.899106955177756,-0.07537146844046154,0.39032577678747993,1.895568061201281,-0.2518856951359849,1.904544267744532
turn_left,0.4991195551703357,0.029659225319726184,-0.4991195551703357,-0.029659225319726184,1.2040966877307098,0.2470402411319914,-1.2469375565708325,-0.07545268884955382,1.1023567608574971,-0.6603423017406954,-1.906250732017054,-0.0764263972113736,0.3867760643954126,1.9017655226295538,-0.256391278908957,1.9099409902985813
turn_left,0.49912927773010757,0.029495154053186638,-0.49912927773010757,-0.029495154053186638,1.2032614781976412,0.2482544433347444,-1.2502968058966082,-0.07918420814609944,1.0914771692547376,-0.6539241948841729,-1.9127739270537927,-0.08210027913352154,0.3831870446381729,1.9057271600333472,-0.261275987364957,1.9103931753041903
turn_left,0.4991424788769412,0.029270903309977184,-0.4991424788769418,-0.029270903309977184,1.202062443019216,0.25534042737915164,-1.2524519311134197,-0.07902235101995414,1.0970535383415698,-0.6471678353584422,-1.916984903558209,-0.08130588289594466,0.3817166110629264,1.9078013577364816,-0.26302342759220215,1.9117669049349686
turn_left,0.4992269129745517,0.027793692843870333,-0.4992269129745517,-0.02779369284386977,1.2008673244209367,0.25181322085932417,-1.2529611687642417,-0.07463750498652302,1.115809332085772,-0.661159698776104,-1.9141835682901975,-0.08169361514230204,0.38212914090501426,1.9033586995407061,-0.26134234660025285,1.9079770664439566
turn_left,0.4992834630206748,0.026758616445599834,-0.4992834630206742,-0.026758616445600396,1.2000843465650815,0.2430517093144849,-1.2521028617531014,-0.0715711482208727,1.1749831654792966,-0.6790539143599071,-1.9124115312494459,-0.08069547512064393,0.3839775118984905,1.8994407762795469,-0.2592887205618876,1.9059725402975758
turn_left,0.49928181729257104,0.026789306094548833,-0.4992818172925716,-0.026789306094548833,1.1922333175740119,0.24189347617787996,-1.2491506548063394,-0.06942834949619456,1.3270741307738567,-0.6535701573431495,-1.9008734071759577,-0.06851823042281355,0.3870223530056221,1.9012507633102536,-0.2567505585947123,1.9078253075225229
turn_left,0.49933348188984267,0.02580840684285794,-0.4993334818898421,-0.02580840684285794,1.1792128764253964,0.2389831124923855,-1.2451652109192632,-0.06675426876642632,1.3862287317246607,-0.6356942342352507,-1.89110429042165,-0.05705252533544654,0.3893006096830616,1.9017615726337418,-0.2548346413635583,1.9089811162416133
turn_left,0.49939359867995925,0.024617749642880233,-0.4993935986799598,-0.02461774964288079,1.1738600526576282,0.2359442637451499,-1.2364724174942738,-0.06713438616484206,1.5401736908349635,-0.4753133345593439,-1.8810038009426764,-0.044009097728250346,0.38939706993675943,1.89323167410524,-0.25266816075393533,1.9011224431470108
turn_left,0.4994077407493417,0.02432916931665819,-0.49940774074934113,-0.024329169316657632,1.169329618998592,0.23501813356317808,-1.231617945416852,-0.06575740661872093,1.567198252074146,-0.42011341012272746,-1.8751587080624779,-0.0361434593033752,0.3893605321373953,1.8877838132211295,-0.2509442560240846,1.8966380842563693
turn_left,0.4993635963529835,0.02521901341080745,-0.4993635963529838,-0.02521901341080745,1.1670887985116676,0.23322267413682365,-1.2263335421332544,-0.06210549734142766,1.5283536373063689,-0.4370759490805092,-1.8734637944065053,-0.03538393917256037,0.389296168261987,1.8880519188682772,-0.25062356933908314,1.8979161854568503
turn_left,0.49931568177495533,0.026150524537982764,-0.49931568177495506,-0.026150524537983322,1.1611752944460247,0.23466382609716238,-1.2229820160065445,-0.05994073522320234,1.5064093370204423,-0.44948036762476284,-1.8721672681199195,-0.035240254952458076,0.38932170979429376,1.887598332207252,-0.2505029774683205,1.898009690675963
turn_left,0.49930053042112016,0.026438235969666775,-0.4993005304211207,-0.02643823596966622,1.1608727243278767,0.2340012719487675,-1.2243219790094666,-0.05917596986283259,1.4996470644519004,-0.5084147133878687,-1.8764499435477193,-0.03886243594431787,0.3887885403238846,1.8878430105650779,-0.25063052253145623,1.897983611504657
turn_left,0.4991487209882322,0.02916426470548495,-0.49914872098823276,-0.02916426470548495,1.1610243206617503,0.2347413608039319,-1.2317263343613616,-0.06410452469568158,1.4245034786013733,-0.5559355437993201,-1.8888038186398706,-0.04765013283199792,0.38864054857939606,1.8860678552275492,-0.2506290765473355,1.8955557431608498
turn_left,0.49908377050570885,0.03025541303312148,-0.4990837705057091,-0.03025541303312148,1.1660437747868144,0.23543388960074257,-1.2374100286938658,-0.06998933049157167,1.3547207708654563,-0.5851472214478123,-1.897073203899815,-0.05748477269520984,0.38803310909005256,1.8904145738379687,-0.2528322614861441,1.8997625286874218
turn_left,0.4991770884496203,0.02867462932559561,-0.4991770884496197,-0.02867462932559505,1.1648744529608972,0.2319345950845826,-1.224837563852625,-0.06401910298818672,1.4962514740177313,-0.5041429384432817,-1.8848788915542378,-0.048235834761615325,0.386643047137454,1.8912111026641407,-0.2538756724167133,1.8990307906066661
turn_left,0.49908751160545073,0.03019363773179767,-0.49908751160545073,-0.03019363773179767,1.189130518134682,0.2301847046697363,-1.2417229416746158,-0.07205460995684185,1.2523310379603225,-0.6479220244848717,-1.9073693983036906,-0.08178774225907957,0.38358844121864816,1.9068572383063995,-0.2610039510843269,1.9146708377191788
turn_left,0.4989967695427825,0.03165792137629047,-0.4989967695427822,-0.03165792137628991,1.194127707847527,0.22692062386146458,-1.2489944081008901,-0.08043523078083807,1.2234358435155899,-0.6818123168577708,-1.9122654987730714,-0.09741839226009322,0.3825740755994298,1.903827383932218,-0.2612180147601792,1.9114956759843165
turn_left,0.49895320246145103,0.03233731209396397,-0.49895320246145075,-0.03233731209396397,1.1890254451542093,0.22589599538091737,-1.2516393434436484,-0.08805814171080595,1.237808075871068,-0.6666629111457548,-1.914766667694106,-0.1003406640623362,0.38207514621165134,1.9024704153407304,-0.26150038192538766,1.9100799763855323
turn_left,0.4989214685924557,0.03282328712282429,-0.4989214685924554,-0.03282328712282429,1.185281113201491,0.2251002952672012,-1.2533690153822927,-0.09295480725396288,1.2487073637970518,-0.6576137397494307,-1.9163502638293497,-0.10224159865375822,0.3816620010879412,1.9014164965748883,-0.2617620740044296,1.9089355371627752
turn_left,0.4989474327620094,0.032426213781445085,-0.4989474327620097,-0.032426213781445085,1.1792926713596004,0.22430042340589262,-1.2481238820895835,-0.09136496056380845,1.3149250824130363,-0.6348500677435404,-1.9138394346606724,-0.10143456405838412,0.38109858482549597,1.8999646315020555,-0.26190518303085486,1.9070008132028111
turn_left,0.49892343937488726,0.03279331703767296,-0.498923439374887,-0.03279331703767296,1.1790557650186555,0.22234941415345572,-1.2462705435197365,-0.08815861795021983,1.3175826574061784,-0.633961323328185,-1.9058760202986007,-0.09489154705328685,0.38094141076395377,1.9024689286315222,-0.26246395185155064,1.9060959999704794
turn_left,0.498906541261839,0.03304940371851247,-0.4989065412618384,-0.03304940371851191,1.184313689128539,0.2245682569383618,-1.252024479037715,-0.09334773225148187,1.313428389555925,-0.6384877954743119,-1.915461042775604,-0.09498044952766274,0.38045930588193533,1.9124509997642603,-0.2650865041446941,1.9138902988476867
turn_left,0.4988466013229373,0.033942132351320646,-0.498846601322937,-0.033942132351320646,1.1896448360512983,0.2233336369758886,-1.2547503047827262,-0.09516898632787522,1.2971344443615407,-0.6445206308962433,-1.9214647123117248,-0.094008854327173,0.38024756486563727,1.9157621820445383,-0.26589658322701953,1.9178530198969563
turn_left,0.49881371283150777,0.03442208435359424,-0.49881371283150805,-0.03442208435359424,1.1916870322733586,0.22801670910884442,-1.2573011266201346,-0.09577439707030332,1.2000713945511698,-0.6632088518486382,-1.923581599077496,-0.10642718738870927,0.379206330878518,1.9167929372594952,-0.266298068066973,1.9193461271911914
turn_left,0.49881174599353734,0.03445057414439757,-0.4988117459935376,-0.03445057414439813,1.1913049894966887,0.23122419526964644,-1.2645137140400269,-0.09753317555325638,1.0582638486316678,-0.680194857424555,-1.9365430391597613,-0.1155173663660138,0.3740746551915595,1.922433444997982,-0.2731799915603864,1.924835308945369
turn_left,0.498823514451319,0.03427975248502971,-0.49882351445131873,-0.034279752485030276,1.1939563050011455,0.246604730128627,-1.2690161577639678,-0.0990603297980169,0.9994870225328988,-0.6684398150465036,-1.9459000400092628,-0.12190588850020359,0.36882522539278617,1.9261187327512699,-0.2788084170848694,1.9274703036130227
turn_left,0.49872955244803063,0.03562068942324383,-0.49872955244803036,-0.03562068942324383,1.1934661878971546,0.25553492670237693,-1.2726543279840132,-0.1006701327295468,0.971216034906318,-0.6456218468646315,-1.9502648996516796,-0.12990087637208814,0.3671303612094392,1.9287043121278862,-0.28058795734427855,1.9303401824465063
turn_left,0.4987354686411694,0.035537759063747384,-0.4987354686411697,-0.035537759063747384,1.1895248404550764,0.2623596255217768,-1.2715260642097814,-0.10174666687556942,0.9972029420130508,-0.6408964559539354,-1.9474796811257953,-0.12950368800003764,0.364687953778337,1.9247129688745526,-0.28151840496204633,1.924671940839263
turn_left,0.4987390535531527,0.035487412710784004,-0.4987390535531527,-0.035487412710784004,1.1879105320653836,0.26325710109413936,-1.271584082085144,-0.10196825863917759,1.0195654140252497,-0.6624912129823048,-1.9461571276847247,-0.1286485318101158,0.36367170264811427,1.9236936970617065,-0.281806856494154,1.9229015381027466
turn_left,0.49872910386484015,0.03562696953396047,-0.4987291038648396,-0.03562696953396103,1.189474101405886,0.24470833028831462,-1.2742859616855224,-0.10178601418721057,1.1133869645986858,-0.6880545432066153,-1.9451982265593841,-0.1282284369405551,0.3644017173054309,1.9234192751346901,-0.2803403859350595,1.9228217676717323
turn_left,0.49873026020014233,0.03561077871513448,-0.49873026020014233,-0.03561077871513505,1.190968307201339,0.23682961771289138,-1.2727978597529852,-0.09813200714357476,1.1961945786354866,-0.6873217809899919,-1.9370469876144132,-0.12751440339747186,0.3671019092260909,1.9230151078442748,-0.27799799403765685,1.9234741853404989
turn_left,0.49877497999988274,0.03497884112026001,-0.498774979999883,-0.03497884112026057,1.1753965413696095,0.22653199184017878,-1.2620767180921677,-0.08827789231633863,1.3177047812711893,-0.6705975578944776,-1.9195863086524108,-0.11146446898209628,0.3693779900516755,1.9127255533178504,-0.27213217569857884,1.9142431040111827
turn_left,0.4987575002022393,0.03522720528247191,-0.498757500202239,-0.03522720528247191,1.1613321162655563,0.22238193518400273,-1.2568942188807566,-0.07776552632558084,1.375789657661034,-0.6462250298600561,-1.9054225646720826,-0.09606831282934244,0.37121942797779284,1.9005435344341375,-0.2670631946609105,1.9039165560294429
turn_left,0.49871786991161915,0.03578388227704444,-0.49871786991161915,-0.03578388227704444,1.1570096761333,0.21172060075648597,-1.2501761254925678,-0.07437888692856905,1.4792085474121999,-0.5048488685264543,-1.8996237045211508,-0.063493084753243,0.3720646812345859,1.8922014034614028,-0.2633985655236818,1.8964253373474438
turn_left,0.498693106243527,0.0361273550814626,-0.49869310624352753,-0.03612735508146204,1.149802085441483,0.21180060538767365,-1.24613475091316,-0.0716730228689257,1.5061277768547217,-0.44740419327692615,-1.8936594870633978,-0.04488091378578841,0.3727503870248685,1.8880902457564863,-0.26120114859260857,1.8938839028399812
turn_left,0.49862394001584714,0.03706975105221235,-0.49862394001584687,-0.037069751052211795,1.1467578068585718,0.21300444752861855,-1.2435427503210423,-0.06979604104839827,1.4834982522587035,-0.44199073765379193,-1.8903727558903367,-0.038510320119769625,0.3738243532061414,1.8882542950544772,-0.25966825537778365,1.8941795777326336
turn_left,0.4986410309625646,0.03683914006313067,-0.49864103096256407,-0.03683914006313067,1.1478692646338151,0.21332042264177994,-1.244535294003607,-0.06745914711284245,1.4681215802385108,-0.4586557899663879,-1.8893899485694279,-0.04024961525260009,0.3765102212456418,1.8908879175876891,-0.2577036990945136,1.8959064078704746
turn_left,0.4986791147313957,0.03631997426638981,-0.49867911473139626,-0.03631997426638981,1.1487276150171248,0.2147808800657851,-1.2333256596969655,-0.06374851907633722,1.4505276689076676,-0.5278368803492806,-1.877052331402233,-0.04031625692066255,0.3779011979705456,1.8936684530941577,-0.25708206495598246,1.8991168268660128
turn_left,0.49868236918054454,0.03627526248670299,-0.49868236918054426,-0.036275262486703555,1.1498290844527501,0.216061985245701,-1.2321370028726875,-0.06079994154994159,1.4256627053812536,-0.5722664379002984,-1.8754518162786753,-0.0428205836062892,0.3786553155456223,1.8965754101155865,-0.2570276041732647,1.901512002094033
turn_left,0.4987664776243849,0.03509986891946718,-0.4987664776243852,-0.03509986891946718,1.1623949245153518,0.210737781498806,-1.2353889082428475,-0.061168543885025,1.2919155769535295,-0.6643883453206956,-1.8795402317333885,-0.050351213599778254,0.37840209087794385,1.899652025828859,-0.2588189011643159,1.9037747006910677
turn_left,0.4988605758485096,0.033736121058788565,-0.4988605758485099,-0.033736121058788,1.17056557794685,0.20808232947454014,-1.234975830341214,-0.06068026637020705,1.2180151559914665,-0.6948020074355645,-1.8852723350606948,-0.05288539551190185,0.3779749900520111,1.903918953078735,-0.2617477517100654,1.907127610088574
turn_left,0.49887858005410024,0.03346882673779738,-0.49887858005410024,-0.03346882673779738,1.1724300101645275,0.21193866559469351,-1.239019000035988,-0.060486321745459135,1.119048009803238,-0.6887335205300764,-1.8908589643879843,-0.057624328065427714,0.37783445604604826,1.9075647243214968,-0.2623903594498649,1.9104424046504822
turn_left,0.4988865965174389,0.0333491201570006,-0.49888659651743916,-0.033349120157000034,1.1735896249514304,0.22107588750610388,-1.241803385672927,-0.060698848568068446,1.0835488011162273,-0.6853722323956939,-1.896683820564674,-0.059177438550251385,0.37608591513385414,1.9124457203934293,-0.2654282620099039,1.9141311727847983
turn_left,0.4989022858773725,0.03311357948534572,-0.4989022858773728,-0.03311357948534572,1.1780938562224172,0.2212420924324601,-1.2452620533979832,-0.06152271419768876,1.0386700835390772,-0.6941208264660721,-1.9017271170511532,-0.06197749602637548,0.3745808539436142,1.9151824099596386,-0.26785279551522784,1.9153860502819684
turn_left,0.49884998319388774,0.033892392471729954,-0.498849983193888,-0.03389239247172939,1.1812264517805449,0.21673451191317455,-1.248047955442038,-0.062343414928023505,1.1313268023535903,-0.6964140664125369,-1.9026375076741193,-0.06537325666808294,0.37454803975464124,1.9118582425587538,-0.267385340663783,1.9125046656770657
turn_left,0.499160683038413,0.02895880709948376,-0.4991606830384127,-0.02895880709948376,1.1850349094487227,0.18672095989310658,-1.231837351330287,-0.027032323835605672,1.1497512742794431,-0.7360859100919291,-1.8924543025675984,0.026699793624556396,0.3788201489788844,1.9156885781743538,-0.2651176146077078,1.917533667529217
turn_left,0.4992935315751723,0.02657008331172765,-0.49929353157517287,-0.02657008331172765,1.188796535771736,0.1803192593418432,-1.222558070725798,-0.010048117226168022,1.1512602127424258,-0.7415076090725659,-1.8853387511745408,0.065379322162085,0.38012897046157257,1.913915902506877,-0.2634830439708448,1.9165113063445252
turn_left,0.4993917584582937,0.02465505189475729,-0.4993917584582937,-0.02465505189475785,1.1882489200298534,0.18137232535821543,-1.2185556289337323,-0.0027360344435026253,1.0394863377305539,-0.7328175321616932,-1.8751533362928317,0.06346336563814409,0.37918519408558266,1.9085591081012319,-0.26377466994201143,1.9111854605298297
turn_left,0.49951074920710997,0.022113602749258287,-0.4995107492071094,-0.022113602749258287,1.1914768272932585,0.18265467112489286,-1.2177365135706963,0.0006824026522063966,0.9921539278776668,-0.7294534291864767,-1.8725598227154054,0.05637448716036982,0.37880696844921224,1.9077374560692086,-0.26387809985554606,1.9112511368847604
turn_left,0.4995241720326057,0.021808290972463642,-0.49952417203260596,-0.02180829097246308,1.1882213512284585,0.18924059581551403,-1.210808898714112,0.0015801345407326641,0.9082085125021789,-0.6469034673101284,-1.8648877150410725,0.04890793602468555,0.3754233576237933,1.9018759798422515,-0.26728463374555744,1.906062444298726
turn_left,0.4995564310909963,0.021056404147588158,-0.49955643109099657,-0.0210564041475876,1.187087358593025,0.19036086138720937,-1.2063617937780384,0.0043674487762971545,0.9011938580210734,-0.6234894199527216,-1.8621103493025142,0.046993809900613685,0.37446644182652106,1.9040211203803243,-0.2680768315784471,1.9109660905239154
turn_left,0.4996188310316849,0.01951982783050145,-0.4996188310316855,-0.01951982783050201,1.1864172194791216,0.20285166977275404,-1.2081322022370287,0.007495176748862035,0.9306939936555605,-0.6390900924278272,-1.8666375678019593,0.05137549257891187,0.37596859322253606,1.905604266379609,-0.26639269555594697,1.9119797201375002
turn_left,0.49963601367313615,0.01907495323238825,-0.49963601367313587,-0.01907495323238881,1.1869498782734942,0.2061168199253512,-1.209377181741096,0.010746550360864405,0.9792694046418232,-0.6481662511622881,-1.8688037746256005,0.05606533204442052,0.37567042733466766,1.9067616773911193,-0.2667089652138264,1.9122347877452912
turn_left,0.4996354984736629,0.019088443230777793,-0.49963549847366234,-0.01908844323077835,1.1878488891671497,0.20571949340722528,-1.2159684267993205,0.009816589258362577,1.1919905393846966,-0.6490024435374462,-1.875288799296322,0.054199044339826835,0.3776611028673731,1.9065968087460057,-0.2649920440189014,1.9120529203473593
turn_left,0.49961665869906385,0.0195753505813598,-0.49961665869906385,-0.0195753505813598,1.1866496237504318,0.20448699874881449,-1.215302733209291,0.008981249811350477,1.2741780504258777,-0.6565407709995094,-1.8765180527061227,0.05259814218317842,0.37990846852688037,1.908008192267238,-0.2629644789920697,1.9142521467544875
turn_left,0.4995586413752722,0.02100390028762085,-0.49955864137527195,-0.021003900287620288,1.1655858390935459,0.20289591093091075,-1.207530939979273,0.0068125283522789465,1.3880086471277022,-0.6110580065115261,-1.8679538452956737,0.05029072446342027,0.38195630767666305,1.899779976701886,-0.25942863381239956,1.9076065174057988
turn_left,0.49954026231032433,0.02143656527833556,-0.49954026231032433,-0.021436565278335002,1.1589981937192178,0.20129831441979806,-1.2052493311128052,0.005209465833900463,1.4233069423520568,-0.5863676875577859,-1.864521977539169,0.048030466298647254,0.38220737731270416,1.8951947491510777,-0.25830990041921315,1.9031880181853964
turn_left,0.4995348735474905,0.021561774275154995,-0.4995348735474905,-0.021561774275154995,1.1584740103172506,0.17995736274731927,-1.2001485344576608,0.004558849906712714,1.504131621832895,-0.5473874835837657,-1.8574478379795831,0.04653708971567609,0.381197933489307,1.887968959061382,-0.2570150527291114,1.896395651644143
turn_left,0.49955977261250206,0.020976977555050843,-0.49955977261250234,-0.020976977555050843,1.1603582343307512,0.16409966032259946,-1.1965282227409741,0.0038250190339511546,1.5270319772716958,-0.5447471697423865,-1.8550121091533949,0.04519686562417557,0.38023142850827224,1.8867285231052926,-0.25825719435026223,1.894547643215252
turn_left,0.4995099246013636,0.022132221414494203,-0.49950992460136334,-0.022132221414494203,1.1592476942835235,0.16350179085280198,-1.1956642736209926,0.004154983623824079,1.493640893460118,-0.5479488596031237,-1.8526475401307434,0.04513624360275114,0.37964769087053984,1.8853794397872048,-0.2580415507711133,1.8931994496281517
turn_left,0.49941263335017283,0.02422852967569284,-0.49941263335017255,-0.02422852967569284,1.1582252402702113,0.1654974199834326,-1.1974551373037634,0.00496452286932844,1.4617809793497079,-0.5522708063564061,-1.8524007082516867,0.04575063976637632,0.3794970082264681,1.8847496857310448,-0.2578939881928426,1.8936287365739857
turn_left,0.4992714204696171,0.026982377624123664,-0.4992714204696171,-0.02698237762412422,1.1593797536760462,0.18281991246228999,-1.2058445776882591,0.002045354822785999,1.416361760488152,-0.6088292604526514,-1.856487859062492,0.037141741978086174,0.37807097874894874,1.8834633040691544,-0.2601389847034407,1.8906781098336718
turn_left,0.4992538889220117,0.027304841992728184,-0.49925388892201117,-0.027304841992728184,1.165078987688441,0.19568647971216968,-1.2155697001124568,0.0012449387038768415,1.3569007058548,-0.6323276762352457,-1.8639092795103762,0.03054452179622889,0.3778578749848449,1.8865004646456014,-0.2613891826198793,1.8938234171009594
turn_left,0.4992410428801508,0.027538720085355253,-0.49924104288015053,-0.027538720085355253,1.1689821781461391,0.19756420262809604,-1.2224816522353195,0.00021591066467256252,1.307405512889622,-0.6512168517398265,-1.8700900980273198,0.025441849451126066,0.37794073498866737,1.8891603750385306,-0.2618781227501052,1.8968769427169838
turn_left,0.49929527618114017,0.02653727912200158,-0.49929527618114017,-0.026537279122002135,1.1831699014945027,0.18387057194405235,-1.2262647567114486,-0.00024194297446770714,1.1160579694693782,-0.7036782175932421,-1.8713422012997725,0.024473148634925328,0.37551346629811044,1.888115248409471,-0.2641205987868546,1.8951159929710077
turn_left,0.49926032206019694,0.027186960410251287,-0.49926032206019666,-0.027186960410251846,1.1880644955503814,0.1713751244129596,-1.228062822209263,-0.0016146707207697418,0.9246397868090488,-0.698944780643515,-1.871784478790824,0.0210316005334491,0.3703202359858855,1.882065700717815,-0.2682049799472534,1.889403288545264
turn_left,0.49936499348572577,0.025191333450236844,-0.49936499348572577,-0.0251913334502374,1.197381153565433,0.16733547538820254,-1.2312853432693747,-0.0036208128718999122,0.8810227196339129,-0.7000054269925855,-1.8755657177852532,0.01983519120925463,0.36867608123106893,1.8853324203654351,-0.2710230956072397,1.8927648580493273
turn_left,0.49933067237831996,0.02586270717104404,-0.4993306723783194,-0.02586270717104404,1.1972753118678376,0.17037313008247823,-1.227749772703607,-0.0013254594366668955,0.9486072441746389,-0.6936532660680526,-1.8694394301223205,0.02454352537405044,0.36803925382844177,1.8851035124604971,-0.271170435073983,1.8924654037955653
turn_left,0.49939945150223614,0.02449873138073811,-0.4993994515022364,-0.02449873138073811,1.1962934603060824,0.17137231078878717,-1.2241605775904452,0.000569130177557531,0.9832119742554114,-0.6996520680703954,-1.8659166599968722,0.0281123502844288,0.36911568709313924,1.8848664453940343,-0.2699214440102839,1.8920981606963765
turn_left,0.4994943411490503,0.02248117345861005,-0.4994943411490503,-0.022481173458610604,1.199042242073835,0.1451768483856422,-1.222364900981069,0.0023605817236789363,1.0776668104177785,-0.7745458035788718,-1.8679470285217066,0.030498010883954832,0.37064661503522256,1.8886407901099025,-0.2684928728422528,1.8973968443628793
turn_left,0.4996011630039506,0.019966920771616114,-0.4996011630039506,-0.019966920771616114,1.198301897714092,0.1317314784440609,-1.219724788326848,0.0025523527998039456,1.1788538137767794,-0.7799360981290572,-1.86495778155389,0.032601854758479716,0.3716374880921549,1.8884950838393635,-0.26616768716394446,1.897816221274415
turn_left,0.4997179169697897,0.01679295862480887,-0.4997179169697894,-0.01679295862480832,1.1878568522172679,0.061854096509237476,-1.2097824462605111,0.004870462306492059,1.3421758993898942,-0.8158866082283867,-1.8524275585301628,0.0478834075644089,0.37050005057762,1.8718915474615268,-0.2623520455891465,1.8823171755474042
turn_left,0.49984215561257395,0.012562622042216916,-0.49984215561257367,-0.012562622042216368,1.1788020773921783,0.044422773869591446,-1.205493473218962,0.004222268781142485,1.391923281250013,-0.8045427353680308,-1.8412707500732077,0.05261568412505288,0.3674233360078759,1.8559505378388836,-0.262671689557219,1.866378700057405
turn_left,0.49990308278474294,0.009844177076332668,-0.49990308278474344,-0.009844177076332122,1.1691054566422032,0.029779272457420507,-1.201067745163729,0.0033102075965840516,1.405755722512391,-0.7865575355436765,-1.835377545495935,0.057399403069263166,0.3661901433413243,1.8444243551386588,-0.2614413704166836,1.855145899912989
turn_left,0.49990820764477617,0.009580392966222885,-0.49990820764477645,-0.009580392966222885,1.164440519944163,0.03444965110882826,-1.2030784971566182,0.002876426147377974,1.36571123536314,-0.7877561271194609,-1.8422584198502505,0.04943945368848269,0.3681737127619699,1.8503665848735016,-0.26069844710339946,1.8609752496064438
turn_left,0.49990924062788755,0.009526339005564741,-0.4999092406278873,-0.009526339005564741,1.1710204966493796,0.044741624281359985,-1.2062225054185753,0.007395444845651214,1.2536115255086537,-0.7901761354600323,-1.8500038646953032,0.05712042716514154,0.37199930696147937,1.8549658996341876,-0.25836273169052426,1.8663834081967203
turn_left,0.49990918218243663,0.009529405526437785,-0.4999091821824369,-0.009529405526437785,1.1759765293870994,0.061675101839252885,-1.2060623856975419,0.008798476537260649,1.2483188300171986,-0.7862117823304834,-1.8513581894693947,0.06079781144236247,0.3753656002485576,1.8568576633079577,-0.25591854933587427,1.8691607226780587
turn_left,0.49990834678557183,0.009573129797335671,-0.49990834678557156,-0.009573129797335671,1.170503591353013,0.0885317498941248,-1.213130528809492,0.010942107870875137,1.2904690904581388,-0.777837927295239,-1.8500700143299889,0.06321003374891991,0.3754393694197314,1.8507782556177155,-0.25553347245147495,1.861807992143105
turn_left,0.4999071791516581,0.009633910557607255,-0.4999071791516581,-0.009633910557607255,1.1667504514629603,0.0950175032943951,-1.2104455689046338,0.012073281512128504,1.3287242953794418,-0.7746641594122827,-1.8466771045042376,0.06618278703559137,0.37497991078097975,1.8456132496331263,-0.25531300151876984,1.856224409006148
turn_left,0.49990437797453285,0.009778183977376778,-0.49990437797453285,-0.00977818397737623,1.1568240009460522,0.10958769903900542,-1.2102065422833859,0.01219824654176488,1.3724042207850353,-0.6915607788756352,-1.8467333795758474,0.07062225168788963,0.37321999184938287,1.8431372449817978,-0.25797100715604004,1.8488643733318455
turn_left,0.4999001898058869,0.009990006608520872,-0.4999001898058869,-0.00999000660852142,1.1514615807857742,0.1268153753711306,-1.206719079410987,0.011964321255702674,1.3839668024765086,-0.6462361105900066,-1.8470419665973254,0.07325582955627126,0.37260456351272603,1.8425322178329255,-0.2584176052748136,1.8465995795553518
turn_left,0.49987678795624785,0.01109940820694434,-0.49987678795624785,-0.01109940820694489,1.1516111800069178,0.1294229892003339,-1.207281430685529,0.013496914736910268,1.3685012191511445,-0.6522808218240028,-1.8464811980757556,0.07314504191560973,0.37230193003925965,1.841561508963234,-0.2585229820502125,1.8456993355353504
turn_left,0.49987121518103783,0.011347609150510531,-0.49987121518103755,-0.011347609150510531,1.1524003759639934,0.1299326001154295,-1.2086929837049873,0.014403762642014201,1.3677094483716215,-0.678843068983905,-1.8467581299462585,0.07296624659243942,0.3727685168787361,1.842523215416737,-0.25807176898861467,1.8463020210146068
turn_left,0.4998743154795366,0.0112102062364947,-0.4998743154795366,-0.011210206236494151,1.1591827711174367,0.12913076242932556,-1.207680979841568,0.014330990181241178,1.25431260446387,-0.7115178431613697,-1.8468307436700613,0.07254505310585005,0.3731627857138954,1.8438110847690474,-0.25775448743102863,1.847585214452218
turn_left,0.49987862064723493,0.01101656116116304,-0.49987862064723515,-0.01101656116116359,1.1679602764045809,0.12621948365334398,-1.2080356324218364,0.013992327846301451,1.1765592300614485,-0.7526137035453073,-1.8465342626101715,0.07109861659029411,0.3729608490334927,1.844581957687635,-0.258317263690844,1.848712692976037
turn_left,0.4999222612102152,0.008816617631811722,-0.49992226121021466,-0.008816617631811722,1.1777406009409253,0.11669882504949816,-1.2084363241745886,0.015405321821260733,1.010856490652147,-0.7591600779408966,-1.84608430791151,0.07066039419023668,0.37094523486825276,1.8417677129482484,-0.2599129228399981,1.845610316225601
turn_left,0.49994866230182666,0.007164849099175186,-0.49994866230182694,-0.007164849099174637,1.1787288562917675,0.11810397354320029,-1.2096002286864438,0.016672282136637965,0.9432493924770814,-0.7495886018100576,-1.8485336099063712,0.07054056904954249,0.369431869575186,1.8439289207769298,-0.261716227840697,1.847798345468022
turn_left,0.49996179151831494,0.006181182880069374,-0.4999617915183152,-0.006181182880069374,1.184085633808397,0.11965556377949492,-1.2109840531184388,0.017992717917830865,0.9327012794706419,-0.7481108389030594,-1.8510118817170864,0.06977209774734756,0.3679295567442957,1.8476082580893183,-0.26323578810969095,1.8510758370045883
turn_left,0.4999572023516232,0.0065418511705913895,-0.49995720235162294,-0.0065418511705913895,1.1854299866177427,0.12184019769771948,-1.2104084339970347,0.014401404977102735,1.0004701998111662,-0.7470774210787299,-1.8520140946632782,0.06750218169745802,0.36835656474844164,1.8517222849544408,-0.262782632420278,1.8547820078537833
turn_left,0.4999670706444636,0.005738316059075219,-0.4999670706444639,-0.005738316059075219,1.186180535395669,0.11981552604267966,-1.205693392222879,0.014418743250297728,1.0313138063228515,-0.7701325376810886,-1.8532578031446567,0.06569567260750533,0.3684178455507429,1.8564895690451686,-0.26173545528858716,1.8596526723267366
turn_left,0.49997210810467724,0.005281204158615574,-0.49997210810467724,-0.0052812041586150224,1.1827931909568317,0.11090736313149895,-1.2070125296512282,0.011953601919473634,1.1719892498339801,-0.7688329127677075,-1.8555396786277667,0.05587977191373767,0.3687089230646094,1.8588720983592957,-0.26206319838544445,1.8623027213359078
turn_left,0.49997281370060026,0.0052139773977806034,-0.4999728137006008,-0.0052139773977806034,1.1827196376769704,0.10717140631755175,-1.2074417663164445,0.006446406786071026,1.2422584194145867,-0.7787202300683745,-1.8578966749248633,0.04684318419144132,0.36796394481446515,1.8594206273312712,-0.2621758377103713,1.8620723314945038
turn_left,0.49997393407907664,0.00510541295986917,-0.4999739340790772,-0.00510541295986917,1.1759363765361566,0.10300690542622931,-1.200908044054709,0.0021233573634932,1.3446005387498243,-0.7738057901610766,-1.8560954584828313,0.039245162927498564,0.36778237657489704,1.8583455379190212,-0.2620668287313355,1.8609917463893866
turn_left,0.49998081301034136,0.004380253590599427,-0.49998081301034164,-0.004380253590598877,1.1717441986535162,0.09971808386885485,-1.195220156019182,0.00023826043002051576,1.3846464929175593,-0.7557720824377789,-1.8505423113537582,0.034972644145142506,0.3676978029727092,1.8525824557581165,-0.2611803696051076,1.8548892038775038
turn_left,0.49997874051668467,0.004610751711984497,-0.49997874051668495,-0.004610751711984497,1.1672411332815844,0.09494113024233371,-1.199185795744521,-0.00059711739031989,1.3889700656011883,-0.7470489415917946,-1.8563805329424115,0.02663319951878602,0.36748719605379926,1.8521690653082021,-0.2612377576777061,1.8541133087084007
turn_left,0.49997253378835305,0.005240749684378715,-0.49997253378835277,-0.005240749684378715,1.166120085803661,0.09569937934465356,-1.2004396152823635,-0.0007876401442384095,1.3670239533371924,-0.7413035006115133,-1.8562898476144616,0.01750621151644718,0.3672496405777112,1.8526598716688367,-0.2612420174408398,1.854375942230746
turn_left,0.49994964380729723,0.0070960310706961235,-0.4999496438072978,-0.0070960310706961235,1.1650297064758515,0.09718544018749078,-1.2005969881266938,-0.0029292959295221456,1.3463442092066114,-0.7485876751663519,-1.8524244035992354,0.01380852704658641,0.36671961039530204,1.855119699364515,-0.2618131410067332,1.8568712194096648
turn_left,0.4999384532176699,0.007844934309719838,-0.4999384532176696,-0.007844934309719286,1.1741680910294268,0.10221239099321516,-1.2096183052742777,-0.002180134500572984,1.2375524568112823,-0.7675595604867549,-1.8548757410480832,0.013694151721498031,0.3688203983197528,1.8598637097810322,-0.26087793081762906,1.862390773254167
turn_left,0.4999290009573601,0.008425793836537632,-0.4999290009573601,-0.008425793836537632,1.1802439629956019,0.105764169756781,-1.2163291618756382,-0.0016036307645778854,1.2028640493111866,-0.7785054057635709,-1.8567315934729458,0.01362476336268022,0.37034165622182735,1.863293752608387,-0.2601617991600191,1.8663747091021992
turn_left,0.4999372943370578,0.00791844245682497,-0.4999372943370578,-0.007918442456824418,1.1827487013254607,0.10664772357626688,-1.217823743000481,-6.530787407248176e-05,0.9852996153746392,-0.7682852270481693,-1.8560972669404994,0.013399111051967005,0.3691791186255763,1.8611261720125956,-0.2611613757345938,1.8649730629522212
turn_left,0.4999462345886205,0.007332293001524527,-0.4999462345886202,-0.007332293001524527,1.1852296666645128,0.10686299983603528,-1.2196374593803732,-3.850880947669964e-05,0.9477748655873113,-0.7595290677540597,-1.8578003711788218,0.013553520628477244,0.36790094320620337,1.8604209803940246,-0.2625514156162555,1.8650592767956589
turn_left,0.4999450253545709,0.007414285077954969,-0.49994502535457147,-0.007414285077954969,1.1849601625059731,0.10611336826561826,-1.22009052379881,0.0003484748985757903,1.002349969296446,-0.7614850018360212,-1.8582234503992632,0.013816329994713415,0.3690072439271628,1.8614262501566825,-0.26172236464899523,1.8659816192270833
turn_left,0.49993492426058056,0.008066691054426409,-0.49993492426058056,-0.008066691054426962,1.1838177440654944,0.10496959641126413,-1.225863092915475,0.0005909460730856458,1.0312952005104885,-0.7648553541914438,-1.863221371569248,0.014503789671511821,0.36968360672224965,1.863594776919129,-0.26156827064201127,1.8681627937462384
turn_left,0.4999348192522344,0.008073196345685566,-0.4999348192522338,-0.00807319634568612,1.1834889421956165,0.10942147016244738,-1.2177635746594129,0.0005102210427429791,1.1784798947752475,-0.7568415237982719,-1.8631747841538393,0.01933339491840395,0.37010669781091804,1.8640438276409073,-0.26136680510171484,1.8676825863197375
turn_left,0.4999155287891205,0.009190433912166505,-0.49991552878912077,-0.009190433912166505,1.1868405237946162,0.11073190263458824,-1.2203951427418853,-0.0010951588055350839,1.1746869205132955,-0.7627187868079848,-1.864177828966292,0.017013260001999198,0.3700569144576904,1.8630354760716197,-0.26191808253607574,1.8697975704430978
turn_left,0.4999046395245631,0.009764803214422238,-0.49990463952456365,-0.009764803214422238,1.1851764722947904,0.11111005826168367,-1.2212756141748207,0.0006023475842172474,1.1545055827426338,-0.7695325120025641,-1.8648637815307603,0.017877564506474472,0.370884345672131,1.8648843416961751,-0.26154391135950517,1.8713223537157329
turn_left,0.49990331067703786,0.009832597527444005,-0.4999033106770384,-0.009832597527443452,1.185577460427082,0.11018053730274617,-1.2225742900038112,0.0012109470725810338,1.0454225883135804,-0.7695237239541115,-1.8644651499161164,0.0178212427325913,0.3708430515778959,1.866460825540991,-0.26153661006187495,1.8729536424195734
turn_left,0.499905503810168,0.009720455766163363,-0.4999055038101683,-0.009720455766163363,1.1856207888803052,0.10994638256183337,-1.2228154467462948,0.0011156751694844445,1.0022748903178718,-0.7692373788541567,-1.8644191309639566,0.01778936920218652,0.37107100172387425,1.8694830198469092,-0.2615343170158498,1.8768842485585888
turn_left,0.4999058549916289,0.009702378321255062,-0.4999058549916283,-0.009702378321255062,1.184982312767783,0.10988504668659554,-1.2225989706032627,0.0019180965843836088,0.9960222648011832,-0.7586389163479555,-1.864051903231239,0.017695611806913553,0.37081772829322784,1.8706194326727952,-0.2616366949328612,1.8769615430038264
turn_left,0.49989877845331504,0.01006038274041833,-0.4998987784533145,-0.010060382740418884,1.1870861109348458,0.10770103594353382,-1.2227096584825348,0.0020587889131556745,1.008700322988799,-0.7667328767393484,-1.8654359674611192,0.021337430656492663,0.37233743460772706,1.8729562569202147,-0.260243362457976,1.8796884359949988
turn_left,0.49989031846438353,0.010472320926004737,-0.49989031846438353,-0.010472320926004737,1.189284951032692,0.10786862383345376,-1.2204703344378574,0.0025977788265912514,1.121551743693284,-0.7780861636701983,-1.866057915139133,0.023080155262092148,0.3744637111496236,1.8744139816346328,-0.25868990502367173,1.8813714339838343
turn_left,0.4998721122712214,0.011308022528609112,-0.49987211227122114,-0.011308022528608559,1.1874571382887869,0.11004830526739856,-1.2203147957067997,0.0033909455327326274,1.198200991780819,-0.7762633664884685,-1.8684497605937833,0.02376878517751793,0.3759483125082937,1.8753529726139408,-0.2576413090771615,1.8824608636411522
turn_left,0.49987547267533317,0.011158486349506058,-0.49987547267533344,-0.011158486349506058,1.1691640493499518,0.12128255737393524,-1.216385033083157,0.004605770923035304,1.3618457958914785,-0.7098834271591231,-1.8607167255503578,0.029704355234698828,0.3754355010786516,1.866406232306668,-0.2565476306797762,1.8728753110816176
turn_left,0.49991254433400856,0.009351364472526293,-0.4999125443340083,-0.009351364472526293,1.1595778122437064,0.12012680840899319,-1.2101521172497554,0.003111500492641771,1.4525159712970486,-0.6192543771176618,-1.8542393934380121,0.037619089742962485,0.37474981380916456,1.8598445173239402,-0.2561080385415935,1.8662107222150974
turn_left,0.49994589185356053,0.007355624973323745,-0.49994589185356,-0.007355624973323745,1.1532951449818605,0.11753622997305573,-1.2069790877316031,0.0017334448631426325,1.4729238129665299,-0.5974983538607332,-1.84967616261161,0.04182968715124539,0.37434671903386246,1.852754855602493,-0.25517829762241256,1.8594808089833872
turn_left,0.49993690784883243,0.007942806213659812,-0.499936907848833,-0.007942806213659812,1.142003738802696,0.13106888034439193,-1.2037417582883718,0.0013708092956371545,1.4326771014113182,-0.5754332524921997,-1.844724326880157,0.04157928456046546,0.37477825322473657,1.8481541523288272,-0.254683072695886,1.8550840561523576
turn_left,0.4999209147612174,0.008892636521713074,-0.4999209147612179,-0.008892636521713623,1.1347282330794013,0.14791567513048293,-1.201525845842885,0.0008064665872528395,1.413855682834477,-0.5830841666647583,-1.8438608909094185,0.043062699678967274,0.3763816164107835,1.8472642077887553,-0.2541161000457706,1.853948125034038
turn_left,0.4998540075197594,0.012081852773326303,-0.4998540075197594,-0.012081852773326851,1.1369585737442263,0.15063084079540093,-1.2005940367463352,-0.0005994111346174201,1.3708647537085563,-0.6340368804139314,-1.8411750356534933,0.04001572331369574,0.3772601127350212,1.8462952431539843,-0.25386862928779413,1.8538464929812313
turn_left,0.49982863051039983,0.013089695263763152,-0.49982863051039983,-0.013089695263763152,1.145100710807697,0.15181250914698124,-1.2016813050602784,-0.0011457086519081475,1.275642247988527,-0.673919559920487,-1.841923839047432,0.0372536043145419,0.37854997701180654,1.847383246982054,-0.25348070279645024,1.8538270548645035
turn_left,0.4998305490524549,0.013016229635390229,-0.49983054905245544,-0.013016229635389679,1.1610821208214095,0.1498236359925086,-1.2032754719407437,-0.0012413966845861446,1.2062670925203565,-0.736362945754669,-1.8439999004527332,0.0344045818876837,0.37851373064682386,1.8491501677163504,-0.25388440735723294,1.8559665241823722
turn_left,0.4998303144972568,0.013025233570774479,-0.49983031449725707,-0.013025233570775029,1.1751014525193415,0.149992860003999,-1.2089157699167685,-0.0007034669691256504,1.079997988403384,-0.7340137961241467,-1.8459344115667953,0.0309097418696906,0.37541667755442787,1.848786541273395,-0.25633607253682694,1.8546946655069403
turn_left,0.49985246361058927,0.012145559782269564,-0.499852463610589,-0.012145559782270113,1.1761068421948064,0.14895144944601602,-1.2114825756723484,-0.00044096684168241603,1.0320169553918643,-0.7352764142518015,-1.8486722190790517,0.029511901994618003,0.373884014686603,1.8507921936890614,-0.25823045133334693,1.855740825712572
turn_left,0.49987923065706735,0.010988846968562232,-0.49987923065706735,-0.010988846968562782,1.1766954128030582,0.14001101070797162,-1.2120756154206154,0.0007129990288970068,1.0213699754345589,-0.739475655087503,-1.8500247366844413,0.028434289364859873,0.37358547362477945,1.8552184730656471,-0.25856040192707136,1.8590789716514853
turn_left,0.4998650755707879,0.011614913887335203,-0.4998650755707884,-0.011614913887335753,1.1765308344454126,0.13541922506835594,-1.2126817962783454,0.0012104156106426843,1.0296016627997375,-0.739726724496949,-1.8504193028571072,0.029316493099753125,0.3736248570469655,1.8564494934973161,-0.25820488354665505,1.861138569120025
turn_left,0.4998387622657654,0.012696918390992526,-0.4998387622657657,-0.012696918390991975,1.1811661250960803,0.13831978328088204,-1.2074126734683666,0.002149159309202969,1.036611113046102,-0.7482664618155328,-1.8514972521735646,0.030202805440272432,0.3746315205233401,1.8548456172417496,-0.25775005200127815,1.8619405132110904
turn_left,0.499827287361174,0.013140883119869922,-0.49982728736117454,-0.013140883119869922,1.1864079823859153,0.13819812809326887,-1.2046800692866069,0.002563820637061673,1.0684879160714453,-0.7695233590762612,-1.8540422766549547,0.03008345346727832,0.3763359133483961,1.8580507484891284,-0.2565603781126551,1.8650838332896496
turn_left,0.49983865326832,0.012701208561095642,-0.49983865326831944,-0.012701208561095642,1.1855454088952606,0.13792693005986126,-1.2137240913753509,0.0021783970997763438,1.2096542807215858,-0.760740979826833,-1.857699834073853,0.031555952719055785,0.3796271950498058,1.860873059261098,-0.25455721760146577,1.867851112797052
turn_left,0.4998370776437826,0.01276306438607396,-0.4998370776437829,-0.01276306438607396,1.180321233315794,0.1415620428407266,-1.2151062755859081,0.0033262203186875854,1.2676998266370216,-0.760461737083204,-1.856476190698179,0.037169303920052285,0.3805239971094692,1.861053473799087,-0.2533788342686619,1.8679473082722757
turn_left,0.4998641840137246,0.011653220168395456,-0.4998641840137249,-0.011653220168395456,1.1568257481965192,0.1490907472233292,-1.208718174023364,0.0038705691922229567,1.3535894045499717,-0.7041959946975797,-1.8482315572012473,0.04614252898278422,0.3811541131888383,1.8566431692050196,-0.25117312003884323,1.8626692297344156
turn_left,0.49987179447291163,0.011322062110373357,-0.49987179447291163,-0.011322062110373357,1.1441322198176274,0.15284667708761585,-1.1972958162468328,0.00409005645814534,1.3861335586816823,-0.6563257302947182,-1.8412658511940612,0.0526779859726096,0.3816915622315833,1.856597927499052,-0.25102118552513675,1.8626079040269088
turn_left,0.49987035841173927,0.011385287933088002,-0.49987035841173927,-0.011385287933088002,1.1378391269876986,0.15482960172825894,-1.1968587148784862,0.005643661644437033,1.403984692266703,-0.639490579874804,-1.840697236099436,0.05552851766131501,0.3819862083601047,1.8562936659760083,-0.25067103546634273,1.8622407101840415
turn_left,0.49986113865105825,0.011783126345225135,-0.49986113865105825,-0.011783126345224583,1.1363893135229572,0.16540212143960423,-1.1949844990920055,0.006284820377401021,1.3790111543941266,-0.634972785541578,-1.8379974193185153,0.05935651207108252,0.38372823709727805,1.854995968613101,-0.24886754219618965,1.8617013753483782
turn_left,0.4998722555529986,0.011301686969550967,-0.4998722555529986,-0.011301686969550967,1.1415275062013486,0.15935344029362744,-1.1911247350460197,0.0060796622516549785,1.368528732701629,-0.6992680163491717,-1.8384230428303143,0.05971452522751126,0.3846443562854914,1.8568145057208418,-0.24840398051993814,1.8635982175681278
turn_left,0.49985352624116675,0.012101747984133422,-0.49985352624116625,-0.012101747984133422,1.1533544699086187,0.1441469369220915,-1.1911459841977985,0.007418874004753081,1.2415823516464464,-0.7587072447461791,-1.8389082709483158,0.0600546689111966,0.3854616243187412,1.8601316604674998,-0.24780390459730836,1.8670967646996481
turn_left,0.49982705872972094,0.01314957647971939,-0.4998270587297212,-0.01314957647971939,1.152463569345672,0.153894239120308,-1.1916059631309541,0.006508285575983269,1.304322119957867,-0.7067893514411633,-1.8391013673136989,0.05876259761610349,0.3857555093018119,1.8576396745734964,-0.2469507502379818,1.8646810113524916
turn_left,0.49981460272690065,0.01361480447712343,-0.4998146027269009,-0.01361480447712343,1.1480797171802204,0.1514119334589867,-1.1856496553302691,0.004932722228434344,1.417952052085089,-0.6232076544685271,-1.8351256251620998,0.05600775510066601,0.38320789182819565,1.8499086289323694,-0.2501186086021697,1.856585634566426
turn_left,0.49983415701608686,0.012876935971651335,-0.4998341570160866,-0.012876935971650787,1.1418514424363881,0.14959378478323135,-1.1824771530932352,0.002668611808813283,1.4193553886383437,-0.6039016731890876,-1.8308502586713395,0.052872246229641866,0.37872649664158614,1.8409249592060148,-0.2557535827019071,1.8473441234195798
turn_left,0.4998314009594615,0.012983474685229706,-0.4998314009594615,-0.012983474685230258,1.1444231040835946,0.15708097543103386,-1.192452837902749,0.0023606586099966494,1.418355634611981,-0.6110361192759779,-1.84225372933096,0.040459301189753834,0.37567183355333134,1.8480638789320072,-0.2615600785381351,1.853789638371122
turn_left,0.49980913769977514,0.013813973787703755,-0.49980913769977486,-0.013813973787703202,1.1499573721016012,0.16254204584067242,-1.2033402420894237,0.0026184421792094436,1.377020224716413,-0.6360183230036495,-1.8569264539410177,0.031580977733128915,0.37410311524493217,1.859596016892903,-0.2667595145438763,1.864969213324826
turn_left,0.4998071729991438,0.01388487733486139,-0.4998071729991435,-0.01388487733486139,1.1683823314083428,0.16111480627830452,-1.21432979519731,0.0019421395680745068,1.2402089016713491,-0.7131962153642406,-1.8653661171601745,0.020753647603094113,0.37337850634014547,1.8646354410375745,-0.2689870601882326,1.8700718290618608
turn_left,0.4998047336842468,0.013972408053689232,-0.4998047336842474,-0.013972408053688675,1.1768011596271786,0.1616779670312205,-1.220770769195559,0.0012147643929918432,1.161258700526955,-0.7267573043797072,-1.8733530097069486,0.019040084991244894,0.37133575429322757,1.867891956911922,-0.27216508597506756,1.8746609332122242
turn_left,0.499806090188576,0.01392380014251958,-0.4998060901885763,-0.01392380014251958,1.186482784731871,0.16222210502076242,-1.2285417341862674,0.0008320442760514434,1.0746367507890204,-0.7278028929775885,-1.8845127823286352,0.01717602669598132,0.36657399363242593,1.8732780405927265,-0.2787455210492944,1.8786520934824331
turn_left,0.49983199629624026,0.012960535425492144,-0.49983199629624,-0.012960535425492144,1.1951230315217953,0.16090632825834114,-1.2274463518108605,0.0016909767301867078,1.069646883674481,-0.722917905864369,-1.881647725531507,0.01739132824656988,0.3660028092535312,1.8702701218202795,-0.27799237675377025,1.8755347191709306
turn_left,0.49987361390501567,0.011241446594609643,-0.4998736139050154,-0.011241446594609086,1.195461603376585,0.15646448188909945,-1.2267236438481102,0.004093288098463554,1.1016830998357885,-0.7329433114076114,-1.8820265530053222,0.02103100734908786,0.366376189826148,1.8726499453294654,-0.2759078936416666,1.8778605609446046
turn_left,0.4998695402866039,0.011421151152983732,-0.4998695402866039,-0.011421151152984291,1.1973739293447003,0.14670843487200041,-1.2264694082275616,0.005894289628210418,1.1232263188625038,-0.7480997275781869,-1.8839302078887212,0.023083509445765465,0.36777053181206176,1.8747323650925434,-0.2743577582557809,1.880389049151513
turn_left,0.49985671224161604,0.011969428850295843,-0.49985671224161604,-0.011969428850295843,1.1918908402182178,0.1482428439232902,-1.2290838248067881,0.005763757018846782,1.229377437759329,-0.7434947929939079,-1.8843152005330073,0.026521734849326472,0.3706943723638654,1.872982805177657,-0.2700661920100545,1.8789613747063867
turn_left,0.49984456805149563,0.012466266057384904,-0.4998445680514962,-0.012466266057384347,1.1849190369241696,0.14860115416020356,-1.2288409836472456,0.006221464555001593,1.2956445663808713,-0.7406647286884128,-1.8826492728856694,0.02792719946460776,0.37206489429914874,1.8705034582467281,-0.2676722595571747,1.8764652754232871
turn_left,0.49984601985311844,0.012407918318403238,-0.4998460198531179,-0.012407918318403238,1.1593511917219743,0.1521095325733301,-1.2230116730289402,0.006703697402424356,1.384923348616891,-0.6446451176983617,-1.8739952406601945,0.03249382897654184,0.37270745345995565,1.8629345452211263,-0.26506363135717287,1.8682593527961082
turn_left,0.49984713829731053,0.012362780269401836,-0.49984713829731026,-0.012362780269401836,1.1483923506930338,0.1544024411522479,-1.2195243500650954,0.007592082724581006,1.4083022018544238,-0.5837962593891203,-1.86980323522951,0.037220155088370725,0.3729383850224127,1.859887016055875,-0.26376086381076497,1.865101043072626
turn_left,0.4998318794726772,0.012965040023511617,-0.49983187947267693,-0.012965040023511063,1.1398288357108817,0.16403333466631276,-1.2194540521420174,0.007347050088507563,1.404095493567902,-0.570872146445895,-1.870000501150152,0.03736953938723535,0.3730496775345784,1.8594380661525591,-0.2633903722146298,1.8645755914831408
turn_left,0.49980728562461246,0.013880822618160222,-0.499807285624613,-0.013880822618159669,1.1371367082001418,0.16742240577398387,-1.2198086730634672,0.007536407504435458,1.403499018635156,-0.5781903879625481,-1.8732465753896224,0.03747658317951897,0.37373314707812394,1.8614750482191567,-0.2635064950720699,1.8661120165960248
turn_left,0.4997949706564778,0.014317377779839375,-0.49979497065647754,-0.014317377779839375,1.1420371654852886,0.16358762812370967,-1.2197276599985174,0.005756616182408847,1.4010312994892684,-0.668374217719763,-1.8729012536582286,0.03128849941218893,0.37413584681910433,1.8616953928377826,-0.26259157408196543,1.8671517880335113
turn_left,0.49980193559519387,0.014072141816284547,-0.49980193559519387,-0.014072141816284547,1.1466940433968085,0.15854226067892135,-1.2250472051051418,0.004778262872584499,1.3568150965705674,-0.7164258938641387,-1.8732073944253353,0.024170017825031115,0.3748575703632033,1.86078589630725,-0.2608555845536316,1.8663286965267483
turn_left,0.49982686446359603,0.01315695863375181,-0.4998268644635955,-0.013156958633752365,1.1585612389358089,0.140671974900056,-1.2289945866760004,0.0052036379457775445,1.2447108314852262,-0.7659680223255814,-1.8743743076126347,0.016926688682691204,0.37536887082909265,1.8617819001934235,-0.26080433029943134,1.868521942654505
turn_left,0.49985285297770254,0.012129524724881453,-0.499852852977702,-0.012129524724881453,1.1679845402815983,0.13402384246081384,-1.2297447751721615,0.005899119652776066,1.1737249540593162,-0.7807617767899772,-1.8734922374770304,0.013363143689053622,0.37529010535782115,1.862877987953114,-0.2613134348876065,1.8690896164428092
turn_left,0.49991794033920683,0.009058307071693177,-0.4999179403392071,-0.009058307071693177,1.1776873291858148,0.13158207476971737,-1.2343789654106614,0.004856143476533594,1.08462942026441,-0.7732484272864086,-1.8786241005174282,0.0075329053225784235,0.3728761324120776,1.864930304718343,-0.2652077343932766,1.8698748867464423
turn_left,0.49992814213603404,0.008476597219006411,-0.4999281421360343,-0.008476597219005856,1.1864225479284218,0.13237663084884627,-1.236375750099645,0.004933708880242384,1.0551121882220105,-0.7664871521489164,-1.8811347046523426,0.0007846763693266699,0.3706474047701362,1.8681359757358655,-0.2681125456601603,1.8705059570598732
turn_left,0.49993085987666674,0.008314766561761763,-0.49993085987666674,-0.008314766561761763,1.1904796488473275,0.1297561583856828,-1.2451160050533294,0.005185877289914819,1.0692869917941588,-0.763556722364508,-1.889170220880259,-0.0003874227941068647,0.3705352793435278,1.8695121630399432,-0.2681388999637643,1.8714215263961418
turn_left,0.49992910793573747,0.008419444077715632,-0.49992910793573747,-0.008419444077715077,1.1908435707852094,0.1223778694132312,-1.2468432946873076,0.0047958780760489995,1.0838766692256743,-0.7692993746234842,-1.8930523334342857,-0.0039905727990821255,0.37040566726744323,1.8698006291180223,-0.2683734791683053,1.8722093792516632
turn_left,0.49990678741407035,0.009654216557721855,-0.49990678741407063,-0.0096542165577213,1.1907611337629052,0.12174606683283268,-1.23776345297106,0.004077920451142833,1.1615940505974376,-0.7549696872536031,-1.8877381654617045,0.0028897673330728043,0.3718540105901427,1.8656473214700224,-0.2661374164476189,1.869360777437113
turn_left,0.4998840725573545,0.010766336585564558,-0.49988407255735423,-0.010766336585565113,1.1896880083158514,0.1224646328446155,-1.2294030077673965,0.004988704958278656,1.2020682660587902,-0.7474807092502777,-1.8851502863769987,0.008975371588985917,0.3726387760166796,1.864542978040008,-0.26542220008581185,1.8691752151338217
turn_left,0.49983481195120416,0.01285148869604324,-0.4998348119512039,-0.01285148869604324,1.175721378864812,0.12966503450520894,-1.2256659348613093,0.0036376484009995173,1.3078101216857134,-0.714478868440167,-1.8778719032420799,0.009556574605393806,0.37327271153504626,1.8546619228014827,-0.26238017785773576,1.859319440380383
turn_left,0.4998056175838941,0.013940754340506952,-0.4998056175838938,-0.013940754340507504,1.1645137766470544,0.1366732510586298,-1.2258742435350787,0.001513105295532609,1.349148341889463,-0.6761285553959285,-1.8786325723484927,0.00939045540109596,0.3740617434935507,1.8534477353870658,-0.26147625357989274,1.8593497387704492
turn_left,0.49978229200447316,0.014753325006784402,-0.4997822920044726,-0.014753325006784402,1.1502078331295935,0.14086224168430334,-1.2205325894929537,0.0007660457492201989,1.3940831423390343,-0.6168605203580386,-1.8785461793791634,0.010871775010794133,0.3741445124148279,1.855177825614294,-0.2619178482383946,1.8598832731830666
turn_left,0.4997710886897439,0.015128083482985649,-0.4997710886897439,-0.015128083482985097,1.143106339342731,0.1549822665163041,-1.2201801904513656,0.0008852804319361672,1.3896714861246657,-0.6110860556178547,-1.8782407068122962,0.014310285217877437,0.37384260721867535,1.8544670853097387,-0.2623715380141649,1.8590214846177102
turn_left,0.4998092366529169,0.013810393058447477,-0.4998092366529163,-0.013810393058447477,1.157889237629171,0.15413032245039074,-1.2198125013070293,0.0013688782942983936,1.2007379341686246,-0.6542963824655302,-1.8725180642183261,0.013416488252729904,0.37353520966037207,1.8523407577024593,-0.2628032166839844,1.8573167724150055
turn_left,0.49980286200075064,0.01403919997216223,-0.4998028620007512,-0.014039199972162783,1.1602262861249568,0.1546877311464293,-1.221634306519505,0.0009920486496475679,1.2209638375687937,-0.683124993070106,-1.874282369171069,0.013964968004479203,0.37503954846810167,1.8540391681116282,-0.2617135723085108,1.8590863989112865
turn_left,0.4997865509234584,0.01460833720974028,-0.49978655092345814,-0.01460833720974028,1.1598304239263533,0.15357014687883874,-1.222745745719122,0.0009020330915020018,1.2797037092809316,-0.6859374510075116,-1.8738816493430834,0.01812829296862565,0.3756254843938083,1.8533849942778657,-0.26112284235087496,1.8579652412334418
turn_left,0.49974103318758584,0.016090361978665882,-0.4997410331875853,-0.016090361978665882,1.1549911818312768,0.1563601798125986,-1.2109553625215004,0.004255909250441015,1.4153290534346257,-0.5992634126682332,-1.859847619099317,0.026934288938280967,0.37522240668019846,1.8511659202937527,-0.26108730151101944,1.8557102638732126
turn_left,0.49970820513323205,0.01707951177649865,-0.49970820513323233,-0.01707951177649865,1.1515925219762784,0.15649033275899102,-1.197547994553176,0.005351285785074738,1.456493162039678,-0.5529714965626614,-1.8459820870334902,0.035124762626167975,0.37546174204479615,1.8501457844860698,-0.2604259506456537,1.8556320259788217
turn_left,0.49966797610201735,0.018218497690913434,-0.49966797610201735,-0.018218497690912883,1.1486794158812588,0.16138119939925272,-1.2035507719071794,0.003938822187757672,1.4417683379148658,-0.5552339537331785,-1.8496066850823332,0.03419542844246175,0.37466599901048425,1.8489119193116101,-0.26107528653893686,1.853464098513771
turn_left,0.49966262575969195,0.01836465134245744,-0.49966262575969195,-0.01836465134245744,1.146569946698755,0.1684878214615989,-1.2056445558142004,0.00418475737252514,1.4240267987877948,-0.5592420274630209,-1.852565936845907,0.03470138636971082,0.37455594128253844,1.8463952199447033,-0.2610889623598601,1.8508492099637182
turn_left,0.49967676116815285,0.017975938042414576,-0.49967676116815285,-0.017975938042414576,1.1476007318327968,0.1685438774670205,-1.216107530875068,0.0018842990059697758,1.3798587537068885,-0.6034628667449297,-1.8572435145436215,0.024491758519023507,0.3741391432678586,1.8481410302506198,-0.26242165634506537,1.8529363560134782
turn_left,0.4997015305301918,0.01727369056640173,-0.4997015305301918,-0.01727369056640173,1.1539165805331484,0.16802450973042957,-1.2230795479126237,1.1294383894740518e-05,1.3276898718282026,-0.6665283269465184,-1.863654318127839,0.016701845687520978,0.3735948027138432,1.8529599876460658,-0.2644640973638529,1.8570416732694806
turn_left,0.49966266087740674,0.018363695840156437,-0.49966266087740646,-0.018363695840156992,1.1756957725587438,0.16807388638319884,-1.2361312051539184,0.0005181757669269226,1.1597390977524553,-0.7172984623292445,-1.88379606995231,0.011432937966514388,0.3699524342883606,1.8704051152324679,-0.2728550438577539,1.8715777098276047
turn_left,0.499625126230533,0.019358027769479674,-0.499625126230533,-0.019358027769479674,1.1894003288387078,0.16213285995149535,-1.2424053600804212,-1.1100323465358101e-05,1.0837989445227303,-0.7427055168426907,-1.8907984762637926,0.007884959973070555,0.3667567512956873,1.8765977946985697,-0.2774100312554588,1.8794678651356003
turn_left,0.49962431348767145,0.019378993058803504,-0.49962431348767117,-0.019378993058803504,1.1938499373266722,0.16567498898055766,-1.247813749359374,-0.0039515052476335275,1.0151833284132192,-0.7395338603927073,-1.8964233145562213,0.0005024103148696038,0.36238282960598867,1.876117556572137,-0.28280200696078217,1.8780969085346568
turn_left,0.4996258740213659,0.0193387178578665,-0.4996258740213659,-0.0193387178578665,1.1954348851623662,0.16637642078431894,-1.2517865164369353,-0.00450161839089692,1.0037676177825134,-0.7355964305381602,-1.9020290250620904,-0.006574207670197488,0.3600620971386487,1.8784360176999404,-0.2857137617764059,1.8796195393487742
turn_left,0.4996709164019756,0.018137676312313004,-0.49967091640197503,-0.018137676312313004,1.1989911752782407,0.16265144893191683,-1.2509742677596525,-0.0068183033064283275,1.056016426192985,-0.7414386673460684,-1.901889325380643,-0.006733666654444322,0.3603087309198921,1.875193845798335,-0.28566738103243006,1.8751875417297834
turn_left,0.4996896805579204,0.017613152583321197,-0.4996896805579207,-0.017613152583321197,1.197832219486236,0.16175017446351028,-1.249793842724755,-0.007001505538941166,1.0825022641630264,-0.7403863904471499,-1.9001728676778171,-0.006727387764455299,0.3599079206135954,1.871897759370291,-0.2853009861980062,1.8711356899187126
turn_left,0.4997022317559764,0.017253393234272826,-0.4997022317559764,-0.017253393234273384,1.18659192485652,0.16069299349469718,-1.2417005818819087,-0.004651664321920539,1.1992393926504952,-0.7367675122002391,-1.889277430390369,0.0023753023723986255,0.3633894413538338,1.8630120882582406,-0.2805486634667429,1.86311073779788
turn_left,0.49968776448780144,0.017667428256072894,-0.49968776448780144,-0.017667428256072894,1.1790019997193033,0.16546263253693153,-1.2385139721233032,-0.000915212037928645,1.25727568234205,-0.6972481009736214,-1.8838755764224648,0.00951056341436261,0.36689141661203173,1.8593152289420218,-0.2758304385118849,1.8591909729661993
turn_left,0.49967315982696425,0.018075766886557446,-0.499673159826964,-0.018075766886558,1.162726973873131,0.16851807312776348,-1.2297324264452596,0.002216800195879641,1.3293843123051081,-0.6407455171143227,-1.8702944855054415,0.014895830605788874,0.3690728361983481,1.8493573244803925,-0.27227157365268684,1.8494928523663832
turn_left,0.49966217828413406,0.018376822150580445,-0.49966217828413434,-0.018376822150580445,1.1562001364333174,0.17004687721909167,-1.227313707219033,0.0023108356207937877,1.3628676603631713,-0.6256513324954455,-1.8650030380966147,0.017142300824226884,0.37042910328863793,1.845854895097106,-0.2701677115350041,1.8460002063578715
turn_left,0.49962905843784305,0.019256270784206594,-0.4996290584378425,-0.019256270784206043,1.1461890409257498,0.18597460752330788,-1.226855805634534,0.0013471634715411652,1.3719296326632875,-0.5856694316405976,-1.865264355361654,0.01634186361603977,0.3705337613684369,1.845204000796706,-0.27054294572427334,1.8453054346562971
turn_left,0.4996114244740244,0.019708488907986578,-0.4996114244740244,-0.01970848890798713,1.142719591276202,0.19953991392099685,-1.2265386578066675,0.00026193537609666795,1.3690204288584165,-0.5778728554318744,-1.8653939014847285,0.016036322207846995,0.3702303838189667,1.846331283933945,-0.2720611177466178,1.8462927181359878
turn_left,0.4995932299403445,0.020164438940222244,-0.4995932299403448,-0.02016443894022169,1.150899624001351,0.1995520188354816,-1.2331071778606253,-0.006944420506161261,1.3702069236083831,-0.6195814707881241,-1.8746082891031521,0.010847145357637443,0.36927590857920534,1.8531604110447721,-0.2753822073012795,1.8523852846799345
turn_left,0.4996020396621613,0.019944973437137505,-0.4996020396621616,-0.019944973437136946,1.1595588897536953,0.1943146669018986,-1.2398887536182874,-0.015402511644210696,1.3413256094920514,-0.6495194560445094,-1.886302751499929,0.0021880481297654767,0.36839097419630595,1.8615841690821033,-0.27934318489566545,1.860620378506965
turn_left,0.4995755396462313,0.02059806270446455,-0.49957553964623075,-0.02059806270446455,1.1780099695791368,0.19457334306378832,-1.2478702545429996,-0.014623155632405002,1.1754748502834635,-0.6752457263347368,-1.8971606550150213,-0.0034702542681274676,0.3646436626756769,1.8686246637104265,-0.28460854137653396,1.8679745238840215
turn_left,0.4995760027123165,0.020586828652888172,-0.4995760027123168,-0.020586828652888727,1.1829273302447,0.1867307175943782,-1.2470101801785327,-0.015398586836968986,1.104876586666543,-0.6982937413416527,-1.8966500706287424,-0.006738035237168034,0.3610847558867845,1.8652974796012154,-0.2871873644751378,1.8646916433351666
turn_left,0.49958674500302613,0.02032447335803204,-0.49958674500302613,-0.0203244733580326,1.1877577194047293,0.18813797127438514,-1.2454969756494185,-0.014920207571866082,1.0344415626062236,-0.7055616422346799,-1.8961053905768304,-0.006708246999236512,0.35765433146479797,1.867744321215757,-0.2913849144711567,1.8665525032880648
turn_left,0.49963651584570695,0.019061795129594855,-0.49963651584570695,-0.019061795129594855,1.190072560312711,0.18748336279822422,-1.2283820705274187,-0.011445420969602483,1.065450483611047,-0.7191816430577599,-1.8930053702196559,-0.003965292110923883,0.35695769730591437,1.869898678162566,-0.29273033304407353,1.866630230922021
turn_left,0.4996784050358458,0.017930185186802238,-0.4996784050358461,-0.017930185186802238,1.1906003698600784,0.18690976733939574,-1.228641890954697,-0.009608676250221278,1.0892583598400147,-0.7201698501308756,-1.8930768434971754,-0.0005485167523692467,0.356434414347383,1.8714050562862081,-0.29278951120525304,1.8676835638908862
turn_left,0.49967410211580415,0.01804970012950897,-0.4996741021158036,-0.018049700129508416,1.1861779446461433,0.18582155526953475,-1.2263701697124456,-0.009042789061237542,1.210146249634336,-0.7175148575970726,-1.8795866731964843,0.0055652319577399155,0.3595469201966733,1.863648041596486,-0.2871485611957423,1.8599800397124862
turn_left,0.4997368777326717,0.016218909766090077,-0.499736877732672,-0.016218909766090077,1.180972910314947,0.19727683897743079,-1.2305615771534484,-0.008578626720403135,1.100401771677122,-0.7087769123974794,-1.8790213202626627,-0.004864899042776906,0.3600679982596295,1.8582943846537767,-0.284702901578829,1.8519024426813788
turn_left,0.4997665481940802,0.015277346175769625,-0.4997665481940799,-0.015277346175769625,1.1798659479253064,0.21631309723771858,-1.229810359539481,-0.0018462592416266298,1.0259396538913665,-0.6846059179653706,-1.8728861765888027,0.0025257052714572495,0.36081816885569407,1.8539661943114376,-0.28216814526240264,1.8471589179476844
turn_left,0.49978429790988094,0.0146852157875657,-0.49978429790988094,-0.0146852157875657,1.1797595396212055,0.22679282258782224,-1.2284176601473393,0.004698758660121172,1.007697008077541,-0.6671541677781215,-1.8708587822582,0.006457855899145676,0.36131849014011813,1.8536896608872522,-0.2811687606701739,1.8462476554422496
turn_left,0.4997637901103248,0.015367306028158537,-0.49976379011032507,-0.015367306028157982,1.1768354625194166,0.22707715247287058,-1.2090058807757325,0.005509797347712657,1.0292026952064102,-0.6838578910468213,-1.8582259281871625,0.010684468814757549,0.36316994443468825,1.8541132058278358,-0.2793246215240181,1.8440020472482355
turn_left,0.4997675691189951,0.015243912125515234,-0.4997675691189951,-0.01524391212551468,1.1768242795900075,0.2256164083989266,-1.2007851073399434,0.006228173751782807,1.048411185134686,-0.6835075168265513,-1.8492966292272215,0.017243284870166364,0.3655054725323661,1.8519895896938816,-0.2759478024436088,1.8417316357449156
turn_left,0.499784612729117,0.014674497579360249,-0.49978461272911673,-0.014674497579360249,1.17963316177517,0.21278091698652082,-1.1940728029113028,0.0076810384662564304,1.0959141829322736,-0.697448055976124,-1.8480935794051772,0.025165283396720826,0.3689664157144443,1.8538500757813736,-0.2743386226757491,1.8443755504072588
turn_left,0.49979025775671687,0.014480961690255607,-0.4997902577567166,-0.014480961690255607,1.1780520226379778,0.18296975658048256,-1.192071422175823,0.012105235250797187,1.22650782757214,-0.7052874678142053,-1.8436038150395924,0.04109456885980368,0.3719480322129332,1.854373317811373,-0.27124607715845883,1.8447610610890823
turn_left,0.49980178573310996,0.014077463478711673,-0.49980178573310996,-0.014077463478711673,1.16119691604554,0.1722916289155605,-1.1885392725212585,0.020675865609001504,1.3622999520895853,-0.6703013265881822,-1.8367260060292658,0.06259101241524362,0.37427368555869656,1.8501108624011238,-0.2671760989579027,1.8410503615852507
turn_left,0.49982442733637344,0.013249220273904721,-0.49982442733637317,-0.013249220273905274,1.1494799392316526,0.16017703016532506,-1.1847175379886183,0.02781394275880879,1.4111262813191985,-0.6377237162438818,-1.8297644318571227,0.07771614971366918,0.37612969761568427,1.848237277489282,-0.26436512999464423,1.8392880983129924
turn_left,0.499825403704786,0.01321233557505515,-0.49982540370478573,-0.01321233557505515,1.1309100108283616,0.15801844959251687,-1.177444969626983,0.034035010841277476,1.4143565949806314,-0.5755779861297539,-1.8219854473348138,0.08473686238592514,0.3794546464131979,1.8355675475627269,-0.25764849882251,1.8279626713616568
turn_left,0.49984016585106195,0.012641542705809432,-0.4998401658510622,-0.012641542705809432,1.1223214410791884,0.1559065422475929,-1.175753069077412,0.03729855573796921,1.4085951212539425,-0.5691694012865847,-1.8170401377979386,0.08878422418333534,0.38175925536356653,1.8318788084659008,-0.2541497527100228,1.8255866132409582
turn_left,0.4998659196175714,0.011578532069299475,-0.4998659196175711,-0.011578532069298925,1.1235500472440236,0.1579421352764916,-1.1865112411369279,0.03860366323158166,1.3868635733575785,-0.5758645104158556,-1.8222326946263425,0.08972705031179402,0.38371906410707574,1.8340073440089906,-0.25319725071409427,1.830022696935682
turn_left,0.4999024233984473,0.009877604991072039,-0.49990242339844704,-0.00987760499107259,1.128982377143324,0.160253386038424,-1.1895422878669482,0.03990593024085,1.375428422630306,-0.5799382321220112,-1.8302737833899307,0.09055892502753109,0.3852954380002418,1.8391917063425998,-0.25311326874215107,1.835599584489828
turn_left,0.4999268992125657,0.008549587341456619,-0.4999268992125657,-0.008549587341456619,1.1377179177736751,0.14759357578978544,-1.1908065169143571,0.04112010230285398,1.352228042724332,-0.7044157505509779,-1.8332389564658549,0.09159555184171368,0.3864308371217613,1.843689281076498,-0.2523812454964998,1.8401314261858885
turn_left,0.499950567892617,0.007030623290275791,-0.499950567892617,-0.007030623290275791,1.1489001741511606,0.1400804168076136,-1.1905396821249201,0.04055873646070373,1.2197212846690297,-0.7679274690006416,-1.8333032989762152,0.08939979990377687,0.3876190359806085,1.8433741357539075,-0.25063952496019754,1.8408333536029347
turn_left,0.4999692385611939,0.005546214253003123,-0.49996923856119335,-0.005546214253003676,1.154934276760397,0.13684532908225336,-1.1906003165601404,0.04007132094072731,1.1577877853389758,-0.7890695560024387,-1.8343266738559627,0.08916717209337525,0.38824467313711847,1.8448640731438324,-0.24937065067016065,1.8439274549547862
turn_left,0.49998841479492895,0.0034036848935131555,-0.4999884147949284,-0.003403684893512602,1.1549503906375729,0.13393435115987343,-1.1902252924281667,0.04180679797821259,1.0706186354285496,-0.776109944093509,-1.833493561346002,0.08907018165757691,0.3881070224478872,1.8450590326655985,-0.24894625691291444,1.8435505414576279
turn_left,0.49999487526681974,0.002263781552459913,-0.49999487526682,-0.002263781552459913,1.1549884647346307,0.13402445195544563,-1.1904063947976955,0.04261095324390054,1.0420668738370154,-0.7665128083119591,-1.8333318406248191,0.0891672360348479,0.3881106599138242,1.8446628636164744,-0.24890927553562475,1.843234651719518
turn_left,0.49999782431752243,0.0014750178792061323,-0.49999782431752243,-0.0014750178792055783,1.1560005440528915,0.13425357166460525,-1.1915402820196461,0.04695144632785691,1.0542257399514332,-0.7605809332591791,-1.8347370246595736,0.09531367247701879,0.389015427200561,1.847496831586478,-0.24862252794042475,1.844053094867772
turn_left,0.49999779785748355,0.0014839601297633796,-0.4999977978574841,-0.0014839601297633796,1.1631876688474865,0.13556007447126356,-1.1931006230985495,0.05154926520687426,1.0896771322163177,-0.7667879215845477,-1.8368102174120504,0.10203344556831899,0.3905481279661536,1.8509173071549434,-0.24806181081657486,1.8479064559801817
turn_left,0.49999720592023894,0.001671547772076643,-0.49999720592023866,-0.001671547772076643,1.1664441193843063,0.14022310945857966,-1.1924291705302241,0.053226012714805856,1.193697007868345,-0.7552950298939078,-1.837916406633701,0.11044439820554666,0.39172295310361227,1.8507551188041529,-0.24707481294852596,1.848131728112265
turn_left,0.49999661890167046,0.0018387732045667975,-0.4999966189016702,-0.0018387732045662408,1.1715658540978522,0.1388225503703543,-1.1927307752621208,0.05357389077992281,1.2464787260273915,-0.7587094081241269,-1.8408488346106961,0.11383665169394641,0.3945296884401276,1.8515572498601474,-0.24502382451667878,1.8505798177783683
turn_left,0.4999967187420876,0.0018114213053934815,-0.4999967187420879,-0.0018114213053929253,1.1720979611009783,0.1389347343603287,-1.1938345708027527,0.055202831529285616,1.2975881503723057,-0.7497736161721764,-1.8460134508675152,0.11886184704555294,0.39521408719549506,1.8500748930229007,-0.24461620923136224,1.849364363815086
turn_left,0.499995664815585,0.002082106054267868,-0.499995664815585,-0.0020821060542684238,1.1693356333712392,0.1441846617580108,-1.1909093896102156,0.05538476883404214,1.3709549509578647,-0.696065886292917,-1.8447361236789612,0.12071525657394533,0.39668876111276596,1.8475411739784091,-0.242400413457438,1.8486748624331215
turn_left,0.49999085330534887,0.0030243364543397766,-0.49999085330534915,-0.0030243364543397766,1.1677767558615937,0.14419489372316224,-1.1890709175670449,0.05454604057516005,1.405538086159472,-0.6824572222941018,-1.8448083271909572,0.12298605938769659,0.3967860453426337,1.8464034364548192,-0.24194362278178633,1.849287253291556
turn_left,0.49998889659263934,0.0033321590710654455,-0.4999888965926396,-0.0033321590710654455,1.1620731248144534,0.14460973155516263,-1.1872258967843805,0.05130183865014369,1.4314185311595324,-0.6376568904617776,-1.8425774218366553,0.11962383025047785,0.39590783973869176,1.8433962724236308,-0.24286066361651862,1.8481755704583442
turn_left,0.49997309916273686,0.005186531944169797,-0.49997309916273713,-0.005186531944170352,1.1595023744919848,0.14996843849843053,-1.1846197901614395,0.05000336311689523,1.4307589158935239,-0.6033636276891906,-1.8396864941445106,0.12098819580167863,0.39541090081439606,1.838077235796589,-0.24227496342159277,1.8433976529677192
turn_left,0.49993484036465574,0.008071888847493304,-0.49993484036465546,-0.008071888847493857,1.156256706421848,0.15437351110086375,-1.1826870074958424,0.047037394644873894,1.4225636366745305,-0.6050568486962189,-1.8386551080321072,0.11976291874178857,0.3951204234195962,1.8377180585107435,-0.2426763340019845,1.8419031495300815
turn_left,0.4998976614799127,0.010115732643482896,-0.499897661479913,-0.010115732643482896,1.170604982239593,0.16379802714513675,-1.1888021347805449,0.04841749660760762,1.3858573903889813,-0.6342609113262103,-1.8419435649529758,0.12099200934139166,0.3940922721960139,1.8403367626666054,-0.24396064197032274,1.8443124845511456
turn_left,0.4999010625764932,0.009946237222839483,-0.4999010625764932,-0.009946237222838928,1.1866089165486293,0.16389591639530288,-1.1864056053845633,0.048479419533136114,1.2648489492551562,-0.7122968221491744,-1.8350056850260033,0.11781928971760423,0.3939776716172841,1.842644530593872,-0.2449435762474863,1.846341727857519
turn_left,0.4998869227241238,0.010633178706580424,-0.4998869227241235,-0.010633178706580978,1.180998643860094,0.17001654552687595,-1.1943492708225099,0.03232959780131851,1.355811087681059,-0.6274453855643267,-1.840429130482109,0.07594118682917658,0.39224084802514925,1.8396857401441256,-0.24564738219436483,1.8427256622585062
turn_left,0.499880150017921,0.01094694560416826,-0.4998801500179213,-0.01094694560416826,1.1758139155607863,0.1748495446012253,-1.1775156997233218,0.02924581116063773,1.448233786235718,-0.5157118060967335,-1.8340091824692568,0.07501022202177751,0.3910834355311322,1.8396252008795988,-0.24630777610136945,1.8432425258960454
turn_left,0.4998471324506981,0.012363016655098433,-0.4998471324506981,-0.012363016655098985,1.1696915047329162,0.1840213711575558,-1.1696209371273891,0.024580296404740062,1.514221877056798,-0.44874135864365405,-1.8285980225285878,0.07261203139200476,0.38712271299633383,1.838338971326002,-0.2493747072094403,1.8408092952014805
turn_left,0.4998183215800044,0.013477589285445318,-0.49981832158000467,-0.013477589285445318,1.153854265119386,0.19204948763013957,-1.1712643112883951,0.02386555956488206,1.4917950396271333,-0.44220565739630135,-1.821082222676491,0.07091809914928984,0.38457720618929214,1.8298291620905967,-0.24942837709733948,1.8344242604597576
turn_left,0.49980709874333273,0.01388755002773118,-0.4998070987433322,-0.01388755002773063,1.1408870946641,0.19624946168720458,-1.1716075482514439,0.02341867057048265,1.4762468060735587,-0.4417239185560872,-1.8204821138892728,0.06951565835948001,0.3844277168478186,1.8315197735751951,-0.24900465920139644,1.8356771675317958
turn_left,0.4998267332958272,0.013161940693605254,-0.4998267332958272,-0.013161940693605803,1.1363911958602089,0.1967394214579736,-1.1728205576861446,0.017387050716188235,1.4622800967937457,-0.4627545406654687,-1.818976692957098,0.06153920889242767,0.3838993198984983,1.8312608247928064,-0.24931865246945728,1.8358914980644825
turn_left,0.4998186018297424,0.013467192170653557,-0.4998186018297424,-0.013467192170653557,1.1367118561671616,0.2105400027058276,-1.1794130251277963,0.012532726866455823,1.3993453776298308,-0.5442782068058492,-1.822056052645093,0.03502019454740349,0.3836047250166385,1.8327881465959144,-0.25060520943004866,1.83680574791492
turn_left,0.49981487960320936,0.013604636240243932,-0.49981487960320936,-0.01360463624024338,1.1479420958096471,0.21018463699757936,-1.190938738408572,0.004476892000825558,1.3486706373139095,-0.6365799584619868,-1.8322125854868165,0.01819680567320145,0.38351195264001403,1.8409264824521985,-0.2531742444215505,1.845109696916528
turn_left,0.49977537839426195,0.014985698211034723,-0.4997753783942622,-0.014985698211034723,1.1791803943902686,0.20057527635627936,-1.2064353453965422,-0.009928624372551272,1.2525883919213703,-0.7375428278566546,-1.8529746158230516,0.005302991913350888,0.382042495075498,1.8600620374429377,-0.2601376925024642,1.8623152088205401
turn_left,0.4997449804217149,0.015967296054747233,-0.4997449804217146,-0.015967296054747233,1.1957804677415005,0.20177419934018923,-1.218395437862353,-0.009989451083046077,1.1080341285351107,-0.7558170935066134,-1.8664547050506746,0.000998061649433785,0.3780409056191973,1.87057952841904,-0.26591321260561274,1.8740561443852997
turn_left,0.4997348981008628,0.016279791771409285,-0.49973489810086247,-0.016279791771409285,1.1960466670534562,0.2064727906228619,-1.2221448399708417,-0.009855572806600842,1.0725635278166261,-0.7321817892305539,-1.8751166074836003,0.0005902616155928598,0.37193290822082553,1.8792130584635134,-0.27422269044628,1.8808811506731258
turn_left,0.4997828886360853,0.014733099693219794,-0.4997828886360853,-0.014733099693220354,1.2073707088845398,0.1684532734751923,-1.225998155523317,-0.008260832233872074,1.0920746326794155,-0.7615363181680942,-1.875456915885489,0.0013865947541774396,0.37086389279808163,1.8802773179802814,-0.275243564834104,1.8819743507293354
turn_left,0.4997862201061326,0.014619650885862766,-0.49978622010613233,-0.014619650885862766,1.2029911705356542,0.13839773290984025,-1.22726397951796,-0.007930432179712872,1.1049871002542724,-0.7913947566980485,-1.8732923252386926,2.6297964006223896e-05,0.36889992195868315,1.8761418193187034,-0.2760315641749014,1.8773573298732744
turn_left,0.49990953567804053,0.009510843189013822,-0.49990953567804025,-0.009510843189013822,1.2000646858504422,0.07931348685622559,-1.22655767677933,-0.0026317871009502655,1.1585053555726637,-0.877282582236388,-1.872396160448003,0.0059549388762989534,0.36894864724842386,1.871821411380402,-0.27590963850922545,1.8755656218829384
turn_left,0.4999329927605231,0.008185520723010138,-0.49993299276052283,-0.008185520723010138,1.1983539736201687,0.0534459960870794,-1.2260711958599748,-0.0011963723736118273,1.2141973571618636,-0.866927524987142,-1.8754249718023743,0.008258758145571471,0.36862641145719116,1.86725003586087,-0.2759288177412639,1.8685244445613125
turn_left,0.49993989050452514,0.00775279835435338,-0.4999398905045254,-0.00775279835435338,1.1918844047006303,0.029538829808666064,-1.2195491418009063,0.004429934251080618,1.3463256763547828,-0.8427730502084919,-1.8657598738100278,0.019002145207170137,0.367523594130878,1.859426795053641,-0.27341819174109555,1.8622392044276566
turn_left,0.49995447828630435,0.00674682454708861,-0.49995447828630435,-0.00674682454708861,1.1847245044314043,0.0357588728330076,-1.2147163745996328,0.006416255545426933,1.3874286282313795,-0.8229658735786606,-1.8576728334587314,0.02320580426771424,0.3647602303050841,1.851591236634058,-0.2737428137365456,1.8548487876644952
turn_left,0.4999515612265368,0.006959628377183181,-0.4999515612265368,-0.006959628377183181,1.1789324423408185,0.03398943798551163,-1.21334119464851,0.00800510516446734,1.3981695336692421,-0.8091158864203453,-1.854421137157299,0.02607249124600145,0.3622104655716938,1.8472706670690175,-0.27496093448668607,1.8505226748561456
turn_left,0.49989343031825306,0.010322709172020321,-0.4998934303182525,-0.010322709172019771,1.17658660989735,0.035320528099384324,-1.2173828013196744,0.004803183053266452,1.3776007113879027,-0.805197976048048,-1.8548039776467546,0.022989697816384002,0.36253272769277095,1.8370999957633167,-0.2729548429819426,1.8412973141923443
turn_left,0.49988518219445544,0.010714691895528903,-0.49988518219445544,-0.010714691895528903,1.1748485671258952,0.041027077601331716,-1.2232078505781185,0.004792094325457276,1.364142088261255,-0.8147011091755983,-1.8573695172370481,0.02309123416508753,0.3625679473683886,1.8364353065330015,-0.27262275682389014,1.839531878892905
turn_left,0.49988495582397413,0.01072524782294672,-0.49988495582397385,-0.010725247822946168,1.1769401195115152,0.04595493309345737,-1.2250496898938072,0.004272140633779881,1.2396696094782298,-0.8246491753816809,-1.8602704531847536,0.018342123483001484,0.3631021280979907,1.838659319234273,-0.27308420210687223,1.8415128409714998
turn_left,0.499891076396568,0.010436078721472404,-0.4998910763965677,-0.010436078721472956,1.1781349417786786,0.047082564806247854,-1.2204092307362069,0.003506428806362306,1.1538431074149305,-0.8432275005797324,-1.8584774681236425,0.016759963086809476,0.36381465022765164,1.838678804725198,-0.272837670416033,1.8411862717477534
turn_left,0.4998826497846701,0.01083219480330606,-0.4998826497846704,-0.010832194803306614,1.1831153462009665,0.059546514087736056,-1.2220760034858282,0.0021460898015541754,0.9899864984704253,-0.8313927217431892,-1.8643656144985061,0.012694115490474072,0.3601657911554142,1.841171081592673,-0.2782076841547597,1.8430353760995757
turn_left,0.49989031308847653,0.010472577538733275,-0.4998903130884768,-0.010472577538733275,1.1883804699494336,0.07114267946971752,-1.224933438354716,0.0008028386005644756,0.9521135653548453,-0.8119520444421102,-1.8702787101163154,0.009495858395504885,0.3578998100296789,1.8445558993894842,-0.2815541338206176,1.8456372520518747
turn_left,0.49991951395975953,0.008971040198207552,-0.49991951395975925,-0.008971040198207552,1.1849880582164467,0.07198335123592364,-1.2213557684956835,0.0013799785252618377,0.9427611201244602,-0.8110913898041459,-1.8707754061225095,0.009902209951697124,0.3557867746420568,1.8438428384018937,-0.2829479915499913,1.8444826276682484
turn_left,0.4999227826956845,0.008786998452459907,-0.49992278269568424,-0.008786998452459354,1.1859035973115002,0.07231953101486843,-1.2222652181009919,0.00035526060996818396,0.9718582609227701,-0.8115362857612887,-1.8721150951315149,0.007862819814845646,0.3551889246762216,1.8436746928539167,-0.2840662316699644,1.8416403082953892
turn_left,0.4999311949529925,0.008294595401397677,-0.49993119495299276,-0.00829459540139823,1.1859027134201088,0.07569366577561797,-1.2241602425675049,0.005149862958865294,1.0159776687744826,-0.8182013376785341,-1.8713260453361078,0.016563488794451298,0.3563379625378831,1.8456768716677725,-0.2835810453230818,1.8432119513640843
turn_left,0.49990872670018066,0.009553270068619472,-0.49990872670018094,-0.009553270068619472,1.1892249781010615,0.07922294582757372,-1.223568871961505,0.009647049849136708,1.0770041317560808,-0.8291475883803915,-1.8700563296615298,0.022804230679940807,0.35793305697310374,1.8490253235345835,-0.2831500230723039,1.8480881001461769
turn_left,0.4998666916202575,0.011545155201145386,-0.4998666916202572,-0.011545155201145386,1.1773523903282905,0.08094753206516635,-1.215440122148411,0.011911468834593424,1.2486939381766602,-0.8275409825429519,-1.868451770629986,0.03532338754525716,0.35776242487072685,1.8502110228833446,-0.28322211100134653,1.8471699306436467
turn_left,0.49985814821386176,0.011909309980385314,-0.49985814821386204,-0.01190930998038476,1.170688978311617,0.07469990417370906,-1.2123804338015822,0.012496751974129867,1.3268084398244477,-0.8247203411810318,-1.8665227029489975,0.05094238306059594,0.3572718789442552,1.8532055893131723,-0.28317476273069253,1.8471103354688658
turn_left,0.49983369031188096,0.01289503893776355,-0.4998336903118815,-0.012895038937764105,1.1713843988169248,0.07630630905090359,-1.2291990022472228,0.01193552868500713,1.2828121336529836,-0.821476781862404,-1.8764884940613031,0.040867776987024935,0.3578043124670195,1.8523345929240889,-0.2820333092412919,1.846735097478716
turn_left,0.4998310828467251,0.012995715458192883,-0.49983108284672484,-0.012995715458192883,1.1769808955295564,0.07695398844824584,-1.2331188030391083,0.0030704138455618455,1.1242133837647248,-0.8095178227605819,-1.8772365663507946,0.009091787546951885,0.35782643788740176,1.853259660174787,-0.28238769738499014,1.8472373918554248
turn_left,0.49984013880522093,0.012642612039342997,-0.4998401388052212,-0.012642612039342997,1.1778064248145839,0.0759842406806189,-1.2330153301063742,0.000951859405001354,1.1271245375077223,-0.8233484921772471,-1.8773464543288523,-0.0061838654850992535,0.3581256139060649,1.8524707861213567,-0.28234057345464264,1.8464923646972198
turn_left,0.49982301842214727,0.013302265046755362,-0.4998230184221467,-0.013302265046755362,1.1776076642996034,0.08291091093263898,-1.232139892220975,-0.00026391739990005395,1.1657450370723799,-0.8052414825554658,-1.8767535449930601,-0.01002234690747578,0.35831743967893526,1.8522650542817598,-0.28208298003859256,1.8468049808666895
turn_left,0.499816316310365,0.013551750807080295,-0.499816316310365,-0.013551750807079741,1.1762421927300002,0.08574523553765613,-1.2333787506564398,-0.0010839817148456284,1.201954932510025,-0.7975846691295839,-1.8771360712972618,-0.01041345603267501,0.3588107423911803,1.8497428326264334,-0.2809572086398833,1.8462629527436956
turn_left,0.49978355108487776,0.014710610625982806,-0.499783551084878,-0.014710610625982806,1.168810654368448,0.08503730438581628,-1.2283169519928325,-0.001524058566838737,1.303891550765079,-0.7885226644145675,-1.8713618267523353,-0.006534852917932279,0.35859931033517145,1.8438197329911066,-0.2797163623065261,1.8406607005104119
turn_left,0.4997340271743153,0.016306504350744693,-0.49973402717431503,-0.016306504350744693,1.1652318297340398,0.0853798719620983,-1.227077638604086,-0.0009153426276983969,1.361636310883891,-0.7836402844309456,-1.8688126930824962,-0.002570712727836069,0.35742921666200583,1.838759010849821,-0.2788946292015142,1.8356916007835546
turn_left,0.4996823339319088,0.017820357918969937,-0.4996823339319091,-0.01782035791896939,1.15867501038841,0.08257163208357078,-1.222916724302725,-0.0012545337178856038,1.4156754491931411,-0.728297447768741,-1.8644006137780764,-0.0005073507026089291,0.3543685046327645,1.8339419817436533,-0.28006210826831673,1.830029599436654
turn_left,0.49965129044656015,0.018670510306023676,-0.49965129044655987,-0.018670510306024225,1.1544579650809554,0.08163353659736293,-1.2216083746097726,-0.001988392978858883,1.4258084144744778,-0.6898136070822352,-1.8655760274421125,0.0005152342175748781,0.35391195818623705,1.836538826905079,-0.2799218999108298,1.8317470289314939
turn_left,0.49963215808843625,0.019175677403724962,-0.49963215808843653,-0.019175677403724962,1.1516072715348187,0.08358298569877305,-1.2209119192141504,-0.0014680859740479365,1.4079218987074638,-0.6803172835596605,-1.8651007793257457,0.00200910125274424,0.35274594509556073,1.8367727940112224,-0.28093425077800116,1.830572312876846
turn_left,0.4996233105122232,0.01940483426382405,-0.4996233105122235,-0.01940483426382405,1.148387334392767,0.08612080181472216,-1.2181658662714687,0.00042051247842514087,1.3886315533065123,-0.6864694602713843,-1.8625572483837771,0.006313566781018697,0.3529596923233044,1.8395577899275208,-0.2800733680096489,1.8324562230566932
turn_left,0.49962877418420876,0.01926364470148091,-0.49962877418420876,-0.01926364470148146,1.151085525705502,0.08797762905958516,-1.215440378372142,0.00026883757219197925,1.3112969673113197,-0.7370600266055578,-1.854256812073455,0.0063093495468000815,0.35399521826396135,1.8423973393587167,-0.27993089273902055,1.8347126445352147
turn_left,0.4996421572600946,0.01891334683442026,-0.4996421572600943,-0.01891334683441971,1.1581637240539857,0.08986800618704005,-1.2160199536336203,-0.0004883560181044956,1.2592123500945895,-0.7633529777307584,-1.8537549511022022,0.006249124854268492,0.35412617918530226,1.8428046000634672,-0.28011412860608315,1.835001834630485
turn_left,0.49971994939458947,0.0167323691409497,-0.4997199493945892,-0.016732369140950252,1.1633432929958516,0.08960648062804827,-1.2045952427277775,-0.0009698002003820549,1.0865365135161698,-0.7847351708258238,-1.8485378980217397,0.00596959206025368,0.3533697918915523,1.8485572433334985,-0.28321841906366907,1.8400314958666053
turn_left,0.49976828190385025,0.015220525709508046,-0.49976828190385,-0.015220525709508046,1.1676777946782708,0.08922238442899612,-1.1964155518323196,-0.0003127941616838871,1.0370631655834215,-0.7859518124041099,-1.8487028461526704,0.007693830353981934,0.3521624845953834,1.8538727505168957,-0.2862298673405327,1.8446856926979227
turn_left,0.4998142764983657,0.013626775422500192,-0.4998142764983657,-0.013626775422500192,1.1694973243013749,0.08662082950459063,-1.1973253517440157,-0.0008923015028498581,1.014778456937781,-0.7931667112161613,-1.8497280105090914,0.0031831016631680086,0.3525806499178874,1.8559879483616597,-0.28541149325460696,1.8468665055194926
turn_left,0.4998243137209222,0.013253505702600928,-0.49982431372092273,-0.013253505702600928,1.1715299593575779,0.08645775076432757,-1.1988454192815958,-0.0008615121216943245,1.035948711875501,-0.7930885812766865,-1.8512991193550292,0.0019099142477545683,0.35298899241817033,1.8579225415893919,-0.28533368198338166,1.8486944227494626
turn_left,0.499798870981458,0.014180570004771203,-0.4997988709814574,-0.014180570004771203,1.1775594545136525,0.08728919760161365,-1.198288035261107,0.0005834670225272487,1.0590609493742071,-0.8146598823788487,-1.8514758533186697,0.0035134174499055772,0.35642696441825633,1.8616693787479675,-0.2828591054981591,1.8520866302813443
turn_left,0.4997593286289874,0.015511719708129689,-0.4997593286289877,-0.015511719708129689,1.1822143932898233,0.08610718764756305,-1.1997680284923236,0.0026628279127292784,1.1000463579608095,-0.8178968855780726,-1.8535972964585299,0.006742488020808939,0.35799892784536635,1.8654363836212398,-0.28169404314695573,1.8563894042099205
turn_left,0.4997534936980082,0.015698583905389408,-0.49975349369800875,-0.015698583905388856,1.1802140382685216,0.07675896154944169,-1.1945451322644491,0.002331946222967439,1.2671546817863404,-0.842665011978542,-1.850235730471555,0.011731067054060787,0.3580427206785382,1.8647701239159762,-0.2811572931644243,1.8555853001157865
turn_left,0.49974854282501135,0.015855407414437826,-0.49974854282501135,-0.015855407414437275,1.1771811311609315,0.07214059185613363,-1.1930313341321033,0.003177079672264464,1.3306539446588537,-0.8404403579542027,-1.8486382911511061,0.016640359037182514,0.3578759674840483,1.863548071902314,-0.28080974751683807,1.8543371390882113
turn_left,0.49975589190139497,0.015622052036829837,-0.4997558919013947,-0.015622052036829285,1.1713124744169783,0.0669384817852616,-1.1863669409070228,0.0042350766679250095,1.4409691066904136,-0.7730655117363056,-1.8400236477356562,0.029366400883104497,0.3561022180608159,1.8570007310247487,-0.2811815466504682,1.8478932802027923
turn_left,0.49974889461133826,0.015844315534145302,-0.49974889461133826,-0.015844315534144754,1.1523406974910393,0.08185296038466235,-1.178652841701749,0.006913448685587481,1.4432292498873949,-0.6695517763746033,-1.8306283957023077,0.03921840287987269,0.3561115318987635,1.8503456498247295,-0.27945641796868786,1.8415357459489314
turn_left,0.49972968810814516,0.016438942281545903,-0.49972968810814516,-0.01643894228154535,1.148923636580455,0.08336114082242733,-1.1746260087079192,0.007516593720463463,1.4209466365724077,-0.6692564779977975,-1.8301278011426283,0.03841111235874294,0.35576584527459604,1.8542900056938816,-0.2801917465916273,1.8410184044010423
turn_left,0.49966194343862885,0.018383206443173747,-0.49966194343862913,-0.018383206443173747,1.1521306905652657,0.09110414330925695,-1.1770237563241417,0.0035755570012009873,1.36743211446031,-0.7054791122712561,-1.8325657917073312,0.038823001145380655,0.3556436800253805,1.8561499576045934,-0.2806140261791206,1.8434239817496485
turn_left,0.49965369074779414,0.018606163551566177,-0.4996536907477944,-0.018606163551566177,1.1606009545098575,0.09240210683037203,-1.182137645873144,0.0029868118614307915,1.3082235680444976,-0.7263702619386467,-1.8338066414175795,0.037875160390628146,0.3561921413944887,1.8559327539223245,-0.28042202825651713,1.8420786940768386
turn_left,0.4996240395235653,0.019386055043635567,-0.4996240395235653,-0.019386055043635567,1.1625397079539097,0.09546380514346704,-1.1872049634632562,0.003768659868755761,1.2561387781944944,-0.7275753347500525,-1.8357699826205607,0.036914178549549856,0.3571694780528016,1.8525636850903788,-0.27989974463283557,1.8406946910400748
turn_left,0.4996188214741252,0.01952007245904176,-0.4996188214741252,-0.01952007245904176,1.1694384889797143,0.0959138522076841,-1.191283230471965,0.006987476778854622,1.0874185041516484,-0.7525448468889748,-1.836568306723641,0.037830381044431885,0.35812006459744444,1.8536748539573797,-0.2791715241037742,1.8410854403600925
turn_left,0.4996248356666426,0.019365525685621523,-0.4996248356666424,-0.019365525685622074,1.173805328353186,0.09729388582888422,-1.1914680644094333,0.013305704231304054,1.036617116734185,-0.7540104318716742,-1.8365772507153966,0.03775043971346195,0.3590239425063235,1.8543020771111889,-0.2784403021415772,1.8417460808880408
turn_left,0.49965108007429554,0.01867613933847295,-0.49965108007429526,-0.018676139338472397,1.176879266523761,0.10002528161387648,-1.1916606230532767,0.01650459836582076,0.9789182513503697,-0.7468616084467077,-1.838668345379507,0.038744574051595176,0.3594017612751298,1.854587801855072,-0.2777934597963313,1.842639571313526
turn_left,0.4996979872817313,0.017375888656025257,-0.4996979872817316,-0.017375888656024706,1.181608423519478,0.09917629954627452,-1.2052645089647327,0.01557198847109224,1.0374854274938419,-0.7676197992868753,-1.8487303865737905,0.03681758782109835,0.35963702685846405,1.8553548888404565,-0.27741243654817416,1.844415988956655
turn_left,0.49967438694706534,0.018041813353274528,-0.49967438694706534,-0.01804181335327508,1.169909601153135,0.10502860568309282,-1.19937465739083,0.013852105142380968,1.3254072156419718,-0.7006433318760085,-1.8411452610917194,0.03546600072686939,0.36081861607704496,1.8531385699349925,-0.27489720291098924,1.8408716782058943
turn_left,0.49965690520784534,0.018519640334478848,-0.49965690520784506,-0.018519640334478848,1.1723772534157677,0.10527262807081504,-1.2053959584268508,0.01453268360749772,1.2947743833996155,-0.7233003130003914,-1.8448167183135622,0.03550655310779697,0.36373819649292066,1.8550917891950787,-0.27283311922034226,1.8437988747423462
turn_left,0.49962884420386244,0.01926182856098009,-0.49962884420386244,-0.019261828560980642,1.1728713721314727,0.10656922812459459,-1.2079180729331755,0.013853462891279875,1.2804317055244196,-0.7259246339943489,-1.8433069865971399,0.03446605083581562,0.3660025264994286,1.8542300768648472,-0.27073766594189397,1.843202411997785
turn_left,0.4996459482045517,0.018812932859452795,-0.499645948204552,-0.01881293285945335,1.1769397291120536,0.10630875705021382,-1.2109923794774895,0.014122193304528446,1.2595105123751815,-0.7635854842280201,-1.8452777769246809,0.03357648686280074,0.368102963666087,1.8552791087550198,-0.26939278752217255,1.8447640932576532
turn_left,0.49968219518559587,0.01782424793657086,-0.4996821951855953,-0.01782424793657086,1.190551165283777,0.11148323140017519,-1.2161978560404347,0.012036430294913475,1.112254092336537,-0.7559000016377204,-1.8496979840442331,0.03208216532429078,0.3662179713194585,1.8571965262442698,-0.27171260042253864,1.8437904852030886
turn_left,0.49969853905812106,0.017360013340425532,-0.4996985390581205,-0.017360013340425532,1.19398984202999,0.11114832476079237,-1.217520157161378,0.01173006745118998,1.0350208102841427,-0.7616282469858965,-1.8509310150446954,0.03150742551241876,0.3657887428161652,1.857848044030796,-0.27248426027686357,1.8442635323563359
turn_left,0.49972206335687824,0.01666911498382541,-0.4997220633568785,-0.01666911498382541,1.194402817862015,0.11045468957493244,-1.2113514348892724,0.01097645363672395,1.0185080522217522,-0.7622283560234066,-1.848853094202894,0.027203770411234816,0.36368778462775525,1.8570411455923588,-0.274507726511821,1.8434403007786886
turn_left,0.49973273842338367,0.01634595203302458,-0.49973273842338367,-0.01634595203302458,1.196445079648311,0.11115971358588969,-1.2127371666620936,0.008138696692702948,1.0284029198607318,-0.7627075208108637,-1.850574533976878,0.022597993812998776,0.362788161782905,1.8571591939933925,-0.2754788709266311,1.8436312020435521
turn_left,0.49970441572574675,0.017190023391192893,-0.4997044157257473,-0.017190023391192893,1.19780052981122,0.11339777802925836,-1.22453338317889,0.009527989902023814,1.0496715313893599,-0.7700154459356123,-1.8609520818768939,0.0223094209504914,0.3628322733905579,1.8577799450229573,-0.27468060326256727,1.8446284928225503
turn_left,0.49968511184576286,0.017742294093148425,-0.4996851118457623,-0.017742294093148425,1.198813744746616,0.11557273823146172,-1.2237215188185862,0.010093345363344159,1.1702209881819914,-0.7684142493321247,-1.8604269811996919,0.022333983714142004,0.36349801287727573,1.855381051687933,-0.2738197318833234,1.8437897969495882
turn_left,0.4996350017630974,0.019101440081574127,-0.49963500176309683,-0.019101440081574127,1.183370832743384,0.12492666768471951,-1.2202509786583688,0.010267584066636712,1.305179566382809,-0.7376519921794643,-1.8592679728136656,0.022648810407483476,0.36363025425811824,1.8522501690114903,-0.2736934122165172,1.8390934648346717
turn_left,0.49961613045898784,0.01958882807080032,-0.4996161304589884,-0.01958882807080032,1.1731184948131195,0.12872898148163706,-1.2105769405031257,0.0096452960984369,1.3587648557487535,-0.7155268636632808,-1.859003880640356,0.022526371107410185,0.36401402562401247,1.8525526560079302,-0.27316865620928454,1.8396225910650124
turn_left,0.4995754115419903,0.020601169448619165,-0.49957541154199087,-0.02060116944861972,1.154619110407181,0.1296730101136591,-1.2062540523121439,0.00867281324650853,1.3784222634180807,-0.675051192537782,-1.8571136990092194,0.024515251280198255,0.3640625984272538,1.851141430762218,-0.2730409216741618,1.8381563306827595
turn_left,0.4995647229626574,0.020858752868834957,-0.4995647229626577,-0.02085875286883551,1.143733760124583,0.14054948170262238,-1.1976507652494521,0.0123069824730827,1.3979308552907876,-0.600691124035055,-1.8508846222199502,0.029777316881564448,0.3639055077562225,1.849542521330923,-0.27288980964797316,1.8362474068428754
turn_left,0.4995568365593444,0.021046782338882724,-0.4995568365593447,-0.021046782338883272,1.1370884581632668,0.14489583386660942,-1.1918455099315726,0.01383396268197522,1.4065053538692756,-0.5762517847712925,-1.8409147428465447,0.03125189032898915,0.3638097971301855,1.8417392483872197,-0.2706906875460772,1.8281439550361462
turn_left,0.49952584991121274,0.021769824769180844,-0.4995258499112122,-0.021769824769181392,1.1409888421309877,0.1450870964449982,-1.192332232893034,0.012544698446421877,1.3869259946520391,-0.6083771874050918,-1.8413488166788083,0.030709784646713062,0.3641548659179635,1.8426189052600543,-0.27039593737699796,1.8290752417708156
turn_left,0.4995382590803569,0.02148319610686846,-0.49953825908035715,-0.02148319610686846,1.1428936016929108,0.14437518091733906,-1.1920505403733686,0.01194879965248267,1.3689389138121975,-0.69154516317162,-1.840583730457393,0.028600827158970724,0.3642117008353636,1.839120048758763,-0.27010639883141363,1.827302146945619
turn_left,0.4995782976252586,0.020531062852382223,-0.4995782976252586,-0.020531062852382775,1.1523329188184301,0.14248273078438825,-1.1892894489772041,0.013252780020154068,1.2771992753994192,-0.7094250017586063,-1.8386209195901586,0.02956655497387783,0.36443701898195197,1.839951332099628,-0.2703485386982109,1.8299773174408793
turn_left,0.49960628247272393,0.01983841006191617,-0.49960628247272393,-0.019838410061916723,1.1619110377627455,0.13124770201401723,-1.1904321280386818,0.013433915318826156,1.22239713531073,-0.7555031176651504,-1.8400622902882398,0.029375847099218127,0.364927980372955,1.8389862839311095,-0.2699453209553942,1.8300640036795244
turn_left,0.49970196235363623,0.017261194046908776,-0.4997019623536365,-0.017261194046908776,1.1823080991011425,0.11617575008039854,-1.193896525706687,0.015482630049240862,1.0952177330628103,-0.7867459953063283,-1.8462319861459966,0.030963480507605255,0.3638669621945741,1.845094540947171,-0.27299411313473804,1.8349306544063966
turn_left,0.49976510829381116,0.015324377053418414,-0.4997651082938109,-0.015324377053418414,1.1944660683898107,0.11481030505274299,-1.1962515060963717,0.015991442011215717,1.0654412768349288,-0.7843095188108075,-1.8467701215126195,0.02938153875033653,0.3624634034024288,1.845962381804311,-0.2749741117499922,1.8344812934205128
turn_left,0.4997680722950128,0.015227406690794271,-0.4997680722950128,-0.015227406690794271,1.1967527112783538,0.11586796376067716,-1.195610012799275,0.01622994948022138,1.0616400253386113,-0.7840930975668841,-1.848718212433577,0.029748360906995695,0.3604014941737406,1.847182705579686,-0.2770731827687384,1.8330875904098585
turn_left,0.4997626291469451,0.015405015681036027,-0.49976262914694536,-0.015405015681036027,1.1963684851337428,0.11620978475524671,-1.196743849387788,0.022293709297376535,1.0923164965136893,-0.7810186177014073,-1.84795874139462,0.03427148374958706,0.36054024647680855,1.8462251122694786,-0.2770249074039633,1.832104939510551
turn_left,0.49979025194377,0.014481162314646313,-0.49979025194376947,-0.014481162314645758,1.1976635391810273,0.11740033845229104,-1.2050985553507576,0.028249739433469968,1.1094403479369315,-0.7793847598090167,-1.847467839037386,0.03923966732314454,0.3615272943593395,1.8407120132370474,-0.27609851629982857,1.8294784079412376
turn_left,0.4997785537864008,0.014879421197529838,-0.49977855378640107,-0.014879421197529285,1.1938138151822049,0.11682092368855994,-1.201653803670881,0.030696380479872172,1.1702965319290228,-0.776274429850832,-1.8393407487812823,0.04681942112895904,0.3622791251381345,1.83223393669217,-0.2739670429201418,1.8213536998296933
turn_left,0.4997879239800906,0.014561285783575961,-0.49978792398009086,-0.014561285783576513,1.181034168352187,0.11551035515533095,-1.196777958675633,0.02997240938047849,1.3056736831010007,-0.7698513022850776,-1.8365915554587455,0.05064613114951609,0.36279846590784703,1.8253386938463685,-0.2722156010075882,1.813233851391607
turn_left,0.4998059148789588,0.013930091600810615,-0.4998059148789588,-0.013930091600810615,1.1690729209922608,0.11548297740660933,-1.1947505051226237,0.02921539214857667,1.364713802984313,-0.7495095744748534,-1.8376338261469929,0.05461116266670561,0.36299337984105223,1.8221696499676068,-0.2726345679630749,1.8100414684350379
turn_left,0.49980076082895464,0.01411380440555122,-0.49980076082895436,-0.01411380440555122,1.1602761369597552,0.11261943528153606,-1.1928414941076861,0.028766276229833975,1.4334359998328725,-0.6770506662788763,-1.8399130896758253,0.059836653207744325,0.3630906310397889,1.8186458835058237,-0.27274975988114036,1.8064277033440186
turn_left,0.49981184814994617,0.013715554999159755,-0.49981184814994645,-0.013715554999160304,1.1534286834303233,0.11151126499374352,-1.1924114903196976,0.028465616025784842,1.4494294304966104,-0.6121196774391676,-1.8465709458000368,0.06157477344861474,0.3623482835960245,1.814658481056611,-0.2741321784128949,1.8021346789413706
turn_left,0.49979674447042893,0.014255322401146613,-0.4997967444704292,-0.014255322401146613,1.1533140594497184,0.11211709822295628,-1.1946491445768563,0.009049241728322919,1.4065008768086111,-0.6415511684381805,-1.847234524522916,0.023113943752680936,0.36223376751870495,1.8197163275102883,-0.27345042379354434,1.8067003862993238
turn_left,0.49973245071359895,0.016354745604268885,-0.49973245071359895,-0.01635474560426944,1.1700369016066312,0.12285658797150373,-1.207131221731747,0.00431422972031155,1.308880123065407,-0.6714770026941229,-1.8616137390775924,0.013395934358715177,0.36099215334301793,1.8280339515985031,-0.27851246570630067,1.8167062255838127
turn_left,0.49971485790271614,0.016883743402102518,-0.4997148579027164,-0.016883743402102518,1.1706178047987663,0.13950258337104557,-1.205959027364349,0.004286737257855702,1.3083790923298741,-0.6978441859143796,-1.847667114006998,0.013253755176644703,0.36005020251649733,1.8269476446849493,-0.2792582122395569,1.8166362850885487
turn_left,0.49959171076360587,0.020202042874260393,-0.49959171076360614,-0.020202042874260945,1.1547749359851158,0.1414441826364749,-1.1968359157137118,0.001483393239605806,1.3733770099333202,-0.6442508720222445,-1.8356024228033387,0.011425928399562356,0.3580627766247885,1.8203654337719948,-0.2795600852103899,1.8093378272591873
turn_left,0.4995175773433558,0.021958823397997224,-0.49951757734335606,-0.021958823397996676,1.1507073375484544,0.13947623642052745,-1.1859755095777524,-0.00013032658433181443,1.4243305832930968,-0.6092949978743524,-1.8296914736347845,0.008916337976900137,0.35639010175709857,1.817129290923448,-0.2803096854763649,1.8062822745830984
turn_left,0.49946856418291236,0.02304676534917576,-0.49946856418291236,-0.02304676534917576,1.1446061838291226,0.13811603566459105,-1.1882520071338218,-0.00432339564747771,1.4241874924558546,-0.593302101848598,-1.8301669276264476,0.002202131950776968,0.3534459730083253,1.8106905150956099,-0.28123176639864356,1.8013224959232188
turn_left,0.4993972705826437,0.02454314842488812,-0.49939727058264316,-0.02454314842488757,1.1432277508122706,0.14083753754562647,-1.1937275882354303,-0.00837996156311154,1.4257586394910144,-0.5884572291453061,-1.8357303173158859,-0.002641611734376637,0.35336100332975484,1.8089611729159678,-0.2809688999701797,1.8007175116885155
turn_left,0.49937815746177155,0.024929016227803934,-0.49937815746177155,-0.024929016227804482,1.147707447344442,0.143534549584436,-1.1966212708503199,-0.011297380420737862,1.4225181726437015,-0.624155193359708,-1.8387181899969771,-0.009344205024500266,0.353330968108296,1.809990192407748,-0.2809545582344243,1.8019923106564113
turn_left,0.49936816952835833,0.02512829604044991,-0.4993681695283589,-0.025128296040450457,1.1523099082176371,0.14416915484420215,-1.2046646448050788,-0.014775927903243414,1.3955064315532872,-0.6791245548231477,-1.84113386827027,-0.0156644098803723,0.3533834836765914,1.8102166049267554,-0.28124150513368856,1.8018516958040451
turn_left,0.4993706390840648,0.025079171054333167,-0.4993706390840651,-0.02507917105433262,1.1549298772445777,0.1502825643120333,-1.2079257938670551,-0.014978176384254333,1.339345638037156,-0.6920589485924998,-1.8440422824062417,-0.01975331152895015,0.3538197686036552,1.8112091853093881,-0.28091710743416365,1.8030875719337343
turn_left,0.4993355062863086,0.025769209568706538,-0.4993355062863086,-0.025769209568706538,1.1776005147699504,0.15008571117986483,-1.217152011856252,-0.015822492583079197,1.2261662847777932,-0.7393388785124887,-1.8557590861458897,-0.024325637060170022,0.35312338456425346,1.8186419718066515,-0.2845564875970195,1.811530918668244
turn_left,0.4993207888681303,0.026052827180705614,-0.49932078886813086,-0.026052827180705614,1.1885244561888875,0.14830268827066295,-1.2224791115564684,-0.016152551512298538,1.1262992823643683,-0.754250735806697,-1.8629438733811807,-0.025119168270115122,0.35247273168310383,1.8282536734244543,-0.28719825879671523,1.8199762458295334
turn_left,0.49930360672755636,0.026380074087340673,-0.49930360672755664,-0.026380074087340673,1.1927400214082324,0.14801580131468017,-1.2228612405866783,-0.016269311885673324,1.1088989698551093,-0.7582425874338125,-1.8653126435094527,-0.023699020865253956,0.35204919617895547,1.830351937660971,-0.2876864000879939,1.8219793256102335
turn_left,0.4993274911669197,0.02592405379082527,-0.49932749116692,-0.025924053790824714,1.1980819612684306,0.14660148459454345,-1.225340157799472,-0.016002713597595166,1.1542309681536762,-0.7620890845335614,-1.8692020388994013,-0.022844688474615116,0.35489721278499486,1.8368623689638395,-0.286079067413562,1.8286363211131285
turn_left,0.49932903666615686,0.025894268517338722,-0.4993290366661563,-0.025894268517338722,1.1993451834970361,0.14723443863086247,-1.2251538404432925,-0.015771799377110846,1.163688936289436,-0.7596791742664629,-1.8678158648495808,-0.02255034005585101,0.35607524707365157,1.8383117322518885,-0.28491354693245563,1.8311510736479855
turn_left,0.4993302550032572,0.02587076416308853,-0.4993302550032572,-0.02587076416308853,1.1913529492736419,0.15073177316154507,-1.2120088785400365,-0.014573255700708054,1.2960954297256997,-0.7329394077166679,-1.8551698110596508,-0.01746756730984695,0.3557571726861246,1.8379080982562788,-0.2853104207664795,1.8299119872267304
turn_left,0.4993461519871342,0.025562090987277405,-0.4993461519871342,-0.025562090987277405,1.1811818092236133,0.14822172545780515,-1.2093874753181655,-0.010036615301722939,1.4627386800482736,-0.6117327407312596,-1.8498576716612551,-0.005948179286141986,0.3534464714220296,1.832451785648935,-0.28532771451413724,1.8240346999272241
turn_left,0.49933995247859486,0.02568290985606696,-0.4993399524785943,-0.02568290985606696,1.176137136556404,0.14795316166703742,-1.2070794223762336,-0.006004231324146839,1.5079258193556462,-0.5471398234549275,-1.8463796751137378,0.0011187642078236322,0.35294267610201685,1.829146923984652,-0.28535284239094466,1.8207784485197305
turn_left,0.4993280489413325,0.02591330817248127,-0.49932804894133304,-0.02591330817248127,1.1701623367946588,0.14872208415535934,-1.2047713993444593,-0.0020079194909297994,1.5050345328798558,-0.5077639919667031,-1.8392801431015933,0.01749551383472377,0.35283405487808356,1.8266556042813655,-0.28455218927643056,1.8177177497422419
turn_left,0.49933067310834145,0.025862693076524383,-0.4993306731083417,-0.025862693076524383,1.1545349364588888,0.1703991308673929,-1.2030457005214135,-0.0019728850257108473,1.4771949985797728,-0.5371962981419793,-1.838996969510421,0.01726980972607894,0.3526160742453867,1.8289846323377434,-0.28571678181146626,1.8190148338961125
turn_left,0.49934875254455224,0.025511239330923023,-0.49934875254455197,-0.025511239330923023,1.1543029174227215,0.17505971996971026,-1.1999478977021776,-0.0035931050686961626,1.4491639809666852,-0.5470752027846859,-1.8363074652191806,0.015592754147902359,0.35276035846666,1.8330956119977744,-0.28645481066797024,1.820846492985912
turn_left,0.4992969262135966,0.026506215755063536,-0.49929692621359717,-0.02650621575506298,1.174321194317843,0.17262660485277334,-1.2058912267804904,-0.009350930868701857,1.2781253984415673,-0.6919251012979348,-1.8447531009280096,0.00014244858924471171,0.3530823622031395,1.8345265352593054,-0.2861903677571613,1.8232750579594654
turn_left,0.4993259209170228,0.02595428096416722,-0.4993259209170231,-0.025954280964167777,1.1828244132011367,0.1704161545351158,-1.210532007870502,-0.011642462262962826,1.1427305911640375,-0.7382034217463196,-1.8533855955548504,-0.006170033248154796,0.35126182061607214,1.8381301869872948,-0.28984843098622387,1.827413450298467
turn_left,0.4993341578636812,0.025795324975050438,-0.4993341578636809,-0.025795324975050438,1.1843042651735003,0.17005744561294192,-1.2134108092518499,-0.012350341584164204,1.01544077434923,-0.7316863831421622,-1.861530156394749,-0.006715034090546127,0.3467350903998154,1.8441490186184302,-0.2956317440198726,1.8323424967910131
turn_left,0.49933686070349564,0.025742951322215706,-0.49933686070349537,-0.025742951322215706,1.1872095836688308,0.17523958977397228,-1.2148254317628897,-0.012417900669543024,0.9902841035081266,-0.7306547539529674,-1.865160307735164,-0.00853526452609693,0.34318559803983123,1.845722090564805,-0.29967129206705795,1.8319742515041406
turn_left,0.4993388273982812,0.02570477489708204,-0.49933882739828095,-0.02570477489708204,1.1865371706384333,0.18282456488367704,-1.2147047271525364,-0.0124122635174156,0.9985074444371476,-0.7257468662910525,-1.8656605413878384,-0.01720606938024811,0.34260535766566247,1.8459647147866705,-0.29961179120366654,1.8316876288719826
turn_left,0.4993403699107263,0.025674792646079865,-0.499340369910726,-0.02567479264608042,1.1860947372834836,0.18294776308293026,-1.2138581847981325,-0.012390572196157124,1.0180243901814665,-0.7238142079811855,-1.8638262933699683,-0.0196377834181663,0.3421275811734426,1.8447405795749672,-0.2994521581869485,1.8273544214682838
turn_left,0.4994420520124642,0.023614332122227112,-0.4994420520124645,-0.023614332122227112,1.1920996355752387,0.18345048299020983,-1.2193304081695298,-0.009536007605844086,1.0920299755281795,-0.7553457015814273,-1.8636760995654897,-0.01698904631458545,0.3456170215128894,1.8501595133815176,-0.297333580611293,1.8330530761543364
turn_left,0.4994533306470863,0.023374569633091594,-0.4994533306470863,-0.023374569633092153,1.1939535086423927,0.18399223096890516,-1.2302211596035426,-0.008416063685105125,1.1809473202021166,-0.750067214393512,-1.8668755432745265,-0.015842957182177507,0.34678228225842705,1.8515437793383611,-0.2969540111895843,1.8359826763252234
turn_left,0.49944665636249913,0.023516748251402608,-0.49944665636249885,-0.023516748251402052,1.1732625824432212,0.1814893075562937,-1.2211591237058148,-0.005865704728917552,1.358864620718407,-0.6975681854750958,-1.8585302842035065,0.006748623466175132,0.3482610954404367,1.8460982268403408,-0.29421778249930647,1.831421484901837
turn_left,0.49943675502607665,0.023726098057259663,-0.49943675502607665,-0.023726098057259663,1.1752472712024924,0.18106967750516767,-1.2200316637619784,-0.0010183880234513952,1.21631107753741,-0.7144732160402909,-1.8556511493481835,0.015932115245928163,0.3484696113810159,1.8466650595910334,-0.2939177011655395,1.8335360515669514
turn_left,0.4994599498496713,0.02323270316093304,-0.499459949849671,-0.023232703160932486,1.1759528648459605,0.1814633305203509,-1.2148931750535699,0.0005018942047375155,1.0473045644742478,-0.7151366661818169,-1.8554188470156394,0.02802191207707191,0.34874185330972246,1.847599364711827,-0.29382683321562003,1.8342914429383033
turn_left,0.499472625575274,0.02295857793814511,-0.49947262557527455,-0.022958577938145666,1.177470659098907,0.18084448561745853,-1.2140387502796544,0.0026164306614081226,1.0369923141920188,-0.7208445796349622,-1.8553244248522338,0.03328004787745455,0.34954884664884667,1.8495006059660384,-0.2929555544049202,1.8362583200033669
turn_left,0.4994685278469304,0.02304755280762532,-0.49946852784693013,-0.02304755280762476,1.1852498854152318,0.18093543215767438,-1.221807642080675,0.004857502759477696,1.0947647684375617,-0.7493098478898259,-1.8668769983370477,0.03625856693249745,0.35486188547511177,1.8501207647315716,-0.28931021121143596,1.8405377971070953
turn_left,0.49947154576300296,0.02298205763451738,-0.49947154576300323,-0.02298205763451738,1.1879491091963972,0.17801966382374157,-1.2294702417833374,0.006145927902259333,1.1910551642562743,-0.7480764617572825,-1.874039661544203,0.03885326689990442,0.35795993121842257,1.850257760075921,-0.2859852955919275,1.8408846792905533
turn_left,0.4994972420531419,0.02241662734010133,-0.4994972420531419,-0.02241662734010133,1.16581208781606,0.17690053071518272,-1.224160042574165,0.010916509181124863,1.3449062155234537,-0.6846125066556336,-1.8675162585525404,0.04499237053989842,0.3596080005184098,1.8449002523427132,-0.2834757941209748,1.8354780299558944
turn_left,0.4995034692813703,0.022277436474494445,-0.4995034692813703,-0.022277436474494445,1.1566375941161329,0.17512973059413023,-1.22093555098382,0.010760165167349001,1.4359186258107581,-0.6439751682713037,-1.866684677179601,0.047024891565292326,0.35963746834817845,1.8452950405350763,-0.28374668017729837,1.834759913620407
turn_left,0.499517388285032,0.021963123659912327,-0.499517388285032,-0.021963123659912882,1.1580638928587321,0.15991520983378185,-1.2148058381591025,0.010702881523149875,1.5940723277954112,-0.5414510013477509,-1.857682383628297,0.04787149419804681,0.355892047417012,1.8344332570198543,-0.28381132660439323,1.8241660615524593
turn_left,0.4995247678404484,0.021794639569080742,-0.4995247678404484,-0.02179463956908019,1.151610385940295,0.15522119892477682,-1.2091400712230786,0.008834176028453336,1.5984605730713166,-0.4708332368959829,-1.848242168951084,0.04652188340214731,0.3509978240230954,1.8245751326728366,-0.28498957304529426,1.8119587609690881
turn_left,0.49952081487847194,0.02188505204809011,-0.4995208148784714,-0.021885052048089562,1.1473153126885955,0.15439779920261826,-1.2045313668441102,0.00805796986075565,1.5964789278390394,-0.4518673153313928,-1.8442134279409241,0.0457991345158801,0.34940145078872553,1.8182792236797958,-0.28469934477807735,1.8064981025009372
turn_left,0.49949595405403263,0.022445308722574595,-0.49949595405403263,-0.022445308722574595,1.1496457113001548,0.1502605961414163,-1.1992690661030776,0.005620670828166702,1.5711903682256998,-0.48424259418448273,-1.8368166032823763,0.04457310992253796,0.3493192230271004,1.818130912719417,-0.2846163405574879,1.80624367021492
turn_left,0.4994727279400937,0.022956350844178,-0.49947272794009395,-0.022956350844178,1.1489357750780003,0.15184956101719466,-1.1979718202520755,0.004750682463108624,1.525240229262146,-0.4795144307746043,-1.8328398162705473,0.043623464817016615,0.3491759468445512,1.8188807894243615,-0.28507757103679726,1.8077359179002297
turn_left,0.49947664195241903,0.02287103285675985,-0.49947664195241903,-0.02287103285675985,1.1390007715584514,0.18113457861869212,-1.1989886654002793,0.0030381455524243206,1.40785534535054,-0.5312728097383681,-1.8328112763895201,0.04280320896814266,0.34895261075096207,1.8225654312696813,-0.28648637713289876,1.8107278090136756
turn_left,0.49944490995863755,0.02355380895753968,-0.49944490995863783,-0.02355380895754023,1.154524853665498,0.17987455355335893,-1.2042367827716873,0.005935674845714976,1.2445274816629956,-0.6755400122431182,-1.8365912910128148,0.0347009060671626,0.3488798102937586,1.8252350724743445,-0.2877536208539264,1.8130069088339025
turn_left,0.49945672472697095,0.02330193393276359,-0.49945672472697067,-0.02330193393276414,1.1675343085400187,0.180691080016007,-1.2106892861573408,0.008420856935015854,1.1668571531048175,-0.7215132901018347,-1.8437589179059728,0.026970417300542684,0.3483596247922355,1.8308389177920799,-0.29032667760351794,1.818368035251957
turn_left,0.49945816549641303,0.02327103175533324,-0.49945816549641303,-0.023271031755332686,1.1748766440260143,0.18155448994061882,-1.212664690706369,0.009727391376729887,1.112887495368972,-0.7270107080531055,-1.8448024543099633,0.01650810828362467,0.3481078675831783,1.8310315620087916,-0.29092302106329837,1.8185873479365537
turn_left,0.4994465321783653,0.023519385515043612,-0.49944653217836504,-0.023519385515043612,1.181217277447196,0.19859356376420095,-1.2211934190783476,0.011309861757524225,1.016323463694348,-0.7217328918025828,-1.856159464068172,0.01253402821078363,0.34337702691041894,1.8376877585595555,-0.29830892242717816,1.8237991677471146
turn_left,0.49944647886415844,0.023520517642973495,-0.499446478864159,-0.023520517642973495,1.1873764795216046,0.21006653021864916,-1.226551145265102,0.011322321132422491,0.9698720495003539,-0.718006422586472,-1.8613336236778275,0.010667311191189664,0.3404928726574392,1.8409686929409828,-0.30223017759740833,1.8247870519615565
turn_left,0.4994861070839182,0.022663380819119606,-0.4994861070839185,-0.02266338081911905,1.187678290754438,0.21081918430022056,-1.2209222860234132,0.012664731225024789,1.0034621507701813,-0.7122147806584618,-1.8597764315152183,0.013457200184713676,0.34035386979468807,1.8435588002904915,-0.29880132980427804,1.8270912042025085
turn_left,0.49948979817524414,0.022581884749819852,-0.4994897981752436,-0.022581884749819852,1.187666116212411,0.20476427816820175,-1.2155923357609906,0.012274897564490923,1.0323387773579453,-0.7195872895979869,-1.8582196171677265,0.014724892516163404,0.34044987240729,1.844549032446949,-0.29853674175450157,1.8276616684489926
turn_left,0.4994605235020082,0.02322036741957956,-0.49946052350200765,-0.023220367419579002,1.1930131445236725,0.19901708189917358,-1.2232826211750358,0.013327552907117846,1.088368823919112,-0.7550469647494884,-1.8706590872998887,0.015118483281249297,0.34400976076501427,1.851363065139836,-0.2971887880873323,1.8347386061585456
turn_left,0.49940040597514246,0.02447926697968889,-0.49940040597514246,-0.02447926697968889,1.192995128762915,0.1967142636690591,-1.2290708755408548,0.01316026125816264,1.1817256203079256,-0.7463565064246795,-1.8789300249931664,0.0174778169766954,0.3466191737507385,1.8541052610537319,-0.29501694725220673,1.8378978428827422
turn_left,0.4994110400535706,0.024261349356762517,-0.4994110400535706,-0.024261349356761962,1.164353350494778,0.19131128926889224,-1.2230081017326377,0.017111474491398194,1.3514508579779911,-0.6846340660309225,-1.872823171540322,0.02409343836576555,0.34832954696894397,1.843285087817841,-0.28979514103145254,1.8271818348393578
turn_left,0.4994750453724913,0.022905873704086737,-0.4994750453724916,-0.022905873704086185,1.1470645911492392,0.1881426278155393,-1.2200041580862362,0.019036128806164662,1.4060430834089568,-0.6127341090646299,-1.8752009322572285,0.03129843186064443,0.3496232059107023,1.832894114480456,-0.28636482112592887,1.8172887425899766
turn_left,0.4994869385792626,0.022645047774638674,-0.49948693857926313,-0.022645047774638122,1.1357828299830788,0.1677279169584795,-1.2109037254429078,0.015358845618553095,1.4540023392711579,-0.5391522157982089,-1.8710036492036664,0.037246500091950636,0.3492887022673473,1.8305635662860797,-0.2871031971931644,1.8134152506996455
turn_left,0.4994882833988292,0.022615365292009658,-0.49948828339882895,-0.02261536529200911,1.130162478471268,0.1522916856469686,-1.2059814180508839,0.015053739647858798,1.4726986644429807,-0.5267912794525073,-1.86679407361573,0.041378326480132635,0.3494047351460356,1.8268203934970526,-0.28663463188945393,1.8105152606774564
turn_left,0.4995250815853824,0.021787447466763917,-0.49952508158538267,-0.021787447466763917,1.1265875113498045,0.15140000935080794,-1.2097198519072903,0.016603324688571362,1.4409348401838802,-0.5393167710789327,-1.869191102018624,0.04042117011842184,0.35083447815321156,1.8217278924067066,-0.28318581813866395,1.8096949893655758
turn_left,0.4995367576747993,0.02151807918353043,-0.4995367576747996,-0.02151807918352988,1.1183424995027136,0.16257014876553302,-1.2091984388918595,0.01747816205409562,1.412950468249515,-0.549255221374499,-1.869580081935076,0.04160631160603035,0.3510646268787717,1.8191927873019709,-0.28284543320589794,1.807062737692301
turn_left,0.49953793132596497,0.021490815865755346,-0.4995379313259644,-0.021490815865755346,1.1322025877895399,0.1581903318059809,-1.2112237771484518,0.020298978274574955,1.3409037033838322,-0.6864876313875394,-1.8683246568853757,0.04790047053263895,0.3526954122527429,1.8193267326707643,-0.2813831511175856,1.8061826144363742
turn_left,0.4995763838536914,0.020577577497590007,-0.49957638385369113,-0.020577577497590555,1.1423718253859947,0.15888445454370587,-1.2120557895287896,0.02291602095560276,1.2792540309794163,-0.7095570198358098,-1.8694761634942298,0.04983126509757514,0.35420046504420577,1.8184429878378638,-0.2806201350008532,1.807671638378777
turn_left,0.49958746706250307,0.020306716969332103,-0.4995874670625028,-0.020306716969332103,1.1338960906841953,0.1593000482539994,-1.207753139355295,0.023076762072490285,1.3491249050264587,-0.6362351157321434,-1.8654790989293601,0.05328793148722121,0.35584081067970225,1.8173936261075443,-0.2787371470789892,1.8066538809953296
turn_left,0.4996045616720585,0.01988169903379603,-0.49960456167205824,-0.01988169903379603,1.1358047535931286,0.15893106039066845,-1.2024841891392088,0.024623523272745747,1.3507699209620654,-0.6406376034981826,-1.8642056326437564,0.05894002362026846,0.35679864909548814,1.8211189759172401,-0.27872215368292635,1.8091297793551058
turn_left,0.4996076209139626,0.019804674314163877,-0.4996076209139629,-0.01980467431416443,1.1359645734407904,0.15110593163824934,-1.203127486628007,0.02470125977047575,1.4313030235711584,-0.6037563762039719,-1.8652741864711153,0.0598574438671676,0.3567808123808489,1.8221623004123089,-0.2787179219159926,1.8100569265042998
turn_left,0.49959586853610355,0.020098958720691274,-0.4995958685361041,-0.020098958720691822,1.1360872212372264,0.1439766263442501,-1.2034974848402242,0.02835628650447908,1.4669076829057042,-0.5795715393135552,-1.8658402657593862,0.0740170728070699,0.35642354367127416,1.8220804145258311,-0.2792149502129546,1.810385064796829
turn_left,0.4996110992665528,0.019716731211505092,-0.4996110992665528,-0.01971673121150454,1.1343345244523808,0.15106415616867838,-1.2030908911240779,0.027632073001788673,1.449128912634499,-0.5754407810309775,-1.865704567000849,0.07314784980861988,0.35770497032220877,1.8238456765751214,-0.2783557924033255,1.8118594172827565
turn_left,0.49959370336024855,0.020152706091051315,-0.499593703360248,-0.020152706091051867,1.1318611730858759,0.15578372382327133,-1.202942452812119,0.027274095971670607,1.4401940174869388,-0.5801151800669002,-1.8648630820064354,0.07233822485226028,0.35830721676876287,1.823781871497474,-0.2777215019209633,1.8116858488458594
turn_left,0.499584514987249,0.020379214532338617,-0.49958451498724926,-0.020379214532338617,1.141954851090293,0.15647692377119277,-1.2086312792328624,0.027285989558004053,1.3438094056023364,-0.6517574135352732,-1.866379953941,0.06296055310622393,0.35836184837163654,1.8260065317040444,-0.27799085109885,1.8139032679242384
turn_left,0.49959591383903934,0.02009783260292473,-0.49959591383903934,-0.02009783260292473,1.1679828253739668,0.15879081262187955,-1.2113331457744587,0.029773657894045635,1.1768781022889336,-0.7188534190186597,-1.8674147402674786,0.06149602319239252,0.35733464420241795,1.8405974676363728,-0.2813086672060416,1.828945408406354
turn_left,0.49959575145270907,0.02010186882861444,-0.49959575145270935,-0.02010186882861444,1.1849762092157503,0.16091999628308404,-1.2150839459358433,0.027784271826608396,1.0527853682313821,-0.7130164883626131,-1.862267379231582,0.059904235852347276,0.3541598995277078,1.8448355172226503,-0.285163684226562,1.8329510630939416
turn_left,0.4995986986051694,0.02002848851064308,-0.4995986986051697,-0.020028488510643636,1.1950217148458901,0.1644558530367798,-1.2148663857577362,0.026785866052737556,1.0132003391751607,-0.7057181359798101,-1.8633676200377203,0.0569474370602856,0.3510757258832958,1.8485927032335043,-0.2891764079727681,1.8365601238204614
turn_left,0.4996054553790525,0.019859228471663746,-0.4996054553790522,-0.019859228471664304,1.2005542069517652,0.1653786823001737,-1.2151467964206777,0.024877368009594787,1.0327547069822625,-0.7076351824310821,-1.8634469154308022,0.05355448836849557,0.34884245725640173,1.8492320097335293,-0.29089997425184994,1.8355568309279842
turn_left,0.49962701229393885,0.019309287564075572,-0.49962701229393913,-0.019309287564075572,1.2005771363768791,0.16586551691861492,-1.2174174416986574,0.024153283683896392,1.084950855589047,-0.7195582480617679,-1.8641463926617643,0.05157860569826531,0.3502506157088704,1.8478941805319073,-0.28837938550610426,1.8359935016112536
turn_left,0.4996166064834838,0.0195766832208006,-0.4996166064834841,-0.0195766832208006,1.2033423857801842,0.16609428180625657,-1.2214158172093168,0.024433806780032204,1.0952672709931754,-0.7460293526717078,-1.8674494617942534,0.04918805790649291,0.35207261058989114,1.8525916603177326,-0.28773269633583265,1.8398451849576407
turn_left,0.4996103866341722,0.01973478064872099,-0.4996103866341719,-0.01973478064872155,1.2044072376619426,0.16863320524067618,-1.224514444875858,0.022555209265436395,1.165127780993266,-0.7439302095593965,-1.8716412644126934,0.045459042463614714,0.35310697699285953,1.8537752666607128,-0.28663361296047934,1.8394773231928934
turn_left,0.49960015020737,0.019992246316346468,-0.4996001502073697,-0.019992246316347023,1.1863900838091532,0.17194538653153807,-1.2218522824630116,0.022744036147129165,1.3158180201215373,-0.6990175335145818,-1.8682000422241818,0.044964018935364676,0.3536629795496761,1.8509280484971222,-0.2853135418368315,1.8364955826310763
turn_left,0.499620229112593,0.019484010405457306,-0.4996202291125933,-0.01948401040545675,1.1774022892920595,0.16309373876865194,-1.2199629436697652,0.02093592248789557,1.475494225005396,-0.61656224397943,-1.8685281610385653,0.04157054028620262,0.3530344853792748,1.846639115945438,-0.2847229167832068,1.8338589002769268
turn_left,0.4996262565012898,0.019328833759625554,-0.49962625650129006,-0.019328833759625,1.1703623208718792,0.1540770035606165,-1.2157196751718828,0.018650167169073948,1.5077018391551842,-0.5680490308543676,-1.8631009268745,0.0393073452243279,0.35218710424675115,1.8401342710191115,-0.28372293750571714,1.8281154117724174
turn_left,0.4996313500913372,0.019196718623441775,-0.4996313500913372,-0.019196718623441775,1.1676663575144761,0.15068060137214934,-1.2146882828614656,0.017142956923417944,1.5109254775386172,-0.5293279344972046,-1.863952795234942,0.03835632083151447,0.3520965579509912,1.8375148487829436,-0.2834224371973789,1.8254862409910388
turn_left,0.4996159821803179,0.01959260957596058,-0.49961598218031844,-0.019592609575961133,1.155314520833156,0.15184357394975911,-1.2113454340463485,0.01484462956529456,1.4767756792698639,-0.49436846909042903,-1.8585125779383367,0.03642069566598922,0.35243115416136034,1.8305822141121066,-0.281418727530863,1.8225276348702921
turn_left,0.4996222509018927,0.01943209725496192,-0.49962225090189244,-0.01943209725496192,1.1548698089627945,0.1579556390899841,-1.2067771350166236,0.013330782364630804,1.4459442719491153,-0.5716923541420547,-1.851612203819577,0.03618963837894876,0.3527212684755479,1.8292544936566666,-0.2806197421970027,1.8213183750494568
turn_left,0.4996290276220517,0.019257070323477815,-0.49962902762205114,-0.019257070323477263,1.155909189338795,0.16065268321202952,-1.2015451461422384,0.012395584345939532,1.3933215375902521,-0.6390779289344083,-1.8401990012254086,0.03711042386405634,0.3542867413239253,1.8289323084348488,-0.27882429255302166,1.8212300699345518
turn_left,0.4996446210986803,0.018848145987237986,-0.4996446210986803,-0.018848145987237986,1.1702344907416753,0.15329445233558367,-1.1971062238457235,0.01618131820618763,1.2056850293451473,-0.7500392511949977,-1.8303179832769974,0.0414806682403526,0.35478387580744275,1.834314675298799,-0.27743396678277804,1.8262919749734299
turn_left,0.4996063353698825,0.019837077866363774,-0.4996063353698831,-0.01983707786636433,1.1805536806700532,0.15540122905715575,-1.1933640056592532,0.01824455659188013,1.1448329354338,-0.7584171557848434,-1.8277798341963813,0.04454279386680931,0.3553521529829621,1.839928655976645,-0.2753231284877227,1.831867862757259
turn_left,0.4996107226172915,0.019726272983705488,-0.4996107226172918,-0.01972627298370604,1.1936115295804153,0.15694067253488594,-1.191266643792615,0.02024320311739548,1.036676349042141,-0.7408875063467891,-1.8294566105576007,0.04678797296112682,0.35377867053239304,1.8429383962192114,-0.27894012188465295,1.8332756005407207
turn_left,0.499640483906218,0.018957500941859173,-0.49964048390621746,-0.018957500941859173,1.1986654462366848,0.15798648822200712,-1.192337620385546,0.021178431480745837,1.0153283010898528,-0.7291719011557664,-1.8305515642369479,0.04795106127492104,0.35312049251381566,1.8443758894444051,-0.2798420855080612,1.8345237887039756
turn_left,0.4996372355588086,0.0190429210771827,-0.49963723555880807,-0.019042921077183254,1.1990968700113611,0.15575420871964699,-1.1959986121796635,0.020330380696644272,1.0546670438301342,-0.7307180036397125,-1.8342641384012714,0.04798958888216707,0.3528976405787897,1.8446767256059904,-0.28021542882619377,1.83397452270234
turn_left,0.4996367829836521,0.01905479177915815,-0.49963678298365183,-0.0190547917791587,1.1988550789683439,0.1512173067175592,-1.199691506063438,0.02058075690396163,1.0840529509052947,-0.7555948630360814,-1.836676319734909,0.04813912105236428,0.3526912567239044,1.8453078943635763,-0.28012376324651306,1.833592572251169
turn_left,0.4996362069518052,0.01906988995282797,-0.49963620695180494,-0.019069889952827414,1.1930999147896568,0.15132845856433577,-1.2144010452834475,0.025758408594348695,1.1739339381233576,-0.7510313927231721,-1.857355347915513,0.04810443749124951,0.3547124687258347,1.846178463047829,-0.2774686280251243,1.8353285125676815
turn_left,0.49964199531755343,0.01891762445695056,-0.4996419953175529,-0.01891762445695056,1.1828177830414932,0.15308642521167506,-1.2189239489037031,0.027677654799681175,1.2436866483519646,-0.7394354027062356,-1.869682608172538,0.04760275667195147,0.35538977576754655,1.8432210046019457,-0.2775803400860915,1.8322084588778633
turn_left,0.4996115561492285,0.019705150650182805,-0.4996115561492282,-0.019705150650182805,1.160918641812633,0.1523455714277652,-1.2224645268239398,0.030484606970880256,1.3815994860152347,-0.6582726948082829,-1.8858325320070013,0.04504162154125216,0.3552481807884829,1.837708287336918,-0.2772900528030993,1.8267825134233884
turn_left,0.499581211773928,0.02046003036394494,-0.4995812117739283,-0.02046003036394494,1.1662038469734768,0.1529893726757448,-1.2237840138399831,0.033062146194527145,1.210950541811071,-0.696520890025035,-1.8843629152657135,0.0455701699342893,0.3547827657376915,1.8370123228979647,-0.27835582759740846,1.8264901820491843
turn_left,0.49956637123078906,0.020819239546659974,-0.4995663712307896,-0.02081923954665942,1.1812454480654926,0.15832046046732595,-1.2287661318061325,0.034510517281927736,1.0502272234015513,-0.69649607020447,-1.8895563553885621,0.048266944162159646,0.35274049738505314,1.843345986508734,-0.2819572565610262,1.8331047485512149
turn_left,0.4995605116155434,0.02095937104056947,-0.49956051161554393,-0.02095937104057002,1.1887281245714845,0.16248685786763756,-1.2309320500995142,0.03481545196713404,0.9954093830324575,-0.6919299969002879,-1.8910557615932482,0.04914401335966905,0.3511024510583842,1.8434768803343327,-0.28380563177396123,1.833244364283835
turn_left,0.4995849105595707,0.02036951499633828,-0.49958491055957016,-0.02036951499633828,1.1897027339408381,0.16246665320222475,-1.2296969482292848,0.03522570456414275,1.0086535871096924,-0.6905254361355031,-1.888373599008782,0.04998414981217058,0.3502856159823857,1.8414256738741321,-0.2840700200044438,1.830940928292238
turn_left,0.49961257015460175,0.019679424369458617,-0.4996125701546015,-0.019679424369458062,1.1910824665842477,0.16299871972196883,-1.229412309752477,0.03720294447114997,1.0212666503780654,-0.6953960665092027,-1.8879730188726305,0.05162355726850783,0.3503144394595206,1.8420629096006855,-0.2836687920334795,1.8310830038060046
turn_left,0.4996186066355342,0.01952557050555445,-0.4996186066355342,-0.0195255705055539,1.1933118389860133,0.16043898138078455,-1.2312980565252938,0.03765325118765216,1.0495086579172552,-0.731215462632287,-1.8899558136307366,0.05205956290014633,0.3531454523363677,1.8438720904441108,-0.2793849687063475,1.8332442525969237
turn_left,0.49966273756293683,0.01836160916455509,-0.49966273756293655,-0.01836160916455509,1.194088168193112,0.1525454665112625,-1.231964921603016,0.03983793741802248,1.090153896977151,-0.7575005962462686,-1.8908631824768602,0.054057708721978535,0.3549080795514489,1.8465724326707238,-0.27771156218973303,1.8355099613976753
turn_left,0.4996642880847306,0.018319367150082883,-0.49966428808473007,-0.01831936715008344,1.1916373206840452,0.1522105367593849,-1.2359842591477705,0.03977508672054635,1.1883524509606,-0.7541656970642286,-1.8961280528376314,0.054444613587322735,0.35535982724723225,1.8415020663661252,-0.27743276390945343,1.832446371840167
turn_left,0.4996785149168032,0.017927122762401552,-0.49967851491680293,-0.017927122762402103,1.1830362695328458,0.14445135482405935,-1.2312057888623966,0.03948933249703894,1.3400746448887613,-0.7495772252840049,-1.890868551376122,0.05437345621630352,0.3552539805239631,1.8314925987428863,-0.27743356836863814,1.8246461871145057
turn_left,0.49971233808493914,0.016958159265774368,-0.4997123380849394,-0.016958159265774368,1.174855669781117,0.12982314510744464,-1.2233667712665326,0.037992468614314476,1.388681380118768,-0.7329809598333379,-1.885960340839194,0.05266235190381448,0.35508700363104756,1.826284061542325,-0.27729289733285717,1.8193052462843944
turn_left,0.49974882542748733,0.015846497526163576,-0.4997488254274876,-0.015846497526163576,1.1650764112498417,0.1143476455935815,-1.209016450622803,0.03744142332827354,1.455620499791202,-0.6518147077171907,-1.878076887820165,0.059136766448383546,0.35267264137966053,1.8185833570445962,-0.27866573017095436,1.8121421579672463
turn_left,0.49975600823091043,0.015618330163828726,-0.49975600823091015,-0.015618330163828726,1.1571254597443252,0.10936095231975597,-1.2047815229272802,0.0373844380489127,1.4652848688863045,-0.6079096885141355,-1.875023184028149,0.06005966944190375,0.35216411785299606,1.8158453713443417,-0.2791226440012846,1.8093441790552938
turn_left,0.4997412556942868,0.01608344978844217,-0.49974125569428707,-0.01608344978844162,1.1491452837358211,0.13441923215509582,-1.205500734923308,0.037402073634676715,1.4216436570786293,-0.5965712810549685,-1.875116940323781,0.061524159407584336,0.35207174546277975,1.8169430711551415,-0.2793185849270063,1.8088623796150198
turn_left,0.49973381455325083,0.01631301909693946,-0.49973381455325083,-0.01631301909694001,1.1388590186344407,0.16052356866444956,-1.2091564037778257,0.0371150942780527,1.3937750621555702,-0.6011474137923553,-1.8740146679223437,0.06056480991272974,0.35277886541597697,1.8163897518469618,-0.2785386807368073,1.8076851416972923
turn_left,0.4996621551320741,0.01837745163973956,-0.4996621551320744,-0.01837745163974011,1.1524590884321664,0.1611245528030001,-1.2191216795597584,0.034480575922738385,1.355317514377576,-0.6670214698678959,-1.8862540187289756,0.055904895921102565,0.3517198092320921,1.8261511189522306,-0.28268784468296354,1.8158040962567423
turn_left,0.49963075866060963,0.01921210556455591,-0.49963075866060963,-0.019212105564556464,1.1615398435912851,0.16268893113538346,-1.2271192058522151,0.032382644160421255,1.3019739531019563,-0.6818304182148865,-1.8943042697617511,0.05243216967631081,0.3497499502972615,1.8365455567949498,-0.2878154550374055,1.8258975301381775
turn_left,0.49959925520271,0.020014599693662215,-0.49959925520271,-0.02001459969366166,1.1739522191006155,0.16276037342549765,-1.2316996671860525,0.031642303577278034,1.2582693714812658,-0.6891053240275143,-1.8961094363507167,0.047794120894865275,0.3493071193940888,1.840017940944328,-0.2896033741853229,1.830797359751594
turn_left,0.4994154781168279,0.024169820382864173,-0.49941547811682846,-0.024169820382864173,1.1786385890421505,0.17682563430640444,-1.2277364095794892,0.027092606551215422,1.0793576734065304,-0.6932921728408716,-1.882598295890774,0.043317635670556194,0.341504840720123,1.8330127270616638,-0.2988280122509597,1.8214973451069458
turn_left,0.4992828766408033,0.02676955534342187,-0.499282876640803,-0.026769555343422426,1.1832213325352399,0.1826443241053365,-1.2380519612888456,0.0246838683246809,0.9626572098769149,-0.6848859540983634,-1.8920730626691433,0.040355184481473905,0.3356688381450147,1.8376123116197753,-0.30659825083719033,1.8245987643436095
turn_left,0.49928948260308365,0.026646060908609936,-0.4992894826030831,-0.026646060908609936,1.185219332452938,0.18426487118547302,-1.2434938296205154,0.024573268132023988,0.9313901301666107,-0.6777424622955319,-1.8992475638207584,0.04030080623886002,0.3330693783546824,1.842867998323268,-0.31041143882016936,1.8283302650483853
turn_left,0.4992925337067768,0.02658882819282205,-0.49929253370677623,-0.02658882819282149,1.188318420490885,0.18462760698254038,-1.2419038593562564,0.025029309787511004,0.990275346999696,-0.6817192151583391,-1.8942843360495913,0.041070937288418825,0.3325983478417727,1.8414534118957,-0.3099895132460532,1.8256778468546613
turn_left,0.49928431468863704,0.026742720615120417,-0.4992843146886365,-0.026742720615120417,1.1884341194441357,0.1866596921622591,-1.238546078927502,0.02457663986411271,1.023551957670151,-0.6817919549590588,-1.8904870183514568,0.04131564313833564,0.33170151055656577,1.8397254892341932,-0.3103428633747321,1.8227069325450902
turn_left,0.4992823795708562,0.026778824657994724,-0.4992823795708559,-0.02677882465799417,1.187615020997351,0.18562787040236095,-1.2370953744125763,0.02440951330912502,1.0405021456754684,-0.7008620195654107,-1.8849074106154087,0.04061637982443539,0.33223546249753433,1.8338425940013803,-0.3079150161131757,1.816757637633782
turn_left,0.49928013888855755,0.0268205688124401,-0.49928013888855727,-0.0268205688124401,1.1781226513012857,0.1861295018999143,-1.2342238496412423,0.02201595372301731,1.1933113445111283,-0.7006013285700553,-1.8856926362501563,0.04127709423947191,0.3351591243128904,1.8349962167550833,-0.30316875539190813,1.8178166691560904
turn_left,0.4992906755804515,0.02662369768489128,-0.4992906755804512,-0.026623697684891836,1.1559929262685367,0.18568832670870075,-1.2256653310733492,0.021886686331752593,1.3495634475560663,-0.6489829127186157,-1.8783959525971252,0.04370725329891299,0.337294687417938,1.827440241490827,-0.29882712265929656,1.809448215828803
turn_left,0.49929986537636023,0.026450792713047767,-0.49929986537636023,-0.026450792713047767,1.146786059189502,0.18406250085682888,-1.2168481893211398,0.0217830848552783,1.4055530148782882,-0.6068408502381177,-1.8674809487634176,0.04826324734986136,0.33844824021959097,1.8196581069952296,-0.294266763557414,1.8003974978636608
turn_left,0.4993123018692383,0.026214980489080376,-0.49931230186923775,-0.026214980489080376,1.1419568979624035,0.17370135683981558,-1.2063991869357757,0.023590871009929223,1.481218734521589,-0.5677569382118915,-1.8553570135054775,0.0521995706409185,0.33911332946739786,1.8093231904361475,-0.29189358420700773,1.7909054059090546
turn_left,0.49931755994653604,0.02611463821379786,-0.49931755994653576,-0.02611463821379786,1.138471143001301,0.1729006212496621,-1.202552322133335,0.02342299867422129,1.4826062087172684,-0.5407433095991148,-1.852366018294144,0.05431096326807912,0.3395720649729348,1.8087360351353612,-0.29054935547254873,1.7908046593793148
turn_left,0.49930680156458856,0.026319534785799202,-0.499306801564588,-0.026319534785798657,1.1347408829754693,0.17408642318364978,-1.2008445855976746,0.02417975876659371,1.474218801471763,-0.5344160270638019,-1.8511696487939688,0.05516640774018664,0.3397260718144428,1.809767332740464,-0.2907464263583866,1.7908676410994193
turn_left,0.49929184902082807,0.026601682303241003,-0.49929184902082807,-0.026601682303241003,1.1349288907338866,0.18617420366759113,-1.2054997706202222,0.024096559788071875,1.4733341599367829,-0.537755650290367,-1.8597884438238315,0.05462381022993229,0.34179180556716315,1.8154375312714857,-0.2900325183288245,1.7958209820121418
turn_left,0.49931229840931135,0.026215046389639313,-0.4993122984093111,-0.026215046389639313,1.1296363514609458,0.18335004909275773,-1.2014640649130484,0.02761751073542153,1.4616285361562729,-0.5129516114751462,-1.8598883344611912,0.0615469925193185,0.3418177255769697,1.815074124742283,-0.29004865364854004,1.7934374886097881
turn_left,0.49943640470234274,0.0237334712589206,-0.4994364047023422,-0.0237334712589206,1.1335307343197518,0.17890250950843734,-1.1973126483795073,0.026055310566162962,1.390667442558569,-0.6179538465159278,-1.8628311235916395,0.07939438284363319,0.3437306786826921,1.8200915730679064,-0.2877717004709193,1.795912475417389
turn_left,0.4994336692290192,0.023790965521365046,-0.49943366922901894,-0.023790965521365594,1.13703554343403,0.17670851890504402,-1.197825296716782,0.027809297825770348,1.3856174446882321,-0.6506992335368886,-1.865359268223353,0.08740439507818955,0.34441783952064986,1.8231023378003417,-0.28768338613001276,1.7982164298916439
turn_left,0.49949161010428383,0.022541770902709375,-0.49949161010428356,-0.022541770902709375,1.1378355471158763,0.17149943434407386,-1.1946808907148097,0.030155220947272132,1.4247771614742817,-0.6155700876149851,-1.8643964632460799,0.1017779025345929,0.34680035686705574,1.8233217238059527,-0.28595056215814146,1.799193303151824
turn_left,0.499514075707026,0.022038334114798497,-0.499514075707026,-0.022038334114799045,1.1384479376144714,0.16083722606775916,-1.1904865727143827,0.033029042550198895,1.4493059807875144,-0.5866466029042803,-1.862221644910891,0.10855719119536263,0.34696957779007137,1.8235935101199507,-0.2865928014762058,1.799459138994833
turn_left,0.49957437069334637,0.02062639440975577,-0.49957437069334665,-0.02062639440975632,1.138238263105956,0.14883048855789968,-1.1853891193027533,0.033472254493408314,1.4909287521995713,-0.5752283644060465,-1.8551672169719846,0.11189015224291854,0.3487123993043465,1.8186267037442694,-0.28318110778318073,1.7949800056781904
turn_left,0.49960309782664,0.019918449789695654,-0.49960309782664025,-0.019918449789696202,1.1359375667339453,0.14243658842464813,-1.1798444487030575,0.033794263555674234,1.502472475238273,-0.5616834928437423,-1.849151855466412,0.11223266038278329,0.34936681653926116,1.8154962301533093,-0.2815690076988764,1.7948870875810568
turn_left,0.4995968301079006,0.02007504286764058,-0.49959683010790035,-0.02007504286764003,1.1363567747973482,0.14269152824099327,-1.1792511063366848,0.034617767917729074,1.4870780209385581,-0.562171578724572,-1.8511712576891646,0.11615158429326809,0.34955602882097564,1.8186442416594055,-0.2813947900350165,1.799371541510232
turn_left,0.4995977996030904,0.020050901020903553,-0.499597799603091,-0.020050901020903004,1.1342676021535611,0.14928210756986635,-1.1801631245245272,0.03592251324429794,1.4848641094182715,-0.5610497009915534,-1.8537975637833015,0.117548295868984,0.34906783438735456,1.8212555071831271,-0.2821428852285339,1.8039499492523048
turn_left,0.49959411430865097,0.020142515934085614,-0.4995941143086504,-0.020142515934085614,1.1418665839025661,0.15157830311909806,-1.1861199630362804,0.036052673309261006,1.3542201396812925,-0.6702504758944762,-1.8531339143481849,0.11240522893686995,0.34985452296015335,1.821372224081856,-0.2811859673141191,1.8050864129960855
turn_left,0.4995990410327015,0.020019945035012567,-0.49959904103270175,-0.02001994503501202,1.1492254732353577,0.153363828154822,-1.1884467038980437,0.03605974003789996,1.2872476675425806,-0.7009384950962434,-1.8528666206497946,0.10527829640605584,0.3506564772552388,1.821424207054831,-0.2800733881551089,1.805975014928084
turn_left,0.4996218461456592,0.019442501228071157,-0.49962184614565863,-0.019442501228071157,1.1666778729251204,0.15595836702784413,-1.1936980991651662,0.036071742509068916,1.155202797341637,-0.7415011389022268,-1.8544500370272812,0.0990774938876492,0.35017038800356226,1.827733167743453,-0.2825886842941266,1.8128918527757567
turn_left,0.49961680827120164,0.019571532717124116,-0.49961680827120136,-0.019571532717124116,1.1803144093793783,0.15633243170267602,-1.1971153295901764,0.03505423911569084,1.1012713824484444,-0.744828259513548,-1.8556177732724257,0.09226553966088212,0.3494894419421528,1.8310118079631843,-0.28457880350465664,1.8150314062138586
turn_left,0.49961190277600265,0.019696360185118958,-0.4996119027760029,-0.019696360185118406,1.1847074361567145,0.16227490603573858,-1.2029007628540942,0.03524024737036297,0.9679994076114631,-0.7358787769400874,-1.8627418940966731,0.08694471383415338,0.34474920682681653,1.8355226610976334,-0.29125673492165205,1.8193987453215255
turn_left,0.49961626025035577,0.01958551744143879,-0.4996162602503555,-0.01958551744143934,1.1843172784576885,0.1618390707291721,-1.2040660460122417,0.03469727393475978,0.9220188531732527,-0.7242526286892299,-1.8628219205630905,0.0798562423395033,0.3416136479556485,1.834757005889405,-0.2936132929772972,1.8168560169624146
turn_left,0.4996439341821882,0.018866346624210835,-0.4996439341821888,-0.018866346624210835,1.1867313365356835,0.16301138987890304,-1.20679246183823,0.034781371932521794,0.9347123141409159,-0.7224560713860783,-1.86760100325554,0.07320124880444243,0.34035980516932873,1.83944433344827,-0.294974156797667,1.8211308512859874
turn_left,0.499698109284247,0.017372379737639616,-0.499698109284247,-0.017372379737639616,1.1909510416597622,0.16506954805571028,-1.209443426073105,0.03593148490570555,0.9657327581521071,-0.7158809162069502,-1.8709798986318829,0.0715024678155872,0.3400180360240647,1.8417128802102671,-0.2961573296775998,1.8221608170349066
turn_left,0.4996930469374322,0.017517386859489222,-0.4996930469374325,-0.017517386859489222,1.1910732873467085,0.16237516308147026,-1.2098505371831496,0.03547979518049642,0.9932010873241586,-0.7162473703574269,-1.8717359206999666,0.0714961771920652,0.33907777285231255,1.8432659286200694,-0.2971772223391427,1.8221651557859297
turn_left,0.4997207413172916,0.016708701245064857,-0.49972074131729105,-0.016708701245065412,1.189744235977202,0.15956322933583778,-1.2097485713731073,0.03645845291687897,1.0658832844820008,-0.7411878273924302,-1.8679724912822195,0.07182524319396623,0.34011060344470684,1.839630580015533,-0.29527463951572896,1.8195477142251129
turn_left,0.49973714330781843,0.016210724799992974,-0.49973714330781815,-0.016210724799992422,1.190203144124155,0.1582465315569715,-1.2079302978451976,0.03710555606054304,1.1485925288167584,-0.7443157169345495,-1.8667387775298674,0.07141312142061369,0.3423588420336212,1.8405396233690698,-0.29110890979103776,1.8197597049400633
turn_left,0.49970883131870397,0.017061181145962133,-0.4997088313187034,-0.017061181145962133,1.181053607321792,0.15637715725463452,-1.2079414155605683,0.03653190609202624,1.3111148545670603,-0.740962167127011,-1.8694999901283555,0.0705910585665437,0.3428354583257634,1.8395108528192228,-0.2904407585224168,1.8175753881352181
turn_left,0.49969346407296966,0.01750548379096123,-0.49969346407296994,-0.01750548379096178,1.1755441231440815,0.1560224147040039,-1.2083801726725896,0.03598997916462678,1.360789688001544,-0.7337456241429636,-1.8720189178277724,0.06873307871544283,0.3431088999815135,1.8377069280094305,-0.28964396934761394,1.815365361737652
turn_left,0.49969470030422203,0.01747015992696393,-0.49969470030422203,-0.017470159926964483,1.1639762984690947,0.14132637599301945,-1.2041463338214906,0.03591130471510334,1.4599026650311095,-0.6847646662685934,-1.8694525209121526,0.06931421945001989,0.3423108809235863,1.8350260507743839,-0.28995386111036014,1.8116741615040721
turn_left,0.499683897962496,0.01777644837997146,-0.4996838979624963,-0.01777644837997091,1.1562163943261359,0.13472080796638367,-1.2033275103082242,0.03509218426145954,1.4776226669537642,-0.6401725029374539,-1.8687507444978073,0.06946008901146553,0.34105582148125674,1.831222028138741,-0.2916797433235869,1.8066597055970752
turn_left,0.49964014863902884,0.01896633512224928,-0.4996401486390283,-0.01896633512224928,1.1434304898894776,0.13496466007110516,-1.2024330889600099,0.034197877023834734,1.460512272178526,-0.5952946509800056,-1.8683512865501828,0.06763864147170838,0.34105865068631996,1.8313141066764929,-0.2907476180668846,1.8048697788346875
turn_left,0.4996288129382833,0.019262639535694025,-0.49962881293828304,-0.019262639535693474,1.1383543866344072,0.1353817921875104,-1.2015781283657019,0.032945294059277756,1.4567450511928688,-0.5875614818902097,-1.867542114384687,0.06378328256071367,0.34176904528751295,1.8297574375521681,-0.2905786918160745,1.8037257745068793
turn_left,0.4996333980922573,0.019143341160417833,-0.49963339809225676,-0.019143341160417833,1.1400191738967773,0.14278041375484327,-1.2025538070053623,0.03288331484116294,1.4504365096045095,-0.6551205987699653,-1.858023702753185,0.06079690951901429,0.34499357551524296,1.824251745323653,-0.2857344789380273,1.7984852613894222
turn_left,0.49962491898542943,0.01936337596606617,-0.49962491898542916,-0.019363375966065622,1.143503264928929,0.1555799668973053,-1.2025252811791554,0.03161827946349152,1.3644816346875195,-0.656949342884997,-1.8547213902057695,0.05690960335332943,0.34575572114479036,1.8269769825881899,-0.28321226800235044,1.8014440770298759
turn_left,0.49959160114931045,0.02020475342755571,-0.49959160114931045,-0.02020475342755571,1.162208290450637,0.1573471405201033,-1.2060725103337993,0.031536916216388856,1.1469232503880695,-0.7052583502319779,-1.855655642056629,0.05438321386146998,0.3461206527142561,1.8319481737508034,-0.2841683727119875,1.8072758561320208
turn_left,0.4995494598876494,0.021221148082937923,-0.4995494598876489,-0.02122114808293737,1.1741775236165661,0.16243465494031775,-1.2108876786450549,0.031932294645388895,1.07480020036489,-0.7052237553893472,-1.8557108863878966,0.05466442137524063,0.3456819470012919,1.83871622340575,-0.2859784677570171,1.813642495532322
turn_left,0.4995062640779829,0.022214683136526567,-0.49950626407798315,-0.022214683136526567,1.1758011533005566,0.1672677416899479,-1.2102710956071367,0.0306132724774248,1.1339788492596665,-0.7077844872277712,-1.8476095252148663,0.04719092492936984,0.3461882296079591,1.839891513410927,-0.2862415145708519,1.8144960658365747
turn_left,0.49942430088243794,0.023986823217927396,-0.49942430088243794,-0.023986823217927396,1.1704362988087267,0.16892166097977832,-1.2083629449017967,0.023278306344573632,1.3671794010577865,-0.6103547167324013,-1.8467014194851699,0.044598285965607755,0.3458202429752733,1.842994088484098,-0.28749377233618795,1.8149515298201941
turn_left,0.4992567765178079,0.02725199260691641,-0.4992567765178082,-0.02725199260691641,1.1644666549167566,0.19680150984331649,-1.2088573079160725,0.018810805976311868,1.349998513990114,-0.6112648467193312,-1.8480139673267508,0.04383940364655553,0.34647610404300433,1.8454941976523476,-0.2871163657380396,1.817936559426982
turn_left,0.49915253481658195,0.029098917268190975,-0.49915253481658167,-0.02909891726819153,1.165319555346045,0.20559702847689923,-1.211258613044353,0.013083551706271459,1.3427531679857687,-0.6158356645396513,-1.853365718769105,0.04405303544371598,0.34524835293406053,1.8512826090678915,-0.2898348838617108,1.8234145313940697
turn_left,0.4991536641265496,0.029079539010093365,-0.4991536641265499,-0.029079539010093924,1.176608471827201,0.20537506417697396,-1.2106580630761363,0.012126326950501023,1.206709464695862,-0.656475598735416,-1.8525001610984233,0.04127670889366914,0.34460079168610086,1.8612725044090355,-0.29237625116585014,1.8325752139788445
turn_left,0.49912177287709697,0.029621881102047498,-0.4991217728770967,-0.029621881102046943,1.1817142398226979,0.20446323469566105,-1.2072924730617725,0.010419048176293697,1.141947546801165,-0.6758464815661294,-1.8448465878392337,0.03897819048414242,0.34318930414078097,1.8630759264086585,-0.29474561998347276,1.8338341830584992
turn_left,0.4991307217562372,0.02947070747535155,-0.4991307217562372,-0.02947070747535155,1.182763955157414,0.21943395243990788,-1.207489650407268,0.009948415809154001,1.032303394480261,-0.6567419217515736,-1.8431879184739168,0.03767952830560651,0.34130054526852605,1.858092336914322,-0.2962736320141783,1.826818476225858
turn_left,0.49913258702042923,0.029439099413769123,-0.49913258702042895,-0.029439099413769123,1.1839808267668879,0.22009992983868948,-1.2076705134929921,0.00929694317241535,0.970305368388588,-0.6515791313910103,-1.8421718537370155,0.03640156223104436,0.3387197077373662,1.8549912990180275,-0.2979633980241325,1.8238711815802202
turn_left,0.4991143386139129,0.029746882021419938,-0.4991143386139129,-0.029746882021419382,1.1862146922158003,0.22098862612402745,-1.2080866476217076,0.0065692413985861476,0.9762980365324521,-0.6503738754693745,-1.8433389378161358,0.03575697136139172,0.3367996642299603,1.855369689544101,-0.3004159192832581,1.823916448516914
turn_left,0.4991117741227948,0.029789879690863455,-0.49911177412279506,-0.0297898796908629,1.18729228635584,0.2204974906003259,-1.2132361867911123,0.006091917442189687,1.0044540284473447,-0.6505767905382721,-1.8443641631772854,0.032807189024578194,0.33684076010234515,1.8543103945146933,-0.29996435431755025,1.8229234550489395
turn_left,0.4991691870530439,0.02881184993719204,-0.4991691870530439,-0.028811849937191485,1.189251966172964,0.21210375210209045,-1.2094125469320578,0.01109649658592798,1.0580103201676392,-0.6744491869029714,-1.8429040301531947,0.03304222758205847,0.34032604866029675,1.8497610866206355,-0.2950933156410098,1.819258007080862
turn_left,0.49921152033310845,0.028068807717938418,-0.49921152033310817,-0.028068807717937863,1.1910030415738952,0.2046229811427414,-1.222638852547992,0.014124971920610067,1.144529340458326,-0.6948142321708338,-1.858127922982485,0.032732725790468514,0.34368755546157287,1.8502512284000947,-0.2925256749200987,1.8214651825620212
turn_left,0.4992217016091385,0.027887141167144358,-0.4992217016091385,-0.027887141167144913,1.1868594218651158,0.2046966408931596,-1.22527758753172,0.014735938092262266,1.1988691965632443,-0.6945460159262574,-1.867264855769909,0.03260144020537885,0.34699234349051417,1.849990986098656,-0.289443381104755,1.8213092434952014
turn_left,0.4992216740316957,0.02788763484040048,-0.49922167403169543,-0.02788763484040048,1.1716047892854344,0.20153679375363198,-1.2209758170244136,0.015703033232821215,1.3321943777168255,-0.6732833127939084,-1.8699797145611878,0.035770092860697385,0.3483843928472147,1.8444569216964977,-0.2865530333284753,1.815609285451808
turn_left,0.49923483367386445,0.02765105507261686,-0.49923483367386445,-0.02765105507261631,1.16071340927875,0.18944284757020788,-1.2172771977142924,0.016031321944217154,1.4605949898637924,-0.5835702046534902,-1.8682970510734898,0.041831190387630356,0.34840852563742564,1.8396376565628414,-0.28553559012337737,1.809594356129754
turn_left,0.49922918386756787,0.027752873273266553,-0.49922918386756815,-0.027752873273267104,1.1519446889703233,0.1886857675636321,-1.2156704224187316,0.01734739321680165,1.4791389403395978,-0.5348898935533467,-1.8674826495114571,0.04716685144253489,0.3483250485348271,1.8374598774640765,-0.2872368944281166,1.8075038945462103
turn_left,0.4992226522150489,0.027870118682417264,-0.49922265221504947,-0.027870118682416713,1.1478503246874612,0.18762408238466297,-1.2143708469001044,0.01719092602302089,1.4848399901032614,-0.5234713519423678,-1.8658988277894513,0.049351640116741695,0.34781603691952817,1.8377323377187886,-0.28878478375908484,1.8077024951968426
turn_left,0.49923624727608756,0.02762552091253718,-0.49923624727608784,-0.02762552091253718,1.141042377765135,0.19122585857076232,-1.2214184966782127,0.019344147901494246,1.447124239479049,-0.5319010237828617,-1.8777490416790048,0.04902293070225998,0.3479874306658173,1.8359870603892163,-0.28887045800646044,1.8060781790793878
turn_left,0.49925493250353303,0.02728575399164905,-0.49925493250353276,-0.02728575399164905,1.1344878581957574,0.202790981456281,-1.221539258119516,0.021374177537791212,1.4228766132024888,-0.5389327978022317,-1.875858817753857,0.04855975918900233,0.34930919835231655,1.8313682644225149,-0.28654469139872574,1.803535610688297
turn_left,0.4992758861203257,0.02689961967692637,-0.49927588612032625,-0.02689961967692692,1.136388321404667,0.20407198812703986,-1.2216148576923813,0.021911998289172712,1.3327614541814772,-0.6162438109682391,-1.8697752348559213,0.04815227087679213,0.3491812688064513,1.834389803568727,-0.28709280574687285,1.8065392755198748
turn_left,0.4992840136737769,0.02674833994481653,-0.49928401367377745,-0.02674833994481653,1.1437554971189121,0.20531677760514716,-1.2206516770475635,0.02175501557974752,1.2702393977553,-0.6368500531941181,-1.869243267888348,0.04760212848939493,0.34855510528543876,1.8392261057874684,-0.28948734836541873,1.812239497560801
turn_left,0.49927766653451755,0.026866553553572294,-0.4992776665345178,-0.026866553553571742,1.162056505136186,0.20506455140285584,-1.2237446861391081,0.021086465914057037,1.1123896686725445,-0.6692803617568758,-1.8668759218553574,0.04614913443471562,0.34544760843148986,1.8423910504960213,-0.29315841294278044,1.814244405590358
turn_left,0.4992745778401882,0.02692389129568578,-0.4992745778401882,-0.02692389129568633,1.1737162661248164,0.21182760068398945,-1.2281129466755285,0.019435074233911043,1.070745549367766,-0.6656936006053669,-1.869940898498454,0.041823171887407154,0.33936386751168424,1.8417560386598646,-0.299473808607189,1.8126819289736151
turn_left,0.4992886627125663,0.026661419442654016,-0.49928866271256656,-0.026661419442654016,1.1813704270141345,0.21381177631503048,-1.2193452746581637,0.018761103949142675,0.9738270083611746,-0.6654859484424667,-1.8544223382855505,0.04035873684198594,0.3350790138079441,1.844611209617715,-0.305193057866646,1.8146516960403503
turn_left,0.49927901420294307,0.026841497285683517,-0.49927901420294307,-0.026841497285684073,1.1883430518753992,0.21539268300633072,-1.2236309112897599,0.01596136562240629,0.9735795527703412,-0.6617599073666484,-1.8596806278862672,0.03640019954787819,0.33194114047158163,1.8457639340511356,-0.308122897454342,1.815290521807855
turn_left,0.4992734595168416,0.026944621394349846,-0.4992734595168413,-0.026944621394349846,1.186941557275525,0.2152156909420906,-1.2234647021292908,0.01686304654053443,1.0291293388163494,-0.6620391807145375,-1.861727914928658,0.0352135377333453,0.33171156606304725,1.8429537735412456,-0.308371884377196,1.8133124751463312
turn_left,0.4992627037826857,0.027143187204197377,-0.499262703782686,-0.027143187204196825,1.1865968576256187,0.21371134485210028,-1.224791862907426,0.016837886352441576,1.0526017855117082,-0.6785685494446759,-1.8712771768157976,0.03311830216343091,0.3321111351832618,1.8396964217713812,-0.3072541716321272,1.8104816252038662
turn_left,0.4992666493727775,0.02707051577048589,-0.4992666493727775,-0.02707051577048589,1.174786773321059,0.2131021021806049,-1.217689052470375,0.016696005724255378,1.196427766417623,-0.6786488477022732,-1.8684137388100526,0.03361440894309955,0.33647555388471256,1.8352543584343337,-0.30111204384431134,1.806236507654518
turn_left,0.49930452808444714,0.026362629504045373,-0.49930452808444714,-0.026362629504045925,1.1622340274171292,0.212702983705627,-1.2149551449699763,0.016753241689078553,1.2549537169788825,-0.666047982853921,-1.8679675821166286,0.033659501211031936,0.3401194476294024,1.8319280774505005,-0.2961891796222083,1.8035743688512738
turn_left,0.49930249316420167,0.02640114239976206,-0.4993024931642014,-0.02640114239976206,1.1536121060463815,0.20882897804694298,-1.2184892096134905,0.015959652061019448,1.3527257380537383,-0.6401940292994284,-1.8755179730625167,0.03467631316339579,0.34217075327618923,1.8310491181026207,-0.2939414486463515,1.802869123645095
turn_left,0.4993074173370096,0.02630785039195179,-0.4993074173370096,-0.02630785039195179,1.1611982480623104,0.20274938857020025,-1.224039657255324,0.021323623080389695,1.352677131265422,-0.6554545294945583,-1.8889773026204415,0.043602321275622594,0.3462294730281684,1.8353768943909334,-0.2925082328708199,1.810016697948153
turn_left,0.4994610996708568,0.02320797094919334,-0.4994610996708565,-0.02320797094919389,1.164653963286308,0.19232993238224913,-1.208153388895704,0.026291972553923907,1.1650407195274755,-0.6745220925844434,-1.873251706911412,0.04698187505828636,0.35259826237646524,1.8273119682228212,-0.2834698600185277,1.8018377525528764
turn_left,0.499576666691074,0.02057070970665784,-0.499576666691074,-0.02057070970665784,1.172744247411883,0.17839500328157468,-1.1972540971457324,0.03358490428931565,1.1779617506771003,-0.7241912133387576,-1.861600105843415,0.04832723173921533,0.3613624945973037,1.8231255286879477,-0.2739205407007044,1.7975677415322218
turn_left,0.49959767264590205,0.02005406409678491,-0.49959767264590227,-0.020054064096785458,1.1735844680183787,0.17606139202258153,-1.1947529340396754,0.034615415088684244,1.2022039926980794,-0.7177417498403528,-1.85480050544638,0.05104741514541514,0.3654757038815123,1.816358894905431,-0.2677668404408436,1.7937651884678611
turn_left,0.4996098008789572,0.01974960419068636,-0.4996098008789572,-0.01974960419068636,1.1748086236703952,0.17473760384785178,-1.1996306287782543,0.03621986898750176,1.2605411492427978,-0.7185932874917839,-1.856013306741492,0.054612770647364604,0.36638500223486486,1.816574466271791,-0.2667874058132549,1.7942994290636631
turn_left,0.4996790301310808,0.017912756551203814,-0.4996790301310802,-0.017912756551204362,1.1679040612672509,0.1648195795208205,-1.1971447384191314,0.038242402678103124,1.4196465328755956,-0.6590619719755294,-1.8566752998881388,0.06144565200855879,0.36632324279717154,1.8156999042553947,-0.2670991286974253,1.7949163476997483
turn_left,0.49973847105048913,0.01616974186929175,-0.49973847105048885,-0.01616974186929175,1.1619178685491809,0.15623970823798422,-1.1969048482548257,0.03883845621706004,1.461893435779073,-0.6104713895913971,-1.8561394357123795,0.0669731408431545,0.36538329843028944,1.8146030788215624,-0.267767419629234,1.7945867273068534
turn_left,0.4997877472838597,0.014567349275862987,-0.49978774728385916,-0.014567349275862987,1.1590213581362219,0.13553290756360592,-1.1943016535421045,0.038723247559563946,1.522789578499941,-0.6073890637845542,-1.852445034842837,0.07098872707786093,0.36285787846618955,1.80914231324556,-0.2690758218236778,1.7915989444791507
turn_left,0.4997964914227817,0.014264191581622433,-0.4997964914227817,-0.014264191581622433,1.1559542315727036,0.13289933055145467,-1.1907306061053557,0.039702748405194443,1.5283010424052326,-0.5934943535879376,-1.8492628486907348,0.07385565237631794,0.36108060701531053,1.8067614800537655,-0.2705164255001174,1.793470650862444
turn_left,0.49979661225559047,0.014259957147025161,-0.49979661225559047,-0.014259957147024617,1.1462712054753994,0.12693482202690862,-1.1892287506136385,0.03774326779872402,1.487594161896176,-0.5861394719758914,-1.8450697754041074,0.07214218102627389,0.3550655001909686,1.799019872192542,-0.2740620342673177,1.786522829930875
turn_left,0.49982655682009947,0.013168640680182045,-0.49982655682009974,-0.013168640680182588,1.1430706412540037,0.12874981719600845,-1.1901647053163744,0.03920230015818414,1.4681933411629324,-0.5858686721504927,-1.848661565232388,0.07145417728180849,0.3527734056202775,1.7983691417336043,-0.27566042039560423,1.7860312958424445
turn_left,0.499825527796757,0.013207640315109064,-0.499825527796757,-0.013207640315109605,1.1432857148438387,0.1260534776780033,-1.1925720686347343,0.03787722462120245,1.4353180778060701,-0.6785175015219406,-1.8476357031651574,0.06642493417434281,0.34914829431399713,1.7943767232871026,-0.27756732419584995,1.7820625898432714
turn_left,0.4998237939827966,0.01327309190215288,-0.49982379398279636,-0.01327309190215288,1.1438558804742027,0.12430744647760655,-1.1946874833484056,0.03689985929311242,1.4143922661586443,-0.714886955396216,-1.847655673999024,0.06322024209213524,0.3466979243769244,1.7920627259034658,-0.2789655991797965,1.7797553107877844
turn_left,0.49982915771198705,0.01306954861216309,-0.49982915771198677,-0.01306954861216309,1.1574512365075122,0.12628834685401585,-1.196950105589573,0.03780786226160969,1.2707405431661627,-0.7359777829739147,-1.84692963155585,0.06276296781868862,0.3452841615687395,1.8038105565286482,-0.2842304792578782,1.7881322480326118
turn_left,0.49984875175704624,0.012297372358468695,-0.49984875175704624,-0.012297372358468695,1.172150979973423,0.12714054859206486,-1.2088888289191022,0.03882104412161511,1.2046439733698777,-0.7647233643075874,-1.8575580618143686,0.06137792625617456,0.3421298573935136,1.816947266845609,-0.2905055117830887,1.8008831501158797
turn_left,0.49985267879157635,0.012136700741347227,-0.49985267879157663,-0.012136700741347227,1.18581295239821,0.1284555103276187,-1.2149433625916397,0.038919003140980644,1.0678692875503872,-0.7567637043924685,-1.8565387205221775,0.057666085635678946,0.33769937698589547,1.819460564217151,-0.29410141364630554,1.8021461340083422
turn_left,0.4998598116732297,0.011839285198165725,-0.4998598116732294,-0.011839285198165177,1.189679653860011,0.1286592474594503,-1.2167547493657946,0.0387898794230001,1.0114293285516036,-0.7529752489212695,-1.8537959589550308,0.053271630609978096,0.3328150905102877,1.816475871644249,-0.29754770405764747,1.7968130934474698
turn_left,0.49985732610968103,0.01194376550674166,-0.49985732610968103,-0.011943765506742206,1.1813533576541733,0.12928809295697774,-1.2193515892057962,0.038875491330039084,0.9406347810151651,-0.7434937458053557,-1.854669362896358,0.05285469336394651,0.32661674794912393,1.8148972868221454,-0.30249796808520546,1.7940363215170598
turn_left,0.49985772054871286,0.01192724644857164,-0.4998577205487126,-0.01192724644857164,1.1782952926846118,0.1294163590997507,-1.2195567279571002,0.03764847278777893,0.9292682810806457,-0.7399850211450488,-1.8543634136687606,0.05051921438478208,0.32493053005506367,1.8138161273357456,-0.3035721515218595,1.7921888541997006
turn_left,0.4998324488476815,0.012943070691670179,-0.4998324488476821,-0.012943070691670725,1.1801523846775621,0.13182477588757174,-1.2261540700063172,0.03654991116423075,0.9649194060065308,-0.7356777228603816,-1.8649933711827706,0.0494281277227213,0.3243243290317198,1.8141650662341697,-0.3040985933721524,1.791516673596575
turn_left,0.49979824972109843,0.014202449638239125,-0.49979824972109815,-0.014202449638239672,1.1822913190760955,0.13110345613696595,-1.2304003189458066,0.03744129468666226,0.9884576379807607,-0.7703475040389844,-1.8791519900275473,0.050723912037812346,0.32623438610540473,1.8124102855604838,-0.3019697613469044,1.7907886394105232
turn_left,0.4998113148689293,0.013734974662960047,-0.49981131486892905,-0.013734974662959499,1.17877560855416,0.12216014928195656,-1.2301515770447191,0.03714597694296218,1.1602007097015048,-0.7752311439275833,-1.8814711135101148,0.04943514701381562,0.3281880818692419,1.8137397415683898,-0.2986554339275026,1.7926340279474782
turn_left,0.49981757731465637,0.013505162246628713,-0.4998175773146558,-0.013505162246628167,1.1761100593659062,0.1172181634023532,-1.2312264518591078,0.03614809039212584,1.2301277742849943,-0.7765236722389017,-1.8847785700702864,0.048041384481393626,0.32891677442447925,1.813846484078875,-0.29786030191377943,1.7922643223976236
turn_left,0.4998141629153993,0.013630940876496198,-0.4998141629153996,-0.013630940876495651,1.1741173510695193,0.11121950227653114,-1.230832019900842,0.03521733393913854,1.279163593403482,-0.8061207182164218,-1.884714105328167,0.04765657198698141,0.32865875313014853,1.810544736564944,-0.29704820002413446,1.78895423800999
turn_left,0.4998127597343149,0.013682295376444305,-0.4998127597343143,-0.01368229537644485,1.1656954483642705,0.08537698301791045,-1.2258867424534854,0.03467180276505912,1.3867095853304707,-0.7730212562953819,-1.8807985948210986,0.04882922600670935,0.3271846065115732,1.8048653849372025,-0.29776164209889827,1.782212039128009
turn_left,0.49981542146966845,0.013584714244241954,-0.49981542146966845,-0.01358471424424141,1.157451673536013,0.08124746455876984,-1.2170608911578675,0.0347256777371223,1.4066925619725164,-0.7282539808862506,-1.8757420773526885,0.04864303665122909,0.32778836966412994,1.8009589228975689,-0.29809046064895656,1.7785262091462661
turn_left,0.49980592000981244,0.013929907506683588,-0.4998059200098127,-0.013929907506684132,1.1566948403423796,0.08470771918650637,-1.2165798940650494,0.03368568922625541,1.385141171242102,-0.7125614033334321,-1.8760342953344649,0.04883553490429429,0.32752731301216453,1.800948592827814,-0.29860081888390694,1.7782922784717272
turn_left,0.499780918325753,0.014799786399363376,-0.49978091832575355,-0.014799786399363376,1.1608632174737057,0.0972572497766505,-1.2229340781768792,0.029941897753516796,1.3674980842094526,-0.7283828818262205,-1.8841634083610137,0.041094784525579346,0.3311338271911416,1.8040232183925016,-0.2960750972689533,1.7822509076968243
turn_left,0.4997547551091153,0.015658376219399577,-0.4997547551091151,-0.01565837621940012,1.16220302338488,0.12353834457082029,-1.2242315083448583,0.02869989537574766,1.297385434270347,-0.7114829673916938,-1.8832012265332927,0.03791950689618082,0.3318265157158701,1.8022942497228844,-0.29622545345699114,1.7826034121168428
turn_left,0.499735055771008,0.016274951107368624,-0.4997350557710086,-0.01627495110736808,1.1670607042275367,0.12803418033225053,-1.226767983552762,0.02775604324978168,1.2372754063283085,-0.7185004288323859,-1.882763602141929,0.034993686493654634,0.3306023331448311,1.8042138026805528,-0.29767331614338516,1.7856179613293461
turn_left,0.49972199568732667,0.016671143520338747,-0.4997219956873261,-0.0166711435203382,1.159275783254421,0.13326795830462754,-1.2179605917341065,0.026570941221627665,1.344062010218143,-0.6978160568847639,-1.8748395522284156,0.03472394561494372,0.32958178655025483,1.8089945095349045,-0.29879987108570055,1.7860485516698112
turn_left,0.4996981155077781,0.01737220072342881,-0.4996981155077784,-0.01737220072342881,1.155765916236375,0.13186887370750355,-1.214118175584313,0.02505175571997955,1.4311813640192539,-0.6266980901671233,-1.8720210533181183,0.03334550647812245,0.322323033776141,1.8039823569698523,-0.30562902061219427,1.7814696566636607
turn_left,0.4996675067515546,0.018231365738347532,-0.499667506751554,-0.018231365738347532,1.154029720511284,0.13178794623485374,-1.2155870090312788,0.02096272023041594,1.4457122612486737,-0.5908505790780545,-1.8764989206563198,0.03321493080697556,0.31883650924740525,1.8052478815730084,-0.30952723112244357,1.7824392977025523
turn_left,0.4996115173240275,0.01970613501382511,-0.49961151732402725,-0.019706135013825656,1.1511394712123963,0.13573874333795524,-1.2206075898970012,0.014543998742080629,1.4185721346492934,-0.5994778366296148,-1.880236020335134,0.027340967550479225,0.31557527903679583,1.808753096107681,-0.3145072582879668,1.784833952778456
turn_left,0.49955964498474853,0.02098001674717508,-0.49955964498474903,-0.02098001674717508,1.1516282412887637,0.1429758514320779,-1.2266677988118135,0.011766794532488398,1.4053515616731322,-0.5970138559351796,-1.8848068276277399,0.023780775656856705,0.31364044306354005,1.816895910990839,-0.3185002534362009,1.7912454720089368
turn_left,0.49946387279503146,0.023148213161897545,-0.49946387279503146,-0.023148213161898093,1.1576299199393523,0.14188944374779924,-1.233439022199446,0.008302281991201888,1.3345496328453152,-0.6968373021017551,-1.891099489319539,0.020265161903950345,0.31226203341173037,1.8267847782566875,-0.32218385209532935,1.7991880972981704
turn_left,0.4993824112363989,0.02484365809860025,-0.4993824112363989,-0.0248436580985997,1.161877207787716,0.14778845739557156,-1.2349387428077372,0.006750761192630752,1.289467251312412,-0.7125219070490572,-1.8942641652027001,0.01831266624167136,0.3113739804266634,1.831824400091843,-0.32423187204164156,1.8031567178114565
turn_left,0.4992938686196688,0.026563748959905938,-0.4992938686196688,-0.026563748959905938,1.1753153338269733,0.15184195772497364,-1.2438843225609786,0.00685420263312959,1.1572926047265641,-0.739655408380172,-1.9056614336237572,0.015042542585822433,0.3102903854107309,1.841736461709996,-0.3282530205961811,1.811997964699042
turn_left,0.4992352750350078,0.027643085224338323,-0.4992352750350081,-0.027643085224338323,1.1847153700223338,0.15226298429364302,-1.2483698775919456,0.004198405130871735,1.110142068255203,-0.752722370869187,-1.9114162040375957,0.013031416706472421,0.31096221401711643,1.8465323816195913,-0.32779905948960686,1.8162824758060099
turn_left,0.4991600789210348,0.028969218345453705,-0.49916007892103426,-0.028969218345453705,1.1944183675548592,0.16225506013792348,-1.2492238654110628,0.0015109332392908633,1.0455714447573996,-0.7316709407297366,-1.9118267012440673,0.013187478462369515,0.31041525240424067,1.8476055324216436,-0.3283951013077218,1.8175127332969214
turn_left,0.4990567274638849,0.030698253582860182,-0.4990567274638852,-0.030698253582860182,1.1984978057524083,0.16915171810056295,-1.2484390714533917,0.0017600749034678955,1.0183602091578243,-0.711111116026878,-1.908911352449972,0.014139002821858941,0.3101434772913294,1.846774756539005,-0.328316981401808,1.8166192990124215
turn_left,0.49904122165533876,0.030949298679404824,-0.49904122165533876,-0.030949298679404824,1.1982635140447404,0.17457054178710368,-1.2483221585608004,0.0008881326936786112,0.9633622001643156,-0.701515698648983,-1.908247898779092,0.014055590249839024,0.310109358442378,1.8438433606257323,-0.3281933512547299,1.8123080809417558
turn_left,0.49904236414325515,0.030930871153438178,-0.4990423641432554,-0.030930871153438178,1.1989601219377088,0.1826500066668308,-1.2472723560666252,0.001347337293250071,0.973356366634764,-0.679819960875343,-1.905682662334107,0.014567909604498979,0.3100765802938076,1.8435307344199405,-0.32773023529353207,1.8103096921785125
turn_left,0.49909832908833845,0.03001429494805154,-0.49909832908833845,-0.03001429494805154,1.2041423701401437,0.18315127978533555,-1.2479700564721405,0.0017964206266806837,1.013077986102469,-0.7090257535798979,-1.9069138972320088,0.015081744232286434,0.31394095698995345,1.8474553375133096,-0.32423021841931565,1.814870447245352
turn_left,0.49911364328769586,0.029758546404061715,-0.49911364328769586,-0.02975854640406116,1.2060022040513638,0.18340619309449163,-1.2463336902146898,0.002262120467288735,1.0432364757942933,-0.7283368842441288,-1.906141293056974,0.015013393442813541,0.3162905280736174,1.8474001707240417,-0.32173897461097317,1.8155366243679278
turn_left,0.49910998786217886,0.029819792357017687,-0.49910998786217886,-0.029819792357018246,1.1917970017059871,0.18236169667266947,-1.239847254367515,0.0025897544122659042,1.234444520113322,-0.727788810307764,-1.9042781543713734,0.019462880466336433,0.32257329267074525,1.847961977810582,-0.315526928766045,1.816675477110003
turn_left,0.4990979437111536,0.03002070257835429,-0.4990979437111539,-0.03002070257835485,1.1829122482627719,0.182850841249565,-1.2367134462739289,0.0031717098057248354,1.3210264191972434,-0.7256584148142885,-1.9050497698882842,0.02251261335535505,0.32515853291945124,1.8489999608893743,-0.3124294314617885,1.817046002877
turn_left,0.49904299510687095,0.03092068942898223,-0.49904299510687095,-0.030920689428981674,1.1657788009088754,0.18274941860858257,-1.2350030118214794,0.004138331251105432,1.4095865412102535,-0.6360247669819639,-1.904542576010234,0.023265229645012576,0.32577735876361696,1.8443299938271036,-0.30983272598878525,1.814069964618009
turn_left,0.4990377797536053,0.031004747678253227,-0.4990377797536053,-0.03100474767825378,1.1571200441083205,0.1787467338897157,-1.2296027753357697,0.0043039895501801465,1.4309499020617433,-0.610711228737623,-1.8981214689167651,0.02340419796523155,0.3264329872417902,1.8433209291588604,-0.30749974085834275,1.8150909199331378
turn_left,0.49908221170269207,0.030281115599484036,-0.4990822117026918,-0.030281115599484588,1.152604617133105,0.1792856098636906,-1.2323943075260435,0.002761447039194754,1.4212040757381033,-0.5794940307255944,-1.9017147344109246,0.020861422236908764,0.32775436961483534,1.844006340644812,-0.305170964361951,1.820745321313786
turn_left,0.4991054516853821,0.02989562004593329,-0.4991054516853819,-0.02989562004593329,1.147430459192385,0.1835079761981802,-1.2323609075313242,0.003323214385096549,1.4143637043709754,-0.5608973172680748,-1.8983400175838,0.019147306401342715,0.328351951123124,1.8386757946815322,-0.30284787435194765,1.8165578842649204
turn_left,0.49905449917142874,0.030734457157304572,-0.4990544991714293,-0.030734457157304572,1.1483756415163118,0.18535345381076387,-1.2322939290088193,0.001927563713335916,1.4012881373044999,-0.6194275628616347,-1.8976635425260795,0.017707843784679888,0.3286788798031104,1.8368456518800242,-0.30257258519320956,1.8136362476880405
turn_left,0.4990488751041582,0.030825642852570598,-0.49904887510415846,-0.030825642852570598,1.1503838712342742,0.19461413203225747,-1.2327706860791317,0.001645151000405233,1.3421363711988126,-0.6250619875378648,-1.8962860330515505,0.017291093576659266,0.32831738478081485,1.8379947890204749,-0.30262007964813187,1.8146082688252898
turn_left,0.49905360590454473,0.0307489582534307,-0.49905360590454495,-0.0307489582534307,1.162516405250719,0.19506447073566024,-1.2333367933046349,0.0016203025910887655,1.172266078883454,-0.6921695922650128,-1.8947820375305575,0.01745006695278262,0.3282640054967093,1.8417658389113643,-0.30420806809324735,1.8186307104835615
turn_left,0.4990459408396709,0.03087311016803885,-0.49904594083967063,-0.030873110168038297,1.1738348275117927,0.19507668293913621,-1.2354869181605763,0.0015280219846431577,1.106097071991989,-0.7023874095921303,-1.8976719219026037,0.017354009693563467,0.32708140897789495,1.8445737538750646,-0.3061548376488494,1.821693808456305
turn_left,0.49898972559642724,0.031768754291005,-0.49898972559642724,-0.031768754291005556,1.1769213778417407,0.19323275977822382,-1.238285585106167,-0.0013794159345920168,0.9687984423981053,-0.6836750229296695,-1.8970882761784407,0.015560295908510362,0.32261565797444314,1.8417863948663575,-0.3102958657325191,1.8189328134981166
turn_left,0.4989666431195319,0.0321292554228337,-0.4989666431195319,-0.032129255422833146,1.177427868742152,0.19294467514774716,-1.2405044467314952,-0.002544887596443319,0.902642135329761,-0.6801905393360634,-1.898516435605138,0.01469416994470523,0.32024063313910933,1.8413733452214258,-0.31297812196358854,1.8181956726535193
turn_left,0.498922772436349,0.032803462384740134,-0.498922772436349,-0.032803462384740134,1.187127728874656,0.19841344405492742,-1.2414348580620167,-0.0017443948032184536,0.9653919946016901,-0.6783415026845441,-1.8983287352758802,0.015551360021507402,0.31920029318758597,1.8364725497519552,-0.3144430765276405,1.813428767518579
turn_left,0.4989556100294036,0.03230014272701852,-0.4989556100294036,-0.03230014272701852,1.191200027938399,0.2034966390514301,-1.2408521465694644,3.0114349690328198e-05,1.003932758384535,-0.6753857259546694,-1.8985758325653472,0.0164468578747803,0.3191583469133254,1.8310849130223634,-0.3140296882287807,1.808853817598734
turn_left,0.4990165437162728,0.031344682124166565,-0.4990165437162731,-0.03134468212416712,1.1912160930298028,0.20346434734688823,-1.2404833278653404,0.0011670181001637273,1.1194443517945942,-0.6993946584317017,-1.894445775963837,0.019898316764750047,0.3242373275368766,1.827933473526435,-0.3082487366485018,1.8071073780310822
turn_left,0.4990179986993586,0.03132150976703884,-0.49901799869935914,-0.03132150976703884,1.190917843160196,0.20372977505117926,-1.241561526641184,0.002374719701425582,0.9563626726382002,-0.6942097675097628,-1.896915357592662,0.020333387566368762,0.3234201102356315,1.8261846396966812,-0.30913057271919003,1.804274530269365
turn_left,0.499039454147449,0.03097778565708635,-0.49903945414744844,-0.03097778565708635,1.192242069771894,0.2040140689832388,-1.234374438583737,0.003580975764847544,0.8988161109313655,-0.6751554259272992,-1.8929331104173601,0.023242427868454124,0.3239187796161843,1.826606053328033,-0.30922300101721023,1.8021860951049335
turn_left,0.4990602129630281,0.030641537776312344,-0.4990602129630278,-0.030641537776312344,1.1913548833961893,0.20452228439455936,-1.2330615751249683,0.005641831452118963,0.885995239158418,-0.6495661027474936,-1.8939844527029477,0.026852702779611076,0.3238342836074437,1.825869709304963,-0.30999058507573757,1.800801426150672
turn_left,0.49906204999676584,0.03061160324167438,-0.49906204999676557,-0.03061160324167493,1.192869223633483,0.20774065260782051,-1.230077252560599,0.009392609677300824,0.8922047527484998,-0.64817761762025,-1.894191912363751,0.034493526432595484,0.3247686959505194,1.826380082286792,-0.31015146818107253,1.8021418112532146
turn_left,0.4990735348352923,0.030423787190395058,-0.49907353483529204,-0.030423787190395058,1.1918215324054766,0.20943684092085874,-1.22415734003262,0.010805608375270313,0.9495972147253278,-0.6481514181712104,-1.8883111468399127,0.03861642502383876,0.3265488314009339,1.825179936991384,-0.3079908230029998,1.8009032258641915
turn_left,0.49910865113837327,0.02984215740917018,-0.499108651138373,-0.02984215740917018,1.1866216970797376,0.21336997820898082,-1.2249295846803705,0.013372528436426558,1.0291757983008398,-0.6581684594838167,-1.8923414815647885,0.04110945500122481,0.32960338979450043,1.8320066111739806,-0.30694849713235384,1.8071940823292305
turn_left,0.4991105003044413,0.029811214095545015,-0.49911050030444104,-0.029811214095544457,1.176569848526425,0.21460930389862118,-1.2260976674462487,0.014238960415838126,1.220757758087425,-0.6646840745034159,-1.8976753136190656,0.04163030697757138,0.33641400076366296,1.8411530266682277,-0.30333138207347343,1.8143425443609325
turn_left,0.4990794866022368,0.030325996320774408,-0.49907948660223705,-0.030325996320774967,1.1728051201269973,0.20909939154953347,-1.221603802765377,0.013426204788762046,1.298891373246328,-0.6722483486532055,-1.8935331697366222,0.041702039906640384,0.33916492477287913,1.8448713882458292,-0.30021533339359885,1.8159653761109278
turn_left,0.4991189914596864,0.029668710188772755,-0.4991189914596867,-0.029668710188772755,1.1676664631260838,0.2035468652850909,-1.2149346868651931,0.01233885363665077,1.4361825888162074,-0.6119845396610089,-1.8881283991870148,0.04503244315054188,0.34017753997470823,1.8467378548220335,-0.29858132913627816,1.820710973278493
turn_left,0.49909109481408254,0.030134350453938207,-0.499091094814082,-0.030134350453938207,1.154846406578033,0.19893155512745705,-1.2089049038944732,0.01274316772081424,1.4767578744176266,-0.5411837982570674,-1.8804760290312772,0.046904705156921564,0.34087354890811655,1.839350670534899,-0.2959283940413628,1.8142752347678912
turn_left,0.4991055052270267,0.029894726158211548,-0.4991055052270267,-0.029894726158211548,1.1488674504299445,0.200663717570136,-1.202912330499843,0.012431909258740867,1.5053881491374708,-0.46811698752160347,-1.8784901598580084,0.06188027037656088,0.34138010776326555,1.8385785742983995,-0.2962399185828031,1.8154698832895317
turn_left,0.4991458012412547,0.029214193523457277,-0.4991458012412544,-0.029214193523457277,1.144140659404099,0.20096494420076533,-1.198857478102286,0.014066287635133705,1.5040478062048246,-0.4553748325777028,-1.87507967690364,0.06901803798122147,0.3440308518934041,1.8384127978884495,-0.29373173530030317,1.816955077938428
turn_left,0.49914407234798186,0.02924371795570254,-0.49914407234798186,-0.029243717955701985,1.1446532569219385,0.20205489587936984,-1.200984621994507,0.015884494547045148,1.4679146978037008,-0.4816122215584129,-1.8801352142316008,0.07240874156006151,0.3465834242797266,1.844554434862728,-0.2917754378072512,1.823153461214529
turn_left,0.49916077087798116,0.02895729297602579,-0.49916077087798144,-0.028957292976026346,1.1431690544516644,0.20326382895754133,-1.2024947550196734,0.017119978632257893,1.4444744066251851,-0.5029644032887575,-1.8844761738245754,0.07488244395771514,0.3474036232275227,1.846967408141434,-0.2915758897859192,1.8254084736099454
turn_left,0.4992402534705811,0.027553027322415474,-0.4992402534705814,-0.02755302732241603,1.1500054736841323,0.20057091792945433,-1.206997397437816,0.01898743421382178,1.3473137508841397,-0.6279888294748889,-1.8867771121868109,0.07593805712872187,0.35092159010013063,1.8493804178417979,-0.28603119853126163,1.8282326560089421
turn_left,0.4992731597256166,0.026950175836137746,-0.49927315972561687,-0.026950175836137746,1.1530073878333065,0.2012368656513031,-1.208296498064166,0.020957390307570135,1.273521581565421,-0.6554869413078896,-1.8869819119461309,0.07841377108152538,0.35206779681601286,1.849704025189997,-0.28520318679802115,1.8285750639445932
turn_left,0.49927695709959474,0.026879734175947446,-0.49927695709959447,-0.026879734175947446,1.1696613536144305,0.20103144512408733,-1.2083967159334446,0.024179900038467286,1.1333331067747372,-0.6860777614456381,-1.8859912404744397,0.0791832807618206,0.35193640634088336,1.8500613401962405,-0.28524239554415554,1.8286555353584224
turn_left,0.4993123584947878,0.026213901929561325,-0.4993123584947875,-0.026213901929561325,1.1789869993277355,0.20178098284282886,-1.213630632586391,0.026102510340472118,1.0892666006895906,-0.6866924541288794,-1.8870888721661887,0.07949694721903956,0.35128410991708936,1.8506314530585997,-0.28619411384544985,1.8285549332724498
turn_left,0.4993714365366141,0.025063287321470402,-0.4993714365366138,-0.025063287321470402,1.1844352761095536,0.20209422331627366,-1.215230615262186,0.02753161712462626,1.0036675666084864,-0.683019762977586,-1.885839727224252,0.07652922836477369,0.3513621847556024,1.8490779810150566,-0.28586727322793504,1.8278710350139027
turn_left,0.49941111783939707,0.024259748110887512,-0.49941111783939734,-0.024259748110888067,1.189675595266007,0.20653352603106495,-1.21871589404942,0.030166201821461368,1.0270147798749378,-0.6804542559206278,-1.8888459841486638,0.07651529367789432,0.3510478145965963,1.8495602152276007,-0.28676302001970166,1.8284441576084711
turn_left,0.4994170487385932,0.024137345115679883,-0.4994170487385935,-0.024137345115679883,1.1907477954274062,0.20634396836784266,-1.2184105452063263,0.032143702508637004,1.0672091205922392,-0.6939178252559861,-1.8890356203161156,0.0774873872036602,0.35232765089884144,1.847136940108297,-0.28730869898039024,1.8269307559102683
turn_left,0.49945267692529327,0.023388533775306006,-0.49945267692529327,-0.023388533775305448,1.1909840641539526,0.20111987171905382,-1.2181448724797885,0.03210261091681793,1.073964941400009,-0.720470925191713,-1.8896508414631337,0.07877084737890136,0.3541426418505344,1.8495386180417883,-0.2869211032987494,1.8295546458458096
turn_left,0.4994552062640827,0.023334458118892842,-0.49945520626408324,-0.0233344581188934,1.1828307672740623,0.2020683689776116,-1.2183256788540036,0.032432083079286356,1.266857408798472,-0.7132344354530744,-1.8922779239959153,0.08347754490731567,0.3565398719944392,1.8554590877206856,-0.2851889853352284,1.8345057432440466
turn_left,0.4994413092148845,0.02363003702329804,-0.49944130921488394,-0.02363003702329804,1.172105984791408,0.20519809771620576,-1.2170216799962,0.032291278654708204,1.3338410921606403,-0.6800178285585314,-1.8909832557516617,0.08983858821641193,0.357488697460152,1.855510496092541,-0.283852216209631,1.8343539827397914
turn_left,0.4994338854303232,0.023786426464917222,-0.4994338854303229,-0.02378642646491778,1.1692720407224848,0.19096185701067955,-1.209585770692741,0.03285242279561614,1.4874966876136912,-0.6013268513710377,-1.8838413601370763,0.09931088878698337,0.3570840421294573,1.8540095924482325,-0.2834412443892317,1.833578359746472
turn_left,0.4994371165998873,0.02371848566816245,-0.49943711659988677,-0.02371848566816189,1.1662338149209104,0.18091068160527415,-1.2070197052118528,0.03266635410709584,1.5101193073384498,-0.5611153223451062,-1.8814725809047603,0.10432597709164412,0.3573816417971841,1.8562884888625146,-0.28277404005610096,1.8365471144128485
turn_left,0.49941834545481373,0.02411050026806329,-0.49941834545481373,-0.02411050026806329,1.164143319660438,0.17907258597229153,-1.205770164430669,0.03406337746894961,1.5100289422546833,-0.5506891242702759,-1.880277008255408,0.10457459505937237,0.3573390718725332,1.8539695010698791,-0.28312713776372606,1.8331828605855052
turn_left,0.4993963372754204,0.02456213174572602,-0.49939633727542065,-0.02456213174572658,1.1565085385195026,0.1789861717460491,-1.2052818399030039,0.03412649395096858,1.4861864599708778,-0.5439040335780735,-1.8792532380224423,0.10396576073564696,0.3572752738188337,1.852913643713446,-0.28289009288401507,1.8324546441618181
turn_left,0.4994264422837798,0.023942195967924525,-0.4994264422837795,-0.023942195967924525,1.1562308157404997,0.18181488015668254,-1.2020442036763852,0.03358199657915018,1.4526054580980323,-0.5933218546990721,-1.87350784536643,0.09499783951409964,0.359929905569888,1.8513387910961743,-0.2780439044042967,1.8310858336824432
turn_left,0.4994349004503317,0.02376510492649172,-0.49943490045033195,-0.023765104926492274,1.1556709614662664,0.18185647942249525,-1.1995396614944658,0.033640520029834114,1.3904074862271414,-0.6338484278310104,-1.8689309642703724,0.08469711259505638,0.3604598408011284,1.8487988838187976,-0.27626941358775153,1.8285898406214487
turn_left,0.4993196656318246,0.026074345884850594,-0.4993196656318246,-0.02607434588485115,1.153132646312849,0.18509007757645402,-1.2102265621751933,0.03367720608782949,1.3850369136621439,-0.6300080435363704,-1.869855889817283,0.07248436017972365,0.357680963213576,1.8496277085524366,-0.2785742913299748,1.8296210724184792
turn_left,0.4992520604126129,0.0273382547680108,-0.49925206041261316,-0.0273382547680108,1.1471207818361904,0.19172095081208132,-1.2079101837350774,0.0321796924916146,1.4516956284794642,-0.5220168714469734,-1.8649922306569826,0.07126317968706836,0.35330553643728074,1.8442022216419192,-0.28511782761968274,1.824760067759944
turn_left,0.4992087321951311,0.02811835166096742,-0.4992087321951311,-0.02811835166096742,1.1442068651227295,0.1943389621185948,-1.2078597376278364,0.030290253162419997,1.4681375032585222,-0.5135909949414315,-1.863196134438908,0.06979434361033861,0.34928659212664204,1.8408026017766501,-0.28910181960487114,1.8215315581268956
turn_left,0.4991526701976325,0.02909659489654389,-0.4991526701976325,-0.02909659489654334,1.1407408426321535,0.1968971546505823,-1.204956494048852,0.028974398569822167,1.4555291781952109,-0.5116825366931294,-1.8585643731185075,0.06837856163538397,0.3452642841046679,1.836865820926628,-0.29126033801985607,1.8165444779750075
turn_left,0.49915561367910527,0.029046055371356662,-0.499155613679105,-0.029046055371356662,1.1431901421991537,0.20239422560438539,-1.2116335932458782,0.029263764631151372,1.391660539420829,-0.5804727803280609,-1.8670086564068646,0.06743880179404473,0.3432711942812936,1.8443045629630554,-0.295535167701949,1.8224961146506629
turn_left,0.49918802813907737,0.02848354898216832,-0.49918802813907764,-0.028483548982167765,1.1450776950751034,0.2089498409940413,-1.2139888216274413,0.029537090760624416,1.3592169979725766,-0.610138188220855,-1.8751648571055777,0.06747492004748007,0.3420626143952579,1.8506998852658147,-0.29884457089826755,1.8274111633234473
turn_left,0.49917503770988186,0.02871030698788035,-0.4991750377098813,-0.02871030698788035,1.165199008222332,0.21713796951013556,-1.2242332406205234,0.03065209768170776,1.1857180617029115,-0.6646370849074403,-1.8890206996882979,0.06716254758659738,0.34032682631836403,1.8587657087577267,-0.30304164226307473,1.8341808509385629
turn_left,0.49916168294485724,0.028941566641386845,-0.49916168294485724,-0.028941566641386286,1.1700147556641634,0.23120875573166996,-1.2267164004086473,0.03168814277917559,1.1397053103997126,-0.6636332329004847,-1.8947487888432384,0.06715132470365402,0.33695915971851426,1.8644960154047499,-0.30826981952219856,1.838724013302416
turn_left,0.4991755359957145,0.028701642172381706,-0.4991755359957139,-0.028701642172381706,1.1792237586740137,0.24851751196808275,-1.2288920262970766,0.03175528539229031,1.0414061589660308,-0.6541075448067072,-1.8948302311880096,0.06458188208652646,0.3312044408516288,1.8598014160543481,-0.31239318176841097,1.833256035784336
turn_left,0.49925227237206676,0.027334383682967315,-0.49925227237206676,-0.027334383682967315,1.184525023831752,0.2554904221942787,-1.2299119320699454,0.03328946236559625,1.0176127171583897,-0.6422952201700763,-1.8972907983552287,0.06327989529719621,0.3295320192240639,1.8559310722712787,-0.3126457893387482,1.8296764723552936
turn_left,0.49928745996508284,0.02668393377325863,-0.4992874599650831,-0.02668393377325919,1.1908975424480244,0.25665934692681913,-1.2160028513841594,0.033932850875463924,1.021020002528478,-0.6343538043677682,-1.8965154719711734,0.06348010690409348,0.3277929181446857,1.8555279657176926,-0.3143078803272463,1.8292156036998297
turn_left,0.499222426561865,0.027874160394235674,-0.49922242656186444,-0.02787416039423512,1.1904504842837247,0.2579403655365592,-1.2198675960294931,0.03538806716828811,1.0671456340268746,-0.6388654183587149,-1.900446223992817,0.06490050658626095,0.3278519446769788,1.8563827627851401,-0.31403103156378587,1.830104317412856
turn_left,0.4992162624600894,0.027984340181235447,-0.4992162624600894,-0.027984340181236005,1.189614895820239,0.2594385992512732,-1.22144582265557,0.03691204138170457,1.0793435546186678,-0.6369567145622795,-1.9046955950372226,0.06668954195429465,0.3278510490041468,1.8513725741431568,-0.3141332473722403,1.8296792757934128
turn_left,0.49917077670871374,0.028784295718660997,-0.499170776708714,-0.028784295718660997,1.1793771546110439,0.25316628372065103,-1.2242087724134956,0.0357080268875678,1.2328973103683305,-0.6409927239264765,-1.9060877876557623,0.06853401240204818,0.32894436501968827,1.8492158426505805,-0.31200894715312183,1.8279042341718557
turn_left,0.49912718447527155,0.029530555663389017,-0.499127184475271,-0.029530555663389017,1.1638954360861935,0.25202082571741574,-1.2307468175922431,0.034463443072650264,1.3063637859941222,-0.6289530796158218,-1.9047318604048975,0.07093981199784129,0.33164013607546805,1.8467489997599522,-0.3082935863726717,1.8254351352520328
turn_left,0.4991113711108878,0.029796631148662378,-0.49911137111088816,-0.029796631148661823,1.1544432689633615,0.23495902234395127,-1.2239612335999666,0.032558419550316985,1.4136102892934965,-0.5794544300143967,-1.8959671819556068,0.07527924274577028,0.3332648765453028,1.840086916349386,-0.3047564719635651,1.8213178788391229
turn_left,0.49909900836721527,0.03000299729797733,-0.49909900836721527,-0.03000299729797733,1.1497488596779675,0.21813707901675417,-1.2178977263148214,0.03149744269575064,1.4783151740483604,-0.535325818674351,-1.8880812617467304,0.07839274540008732,0.3336924188076024,1.8334309648201847,-0.3032520869301845,1.814897442895606
turn_left,0.49905033352936184,0.03080202272956897,-0.49905033352936157,-0.03080202272956897,1.1396010788988995,0.21658857649579125,-1.210606374484502,0.03019004917150024,1.503043411390181,-0.44361045592238396,-1.8797474481486232,0.08144985512274909,0.33428359281022746,1.8302439885092745,-0.300991304470609,1.8135515401102695
turn_left,0.49902206751425365,0.03125661744014147,-0.4990220675142542,-0.03125661744014203,1.1344051913484645,0.21599693173829623,-1.209553200537329,0.02969195192177715,1.5072879243484654,-0.43309798294600005,-1.8798707090043854,0.08363343181883448,0.3341535931215561,1.8291445272823141,-0.30116763298181426,1.8116713747565194
turn_left,0.4989946857375255,0.031690749528976436,-0.4989946857375252,-0.031690749528976436,1.1240752024368628,0.21734462997518594,-1.2035969324094855,0.02881983367835953,1.4873677417261109,-0.42563398027831556,-1.8737551993427735,0.08329277711773458,0.33452205405538,1.8248134587161435,-0.2999527039328356,1.8073961722599798
turn_left,0.4990175582051555,0.03132852698363638,-0.4990175582051552,-0.031328526983635835,1.126008859859582,0.2117580870763236,-1.202173897336087,0.028419208425755595,1.4632311616429772,-0.45624750877344317,-1.8718653668152325,0.07802598320830426,0.33475620210643015,1.8241493811493021,-0.3002082505822482,1.8058415849292582
turn_left,0.49901726922437434,0.03133312968486289,-0.49901726922437406,-0.03133312968486289,1.1267950351404301,0.21185283721753867,-1.2079292357531888,0.028417989347570484,1.450669412222967,-0.4843597528321797,-1.8712767011987677,0.0745591051171837,0.3373011302686605,1.822284675519583,-0.2979604429299483,1.8042061252060495
turn_left,0.4990241215640486,0.03122380657814666,-0.49902412156404885,-0.03122380657814721,1.1376390983839864,0.20581426998763208,-1.2089102409048937,0.02812614018929432,1.3096694354723406,-0.6464656978119605,-1.8707703518702512,0.06949454185695808,0.3367153874474724,1.8259063903407207,-0.2976442616524597,1.8073390496269635
turn_left,0.49904010697274176,0.030967267116015322,-0.4990401069727415,-0.030967267116015322,1.158452269940462,0.2074404314533979,-1.2111241982456993,0.0296737041367739,1.146177404901687,-0.6805609376269552,-1.874653420470925,0.0693823356024957,0.3361657180548505,1.8349764740881909,-0.3005854412692552,1.816928470131458
turn_left,0.4990506866124431,0.030796301590434925,-0.4990506866124431,-0.030796301590434925,1.1671168959131035,0.20850654687810233,-1.2139149407806027,0.03024956922461878,1.097893891476083,-0.6760485243480545,-1.8782828856108873,0.06848503452735823,0.3346963255450055,1.83682366991702,-0.3033497080573074,1.8191386496428323
turn_left,0.4990333627330213,0.031075760318502284,-0.499033362733021,-0.031075760318501726,1.1750825878527893,0.21726873975194338,-1.2138643230140929,0.03170758948600487,1.083037693038338,-0.6672406198514834,-1.885235086796647,0.0684238409227425,0.33248685280895995,1.8462920249494525,-0.307880354107475,1.826896070638342
turn_left,0.4990632115225621,0.03059266096282666,-0.4990632115225621,-0.030592660962826104,1.1836858032384863,0.22169296627899868,-1.2174056475600143,0.03111941252941242,1.0313888712808927,-0.6596328886056475,-1.8867243615961038,0.06715479099338997,0.33220820903640674,1.843937970884706,-0.3071817391954254,1.8249039941449239
turn_left,0.49902942841829295,0.031138875582005027,-0.4990294284182935,-0.03113887558200447,1.1912402946539782,0.22472426239394788,-1.220836169470505,0.0317734079384317,1.0391361493567874,-0.6577323867883315,-1.8893280166466409,0.06653359086863118,0.33210440446477013,1.8433043052173754,-0.3071004699196589,1.8227932298244216
turn_left,0.49905364144380693,0.030748381448073372,-0.49905364144380693,-0.030748381448073372,1.196976588590601,0.22686858742116453,-1.2236986703574326,0.032213526725132384,1.0749461243036296,-0.6686341573304977,-1.8948723717153682,0.06755796251701847,0.3358661794000078,1.849574512091351,-0.3037594936323189,1.83069899599259
turn_left,0.499106699258935,0.02987478459923877,-0.4991066992589353,-0.029874784599238213,1.1736244148247859,0.23057472705928825,-1.2187974689924033,0.031457498449152965,1.2094238777473565,-0.6424227459141693,-1.888995563611286,0.07923591500139877,0.33863338351630673,1.8471599790257796,-0.30028630561815906,1.827583335581278
turn_left,0.4990274582886625,0.031170432687998715,-0.4990274582886628,-0.031170432687998715,1.1733064937852757,0.2559542410333481,-1.228492850440578,0.032094784056149475,1.1326487423903164,-0.6221535271030257,-1.898356265151776,0.06786911182010784,0.33030599915378345,1.850037449620131,-0.3093761536949682,1.8286277053124815
turn_left,0.49901252821100867,0.03140854483189933,-0.4990125282110084,-0.03140854483189933,1.1688726108374419,0.2657159923944385,-1.2238554221135713,0.03385519965028469,1.0918497950625279,-0.6238461922859916,-1.8986489560780244,0.06806125146560743,0.32697383729157126,1.8483900329947238,-0.3124417156439896,1.8263767409551892
turn_left,0.4990087049339226,0.03146922941810557,-0.4990087049339226,-0.03146922941810613,1.1702818226870133,0.27292660289534143,-1.2167304950790954,0.0366149138188476,1.0311582984469934,-0.6102368561443199,-1.9040582418628278,0.06905970972621668,0.3212497704667651,1.8472769120738417,-0.3184087916846344,1.824653859939795
turn_left,0.4990338108156895,0.031068563899393366,-0.4990338108156895,-0.031068563899393366,1.172768881074146,0.27663265363161094,-1.2096975114548554,0.03657155120286809,1.0442877295503892,-0.600182976352162,-1.8998296525402256,0.0694575408243105,0.317422028349771,1.8405572622489732,-0.32102366534410925,1.8176013691147686
turn_left,0.49909332139052737,0.03009745077862262,-0.49909332139052764,-0.030097450778623178,1.179164745043541,0.27468981175463586,-1.2052558334495458,0.035865012483926734,1.0562796017241436,-0.60639724034759,-1.9008385181145429,0.074456771375906,0.3165228955464384,1.8467906913805123,-0.3233386519158757,1.8236577706829942
turn_left,0.4990662783422903,0.03054259028922853,-0.4990662783422903,-0.030542590289227973,1.1810614564387536,0.27502399073065453,-1.2030414036406607,0.03502322513749688,1.058577944914312,-0.6175195238028887,-1.8990398451018844,0.07778992948147793,0.3163965373394408,1.8460450357123783,-0.3235972546145604,1.8208565301583886
turn_left,0.49906204055319275,0.030611757200194288,-0.4990620405531922,-0.030611757200194288,1.164735669387958,0.26987593322983133,-1.2019042109391784,0.03191448265886642,1.2314050019223153,-0.6146052547219438,-1.8992097325222361,0.08123451147903421,0.32178569586536626,1.8511464789048262,-0.320243688946646,1.8259787281707218
turn_left,0.4990472070067025,0.030852636496894747,-0.49904720700670224,-0.030852636496894185,1.1573003126856554,0.2663129925523433,-1.2050599076942605,0.029846115613030848,1.3009405650877426,-0.6159805722076849,-1.8995363492101005,0.08630262306964451,0.32433347441663274,1.8524150439921991,-0.3182598940627443,1.826882376432974
turn_left,0.4990506484701605,0.030796919675716974,-0.49905064847015995,-0.030796919675716416,1.1498446644529032,0.2574351692247769,-1.2023698769401285,0.02819201592100516,1.4124349404924925,-0.5730432665511789,-1.894703080027656,0.09148668986809175,0.3227390499079031,1.850566799951341,-0.32119856579977113,1.8223567521641926
turn_left,0.49905786128750645,0.030679815630801813,-0.49905786128750645,-0.030679815630802368,1.1454248014830117,0.251912354131092,-1.2007879877651426,0.02704518739051958,1.4471131346325754,-0.544154023478246,-1.8894247540867268,0.09694342854881752,0.3232120043249668,1.8459118519691917,-0.31910687547854233,1.8184957724008923
turn_left,0.4990680772364621,0.030513182126759453,-0.49906807723646185,-0.030513182126759453,1.1310983542196942,0.2631579103454495,-1.201206299293761,0.0378997310168695,1.4807081629313312,-0.42670307219590503,-1.8930410876941397,0.11460864679939206,0.32419742431258064,1.840980719657417,-0.31680221090192884,1.8134964242623735
turn_left,0.49904673473535893,0.030860274625741743,-0.4990467347353592,-0.030860274625741188,1.122006474343896,0.26851393066788504,-1.2006111777968904,0.04137838409116451,1.4739010559075372,-0.4105307927578184,-1.8924189635421473,0.12302681725806258,0.3246250407806172,1.8393536019137364,-0.31571777986523397,1.8121845337814988
turn_left,0.4990648463540096,0.030565980004715384,-0.4990648463540099,-0.030565980004715384,1.120210805481673,0.2679524057939836,-1.2005957821156705,0.041082663676817135,1.4408851689260505,-0.4331127684638796,-1.891787080981002,0.12260815815857144,0.32554762541243154,1.8401034654779216,-0.31497704879194877,1.812793350383699
turn_left,0.49906987313970186,0.030483794454136213,-0.4990698731397016,-0.030483794454135654,1.1249017077370034,0.2683021460568154,-1.209979957620513,0.04084438855591026,1.3724623242969247,-0.5109808672702195,-1.893813206001415,0.12227111781442003,0.3268621449050097,1.8431051772505942,-0.3139879782384499,1.8155470208803313
turn_left,0.4990691056592392,0.030496356774004172,-0.4990691056592389,-0.03049635677400473,1.1291009606288624,0.26874559358920774,-1.2143758831845732,0.03930532987439402,1.3211128314766747,-0.5849490226303857,-1.8952465610960152,0.12159313288419878,0.3275743475356584,1.8456239389532398,-0.31380556910342583,1.8181849791716256
turn_left,0.49907117080118163,0.030462542164730218,-0.49907117080118135,-0.030462542164729663,1.1366613976244277,0.26875500133838137,-1.2157692162047955,0.03926380574321581,1.2743526407297134,-0.6112586797041436,-1.895569545574463,0.12163148140574818,0.32775705610717787,1.8458053744930256,-0.313634262718885,1.8185127576880982
turn_left,0.4991263712539576,0.029544297569182556,-0.49912637125395787,-0.029544297569182556,1.154907182277828,0.2687847374992091,-1.2161186170064067,0.039786107893374514,1.123771761149914,-0.6094747894657296,-1.8942648080282682,0.12158912734457618,0.326111364774285,1.843789618687807,-0.31478229673373836,1.8131159941918453
turn_left,0.49915637156393544,0.029033028211443514,-0.49915637156393544,-0.029033028211443514,1.1658831181437421,0.2705491546091605,-1.2159437765635723,0.039373023188393114,1.0110731120401923,-0.605181767934192,-1.8920584814343127,0.11882211991741282,0.32522596073098614,1.8416421092503816,-0.3143751336947222,1.8109219007333774
turn_left,0.4991757381074433,0.028698126853313983,-0.49917573810744387,-0.028698126853313983,1.1703992061221717,0.27104775728060254,-1.2178434950016344,0.03868717914351509,0.9864989306993323,-0.6028578933519574,-1.891092035845756,0.11689929961475769,0.3248798812017641,1.8326820865844013,-0.3146020575243727,1.8069976058876749
turn_left,0.49916914799356416,0.028812526639974318,-0.49916914799356416,-0.028812526639974318,1.1713172544067574,0.2718648975898533,-1.2178926767982334,0.03966534274548062,1.056668218888303,-0.6269089278331594,-1.8920485953216695,0.1176014104359767,0.32738178782837146,1.8338583134883126,-0.3114048920685453,1.8093733240810173
turn_left,0.499171201420709,0.028776929513173368,-0.4991712014207087,-0.028776929513173368,1.1737137004756943,0.270216635525194,-1.2138082488990427,0.040700376718884886,1.0893352365069893,-0.6452357136390117,-1.891984480850431,0.1175698168759729,0.32919304366683005,1.8361071630897001,-0.30893868309250644,1.8121430972262378
turn_left,0.499192607508487,0.028403179555781078,-0.49919260750848643,-0.028403179555781078,1.169701748626558,0.2559486660767794,-1.2138134093027193,0.04078259991001212,1.179780555713337,-0.6423270706290775,-1.8922942309987965,0.11742351425284957,0.3317008016383092,1.834736149784724,-0.30659210849939483,1.8125090576201728
turn_left,0.4991937767152856,0.028382623006509403,-0.4991937767152856,-0.028382623006509962,1.1585345970205112,0.24809066153682935,-1.2151290865079731,0.0407080865319897,1.3096930902204615,-0.6138752884442888,-1.8940531453607192,0.11628373762342749,0.3337062178358339,1.8301236627858875,-0.3038958615754733,1.8099567617219259
turn_left,0.49923993901863895,0.027558724365723663,-0.4992399390186384,-0.027558724365723108,1.143061508011886,0.2443078419491849,-1.2111517775598213,0.040334758432180845,1.3733511020399587,-0.5778703959664037,-1.8915299371553982,0.11507059368032715,0.33744194328014143,1.826192405132914,-0.2989785752393508,1.8086006866787834
turn_left,0.49926668487491227,0.02706986098994225,-0.4992666848749128,-0.02706986098994225,1.1423733813411276,0.2286887275450323,-1.2176960496271265,0.03862275792269158,1.413141092575564,-0.553175862580057,-1.8892218091506983,0.11404949785494521,0.3394827766795015,1.8206900206089711,-0.29544327491186795,1.8063514836021222
turn_left,0.4992368856070585,0.027613982859500785,-0.4992368856070585,-0.027613982859500785,1.1388673282932587,0.22180678628008216,-1.215060212130088,0.03861282860021977,1.4524627477878027,-0.4722679021619165,-1.886582311928119,0.1231784766609671,0.3397579354007787,1.8173245550098962,-0.29434052337704586,1.8033115594491451
turn_left,0.49920761392631513,0.028138198200936826,-0.49920761392631485,-0.028138198200936826,1.1362244732021505,0.2193890218301175,-1.2119601250318004,0.03723634465583753,1.4600021876347467,-0.45421360943860717,-1.883486469579067,0.12546435190465055,0.33990454449611224,1.8134152544949433,-0.293401362407669,1.800784647713576
turn_left,0.49920984339394175,0.028098616666947067,-0.49920984339394203,-0.028098616666946512,1.128315011531014,0.21967087605659252,-1.210688506470737,0.036440893683883875,1.4313317003373711,-0.4688437199323178,-1.8780034372735182,0.12453152321889616,0.3408292901634022,1.8144072735248187,-0.2937052099671507,1.8018934117899645
turn_left,0.4992229072658114,0.0278655497177218,-0.499222907265812,-0.0278655497177218,1.1304075471254886,0.21742917638483564,-1.2108248728863547,0.03597187692258776,1.4193669255747,-0.4962528885330369,-1.8777080003799744,0.12320977629002412,0.3422718606937627,1.8206395654511813,-0.2931792684829754,1.8071520475184635
turn_left,0.4992425560211592,0.02751127509694927,-0.49924255602115863,-0.02751127509694871,1.1327274051682878,0.21867086790477003,-1.2109739567214992,0.03471274560081508,1.4242497625280037,-0.5274960359013389,-1.8794939358369949,0.12177319268533864,0.3458394180932628,1.8255602831114297,-0.2897910068301953,1.814526945560989
turn_left,0.4991364429498109,0.02937365008659743,-0.49913644294981147,-0.02937365008659743,1.131640400548123,0.2246749901479518,-1.2079269057720607,0.03334532079206304,1.5095130571452424,-0.35552100655719554,-1.8762214382865179,0.11922857423947585,0.3458327314115043,1.8283592249712295,-0.28884905117827747,1.819104895585938
turn_left,0.499163748791983,0.028905914480158786,-0.4991637487919827,-0.02890591448015934,1.1337711551910765,0.2254692922792236,-1.2172304364160065,0.03812522031756436,1.481102914361964,-0.3724929271890456,-1.8893675431874464,0.13196009659799374,0.347079520327384,1.8311517432903028,-0.2882335323736724,1.82188382654119
turn_left,0.4991896511677011,0.028455090354261522,-0.49918965116770053,-0.02845509035426208,1.1345086599952998,0.2298679655946577,-1.2198531863034456,0.04285517392081562,1.4827921704224094,-0.4023877327959065,-1.8921900233688087,0.13865550710470345,0.34748527289320746,1.8327339997152978,-0.28849076496470716,1.8228668953360723
turn_left,0.49923298240325203,0.027684459192013386,-0.49923298240325203,-0.027684459192012827,1.1346095370534672,0.2306239481401834,-1.2201393087466479,0.05014311501829637,1.522736789567811,-0.38469350829693677,-1.8968192162159367,0.14075531433222602,0.3474290103164724,1.8346142968952959,-0.29011720316238215,1.824047813358004
turn_left,0.49923247583829633,0.02769359255071532,-0.49923247583829605,-0.027693592550714765,1.1344857329782043,0.23133042183396973,-1.2206161366317525,0.05335504168527151,1.534386482689011,-0.38472520983423786,-1.9018212527795084,0.14198682048387157,0.3463072147504406,1.8336808087724454,-0.29227911961704467,1.8226342659595833
turn_left,0.49930684704781514,0.026318671911208513,-0.49930684704781486,-0.026318671911208513,1.1345293090513295,0.2271039079830701,-1.2199075948707727,0.053110407058537396,1.5253868499373877,-0.4336411789179777,-1.901174986879748,0.14337970439101147,0.3464584238470899,1.831881081137387,-0.29220187022317273,1.8217464330218223
turn_left,0.49931559192904573,0.0261522399909938,-0.499315591929046,-0.026152239990994357,1.1371803253920427,0.22598767071666803,-1.223909575364375,0.05317022376072903,1.498537744714277,-0.4827668194999053,-1.8993331800947213,0.1446994837962851,0.34699341095763014,1.8321752009196146,-0.29065496655918266,1.8214668315600735
turn_left,0.49935574452666287,0.025374010487551377,-0.4993557445266626,-0.025374010487551932,1.1430611737425256,0.2269212207939341,-1.2244019579810275,0.0533265081635759,1.4663026532406234,-0.5482033938651328,-1.9005761261376153,0.1455225530993456,0.3477789183476151,1.8356497623603438,-0.29041308914742703,1.8242370842813451
turn_left,0.4993632993480626,0.025224893740456153,-0.49936329934806234,-0.025224893740456153,1.149337157527083,0.23039779779407826,-1.2171471620915213,0.05285843686802733,1.3136378233437145,-0.6166348330182594,-1.888662138283,0.13751182553668476,0.3468093866649656,1.8380539392585107,-0.2915838260822081,1.824192950497167
turn_left,0.4993636907410842,0.02521714435543137,-0.4993636907410845,-0.02521714435543081,1.15622882990165,0.23168466376367844,-1.2128087819187332,0.05207500029276962,1.2588258566343156,-0.6301778286374149,-1.8814206659168795,0.13363982790416454,0.3466731601923846,1.8376210251340634,-0.2920029506970072,1.823320251755421
turn_left,0.4994337533788252,0.02378919893437003,-0.4994337533788249,-0.02378919893436947,1.1687960951856622,0.24280986378265051,-1.2134200713552246,0.05411805208567271,1.134491458273122,-0.6208419839509767,-1.8814420454162097,0.134744833597222,0.3433927494618133,1.8432470235049554,-0.2969077694107931,1.8279113721465508
turn_left,0.49944662848910104,0.023517340216741744,-0.49944662848910076,-0.023517340216742302,1.1733755612358014,0.2601700719702311,-1.21643350446683,0.05556504273257355,1.0996028042631463,-0.610809041302975,-1.8862896015320056,0.136184054911145,0.34208152537572667,1.8441915682828658,-0.29933731052843293,1.8276202517071702
turn_left,0.4994622227935675,0.02318378748412003,-0.4994622227935672,-0.023183787484120588,1.1786243925316078,0.26771216017448835,-1.2203844681433262,0.05651596127863675,1.0138047753734571,-0.6053552574001649,-1.8913170865987847,0.13826004510254788,0.3399629905427634,1.8470184855235445,-0.3025603164098819,1.8297514147517744
turn_left,0.49950853121221184,0.022163646952130134,-0.4995085312122121,-0.022163646952130134,1.1809695627180308,0.27636462518036387,-1.224109948281291,0.05776170698943103,1.0098939231420851,-0.5990672145210691,-1.8974598722234297,0.14182308191952758,0.3380903450676607,1.8517526784557012,-0.3043005564403212,1.8342641052662692
turn_left,0.4995076588188075,0.022183299604747367,-0.4995076588188072,-0.022183299604747367,1.1815359663542904,0.27832195771641927,-1.226177204016615,0.05856649344717978,1.0783482672805749,-0.6288771377283459,-1.8993730611049806,0.1464525969414273,0.3389485174316912,1.8513425444492673,-0.30145006715238803,1.8332828432007666
turn_left,0.4995242505171709,0.02180649319029577,-0.49952425051717153,-0.02180649319029577,1.1819766426314502,0.27849589650845463,-1.2295761318194411,0.06002516975761196,1.1071245641969796,-0.638105319894218,-1.9019225826981145,0.14910914917556653,0.33978557283111255,1.8500800231651366,-0.3004039924537719,1.831797340492555
turn_left,0.4995591419778928,0.020991990527615308,-0.4995591419778928,-0.020991990527615308,1.170784589006246,0.27079389564515394,-1.2388163566907013,0.06058893955213038,1.2843837470678727,-0.631962208203859,-1.910201650968055,0.14979017522448876,0.3422202259166574,1.852860977372281,-0.29866291722330085,1.8343191464061177
turn_left,0.49957667898299907,0.020570411184935584,-0.49957667898299934,-0.020570411184935584,1.1603116890975766,0.2664194965908477,-1.2376620994220078,0.06086999766412488,1.3467899937489929,-0.6176030615411415,-1.9106347059282889,0.14948038042297457,0.344097615515483,1.854230642484441,-0.2969571998696372,1.837379947677057
turn_left,0.4995626389452349,0.020908605168038347,-0.4995626389452349,-0.020908605168037785,1.1560138286419204,0.25556344965829997,-1.2343859393294394,0.060420775098665884,1.4768545270746858,-0.5058193076967272,-1.9085684008645178,0.14880728168760116,0.34309308527438154,1.8500849696023867,-0.2974383453100035,1.8332363653636894
turn_left,0.49958402651055106,0.02039118573072743,-0.49958402651055106,-0.020391185730727988,1.1512381909325617,0.24162058214238888,-1.2306553998990157,0.060056167935327864,1.5144632524322632,-0.4476379833476687,-1.9042806662408645,0.1479312802591414,0.3414160825517349,1.8445705516161264,-0.2993268434551168,1.8281914058150446
turn_left,0.49957746685999654,0.02055126774067782,-0.49957746685999654,-0.020551267740678378,1.1461072639051761,0.241843715747235,-1.2175349636237218,0.05825928794954844,1.5020167466411405,-0.4280684528488624,-1.894077653077817,0.14733070806651935,0.34085803291662375,1.839369353269933,-0.30062271410169966,1.8220131058144946
turn_left,0.4995467811446534,0.021284112572900436,-0.4995467811446531,-0.021284112572900436,1.1445342314876057,0.24147833935299945,-1.2157249955040683,0.05652230345133769,1.4834390466935077,-0.44180509960579833,-1.888374988670799,0.14463902940901383,0.3401840624701733,1.8368713378605224,-0.3010274613439593,1.819640791922011
turn_left,0.499509238494629,0.022147700975851718,-0.4995092384946293,-0.022147700975851718,1.1437815368729054,0.24712391574659162,-1.2109133462357697,0.053113065811462995,1.430790598417452,-0.5225646824941333,-1.8835237559868243,0.13949402185554546,0.33951920843003786,1.8380743232683558,-0.3018416648897527,1.821538220071166
turn_left,0.4994975379574177,0.022410032897743536,-0.49949753795741797,-0.022410032897744094,1.1438690613711184,0.25685441304571505,-1.2093473921795335,0.049687790852553586,1.3645992000366383,-0.5582193553726609,-1.8804396933316303,0.13614410608758848,0.34000548128894714,1.8397711737666032,-0.30219251216948173,1.824693811308805
turn_left,0.4994776477649067,0.022849056506464915,-0.499477647764907,-0.022849056506464915,1.1562359445418786,0.2671425287311126,-1.2130136455534484,0.04845709233589275,1.1975603931569827,-0.6096321719403638,-1.9016293831038245,0.13241504055852896,0.3372121118389679,1.856814118316669,-0.3099874229632214,1.8410085178761486
turn_left,0.49945902838411305,0.023252504501621335,-0.49945902838411277,-0.023252504501621335,1.1685812464733247,0.2724946316932295,-1.2162231994041255,0.04798299180243252,1.1295805899047062,-0.6258018987801982,-1.908503976648589,0.1299696053601262,0.3364629255584151,1.8642190534940808,-0.3122748787995816,1.8487240603780264
turn_left,0.499439571841452,0.023666729364816563,-0.4994395718414514,-0.023666729364815998,1.1746876560475796,0.28756880925825473,-1.2161076264761492,0.04532587556457903,0.9894974333196217,-0.6122000092564847,-1.9134312259293673,0.12941827334841044,0.333157959517669,1.8692881103228272,-0.3165972111705613,1.853778331394966
turn_left,0.49940655313237514,0.024353535440266895,-0.49940655313237486,-0.024353535440266895,1.1811590407039847,0.30124717584022365,-1.2179401421157656,0.045024075370015376,0.9564352615266759,-0.6028257974409527,-1.919922231879578,0.12662400877903998,0.33047504872894895,1.8751184333635047,-0.320894230637107,1.8590731876463895
turn_left,0.4993833468601232,0.024824843983031596,-0.4993833468601232,-0.024824843983031027,1.1859108356177195,0.3086609209275916,-1.2244849629687045,0.04535479186648881,1.0131064885070715,-0.600672568711647,-1.9195941554642653,0.1260959870999534,0.3304700563876761,1.8728864839966273,-0.3206588144027006,1.8554752982866656
turn_left,0.49937240564729607,0.025043970891854506,-0.4993724056472966,-0.025043970891855075,1.1859317338640798,0.32080829904539426,-1.2255456462880223,0.04554486153752175,1.0558759854386544,-0.5981340216690318,-1.918990973911559,0.12641982369095828,0.33043023474845173,1.87215507960046,-0.3204262538523241,1.8543204324333595
turn_right,0.4996052816940209,0.019863597444523144,-0.4996052816940209,-0.019863597444523144,1.1801974700644544,0.21770129816172165,-1.2195836572026288,0.06177700456198002,1.7252872409411097,-0.4889163767198931,-1.868703355798115,-0.35233355898379043,0.33587278857807773,1.830903178866693,-0.30192717655538553,1.8137198209141225
turn_right,0.499922737263593,0.008789582861336643,-0.49992273726359354,-0.008789582861336643,1.1795083608691683,0.05476475679537794,-1.215344089806274,0.08435154091040646,1.7917136263481725,-0.1374161958216309,-1.4114461156902318,-0.8156051820203053,0.3461078105022014,1.8418288507428884,-0.28962795455633605,1.8269362030438037
turn_right,0.49998113600278676,0.004343229370277061,-0.49998113600278676,-0.004343229370276505,1.1700996364883887,0.00892628386320742,-1.1902869581991538,0.0886578193437731,1.7923452924740653,-0.09426158100182341,-1.165900846339463,-0.8499099014472066,0.355763104714034,1.8334651132427295,-0.2764089717141873,1.8200015373130247
turn_right,0.4999917803867524,0.0028669750061108045,-0.4999917803867521,-0.0028669750061102494,1.1677082700117822,-0.011486668825821503,-1.1815155925824188,0.09514421043003843,1.8042155979937555,-0.08310124012709427,-1.0871368959335548,-0.8221091768891955,0.3611496208953394,1.8310292952158587,-0.2702083454060573,1.8183862428895154
turn_right,0.4999991434523629,0.0009254981920689831,-0.4999991434523626,-0.0009254981920684256,1.1614956060034625,-0.0071115507560032985,-1.1810909132339527,0.10705581415152939,1.768270620459916,-0.08424999400494664,-0.902210104492497,-0.7447178440128501,0.3659242834327554,1.8420287650177367,-0.26853143170555077,1.8300041708457369
turn_right,0.4999998639765539,0.00036881354076594955,-0.4999998639765533,-0.0003688135407653908,1.1594934667540535,-0.00019663110435038782,-1.176613805005232,0.11693595057659001,1.7654274260298395,-0.08612362854524686,-0.8674794375086536,-0.7111382331509519,0.36850291988591394,1.8451002045926514,-0.2669585834178991,1.8350362108865694
turn_right,0.499999769145925,0.00048047270621977414,-0.49999976914592553,-0.0004804727062203342,1.1645798624627064,-0.0005409101274073426,-1.1735035049553537,0.1205472161633027,1.7828119699428329,-0.0905777361572637,-0.8635798441310809,-0.7040247999753625,0.37017020549179563,1.847083911190006,-0.26629735653879694,1.837888464246279
turn_right,0.4999998858109005,0.00033791875743014165,-0.4999998858109002,-0.00033791875743070137,1.1649715471625766,-0.0014158324794646814,-1.1725833568025594,0.11967674458486952,1.8080264479265624,-0.0894564102867001,-0.9685960523942888,-0.7753534734603936,0.36997027758664813,1.8439853864189122,-0.2660906570131293,1.8341843988551128
turn_right,0.4999998553840747,0.00038028397841720823,-0.499999855384075,-0.0003802839784166494,1.1641781082071556,0.00047028990593539347,-1.1724384335393425,0.11823483876721604,1.809904139167598,-0.09020307377160595,-1.0308133893004539,-0.8175250275790585,0.36958799634282014,1.8402766321098842,-0.264960406820132,1.8309467156173407
turn_right,0.4999988707595129,0.0010626566764281753,-0.4999988707595129,-0.0010626566764276165,1.175269624700719,0.004220776700084761,-1.1809143289776183,0.097666608204841,1.8291098717938152,-0.09285906330660836,-1.1318015979631726,-0.8777380159786324,0.36932744182457794,1.84056327037347,-0.26450983296729264,1.8316995277968207
turn_right,0.49999307649379093,0.002631246524748222,-0.4999930764937912,-0.0026312465247487816,1.1791071509291722,0.007112959084261021,-1.1897063149785825,0.08869247638413066,1.8330522936077998,-0.0894753628568145,-1.213686505151886,-0.8799948237224001,0.3681871061957699,1.843252356301964,-0.26522246315463877,1.8337997436467215
turn_right,0.49998630820049966,0.003700217836123696,-0.4999863082005002,-0.003700217836123696,1.1920657006137911,0.00842732118295744,-1.198570816511776,0.08503458694108426,1.8607865469549316,-0.0850947975153666,-1.2533455542876923,-0.8941626437995243,0.3654104521536598,1.8490183874335355,-0.2692676860137694,1.8394467648166788
turn_right,0.4999704850446313,0.005432686649892323,-0.4999704850446316,-0.005432686649892883,1.1965983079510962,0.00895699057354988,-1.2013090225226493,0.08384716290076731,1.856526504248723,-0.08029605151960861,-1.2635221225343793,-0.8926072352881322,0.3651548009410266,1.8516660140623515,-0.2694821989816275,1.8418704932927
turn_right,0.4999643073895823,0.005974222665345948,-0.4999643073895826,-0.005974222665346509,1.1990318432194036,0.010424203785646138,-1.2022407097539416,0.08475762482641251,1.8635007264423233,-0.07188900361298894,-1.2616841364613878,-0.8844003361265965,0.36504499669094964,1.852536614414826,-0.2691655824652672,1.842784246862212
turn_right,0.49998395446731514,0.004005655405248599,-0.4999839544673154,-0.004005655405249158,1.2029457096830158,0.010032688290811984,-1.193446272356897,0.0891402539994714,1.8694143789776547,-0.06304332714400929,-1.103051840624646,-0.86236659579005,0.3633550973791463,1.844240625287547,-0.2705490659831043,1.8318653056509198
turn_right,0.4999962288512234,0.0019419409246454098,-0.49999622885122397,-0.0019419409246454098,1.1997883107694876,0.013927426603177967,-1.187905852476852,0.09122060044856276,1.8536660273177845,-0.06535133164237654,-1.0087377210239068,-0.8512988246016109,0.3625257874668273,1.838330397907875,-0.2707951476145201,1.8271685425598376
turn_right,0.4999969130808965,0.0017569603223470509,-0.4999969130808968,-0.0017569603223470509,1.2017539046451726,0.019136323323949395,-1.1820248899505028,0.11494466540270401,1.8530270105668225,-0.061393812061881374,-0.8628738086937594,-0.7352473597932023,0.3627360247690821,1.8344470589749131,-0.2703653655160024,1.8233109647150092
turn_right,0.499998518778672,0.0012170534639929695,-0.49999851877867146,-0.0012170534639924118,1.2023110610270815,0.02028043375392778,-1.1764299667110123,0.1244809755457343,1.8570534589499594,-0.060567415583389,-0.8114366761451182,-0.6966657862932107,0.3636598059342322,1.83067279281764,-0.2697386623400595,1.818464544221741
turn_right,0.4999983591443935,0.001280957811315188,-0.49999835914439295,-0.0012809578113157458,1.2032789361875709,0.022171283663212832,-1.1697972371533496,0.12783889313849475,1.8582440996927014,-0.05525270583576374,-0.8207543515736009,-0.68074061216618,0.36502540939909534,1.8293043730246648,-0.2697556422368545,1.8167047642719074
turn_right,0.49999895288754576,0.0010232845927577513,-0.49999895288754576,-0.0010232845927577513,1.205087789773636,0.026540023636817477,-1.1680809853287955,0.1357651868964094,1.8594010641295775,-0.041735143968242495,-0.8375640368439765,-0.6711326956395643,0.3659024558516711,1.831118728040207,-0.27007132114345334,1.817864306681159
turn_right,0.4999966157749516,-0.0018396232210620858,-0.4999966157749516,0.0018396232210620858,1.207769026396623,0.035922818038178816,-1.1657989880093507,0.13080852361356862,1.8528799587715337,-0.017382281518807385,-0.8791174380755231,-0.7145341456916503,0.3675785917282067,1.8277191474859638,-0.26847614290615157,1.8152124720427887
turn_right,0.4999897747180227,-0.003197683133269198,-0.499989774718023,0.0031976831332697557,1.2090651338933698,0.04620258383890856,-1.1622284697087304,0.12772345600036783,1.8475814842559262,0.0016243013633703226,-0.8816874041563749,-0.7308586084982182,0.3680260025110971,1.8222749739392354,-0.26696168987319435,1.8100629096965049
turn_right,0.4999657292245734,-0.005854024337200882,-0.4999657292245734,0.005854024337200882,1.2236189835082762,0.048275301519649975,-1.15732343137088,0.13039835025494353,1.8556599003912218,0.05255773300699051,-1.0723668927758576,-0.7722528837717467,0.3683537343982667,1.8222290234661689,-0.2652931325144179,1.8107940677535155
turn_right,0.4999383259419705,-0.007853041088631918,-0.4999383259419711,0.007853041088632473,1.225387733166127,0.049216902576838195,-1.1532367387918452,0.13287368664982394,1.8509210670333802,0.06102612182544805,-1.1428366082080252,-0.772491651349571,0.3694986090429728,1.8230996557082355,-0.26243113855178907,1.813237380230043
turn_right,0.49989614520749337,-0.010190387955751607,-0.49989614520749337,0.010190387955751607,1.239193329953193,0.05794384536047275,-1.1618938568802226,0.14539914824854125,1.8652718980294962,0.0790309888671971,-1.3026560114099086,-0.7800332603114152,0.3694484610520881,1.8214388602509812,-0.26157440528510467,1.8133467272352672
turn_right,0.4998762179964273,-0.011125047487024527,-0.49987621799642673,0.011125047487025082,1.2422442232212594,0.06250386110387784,-1.173155695230327,0.14964698177977812,1.8711069106879765,0.08030113292629487,-1.361142306305388,-0.7805323597285391,0.3698012664872653,1.8211190253115834,-0.25954494315948573,1.8158019152572282
turn_right,0.4998381447398985,-0.012721205248577293,-0.49983814473989824,0.012721205248576738,1.2411247654473643,0.06433201312025175,-1.1763480488468994,0.15163750955411573,1.8687523488383366,0.07994363992501717,-1.4105335673193393,-0.7728116975870762,0.37007812925758554,1.820651307358787,-0.2587045161096569,1.8171371413488524
turn_right,0.4998066336963767,-0.013904276791550835,-0.4998066336963764,0.01390427679155028,1.2405799233584707,0.06573684722503123,-1.182391758291557,0.15291399905139075,1.8687438578713753,0.08224329208451053,-1.4032896741895602,-0.7648575913584617,0.37027492594043826,1.8251983696771485,-0.258028483616118,1.8218303350739569
turn_right,0.4997898372870009,-0.014495466347557747,-0.4997898372870009,0.014495466347557747,1.2397028898637037,0.06786692511845628,-1.1872518750690044,0.15783327895388985,1.8670983442824276,0.08230481723030574,-1.3979341316590548,-0.765081469850442,0.3713329541179894,1.8285558915593567,-0.2566229174830092,1.8245712213119853
turn_right,0.49978549687324747,-0.014644354378434168,-0.49978549687324747,0.014644354378434168,1.2378715936721851,0.06948329813719206,-1.1818735014136332,0.15703868620626704,1.8659862687852529,0.09098608391130024,-1.346187325098437,-0.7847335380947161,0.37217442394119904,1.8215158447694444,-0.25413289652948484,1.8163185984671384
turn_right,0.499750749861087,-0.015785690142704496,-0.4997507498610864,0.015785690142704496,1.230908965217304,0.059516632614455105,-1.1961509852309047,0.10553780948185543,1.8589892346517627,0.04895251650958927,-1.5206881694363334,-0.7826568168439265,0.3721924765298416,1.81455965057484,-0.2520612690044263,1.8116394068227635
turn_right,0.49962919418492596,-0.01925274832644124,-0.4996291941849265,0.019252748326441787,1.2280270587132651,0.03653650696857487,-1.2033008322937526,0.06038023096370872,1.8802729883856653,-0.03853880539689729,-1.5049651807123707,-0.840418865300102,0.3728789154628641,1.8103453150158877,-0.24829794133890593,1.8088444703436917
turn_right,0.49961376264575974,-0.019649126569552474,-0.49961376264576,0.019649126569551926,1.2236930488898763,0.02243024250585763,-1.2033191376210113,0.040743273344855134,1.8724983750977018,-0.07383862441439636,-1.5083237910798601,-0.8319275780683483,0.37388419951871915,1.8029510779661337,-0.24374778128438682,1.8028374491279764
turn_right,0.4994934019943086,-0.02250203022289223,-0.49949340199430886,0.022502030222891684,1.214113315118776,-0.007990408393207167,-1.2022326182427834,0.04681540446611531,1.875608045229699,-0.09065493255775482,-1.523732705375161,-0.8262027060298393,0.3771598887401637,1.80400786859925,-0.2380855278563344,1.806130195327004
turn_right,0.4994563573837995,-0.023309806282044678,-0.49945635738379923,0.023309806282045226,1.21010261896702,-0.019643311717923377,-1.2016294813961548,0.05146304618028001,1.8761711739676181,-0.1015007537393841,-1.507661557480989,-0.8223690770467127,0.37755268014858334,1.80216308327725,-0.2373071139483244,1.8062333660132504
turn_right,0.49935315778531686,-0.025424865974717437,-0.49935315778531714,0.02542486597471689,1.2061232574290621,-0.0308189073808932,-1.1988210454208696,0.061297507082837537,1.8715428393269338,-0.10475604985882195,-1.4961873308324403,-0.8237862119919367,0.37944383677113147,1.8026705360673543,-0.2356801576922977,1.8076457368736958
turn_right,0.4992793624203599,-0.026835019305352037,-0.4992793624203605,0.02683501930535258,1.2051927113159704,-0.03619630101004566,-1.1968749386530564,0.06556822243481977,1.8710071921111184,-0.10535462024318785,-1.480817542791249,-0.8277838840240469,0.38046835435736254,1.8013596027215069,-0.23455087270707306,1.806899594823261
turn_right,0.49908690065782835,-0.030203734732030727,-0.4990869006578286,0.030203734732030727,1.2024623827873735,-0.025558177372147994,-1.1825737517917203,0.07566623924592293,1.87497689466081,-0.0903276009144654,-1.2472691918692658,-0.8253148604888402,0.38460329010017924,1.8043451007855453,-0.22998284787476853,1.808958104633661
turn_right,0.49897973753943553,-0.031925249021363435,-0.49897973753943553,0.031925249021363435,1.1931249951967995,-0.021648378730798164,-1.1639641641735665,0.10015754141963511,1.8574446995838394,-0.08531473515955486,-1.1755319708160485,-0.8250714874806415,0.388268376645354,1.8014843160535354,-0.2260393102088404,1.8066193866481226
turn_right,0.4988308208739329,-0.03417326654328525,-0.4988308208739326,0.03417326654328525,1.191478758641233,-0.016599742802771912,-1.1568768469910986,0.10181264974233224,1.8588893229419063,-0.08173134305972675,-1.0403258311092236,-0.8051065359340265,0.3883442367087466,1.8003654659600499,-0.2259930555060383,1.805881835152979
turn_right,0.4988192239364889,-0.03434212910404761,-0.49881922393648864,0.03434212910404761,1.1903523306867871,-0.012589214780478844,-1.1523912986499467,0.10328793348858561,1.8586302584583934,-0.08070796349723497,-0.9895942132806385,-0.7864719612999008,0.3890152213715565,1.7983872316741771,-0.22561985900149834,1.804430824775829
turn_right,0.4988219580240614,-0.03430239340106526,-0.49882195802406165,0.03430239340106472,1.187071882585103,-0.011787741435772374,-1.144734867992808,0.1046734960465125,1.858849272216609,-0.08003979557539738,-0.9498895314188889,-0.7731659297641786,0.3892994322101767,1.7954035082677646,-0.22454220841816147,1.801590283840602
turn_right,0.4988263762841269,-0.034238082937666545,-0.4988263762841271,0.034238082937666545,1.1859174265733436,-0.00883278414089995,-1.1399155296406298,0.10418370945509257,1.8561394975308274,-0.07082011886199745,-0.9386908437929554,-0.7700356415703359,0.3901566801293633,1.7924537968467735,-0.22333217218571028,1.7982618795652288
turn_right,0.49904598625629526,-0.03087237602585079,-0.49904598625629526,0.030872376025851335,1.1892924846330175,0.019928591299926208,-1.1404880212232205,0.10338014827297615,1.8459383923150956,-0.01020727239996002,-0.9964134184816898,-0.7861103473292107,0.3908694240720744,1.7937250593949567,-0.2240625326720404,1.7995047570948228
turn_right,0.49907319559773455,-0.030429351551837933,-0.49907319559773455,0.030429351551838478,1.1923187844036223,0.03639122395701886,-1.140455761277572,0.10310780628161798,1.838989628935868,0.016361558384594008,-1.0253040103349682,-0.8069581368075269,0.391308499054048,1.7942920988581095,-0.22369739121348065,1.7997746273733075
turn_right,0.4991453730590466,-0.029221508409820202,-0.4991453730590466,0.029221508409819658,1.2045745069058345,0.0521219772612729,-1.1510224951553811,0.088681533682257,1.8396844570224147,0.039051330234282554,-1.1990036851154513,-0.860794785116155,0.3891798139938325,1.8046603890179094,-0.22871166415059044,1.8067806490513532
turn_right,0.49929115791911977,-0.026614650547855764,-0.49929115791912004,0.026614650547855216,1.2072352874678056,0.061127423930644284,-1.1618173967441088,0.08105056837457067,1.8409473351085592,0.05469193743991315,-1.3014091005215584,-0.8789909906866494,0.3871748307393286,1.810206301125021,-0.23196698342516403,1.8123126641442815
turn_right,0.49943423178819674,-0.02377915301548767,-0.49943423178819646,0.02377915301548767,1.2081493104343215,0.06476876850504573,-1.1672166389742442,0.06437044100521691,1.8364262123627912,0.051972170082077614,-1.4919766780862291,-0.8527338029495917,0.3845428439460394,1.8056288886956429,-0.2336991735814766,1.8078791160109269
turn_right,0.49950532183781365,-0.022235859679854284,-0.49950532183781365,0.022235859679854284,1.205206090401106,0.0682806190773675,-1.169519348492928,0.057335314417726234,1.8303135745808545,0.05122054364105667,-1.5203797556410752,-0.8269259743873907,0.38258581622182614,1.802837566073244,-0.2337575034190586,1.8054368189659464
turn_right,0.49952281199329385,-0.021839420741227997,-0.49952281199329385,0.021839420741227997,1.2069429322932987,0.07265015137760951,-1.1796978597701429,0.051661754383644364,1.8287244176753399,0.04887250778807878,-1.5020600523314065,-0.8308142987576143,0.38316845358097995,1.8023931887937519,-0.23347082709242165,1.805889645580342
turn_right,0.4995320216260154,-0.021627745380096174,-0.4995320216260151,0.021627745380096174,1.2070359479189425,0.0738029231929255,-1.1820669185122348,0.05122775041058942,1.8279690662032781,0.05330384616359549,-1.4715374432089845,-0.832914539181451,0.3832078217176655,1.802997684871135,-0.23337997655595888,1.8072281836852995
turn_right,0.49961363945182624,-0.019652258742968182,-0.49961363945182624,0.019652258742968182,1.2086248096283831,0.07715855198069219,-1.1829195252517608,0.032319238123485625,1.8195468431486985,0.05422888742991622,-1.4329064269685947,-0.8951213716094062,0.3840835500943067,1.8059235385345298,-0.2331197279045255,1.8102768760968835
turn_right,0.49970794174661676,-0.017087216138388924,-0.4997079417466165,0.017087216138389472,1.211887150383916,0.08018909385919398,-1.1823466110596927,0.01818510867496816,1.823944829548382,0.06215788070369188,-1.3317811870589573,-0.921868673003419,0.3882302435579578,1.8132379545329964,-0.2300687388110015,1.8190472789756542
turn_right,0.49978022718923704,-0.01482310732183208,-0.4997802271892373,0.014823107321831529,1.21176144167341,0.08388696623141631,-1.1798384258312928,0.02216791823024966,1.8290987928191855,0.06389054344255049,-1.1769079460576377,-0.9233263700934421,0.3959066254303998,1.830462357667085,-0.2270427906999691,1.835878627652832
turn_right,0.4998183901189207,-0.01347504727006598,-0.49981839011892043,0.013475047270066534,1.2101250402144765,0.08541125386030009,-1.1774182450003843,0.032494488151421905,1.831733288659334,0.06538967860921514,-1.124479953672805,-0.9177836150033728,0.3966527551414443,1.8331975886734428,-0.22664234260931737,1.8373412229479047
turn_right,0.4998184341789053,-0.013473412891597055,-0.49981843417890504,0.013473412891597055,1.2107682622789806,0.0853267601461358,-1.1776623618354582,0.044394777608524186,1.8317909638222862,0.0652636303778736,-1.113966351866575,-0.9165643162887424,0.3971102693208433,1.8342847833768123,-0.22662089624890164,1.8383843965908722
turn_right,0.4998248466322295,-0.01323339295375129,-0.4998248466322292,0.01323339295375129,1.211595193695106,0.08543639434634855,-1.1769713550879939,0.05896871601340653,1.830942776406783,0.06482585374308665,-1.1152770321842729,-0.907572681450955,0.3973340974340361,1.8345354394248492,-0.22653471696578115,1.8388684142157519
turn_right,0.49983961872923466,-0.012663157134511709,-0.49983961872923466,0.012663157134511709,1.209328215991859,0.08806361512015917,-1.1778774262292255,0.057798298952561104,1.8278890862599413,0.06586691429205442,-1.1742317986307909,-0.91537329875369,0.39579950105951023,1.833066943210698,-0.22735279618491563,1.8370323887380902
turn_right,0.4998387713270876,-0.012696561669496618,-0.49983877132708787,0.012696561669496067,1.2155162501333985,0.08675646937517013,-1.1797046826205677,0.05061246157483222,1.8329660571325157,0.0659945937817625,-1.3243162176366332,-0.9128786637335132,0.39436752029300126,1.8315128038040906,-0.22831271107812628,1.8353300161454373
turn_right,0.49982541126552515,-0.013212049547611774,-0.49982541126552543,0.013212049547611222,1.2195991621400837,0.08264919308764536,-1.1871359918912798,0.032361399861627935,1.8416958692840664,0.06682260496853784,-1.415854794773095,-0.9207774522587959,0.39204814920518805,1.8264454042945861,-0.22922807172637746,1.829997426558963
turn_right,0.4998247414405278,-0.013237365444428585,-0.4998247414405281,0.013237365444428585,1.2207134470904317,0.06154767020041072,-1.1842970074686279,0.03925356565054983,1.8510803035646872,0.01771943871943712,-1.2353547342521456,-0.9195777230153118,0.39201595746142237,1.8266230416699518,-0.23002840358533494,1.8300685359268867
turn_right,0.49979176259644487,-0.014428930685919017,-0.4997917625964446,0.014428930685918464,1.2088033346475189,0.050044310909534186,-1.1712958495432024,0.056287904964878656,1.8695262137918927,-0.00537533841436964,-1.0196726945212682,-0.8307316696422504,0.40794404726071404,1.8305193993131004,-0.21498503685564568,1.834885109755599
turn_right,0.4997757020099936,-0.01497490168308247,-0.4997757020099939,0.01497490168308247,1.215915134135673,0.03873717382880654,-1.1696373140823773,0.06580122132603483,1.879973342879143,-0.020466284177076972,-0.9949453293053878,-0.824221734284799,0.414259829432851,1.8329970118515158,-0.2095067592518366,1.8376394387980515
turn_right,0.49975058095370356,-0.01579103658521923,-0.49975058095370356,0.015791036585219784,1.2170054739365048,0.030426983251566498,-1.1717233231210935,0.06775588863254531,1.8839366228621224,-0.03297639228279985,-1.0055875681734512,-0.8282965491197775,0.4171715390255927,1.8310015102033737,-0.2060846131506379,1.8371212636294008
turn_right,0.499752721889924,-0.015723134662410317,-0.499752721889924,0.015723134662410317,1.2213165482002442,0.03005187560194788,-1.173349743141158,0.06870916386027369,1.8894126601659857,-0.038082744900051896,-1.0629362743926516,-0.8479657880390017,0.42026416344174056,1.8360372132621066,-0.20497706628219362,1.8458052430326592
turn_right,0.499742133555133,-0.01605614990474422,-0.499742133555133,0.016056149904744774,1.2253705060243887,0.02998118015934178,-1.1741356238010972,0.07017595023477795,1.8954940010341923,-0.03503149455219824,-1.1458144864497268,-0.8503931196252302,0.4243206378700717,1.8403470867681335,-0.20143346833667874,1.852288832711036
turn_right,0.49973394466373317,-0.016309032798572685,-0.49973394466373317,0.016309032798572685,1.2393086288289143,0.0301542366377605,-1.182992118366797,0.06675025131976035,1.911372873145442,-0.03412950096620055,-1.3709525399150377,-0.8606225241217164,0.425142817238432,1.8399863974654513,-0.1984560742886838,1.8536665062835371
turn_right,0.49972075345960304,-0.016708338091102882,-0.49972075345960304,0.016708338091102327,1.2503004031548781,0.029415141539862424,-1.187982622189561,0.06536739309546548,1.9201351394020811,-0.033689781409612804,-1.446084042582836,-0.859391908950989,0.4252216669479236,1.8399852281431486,-0.19781285963687772,1.856210675796969
turn_right,0.4997263249310624,-0.016540863668333003,-0.4997263249310621,0.016540863668333558,1.2581583854491987,0.02740163724748519,-1.1877629646237926,0.04680991191898395,1.9260078779863496,-0.03296572361839796,-1.56516291576479,-0.7996224080882762,0.42337106118515105,1.8393403425512136,-0.19836291737617556,1.8590603458697768
turn_right,0.49973069228745326,-0.01640838766919818,-0.49973069228745326,0.01640838766919873,1.2549493126840134,0.0273394972118259,-1.18704973160152,0.03715994215580387,1.9203635242710233,-0.031062586722868386,-1.5892703627813367,-0.7707427840846525,0.42150954140118035,1.83608020296449,-0.19857691745159547,1.8573668915004364
turn_right,0.49972288523509595,-0.016644457705528512,-0.49972288523509595,0.016644457705528512,1.2577141898687636,0.02699403961028784,-1.1891046926154492,0.03421921905424722,1.9285708613308463,-0.025220218510837427,-1.5547491098644408,-0.7784195533231144,0.4213780163162066,1.837409977891615,-0.19901043298092544,1.8594751814157064
turn_right,0.49971533891500514,-0.016869500676118355,-0.49971533891500514,0.016869500676118355,1.2578058238857894,0.02656816925636222,-1.1896346469221162,0.03851386567265386,1.927613820756289,-0.023330820509726916,-1.5199378577085965,-0.7813052111372509,0.4213589595609787,1.8374991943293388,-0.1987352697708267,1.8597568965900915
turn_right,0.4996863768928994,-0.017706630047729714,-0.49968637689289963,0.017706630047729714,1.2570620380087514,0.026944744724008873,-1.1857654655421104,0.04281442484390447,1.9258036124735238,-0.02131035751081748,-1.378796065140929,-0.8415771026813743,0.42245989806333323,1.8380791581570655,-0.19868705161003264,1.8608931816475591
turn_right,0.4996782973119121,-0.01793318698581909,-0.4996782973119121,0.01793318698581909,1.2566944291038638,0.02770465741856415,-1.1800142415765806,0.04906593273198537,1.9238886576199101,-0.02008873154988671,-1.2938419700350146,-0.8635825380603412,0.42330438914284585,1.8394117564383283,-0.19813394922786853,1.8624391270047362
turn_right,0.49976145423631807,-0.015443084523518521,-0.49976145423631807,0.015443084523518521,1.2512731006273068,0.03274785927825413,-1.1781757440293643,0.05676091075525223,1.9145170006407146,-0.014670975223986795,-1.1396785722315967,-0.8582101939467726,0.42312504121155986,1.8446494903480368,-0.19863902210089304,1.8656919322379208
turn_right,0.4997613589994248,-0.015446166224925442,-0.4997613589994248,0.015446166224925995,1.2487799945694353,0.035008947859595865,-1.1768049605521278,0.0648155138221884,1.9104457165011322,-0.011447378778651124,-1.070768679324002,-0.8561113698167051,0.4226013504531863,1.8438913878208316,-0.1998717097192745,1.864483101160568
turn_right,0.49970769349821287,-0.017094474507749917,-0.49970769349821287,0.017094474507749917,1.2315740005660216,0.036859541475506755,-1.174487019594898,0.0886350894559348,1.8954428320831755,-0.009778573895225413,-1.0029206029141071,-0.8099561590248251,0.4229380397399764,1.844104822602385,-0.1987797434186204,1.8626319358442096
turn_right,0.49968317394613226,-0.01779678833720694,-0.49968317394613226,0.017796788337207495,1.2261434656569412,0.03691766370909007,-1.1729260022071262,0.09388392176184422,1.8908335606964686,-0.01074610719025819,-0.9886402352044361,-0.7956892708927588,0.42393293391922615,1.842064335263318,-0.19749159708370703,1.8612387288542798
turn_right,0.4996639157321315,-0.018329520321964235,-0.49966391573213176,0.018329520321964235,1.2259451622010455,0.03629527140474094,-1.1732252302982626,0.09378091901253142,1.8942562288388147,-0.009832814290720908,-1.030084468179593,-0.803560412948586,0.4232621630198571,1.8403382565609883,-0.19789738658285194,1.8594504273816919
turn_right,0.49964453855203034,-0.01885033408533252,-0.49964453855203034,0.018850334085331964,1.2263057658726848,0.0363750636410984,-1.1730563741312705,0.0944608034165185,1.8955662645068099,-0.009335383588300293,-1.0604899530115097,-0.8118380420433743,0.4234438240877268,1.8416405558237487,-0.19766830270926702,1.8601720023433048
turn_right,0.4996136455115959,-0.019652104686606223,-0.4996136455115959,0.019652104686606223,1.2288144425515697,0.035210560130084806,-1.174588717927415,0.09399897772720468,1.8991658490291006,-0.010191220226028629,-1.1844512834412315,-0.8335652836621885,0.4258422955870799,1.8443558313415236,-0.19610033390434042,1.8634742017734995
turn_right,0.49959423115447904,-0.02013961760225304,-0.49959423115447904,0.020139617602253596,1.225178855874727,0.0346923000349631,-1.1810654746280922,0.08333095920985194,1.8949239025008129,-0.011690937716024362,-1.2710602000539548,-0.8645314432341851,0.4265318151668136,1.8444769799647134,-0.19475218566708566,1.863751141619721
turn_right,0.49944568835055214,-0.023537297806742245,-0.49944568835055186,0.02353729780674169,1.2263657193496809,0.029411956747985718,-1.186457887927171,0.07050004225931074,1.8955928656504961,-0.015794163999634736,-1.4535184131754681,-0.8639835520647968,0.4269712617362776,1.840768066613669,-0.19393930236438578,1.8639106063329456
turn_right,0.4993688543480736,-0.025114683097594924,-0.4993688543480733,0.025114683097594924,1.2296705945517379,0.02517923087171659,-1.1893955430606014,0.05166747663016201,1.8982181793153834,-0.017918197617483436,-1.5255264574911231,-0.8619854121664023,0.4269866771038201,1.8396556605499315,-0.19397351404599666,1.8659196433383878
turn_right,0.4993573794603878,-0.025341814821641103,-0.4993573794603878,0.025341814821640548,1.23060085246303,0.024921020878594324,-1.1917613483439071,0.05153102409735317,1.8986731746068588,-0.017709792681254326,-1.584265227875495,-0.8053698352244885,0.426706175084469,1.8406426213167149,-0.19398251032330785,1.867622227815168
turn_right,0.4993472991394404,-0.02553967192714608,-0.4993472991394404,0.02553967192714608,1.2288151101311264,0.02461499304381157,-1.1936698231216278,0.052303158277459745,1.899365123443085,-0.017039204319471323,-1.5319075938908255,-0.8076161819833975,0.4267934394904592,1.8415083284936706,-0.19418545585555005,1.8683322699859468
turn_right,0.49929902719000113,-0.02646661004206285,-0.49929902719000085,0.02646661004206285,1.229597481499935,0.02460177241184166,-1.1974685530324851,0.05593300108742012,1.8965736348862912,-0.017057592305867005,-1.4938093299413788,-0.8203179692430754,0.43032336839507085,1.84713709811748,-0.19229428891101485,1.8746553103617036
turn_right,0.4992829185273158,-0.026768774100535773,-0.4992829185273161,0.026768774100535773,1.2362808551892586,0.024803664735614735,-1.1987345524084583,0.05745667582646334,1.906101181623779,-0.016875187084031257,-1.487911855174992,-0.8405467181119763,0.4345838721861088,1.8513065141876073,-0.1901204613645209,1.8813166993945942
turn_right,0.49932081663552036,-0.026052294993665525,-0.49932081663552036,0.026052294993666087,1.2384593674404623,0.02650078280157361,-1.1979011946328422,0.06441304885031959,1.9147301868409012,-0.018059003282090605,-1.2542694482647168,-0.8604043308885989,0.43966509597935194,1.8598757760087936,-0.18746721392612178,1.8904257643183278
turn_right,0.499357933545448,-0.025330894283854002,-0.4993579335454483,0.025330894283854002,1.2356678700642498,0.0321629175387147,-1.1921963551393977,0.06534689750495597,1.9018066381495002,-0.02298509820485787,-1.1655369631237948,-0.8670486576481782,0.44088015369939715,1.8622957426286404,-0.18669475185073317,1.8911599497271818
turn_right,0.49933753481076315,-0.025729872310408703,-0.49933753481076315,0.02572987231040814,1.233657445182898,0.03172686756003683,-1.1965208742138445,0.06758875198579943,1.8994724333482238,-0.024071531359172903,-1.2105016295138045,-0.8746625397090484,0.439925645291047,1.8591881270986308,-0.18675879016340324,1.8841878636478013
turn_right,0.4992494838956468,-0.02738526665800944,-0.4992494838956468,0.02738526665800944,1.22868999446039,0.03069814959382219,-1.1973342207180926,0.06665609164694505,1.890632682560655,-0.026315782564528763,-1.4318568163008436,-0.838504152944545,0.43724402518392685,1.852069373625643,-0.18805039007863983,1.878281030122115
turn_right,0.4992452524970797,-0.02746229886821431,-0.4992452524970797,0.027462298868214868,1.2243616019406263,0.031086730658466215,-1.2012703997844107,0.06974284273466214,1.8792823157614247,-0.026563897969544108,-1.5608313333172121,-0.7603585601966604,0.4294150263885267,1.850623840227644,-0.19430344141623762,1.874185488681656
turn_right,0.4992165448567349,-0.027979302016020027,-0.4992165448567349,0.02797930201601947,1.2226703453856667,0.03200621957043726,-1.204317600492823,0.07642038771519874,1.8728171310971458,-0.028067090453429294,-1.5763992861926963,-0.7304171669177051,0.4279715278196752,1.8527680747189263,-0.19653180492124742,1.8755884839827015
turn_right,0.499136804375748,-0.02936750785419676,-0.499136804375748,0.02936750785419676,1.2200952842990669,0.03220449509426748,-1.204780210500991,0.08496011692279834,1.8702220635715892,-0.028807231856931254,-1.5336778288675421,-0.7377852334566513,0.42725273999773533,1.849450626051077,-0.19696032964219765,1.8722317956909285
turn_right,0.49910228646226595,-0.02994841645460169,-0.49910228646226595,0.029948416454601133,1.2210918746039494,0.03179297380561261,-1.2062036964224474,0.09541536061951938,1.875712017334586,-0.028972817067101062,-1.5133417974686778,-0.762102477372797,0.42619170174306215,1.845715359404947,-0.1972793475425068,1.8689068797148414
turn_right,0.4991023653435794,-0.029947101837143365,-0.4991023653435794,0.029947101837143365,1.2199157737698008,0.03172318005227043,-1.1950997827384615,0.09810113033803303,1.8737804750579967,-0.02890609244877967,-1.3042632894276105,-0.7952375199374864,0.4263778394026128,1.843705075001139,-0.19616282490165507,1.8663383928510078
turn_right,0.49920746641018593,-0.028140815203598322,-0.49920746641018593,0.028140815203597767,1.2202267296732334,0.034043844567248155,-1.1859214914536063,0.10293766485309527,1.8750715472477066,-0.027804028494823444,-1.1972192293665411,-0.8199465344624501,0.427108196448097,1.846858179188561,-0.1974914825798849,1.8702132158883693
turn_right,0.49919670652662634,-0.028331046450303588,-0.49919670652662634,0.028331046450304143,1.2065658925593148,0.0343074772378281,-1.1832415753019176,0.10657475966073231,1.8545770366352594,-0.035732928719752075,-1.0070393833787952,-0.8083810933800548,0.4303526035582445,1.850010129810514,-0.1955985827044009,1.8714032799142584
turn_right,0.49921018103941484,-0.028092617296978754,-0.4992101810394151,0.028092617296978754,1.2048789790563201,0.03450796887295223,-1.175708419198214,0.11048899215015134,1.8502627156808067,-0.03778006272986487,-0.9649951177848901,-0.7881382647721774,0.4322873578485441,1.848113102098525,-0.1950838589771153,1.8683560984742478
turn_right,0.49929049382713137,-0.026627105998574617,-0.49929049382713137,0.026627105998574062,1.2037477445861255,0.03656222850849773,-1.1700509195661857,0.11678824459262599,1.8464216737222885,-0.03731979889798321,-0.9212845818050466,-0.766322028327517,0.4310092297829931,1.847717154298943,-0.1971132968619555,1.8665024703239212
turn_right,0.49929124781498097,-0.02661296404685297,-0.49929124781498124,0.026612964046853524,1.2036348496470395,0.03709038448225869,-1.1679448797503016,0.11901734783669798,1.8454183222590852,-0.03764242326948961,-0.9267107106220875,-0.7629499823379536,0.430515576522585,1.8463141918663708,-0.197512728753459,1.863126343712581
turn_right,0.4992904023477918,-0.026628821291605303,-0.49929040234779154,0.026628821291605858,1.204667425358447,0.03757218320999392,-1.1680115374278952,0.11942304847918327,1.8447768320992448,-0.037905926031780834,-0.9978322723037035,-0.7828966914533454,0.43011608990726635,1.8446233929379394,-0.19771110720697246,1.8610600791662273
turn_right,0.49929561007040385,-0.02653099629533603,-0.49929561007040413,0.026530996295335476,1.2076109417491205,0.038274336003323334,-1.1692587173513462,0.11948565650662066,1.844131589964228,-0.03777592138006817,-1.0255872735663052,-0.8111108704481798,0.4296151317293961,1.84442907350967,-0.19818575663251814,1.8608335695898794
turn_right,0.49930159086106346,-0.026418201369721644,-0.49930159086106346,0.026418201369721644,1.2086488339128658,0.03858839873416019,-1.1743519853978535,0.1148138053678522,1.8443869951262026,-0.03757105842014192,-1.2442417609302203,-0.834775394825883,0.42936167730207847,1.8444539885219646,-0.19832518501433152,1.8597723072162045
turn_right,0.4992609332373217,-0.02717573445187416,-0.4992609332373214,0.02717573445187416,1.2123334933137886,0.037736171641898214,-1.1807401735849925,0.10206850660936527,1.8486782337274419,-0.03845742149301768,-1.3263837558185325,-0.8647150735404452,0.429074475997792,1.8425429083871239,-0.19835963296372935,1.8579382277699912
turn_right,0.4991452356534355,-0.029223855400619673,-0.4991452356534355,0.029223855400620228,1.215665139832589,0.03523168282904278,-1.1833629544134585,0.05125922290642963,1.850690276260421,-0.04008764004133969,-1.4625055549030472,-0.8712357542560948,0.4296625399277809,1.8451395250168854,-0.1978331967142136,1.8678137623622348
turn_right,0.49907948976799293,-0.03032594422140593,-0.49907948976799293,0.03032594422140593,1.2204324198178789,0.03327761276288177,-1.187704114428218,0.0225862402258204,1.8488173890180426,-0.0421528746028527,-1.4937170172148329,-0.8772403206989804,0.42892481672492405,1.8435985615485562,-0.1973380289503492,1.871789869582804
turn_right,0.4989846245352502,-0.03184877513210613,-0.49898462453524994,0.03184877513210669,1.2220884984830764,0.028115573116814493,-1.1904312600824987,-9.97157334183474e-05,1.8592506339682549,-0.0433798750368412,-1.4928743435314589,-0.9091218454005505,0.4292900412767799,1.8442131912809365,-0.19497342209055862,1.8727575933159657
turn_right,0.49888829398909385,-0.03332371708935856,-0.49888829398909357,0.033323717089358,1.2229747588620776,0.02474282009330179,-1.1896906524924524,-0.0016726086067660952,1.8609434270593854,-0.04569654109081348,-1.464255793783715,-0.9248955366927853,0.43008535815842547,1.8415253983772406,-0.19362702829046657,1.871872725615671
turn_right,0.49890480700806195,-0.03307557322630428,-0.49890480700806167,0.03307557322630428,1.2282024902702346,0.02378977949069993,-1.188488759078488,0.002695487200904414,1.8668760316039863,-0.0510451810949273,-1.367293438542661,-0.9365640395730066,0.4339832562421802,1.8430516641227093,-0.1909427181061884,1.873652984230006
turn_right,0.4989025385842694,-0.03310977188341017,-0.4989025385842697,0.03310977188340961,1.229250909217268,0.022891759257022186,-1.1868583289261376,0.004445800880401858,1.8642213060322732,-0.05414261243646247,-1.2890728593066412,-0.9356349009329691,0.4360018606214159,1.844782847465977,-0.18911725883430405,1.874753834464396
turn_right,0.49893826673286096,-0.032566946273921385,-0.49893826673286096,0.032566946273921385,1.2324940434918823,0.02363273388610086,-1.1864399964733652,0.008690766355509796,1.8699598622829505,-0.0514791087737512,-1.0906139616348531,-0.9335722178423393,0.43917249271104647,1.8493275734782175,-0.18708662477532031,1.876812290787285
turn_right,0.4989950013472446,-0.03168577962530655,-0.49899500134724434,0.03168577962530655,1.2298344751137937,0.02471829344369151,-1.18468526997225,0.023012365766954153,1.8682550145876806,-0.05043093905311811,-1.0167161025565161,-0.9084699779567096,0.44114745139908573,1.848900132102832,-0.18505989083677005,1.8761548999430777
turn_right,0.4990563298771824,-0.030704716405088373,-0.4990563298771824,0.030704716405087814,1.2304865245742906,0.020658586948962197,-1.1807711621799202,0.026806394083712222,1.881448276949145,-0.04891737428554373,-0.9775538651446914,-0.8878303394864704,0.4422521602605293,1.8462203290175123,-0.18292644014841658,1.8714979078691927
turn_right,0.49911817418518906,-0.029682456064876628,-0.49911817418518906,0.029682456064876628,1.229054065749943,0.023360848180918027,-1.177101779401955,0.03777202633400735,1.880387643614936,-0.04627477846676196,-0.9261380565397906,-0.8499988563006928,0.4423272829386207,1.8466133808338359,-0.18359357428104348,1.8703844231947964
turn_right,0.499223377409725,-0.027857125616751185,-0.4992233774097247,0.027857125616750626,1.2287679817961574,0.02526152759683261,-1.1716058054452831,0.041177496369901964,1.8809701408433055,-0.04468549462302091,-0.9165992781933638,-0.8358465921268269,0.4427529695708984,1.8492701798416216,-0.18361045715796806,1.8724791001337024
turn_right,0.49919841686698546,-0.02830089393456293,-0.49919841686698546,0.028300893934562376,1.2262383203515945,0.024967243086665206,-1.1698363981172915,0.041685539943157025,1.8829385282609912,-0.04482707091780193,-0.9613068291437019,-0.8367835274859889,0.4400302682937766,1.8429247285524304,-0.18464803179569916,1.865314287131324
turn_right,0.4991444197350206,-0.029237788004387727,-0.4991444197350206,0.02923778800438828,1.2312708278468272,0.023759603148526823,-1.1690896576429717,0.04189248278849069,1.892926155120704,-0.045525595643249185,-0.986776360001485,-0.8475246437996385,0.4379492110654379,1.836791158734292,-0.18492510041585314,1.8595906445340808
turn_right,0.49910183785940454,-0.029955891663656056,-0.49910183785940454,0.029955891663656056,1.235753652548842,0.023083007384708892,-1.1696850289189225,0.04371417305856801,1.9059703298745092,-0.04603292413888461,-1.1805945893856107,-0.8768848874799429,0.4378517404274445,1.8401492006700144,-0.18569873832765785,1.8625322334582963
turn_right,0.4990891607366433,-0.03016636595934605,-0.499089160736643,0.03016636595934605,1.2341175240656967,0.023001823837713573,-1.1675292496032692,0.06916140585903578,1.8999169292912224,-0.04699373491058924,-1.0153195786937717,-0.8313157798750274,0.43745505704565985,1.8391780576013306,-0.18838837385769513,1.8610511148880637
turn_right,0.49919502176995095,-0.028360716494796073,-0.49919502176995095,0.028360716494795518,1.2409987905439726,0.025277643980525538,-1.1662558568773231,0.07762713143127047,1.9131795512214527,-0.043911155666471476,-0.9472403699054397,-0.8088345314699081,0.4445968062307175,1.8456424117097772,-0.18341460804599366,1.868795193776842
turn_right,0.499384460562168,-0.024802430304960675,-0.499384460562168,0.024802430304960675,1.2477763925372776,0.03066171161553965,-1.1696664669049641,0.08327790442201626,1.928646208212532,-0.032095767310070286,-0.9650567567437844,-0.8132496445185136,0.45169537954709504,1.8597117003151227,-0.1801757209490714,1.8844390597157004
turn_right,0.4994858299725169,-0.022669487348988764,-0.4994858299725169,0.0226694873489882,1.2502991865369122,0.03381167335739979,-1.1712664447829508,0.08665063567140309,1.9353955947840034,-0.025040257050120848,-0.9729655270971233,-0.8158352675984596,0.45530657286143217,1.8663752058056258,-0.17844135744680886,1.8921773910442194
turn_right,0.4994911684232243,-0.022551555760128798,-0.4994911684232243,0.022551555760128798,1.252218687356415,0.033648099308159096,-1.1739801543914996,0.08575753266300226,1.9338733483855608,-0.022636219136973706,-1.127425945363728,-0.8384841435283366,0.45642727800113436,1.8687640739382076,-0.17907896365293602,1.8955175741961445
turn_right,0.4994287325554073,-0.023894373775000134,-0.4994287325554073,0.023894373775000134,1.2548581455775123,0.0325165476938271,-1.1750259959701945,0.08478100393450658,1.932298799724917,-0.021628976278891543,-1.22628250489676,-0.8573751815890484,0.4562757892118849,1.8691802884029056,-0.1799716688092843,1.8957007734075224
turn_right,0.4992790241147366,-0.026841312915655117,-0.4992790241147369,0.026841312915655117,1.2537132535272921,0.029156812473478278,-1.179449884124326,0.06947181591864739,1.9229551698927767,-0.020924091584636116,-1.3992067023832393,-0.8921624594492096,0.45709763262048486,1.869483791792678,-0.17801812036372242,1.8944506993496109
turn_right,0.49916906420576845,-0.028813978203944345,-0.49916906420576845,0.028813978203944345,1.2614064195984784,0.026273499931199713,-1.1860660725061587,0.04178870467855885,1.9237235369015129,-0.022387118898839806,-1.48014371141871,-0.9101954591241919,0.4563584935735686,1.8730035710973003,-0.1803394225761772,1.8980647562091744
turn_right,0.4992022120298464,-0.028233871581989412,-0.4992022120298464,0.028233871581989978,1.2617816652831189,0.02537219138017415,-1.1902449880097834,0.026071915620783162,1.9155514853495892,-0.02339586273209238,-1.5544695808666806,-0.8926775837922583,0.4562712588761326,1.8722102352285541,-0.18047816645777073,1.897570750798811
turn_right,0.49915907537495874,-0.028986504977597152,-0.49915907537495874,0.028986504977597152,1.2619634948271998,0.024473794507630455,-1.192353186513106,0.02437486141550979,1.91506382352107,-0.014619272403527086,-1.5563246312994892,-0.8795910677009334,0.4563071415781255,1.87406370428188,-0.17989631516006646,1.9004447064085368
turn_right,0.49896442875266517,-0.032163626032000195,-0.49896442875266545,0.032163626032000195,1.2598311496913868,0.020026766797570643,-1.1977089642446295,0.038630318318604626,1.912797037146044,-0.013445938335581383,-1.4796416574427316,-0.8838003467319965,0.45618040899835943,1.86537431466945,-0.17863362601750243,1.8934320757883683
turn_right,0.49892022924298274,-0.032842120091881116,-0.49892022924298274,0.03284212009188168,1.2542561239980026,0.019115808548245752,-1.1997726874080463,0.04085162883303136,1.899267892877354,-0.014494773479915504,-1.4349256164132482,-0.9157001227060666,0.45828630613141486,1.8608967744125142,-0.17486126840735247,1.8909205033367327
turn_right,0.49902747216578336,-0.031170210519472174,-0.49902747216578364,0.031170210519471612,1.2485496960211007,0.023086223445703578,-1.1924688923060862,0.04857235664161596,1.8911336187531829,-0.012995730150500526,-1.3149326376180483,-0.9130171856898538,0.45894974073079053,1.8633346331080962,-0.17459814141172994,1.8933472493417522
turn_right,0.49905659519826934,-0.03070040372879119,-0.49905659519826934,0.030700403728791754,1.2452168088798117,0.02404751615378884,-1.1914880054068804,0.0541250504290509,1.8851267483147358,-0.012607620195198637,-1.1720409401543679,-0.9125800647014221,0.45948547855434135,1.8656737072977534,-0.1739496693488956,1.8955045155487842
turn_right,0.4990629736055111,-0.03059654189650979,-0.4990629736055111,0.030596541896510357,1.2368628486910997,0.025690207124521646,-1.1905059889538272,0.057392036571270254,1.8720431598329605,-0.013001487473692843,-1.1004364530742763,-0.9090413073375573,0.46108998450334576,1.8661163109605203,-0.17244298279614817,1.8964176289185017
turn_right,0.49902460729253567,-0.03121604261482779,-0.4990246072925354,0.031216042614827227,1.2313997216563755,0.0267650464839948,-1.1789319578568809,0.06926305268121763,1.8693207235994507,-0.011912220734636839,-0.9691001088378554,-0.849644679311822,0.46136069312436095,1.858523284773046,-0.17048845349757924,1.8885044313605186
turn_right,0.49903458988566757,-0.031056047682272478,-0.49903458988566757,0.031056047682272478,1.2299773631662572,0.02735402461801085,-1.1709727243369337,0.07413696085790926,1.8680864762353762,-0.012997436056385942,-0.9445123793058846,-0.8284680439711739,0.4607288655769326,1.8554303676545167,-0.17080841258697213,1.882759547921516
turn_right,0.4990545894647732,-0.03073299097300355,-0.4990545894647732,0.03073299097300355,1.2286365516857014,0.027874877468176615,-1.1628963364060234,0.07572946901822843,1.8674753778028914,-0.01563084795166349,-0.9472220942420535,-0.825010380001811,0.46024166806983186,1.853025328933539,-0.1715045382924012,1.8781841289584384
turn_right,0.49904446808334246,-0.030896907214374283,-0.49904446808334274,0.030896907214374283,1.2288614098990291,0.02768212279893702,-1.1606294571782068,0.07608345911234003,1.8773115649090226,-0.016485581733212035,-0.9669926653328746,-0.8241758216250586,0.46010127334963424,1.852034667305321,-0.1715659502217635,1.875910458002741
turn_right,0.4990667736900376,-0.030534495224526257,-0.4990667736900379,0.030534495224525695,1.230790728848395,0.027031322910349355,-1.1604394388579564,0.06984108229116366,1.884511644057644,-0.017803583897304825,-1.0823717385125857,-0.870918069037579,0.4589106951788607,1.8563430188697292,-0.17410666920034515,1.8794634574717992
turn_right,0.49908929223590065,-0.030164190283644025,-0.4990892922359004,0.03016419028364346,1.2362484285789432,0.026225668911184424,-1.1639072916994042,0.0665257429970632,1.897201392017826,-0.01750121828127131,-1.1741298174818695,-0.8911900675915955,0.4581589581233012,1.8627900474820989,-0.176293883877304,1.8856463652465398
turn_right,0.4990569382159484,-0.03069482722745342,-0.4990569382159481,0.030694827227453984,1.2453769869545195,0.024740426834115856,-1.1680647001414504,0.045332210928467946,1.9108376179689266,-0.016250591643362577,-1.376414892894155,-0.9297532849764268,0.45793322073945397,1.8611856836616727,-0.1761207465074158,1.8845000057585715
turn_right,0.49903563507042004,-0.031039248216774704,-0.49903563507042004,0.031039248216774704,1.2508828239736065,0.02341891148386817,-1.1711233363482738,0.03375716656039877,1.9168910930210312,-0.015800090835288633,-1.4110753919409385,-0.9474850858631428,0.4579159294939818,1.8605444728243277,-0.17590931726407952,1.8842121210127198
turn_right,0.49908891151969353,-0.03017048886060095,-0.49908891151969326,0.030170488860601512,1.2570615109788106,0.02248424125994475,-1.175346748434592,0.032899983107231565,1.9285958731562651,-0.014003060692074831,-1.5004530409432486,-0.8896765497502517,0.4544938574117641,1.8625738192054675,-0.1795109290721041,1.8860298737667263
turn_right,0.4991674902504436,-0.028841232239160252,-0.49916749025044393,0.028841232239160252,1.2607101123775575,0.02077450452333735,-1.1766097526881418,0.03156667552479614,1.9361463339446472,-0.013084015856007622,-1.5119747255131402,-0.8552623592487301,0.45085589991669844,1.8611123991336722,-0.182417591273282,1.8844381208259307
turn_right,0.49919756006092475,-0.028316003058681444,-0.499197560060925,0.028316003058682006,1.2620476122402666,0.020758444382646807,-1.1827606050692228,0.032268251961543246,1.9372705921453244,-0.012244912247519626,-1.4618221642075229,-0.8847665039148385,0.45032571878960026,1.8613537400791187,-0.18381668433706042,1.8847287493772944
turn_right,0.4992048468561035,-0.028187246679555942,-0.4992048468561038,0.02818724667955538,1.2618145924874018,0.02077968796243147,-1.1854579916486776,0.03437646575521402,1.9364751042617072,-0.01323444706358504,-1.4298372635277148,-0.9115103200514888,0.4502521013966099,1.8612015747154478,-0.18368375452560243,1.8846948184524173
turn_right,0.4992694468791642,-0.02701887142301604,-0.4992694468791642,0.02701887142301604,1.2569309837035396,0.02268245243885653,-1.1865593807968622,0.044928541080235224,1.9241884051474456,-0.018932380739614247,-1.2724592478903558,-0.912117540737894,0.4508079645285644,1.865625838689844,-0.1829815897917832,1.8893863483375897
turn_right,0.4992464473476253,-0.02744056870356315,-0.499246447347625,0.02744056870356315,1.2524305510736775,0.022605194205662864,-1.1883396750175197,0.05415711643775087,1.924655732927461,-0.024808093926280465,-1.1313590223611336,-0.9081649326207278,0.4515774114739133,1.8630871458342089,-0.18184263424560604,1.8842984096064652
turn_right,0.49921173540556296,-0.028064982333258395,-0.49921173540556324,0.028064982333257833,1.2343741887283717,0.023433020501167925,-1.1839996648189925,0.0651061887593314,1.9105471445751065,-0.026391315509789976,-0.9538830771466487,-0.8650292847668319,0.45161502946865845,1.8619495927798215,-0.18159590356737132,1.8814557884149836
turn_right,0.49916980632769525,-0.028801118915266648,-0.499169806327695,0.02880111891526721,1.234288385444314,0.02388735295140932,-1.193171000988069,0.06778968062589616,1.9101655045443744,-0.023062752137226018,-1.3173630839996808,-0.870685866256318,0.45170821176050313,1.8613359741188156,-0.18163647848481182,1.8829053381694463
turn_right,0.4992213578155486,-0.027893294907557705,-0.4992213578155486,0.027893294907557705,1.2346796744036534,0.026757947860860158,-1.1928163086079313,0.06806239603608724,1.903607127593972,-0.009304614549241422,-1.4826910181960926,-0.8087743861566236,0.4488371296411384,1.8623480788003914,-0.185348508217945,1.8842004750498664
turn_right,0.49921828826405057,-0.027948178164438925,-0.49921828826405085,0.027948178164438363,1.235343934973693,0.029891503060377956,-1.1916916067037855,0.07072393262803954,1.8995415634608857,0.00906823758577515,-1.507269981710085,-0.7955698224731205,0.4472185380165378,1.8607369758365748,-0.1866763182102775,1.8831108549027522
turn_right,0.49920015270818346,-0.028270258862031803,-0.49920015270818346,0.028270258862031803,1.2379291128677545,0.030549404725786464,-1.1896190282314534,0.07306588109524456,1.9011238115547426,0.014628644599245436,-1.4557586620022784,-0.8310973039103741,0.44784411179791317,1.861859303403098,-0.18534234487870227,1.8844791361002171
turn_right,0.49919587314781777,-0.02834572687704046,-0.49919587314781777,0.028345726877041025,1.2383049595759226,0.03095565532123193,-1.1767332516374494,0.0907595069768837,1.8995056656901033,0.01514289998116144,-1.3196983457377522,-0.8380094319829602,0.4477898406815184,1.862443809888614,-0.18535821912605008,1.8841030705671866
turn_right,0.4992228357225733,-0.02786683141501291,-0.49922283572257303,0.02786683141501291,1.2395223779421183,0.03178771318874147,-1.166189866171683,0.09276738011426537,1.902142102661711,0.01558740215312274,-1.2254538616129849,-0.8492119812100196,0.44720660502064813,1.8654940127397333,-0.18704191296847536,1.8856585011371314
turn_right,0.49922839764137317,-0.027767012594569755,-0.49922839764137317,0.027767012594569755,1.2348159097561984,0.03415573868631132,-1.1583648406961273,0.1101537351266483,1.883045300254434,0.018295449962311805,-1.0299176257530458,-0.8185318722513761,0.4467669165038426,1.8643685839041981,-0.1879140042057749,1.884238738970034
turn_right,0.4992699812507787,-0.027008995202474614,-0.49926998125077837,0.027008995202474614,1.232266007936077,0.03561480519701697,-1.1511916776689195,0.1132356172650626,1.8712612849214338,0.01919886988869822,-0.9521348461831622,-0.7863643001449179,0.4459191000695379,1.859834573254063,-0.18930529341519564,1.8801436176761266
turn_right,0.499268518956653,-0.02703601262816779,-0.49926851895665264,0.02703601262816779,1.2319654769624984,0.0365872966569918,-1.146240150653551,0.1162480917880608,1.877125822910798,0.02437080957982885,-0.904479742859735,-0.7374065074992597,0.44464385091215625,1.856765971956875,-0.19062340353876178,1.8753936391029058
turn_right,0.49927253386593856,-0.026961767877593898,-0.49927253386593856,0.02696176787759446,1.2315301974491242,0.03758867919539291,-1.1404959397537415,0.11700185642029175,1.8772191123786974,0.02397911835985743,-0.8982056473453952,-0.7231883022027444,0.4432475701533046,1.8560018066910964,-0.19262624364460348,1.8734930670944498
turn_right,0.49930419095873635,-0.02636901384279914,-0.49930419095873635,0.0263690138427997,1.2295430922897632,0.0401338120786568,-1.1400558892010368,0.11747904720246324,1.8730647587068383,0.028598040283495288,-0.9608189345336581,-0.7337383389785684,0.4417437570749908,1.853481848831352,-0.19286648198882048,1.8702780993050414
turn_right,0.4993168864083877,-0.026127513227122524,-0.4993168864083874,0.02612751322712196,1.2255472135743795,0.04271674704697182,-1.1393349058616393,0.11844057651081143,1.861776358484169,0.029921966331391135,-0.9938448110148229,-0.7570828864541806,0.4385830544427089,1.8492063133528622,-0.1950283798897911,1.8646415639599947
turn_right,0.49934650898311306,-0.025555116246607498,-0.49934650898311334,0.025555116246607498,1.2305253250596166,0.042326758334759455,-1.1415639898860144,0.1155245318427212,1.8791252879685911,0.04986630975611538,-1.17642448956764,-0.8026443857197568,0.4374916831662773,1.851986496398414,-0.19632368378860063,1.8659017444891368
turn_right,0.499434289604453,-0.02377793866791903,-0.499434289604453,0.02377793866791903,1.2331791084489945,0.04088259310832943,-1.1444444796287125,0.11392766154155441,1.8836479013528498,0.05044239849790891,-1.2591881964097782,-0.8220944861166508,0.43699713101586884,1.8544471516795786,-0.19758652574069113,1.8677061331666738
turn_right,0.49944202119726533,-0.023614983853273458,-0.49944202119726533,0.023614983853273458,1.2463641378767005,0.04032725126761705,-1.1481764502838934,0.10812759885888545,1.9016575246149143,0.05223161010597138,-1.409085853073105,-0.823432803147122,0.43561594212951293,1.8573774811843426,-0.19981803273868404,1.8715401513971943
turn_right,0.4994977195634171,-0.02240598471270787,-0.49949771956341676,0.022405984712707307,1.251689772336336,0.03929508800464625,-1.1517780774266377,0.10255237964334703,1.9075792944177838,0.051215387832283285,-1.4358161899693571,-0.8201788755771062,0.43310800435466495,1.8650804480755663,-0.20354627399504505,1.8766793857410253
turn_right,0.4995030865595186,-0.02228601618760292,-0.4995030865595186,0.02228601618760292,1.255016978444602,0.03944263721609433,-1.1494855830425623,0.10311822969645287,1.9135790011733145,0.04940701663371929,-1.4469660194281646,-0.813885839466454,0.43174646465039906,1.8745852695992486,-0.2071225695806043,1.8850090425725397
turn_right,0.49945544956623,-0.023329249850671703,-0.49945544956623,0.023329249850671703,1.2577365208801938,0.03685667194490661,-1.1415329720554714,0.12011228868205022,1.9319484505579412,0.0167083303987168,-1.4017892834486139,-0.811243847525405,0.4308419069357377,1.8855671695467757,-0.2089626220204284,1.8992501738977698
turn_right,0.4993225095990019,-0.02601982720455204,-0.4993225095990019,0.02601982720455204,1.2602933419855966,0.03459225343198827,-1.1287349465777485,0.12922928601887088,1.9502969938330286,0.004809651500321587,-1.2850127288661224,-0.8196887337477555,0.4288720558459545,1.892514834239729,-0.2112496674770289,1.9070958246381229
turn_right,0.49927643335793304,-0.0268894606376103,-0.49927643335793276,0.0268894606376103,1.2575357477036946,0.03621936237102466,-1.125606769363074,0.1344406149729946,1.9480174820181404,-0.002159851836913036,-1.2247996919750963,-0.817728566438503,0.4250565705746731,1.8930862808460431,-0.21427762112122678,1.90797839323458
turn_right,0.499285861714702,-0.026713822111548303,-0.499285861714702,0.026713822111547735,1.2579892410039735,0.03640060625435787,-1.1242402606301483,0.1410514628926432,1.9508678055139532,-0.0032588318229454867,-1.0404811376102394,-0.8004583583442509,0.42470482903301654,1.8944836532381728,-0.2149785041215086,1.9094724178882085
turn_right,0.49934389541968593,-0.025606134169254568,-0.49934389541968566,0.025606134169255133,1.2587094827765575,0.037500071768091364,-1.1249432168413018,0.14379382065536478,1.9551997342717473,-0.001185371852120417,-0.9921474514033859,-0.7803046938304187,0.424540202481728,1.8934927853537822,-0.2150471005513346,1.909666490648892
turn_right,0.4995124868678042,-0.0220743168216338,-0.4995124868678039,0.0220743168216338,1.2591224997655754,0.04124264213061071,-1.1209653149686925,0.14351880020548408,1.9556703051481157,0.0032366213528041985,-0.9272291630421694,-0.7377046663700311,0.4247677864215321,1.895555458774848,-0.21527194782964904,1.9117777163818286
turn_right,0.49955810551559154,-0.021016641350921215,-0.49955810551559127,0.021016641350920646,1.2587068704675695,0.044069382005712636,-1.1176365582441785,0.14539773544349127,1.9569138112758437,0.005078789080531145,-0.9047410991160938,-0.6948536271622828,0.42435599968972904,1.8981187620907678,-0.21618599684649614,1.9141417404232723
turn_right,0.4996426749464477,-0.01889966593245521,-0.4996426749464477,0.01889966593245578,1.2582533405234977,0.046665924704164426,-1.1149706685841723,0.1454482449281019,1.9560665521985516,0.00666425239819698,-0.90813753271573,-0.6982895655953707,0.4239112715751504,1.899434843216241,-0.21667974783067775,1.9161552050024995
turn_right,0.49964375160266356,-0.018871181320096627,-0.4996437516026633,0.018871181320096627,1.254677791662721,0.0493910965597885,-1.1179360838123498,0.1454984396397448,1.9516764710334453,0.0069607363235656946,-0.9597785191081867,-0.7001488901248069,0.41986291430910844,1.900913997677372,-0.2207319023161454,1.9172359308167042
turn_right,0.4996397778045053,-0.018976101693038427,-0.4996397778045053,0.018976101693038427,1.2534546126842954,0.052631928162872724,-1.1188338979576218,0.14246016005394488,1.9508861294852793,0.007725746982259696,-0.9842968170358724,-0.7432220952556235,0.4185358442708326,1.9006181083605747,-0.22197638015595014,1.9168387752393008
turn_right,0.4996160279037893,-0.01959144358234056,-0.4996160279037893,0.019591443582339992,1.2560809473523609,0.053639463852322246,-1.114286082527266,0.15205758042503303,1.9484132264961487,0.01354149286170396,-1.1222504294150721,-0.7578807220312714,0.4135496226448318,1.9019655761179175,-0.2269703005624995,1.9178252862888645
turn_right,0.49963398144485155,-0.01912810982730917,-0.4996339814448518,0.0191281098273086,1.261086778058849,0.05484249622740948,-1.1149603684397797,0.15084192565244195,1.9473011020662194,0.023834184665100087,-1.2177753456525218,-0.7700253281833686,0.40854357044859985,1.8985915391060864,-0.2293354310155414,1.9128950652683419
turn_right,0.4995967885875586,-0.02007607613549244,-0.4995967885875589,0.02007607613549244,1.2651750875259724,0.05413542193243233,-1.1174773017757624,0.1336184710198303,1.950604100244452,0.03218965145741953,-1.3699715016595941,-0.7842757012694381,0.40707040609680883,1.8981988689099245,-0.2303000354945459,1.9149776339456748
turn_right,0.4995537065473544,-0.021120943984578627,-0.4995537065473544,0.021120943984579185,1.2106581681418176,0.056752765420394743,-1.1509856183904668,0.13239804149463605,1.8275678144666103,0.025523043071392266,-1.2933014687763758,-0.8018285547680979,0.4197097985311514,1.8727901320342502,-0.2116982326227412,1.8889956634707106
turn_right,0.49937781381494745,-0.024935899209847547,-0.49937781381494745,0.024935899209847547,1.1783024486613602,0.05282319158308054,-1.1646593275816683,0.1250253461225993,1.799882412811524,0.01181305152397251,-1.2409718893875843,-0.8351333119287211,0.4314497182811093,1.8557591644493918,-0.19677648712980647,1.8714133638267394
turn_right,0.49920757643707825,-0.028138863300046984,-0.49920757643707825,0.028138863300046984,1.1694086338223109,0.049809045832181556,-1.1696050053219493,0.12054129823744772,1.7752135670607676,0.006022075129937594,-1.250754232148547,-0.8412681714058724,0.43630094144668025,1.8380850914979419,-0.18890914304073975,1.8541650809187586
turn_right,0.49914719516364375,-0.02919036759390791,-0.4991471951636435,0.029190367593908466,1.1699469618833283,0.04907902511561697,-1.1905667902957502,0.12108288436030502,1.7754496382786868,0.003237709895059265,-1.4363646248191715,-0.8355725039200189,0.4365022843059007,1.8391064096000675,-0.19155464895789676,1.8551283009700485
turn_right,0.49913468885185736,-0.029403441716224773,-0.49913468885185763,0.029403441716224214,1.165275892523983,0.04904214901580966,-1.2079412962798939,0.12034184391606113,1.7752142467144885,0.00230100967886667,-1.5113271357162328,-0.8374146941950226,0.4387353419601399,1.8446091799614985,-0.19177067830584096,1.8608076689019846
turn_right,0.49931542275688756,-0.02615546973599629,-0.49931542275688756,0.02615546973599629,1.174522231112255,0.04435868603691657,-1.2170441158136927,0.109340231893848,1.791041831683637,0.009176791015631095,-1.5666122226674595,-0.826615420860586,0.4406768363476322,1.8441885618115816,-0.19159871305551626,1.8612761854432622
turn_right,0.49941736790831404,-0.024130740385073974,-0.49941736790831376,0.024130740385074533,1.182055204618967,0.04368113212674497,-1.2235870015825994,0.10292485117314798,1.7953439971627785,0.01754753778549824,-1.5688801081117079,-0.8302040941151688,0.44182577188768507,1.8469077650450911,-0.19152274673476474,1.8640955345252064
turn_right,0.4994448137376286,-0.02355584917988149,-0.4994448137376289,0.02355584917988149,1.186780750300883,0.043524109770060916,-1.2261206425197062,0.10377786596142718,1.7951514568889657,0.018945125297754,-1.5097261308028604,-0.8341537419846132,0.4442416896460012,1.8451806545539793,-0.1894441908449931,1.863915613212027
turn_right,0.4994401604094182,-0.023654305532286653,-0.4994401604094179,0.023654305532287215,1.1880718462995081,0.04612621971279699,-1.2268973914243613,0.10768256621674972,1.779658576784326,0.018297023313547073,-1.4711866923301762,-0.8404508506764202,0.4490206732411952,1.8446107370201243,-0.1849193459869808,1.8639458762702665
turn_right,0.4994546554805324,-0.023346244212347968,-0.4994546554805327,0.023346244212347968,1.1893019145678536,0.045541408710153754,-1.2241948593494043,0.10707830244873234,1.7839192937727428,0.018308464943956625,-1.4631046290876983,-0.8777727842137716,0.44892133849140947,1.8406916230022956,-0.1855332059118522,1.8604221996494563
turn_right,0.49945536450865063,-0.023331070775492062,-0.49945536450865036,0.023331070775492624,1.1879795849763182,0.04549132934332484,-1.2188311841004702,0.1109524517546486,1.7899738128201497,0.017245382750382253,-1.2283403832619573,-0.8811312797220341,0.4542532332570238,1.84102005089664,-0.1810600503066908,1.8633744128339094
turn_right,0.4994648045316377,-0.023128100531021913,-0.49946480453163744,0.023128100531021913,1.1889008462106874,0.045237906620656396,-1.2133103353892825,0.11416951183225275,1.7910968024484124,0.016774798202311134,-1.1276036292899099,-0.8814470837423013,0.45553746039262394,1.833584062472927,-0.17811738825056364,1.8574709551066664
turn_right,0.4994691138994864,-0.02303484882655108,-0.4994691138994861,0.023034848826550526,1.1768344679475737,0.04638720217042774,-1.1962222500065978,0.1277552832353947,1.7614340760257288,0.015456824003967548,-0.9593976662779289,-0.8148599509189992,0.45535824356944016,1.817977464566551,-0.17379076854154552,1.8415183818877399
turn_right,0.49950017006609637,-0.022351288641616028,-0.49950017006609637,0.022351288641616028,1.1776713635142768,0.046929933254317185,-1.1901907585413802,0.13707963173843266,1.76585306015901,0.016707272157526508,-0.9231560093604623,-0.7737809299720498,0.4556766435299696,1.8061415714049354,-0.17294376440577006,1.826043723008984
turn_right,0.49949266518936053,-0.02251837964928376,-0.4994926651893608,0.022518379649283205,1.1771195155324612,0.04601793376900362,-1.180162262827992,0.13580528065101272,1.7656919209770563,0.018751541815640014,-0.9177581249644022,-0.7758531087243623,0.45529354391839233,1.7954067006984782,-0.17169373450195968,1.817481048584533
turn_right,0.49943483196011784,-0.02376654423698803,-0.4994348319601181,0.02376654423698803,1.177131802616077,0.0453097439924665,-1.1772964629189397,0.13516559992971514,1.7668918539510639,0.021702340019617985,-0.9329084691658536,-0.7794530291659171,0.4547492677224879,1.7886355066811594,-0.17170486317738803,1.8097587080597264
turn_right,0.4995007890489202,-0.02233745149980419,-0.4995007890489202,0.022337451499803634,1.1821598625080532,0.04481728224700945,-1.1807542536732767,0.1316030298526833,1.7690258467930209,0.02555282070827769,-0.9834046278917056,-0.8149990840569425,0.45354744249993895,1.7915738098486536,-0.17236774430292956,1.8130345855835905
turn_right,0.4995980612292341,-0.020044381157581826,-0.4995980612292341,0.020044381157582385,1.185920916634309,0.046842340956314114,-1.1833255668965994,0.1352687958794698,1.7707691604254043,0.033462487752776666,-1.005988548597029,-0.8326011829589064,0.45080704336913363,1.7971956687613382,-0.17748479019896532,1.8186750384204609
turn_right,0.4995048689114222,-0.022246031865998467,-0.49950486891142193,0.02224603186599903,1.1922867836879547,0.047055046854166144,-1.1926063482685574,0.15664017017521556,1.779485570237577,0.03596037821190863,-1.2159673214281752,-0.836891257863024,0.4501030912588903,1.812175790557877,-0.18267382950081315,1.8344346065209063
turn_right,0.4993912291662942,-0.024665770447684275,-0.4993912291662942,0.024665770447683713,1.1932061568344392,0.04770905538241109,-1.2032319968116554,0.15963855577537356,1.7825858610400847,0.03771205731792864,-1.4033222268477616,-0.8319221571309806,0.4495424184704881,1.8226983477196816,-0.18565359882703258,1.8456667490583942
turn_right,0.4993108644273254,-0.02624234488068848,-0.4993108644273254,0.02624234488068848,1.1960601407591476,0.046911265683794355,-1.2162830716809159,0.15363760956358613,1.7871746534581847,0.03790574771755974,-1.4743226689147748,-0.8331891582375487,0.44931127113351915,1.8313128445455082,-0.18797258258104332,1.8552871375701832
turn_right,0.4992601941927161,-0.02718930846217995,-0.49926019419271583,0.02718930846217995,1.1963047532093705,0.0485046370015803,-1.228407602915081,0.15213204864685367,1.7899915083300035,0.038713306513534815,-1.496285727326438,-0.8336631347621403,0.44673839406942983,1.84156817017973,-0.19313928520317455,1.8666884191261326
turn_right,0.49923765127938563,-0.027600136685216155,-0.49923765127938563,0.027600136685216155,1.1937469469454842,0.04905102220883862,-1.2281707511215822,0.15581556062532365,1.7740185801345496,0.03926637274255483,-1.4601142753852128,-0.8372468151663363,0.44670185202924095,1.8419422715518472,-0.1934906166063216,1.8682234052860944
turn_right,0.4991825717257608,-0.028579014770553184,-0.4991825717257611,0.028579014770553184,1.1929028601902303,0.04906694270955572,-1.2276352165143418,0.1551874622807508,1.7707204056969617,0.040003259072069815,-1.4395000331702301,-0.8735715921754863,0.44624546707990526,1.8402295150065466,-0.19367534762179459,1.8674083986064676
turn_right,0.49915522949528907,-0.02905265680630772,-0.49915522949528934,0.029052656806308287,1.1934359400218617,0.049108851300366164,-1.219722285437518,0.16228689456940895,1.7721261702327158,0.040745009251974745,-1.2988359832384415,-0.8799150506568061,0.4464925029358466,1.8405250933675343,-0.19342701276621854,1.868889475634737
turn_right,0.499182938450095,-0.02857260856710224,-0.4991829384500947,0.02857260856710281,1.193206052731993,0.04967804324075975,-1.2119348214011039,0.16441043988433446,1.7676546274240383,0.041320246650939814,-1.2226441864726822,-0.8781314199434045,0.44635851655465575,1.8412190134376272,-0.19353101188284172,1.8697426491748326
turn_right,0.4991755405669908,-0.028701562669173158,-0.4991755405669908,0.028701562669173723,1.1917198879221416,0.049152014784981206,-1.2094882367777358,0.16227749759811877,1.7684316041014219,0.04121610010737076,-1.0442401612728416,-0.8501753568935249,0.44567811643384686,1.8377433852949294,-0.19297814700250465,1.8662685190741934
turn_right,0.49917535000375907,-0.02870487673940798,-0.49917535000375907,0.02870487673940798,1.1913464710820658,0.0489918160094013,-1.2039595606342326,0.16389175566495223,1.7681872522751199,0.041054053344289576,-0.9962987266833339,-0.836679833970814,0.4451605132823659,1.837082960516199,-0.19278785293234801,1.865644573355201
turn_right,0.49918156461330904,-0.028596600326069015,-0.4991815646133087,0.02859660032606845,1.1912802960648778,0.04994873202994876,-1.1975333633181597,0.1635528708189623,1.7694506427188532,0.04024252646126578,-0.9582197843763377,-0.8125246593035849,0.4442790317118864,1.8369403042017736,-0.1925732015509428,1.86449985620919
turn_right,0.499162534456692,-0.02892687668539145,-0.49916253445669173,0.02892687668539145,1.1935510640399571,0.04886913917621983,-1.191547253192959,0.16216632153208965,1.7739594616027878,0.038743193117475316,-0.9604965948568063,-0.8062308022329925,0.44417885886197367,1.8354321308009685,-0.1921363487535166,1.8622930300560612
turn_right,0.4992495078415467,-0.027384830106707503,-0.499249507841547,0.027384830106707503,1.2153242136247764,0.04534020293668171,-1.1679878135636401,0.153997339494181,1.826720926244495,0.04089197927846101,-0.9354414378906954,-0.7736750489606556,0.43137016352869595,1.8194065123790177,-0.19960848581641483,1.8456538613355404
turn_right,0.49916170763394835,-0.028941140819958605,-0.49916170763394835,0.028941140819958605,1.2337493990778299,0.04216042388269372,-1.164163867086944,0.15267152470705825,1.8602688035166437,0.04766937843013856,-1.039329662912202,-0.7912431844116808,0.42508304818822884,1.8164610088568116,-0.2022056550065034,1.8423449752105474
turn_right,0.4991554760021595,-0.0290484212489699,-0.4991554760021595,0.029048421248969346,1.2329237376832891,0.041315988835204244,-1.1582061328988098,0.1518886754854459,1.8511210224967602,0.043445401305945694,-0.995529724793433,-0.7845909038895742,0.4242234323003863,1.8214643888035607,-0.2029757724831474,1.8464878326117964
turn_right,0.49915503757338503,-0.029055954038935766,-0.49915503757338475,0.029055954038936325,1.2307121758999497,0.041151914972131394,-1.1520376769163,0.1474830937382039,1.8607521538231067,0.03888797455072687,-0.965842230710201,-0.7791118582202212,0.4243628349009406,1.8225551600679477,-0.2033680994745978,1.8478208079291134
turn_right,0.49913973157208685,-0.029317714203963053,-0.4991397315720866,0.029317714203963053,1.2295699844319614,0.04071701744640579,-1.1463699092257928,0.14586650095435913,1.876173844092419,0.031182794558507462,-0.9494548154112173,-0.768181011048465,0.42452042338363616,1.8264272643930806,-0.20351225571186143,1.849769287946051
turn_right,0.4991117900286339,-0.029789613196768386,-0.4991117900286336,0.029789613196768386,1.2276276594866524,0.04024913266160937,-1.1437004779064297,0.14486880052759674,1.87263821973559,0.021944974850860857,-0.9517181479290533,-0.7638271897334039,0.42557409562644094,1.827262519234696,-0.20331859594759136,1.8525463595249927
turn_right,0.4990720679970806,-0.030447839744676346,-0.4990720679970803,0.030447839744676346,1.2255372183454933,0.04068273300542179,-1.1438869777908456,0.14783727301317018,1.8680894582005059,0.00649321354273912,-1.0212498078856125,-0.7701072464959163,0.4262678062239395,1.833646542886512,-0.20307120663032432,1.8575898138019027
turn_right,0.4989964656382064,-0.03166271120069042,-0.4989964656382064,0.031662711200690974,1.2244513817572682,0.03871314960072431,-1.1443391943378596,0.14815055321912002,1.8649646449727957,-0.0006095452580534865,-1.0847596481942505,-0.7838939504634295,0.42640053927321214,1.8344393049291696,-0.2026249917710254,1.8572330982861518
turn_right,0.4989793153138315,-0.03193184756540062,-0.4989793153138312,0.03193184756540062,1.2258042236211635,0.03675765473682812,-1.1481680454235106,0.14953485153665355,1.8648130361512665,-0.0066195456728222945,-1.2658255459082717,-0.7983247810932467,0.4274361828750147,1.84033681797063,-0.20215604000335757,1.8626619534269522
turn_right,0.4989654635669194,-0.032147568608673835,-0.4989654635669191,0.032147568608673835,1.2258520904714625,0.03637435996270381,-1.1499697720972113,0.14619086120040534,1.867428600624073,-0.006576467324298243,-1.3319714639816387,-0.8176891732645136,0.42778519693356554,1.846030053363608,-0.20068542146050483,1.8675973155224923
turn_right,0.49892680448980997,-0.03274207937176548,-0.49892680448980997,0.032742079371764925,1.2277669015856552,0.03521724133026826,-1.1592751526788956,0.14346876655074048,1.869856609507754,-0.009347925178978879,-1.3746314230490557,-0.8229748137702174,0.42853859035379904,1.850860893149762,-0.20101221639241823,1.8728904055665867
turn_right,0.49889029519881367,-0.03329374350295731,-0.4988902951988134,0.03329374350295731,1.2310255237089627,0.03231088084568466,-1.163411157645038,0.15173239883112458,1.8792314558298353,-0.009171081637056905,-1.419911892248005,-0.7534674367108546,0.42723442738756956,1.8593794242941994,-0.20443241550022329,1.880222763141329
turn_right,0.4988630307251685,-0.03369980082581192,-0.4988630307251688,0.03369980082581192,1.231927722524804,0.031678329810103406,-1.167686022029034,0.1517343935149923,1.8807617212098564,-0.01000990745632048,-1.434654485997891,-0.7534620620685764,0.42786919982068394,1.86312748086714,-0.20497870971173357,1.8841719342713235
turn_right,0.49874986890731793,-0.03533508546661712,-0.49874986890731793,0.03533508546661656,1.228956306883041,0.029978252816550678,-1.1619881773277552,0.1545622538992176,1.8723368218938599,-0.020992257359044045,-1.377353605750046,-0.7777554705726406,0.42882877769794603,1.8561324319311723,-0.20259275400692991,1.8768498458169633
turn_right,0.49870626047552175,-0.03594531628072127,-0.49870626047552175,0.035945316280720715,1.2266907372083191,0.028192148689281278,-1.1552795124462556,0.16115919995632827,1.8669085085265538,-0.025585149447454318,-1.3558698792877801,-0.7764346397300707,0.42914683059619085,1.8504080077322151,-0.2006257042669834,1.8694276538484784
turn_right,0.4985773623953375,-0.037691029528367816,-0.4985773623953375,0.037691029528367816,1.2230096478406218,0.026284136600189474,-1.1511353872401207,0.16138879172274898,1.8667046150767692,-0.029602404085121017,-1.1270176880244926,-0.7760253596870874,0.4313004079872791,1.8474166024780558,-0.1970281526342104,1.8663128317707276
turn_right,0.49853313372772295,-0.03827158966669866,-0.49853313372772323,0.03827158966669866,1.2224644713970578,0.02550252717324389,-1.147858209634245,0.15890053689956704,1.8650678619737986,-0.03610626387556049,-1.0413973478315761,-0.7762175444055085,0.4320872158936869,1.8437308436457103,-0.19500889373082744,1.8625079437662144
turn_right,0.498522779031567,-0.03840623369511038,-0.498522779031567,0.03840623369511094,1.2208117953663429,0.025302731699588233,-1.1425875015781668,0.1558855665854284,1.864396338475162,-0.035936988900564036,-0.9435330759536408,-0.748473146633704,0.43180592186904854,1.8426912268341524,-0.19579118748302066,1.858364470345888
turn_right,0.49854636628635896,-0.03809882757602511,-0.4985463662863587,0.03809882757602511,1.2214309435634356,0.025048443491467117,-1.140023095263884,0.154524025651104,1.8634932574376273,-0.03632187701680118,-0.9198868565885788,-0.7226287804908235,0.4316424779376637,1.841724232333779,-0.19755094379150276,1.8572835092215962
turn_right,0.49860584908974137,-0.037312293597393034,-0.49860584908974137,0.037312293597393034,1.2217183776781526,0.026790876776991938,-1.1426686800449286,0.14446320972691176,1.865158256900851,-0.03417130205373076,-0.9449913190286207,-0.7294316661245229,0.42986103261199315,1.8456874903900136,-0.2009646824576776,1.861259966275573
turn_right,0.4986498905388605,-0.03671902321116988,-0.4986498905388605,0.03671902321117044,1.224213883593673,0.02866553604435267,-1.1465046763459656,0.14403540611877041,1.8694012379159208,-0.03043471225118775,-0.9671250247341988,-0.7318669181726123,0.4290291519767511,1.8488361123328378,-0.20298514673202073,1.8642446653295446
turn_right,0.4987448226476863,-0.03540624072290134,-0.49874482264768605,0.03540624072290134,1.217892814640258,0.030702552204784225,-1.1451704526664963,0.14239559278197456,1.8607742175929212,-0.02546515154624034,-0.9858246306510847,-0.7346958533556529,0.4249536955339741,1.84326012697713,-0.20503087263961156,1.858775358257856
turn_right,0.49889611423482255,-0.03320643313267362,-0.49889611423482283,0.033206433132674185,1.2317189684886625,0.03151127985365627,-1.1419735827610662,0.13923204576360146,1.8781813510935728,-0.01610603675314702,-1.0906159359214391,-0.7892177276399908,0.42255048692051905,1.846635319147809,-0.20711105077993627,1.8622050152794183
turn_right,0.4989231064247481,-0.03279838220826561,-0.4989231064247481,0.032798382208265045,1.2576857560036951,0.03142741914773146,-1.1518389471855943,0.13910192841117217,1.9388037708338757,0.0075278212081796485,-1.300632526009894,-0.7990266714175048,0.4163257066033573,1.8516203101853894,-0.21238939766745474,1.866837553645358
turn_right,0.49892667047482064,-0.0327441214404956,-0.4989266704748203,0.032744121440496154,1.2747795016411787,0.03094985862297252,-1.159563044896158,0.13452649327834468,1.9641467578649294,0.02862541889055628,-1.366984406370852,-0.8040174209003944,0.411751439470871,1.8549539947200404,-0.21775588882778843,1.8696766798135043
turn_right,0.4989471388052183,-0.03243073662571262,-0.498947138805218,0.03243073662571206,1.2715711399535912,0.030667026859362824,-1.1651798384835124,0.1264268337074459,1.9520928624051628,0.03014598603005244,-1.4041006307721695,-0.8108774483730767,0.4108339835832437,1.8597495651855622,-0.2179662861377787,1.8723888729276361
turn_right,0.49894508206789784,-0.032462364058378324,-0.49894508206789784,0.03246236405837776,1.269577714246879,0.029188474930341775,-1.1666280226677528,0.12428791992846208,1.952305620951503,0.02753674316627563,-1.3962835615965294,-0.8139347479169965,0.41123678184142115,1.864066555922211,-0.21833881525279744,1.8756887231114023
turn_right,0.4989203635989824,-0.032840078962438,-0.4989203635989824,0.032840078962438,1.2682248351558079,0.028766818126056967,-1.1644045822658216,0.12779973180321536,1.9521936021591502,0.02729423332237715,-1.3799874830289858,-0.8141520437048333,0.41092294070634516,1.866938882595878,-0.21926557702754662,1.8785352426655906
turn_right,0.49906389357471237,-0.030581532499996317,-0.4990638935747121,0.030581532499996317,1.2580774032534674,0.031713795699340366,-1.1625015168274928,0.13051600267023633,1.91106138809765,0.021036188460434598,-1.2890072167674904,-0.816274260361347,0.4109420220778058,1.8701791606279465,-0.21921020514857953,1.8815214379424132
turn_right,0.49904541951893955,-0.03088153586150848,-0.49904541951893955,0.03088153586150792,1.2451324868233353,0.03369134014446562,-1.160684542614087,0.13161189236003173,1.8927640039391964,0.014434699171516628,-1.2224510930916956,-0.8260417765236611,0.4105166679750868,1.87218973902489,-0.21996283948277387,1.8828782327930957
turn_right,0.4990788992427217,-0.03033566103900283,-0.4990788992427217,0.03033566103900283,1.2450765880341856,0.035291244428153665,-1.1592210720921703,0.1289168780656736,1.8986003333489596,0.016635703735660645,-1.3242939485987584,-0.8393216487202249,0.4106020094250365,1.8722509212982632,-0.2198586451944874,1.8833316144386838
turn_right,0.49909787837727587,-0.030021788742544648,-0.49909787837727587,0.030021788742545213,1.2333623616390315,0.03445885753298892,-1.164824665383047,0.12705013401824658,1.8889736620792021,-0.00022458432384053206,-1.4549921149202352,-0.773188613967108,0.4104311172277092,1.8813002307804148,-0.22130539016838888,1.8904779559930796
turn_right,0.4991139865004337,-0.029752789443091843,-0.4991139865004334,0.029752789443092408,1.2294931609998034,0.0326209406891435,-1.168034967820699,0.12531006312345452,1.8818023177331658,-0.015895472450571907,-1.4720041305936729,-0.7684384879907227,0.41060509173243326,1.8853219496160205,-0.22229291158397615,1.8937999995167836
turn_right,0.49912511881590754,-0.02956544887205545,-0.49912511881590754,0.029565448872056015,1.22505542079978,0.030775585238203,-1.1695275574282655,0.1252753584260233,1.8723153478225822,-0.03131602814817563,-1.4546424144236334,-0.7675838838251131,0.4105485933902355,1.8876080202852639,-0.2225403590578031,1.8959232578150549
turn_right,0.4991553947254237,-0.029049817839471893,-0.4991553947254237,0.02904981783947246,1.2248069943040096,0.027136964090338278,-1.1687275149979173,0.12563845230327322,1.876794412006536,-0.03131952255075878,-1.4503321820632014,-0.8011306012706463,0.4096841099918311,1.8875845014174322,-0.22312887808918586,1.8960988761297752
turn_right,0.49914948984105173,-0.02915110274788805,-0.49914948984105145,0.02915110274788805,1.2236110919973124,0.027025709312349135,-1.1680558619748285,0.12608468387880634,1.8756768427754036,-0.036129114449411213,-1.399964709388192,-0.8162288840372878,0.40960739948250924,1.8871892401915054,-0.2227651917404177,1.8956662110038494
turn_right,0.4991390837968949,-0.029328740620702235,-0.49913908379689464,0.029328740620702235,1.2208289249473594,0.03019723212929289,-1.1612976499831889,0.13391535707061603,1.8541762445849155,-0.032010208470897875,-1.1472232728897698,-0.8104254426159492,0.410171149870067,1.8798001824015547,-0.2204986379479316,1.8874828368034382
turn_right,0.4991084307567714,-0.029845843052477602,-0.4991084307567714,0.02984584305247704,1.219762908789322,0.03288700585801832,-1.1555798595276192,0.1469344524279353,1.8443918578614176,-0.02771449520857374,-1.0690513179671761,-0.7974156874653956,0.4124782502007808,1.8746513796328332,-0.21697403071784738,1.8822711926942106
turn_right,0.49911468482375926,-0.029741072497129584,-0.49911468482375926,0.029741072497129584,1.2213641914287292,0.03431664785904332,-1.1533665923261798,0.14618285644444398,1.8492880402311491,-0.012951982563106078,-0.9810831384071054,-0.7815693270896947,0.41558576731016894,1.8726640577328433,-0.2141009617739696,1.8794489767769182
turn_right,0.49912062650247657,-0.029641190930448546,-0.49912062650247657,0.029641190930447984,1.2219049619819846,0.034629436480901984,-1.151732069976731,0.14621706727240164,1.8519141807670145,-0.00378381868600002,-0.9509052068216349,-0.766208518640757,0.4174419247002132,1.8682044441336756,-0.21253932338245257,1.8733329845182425
turn_right,0.4991616719480878,-0.02894175630450792,-0.4991616719480878,0.028941756304508487,1.2221722883952562,0.03576266459005477,-1.1521324044682764,0.14707017245104265,1.8574750348188154,-0.001992866878622829,-0.9330079673092718,-0.7519541973420252,0.4190514317144153,1.8710125651242546,-0.21263289284356282,1.8722458204801304
turn_right,0.49914585314767246,-0.02921330665094627,-0.49914585314767246,0.029213306650946833,1.2161817622916136,0.03635542284675308,-1.1501957344598241,0.14387941526757417,1.8447068920283287,-0.0048163043312506254,-0.9645879863822185,-0.7530350715352442,0.42077322711191456,1.866389941903449,-0.20975016312915112,1.8656961582018072
turn_right,0.4991943844800606,-0.028371931615126703,-0.4991943844800606,0.028371931615126703,1.217352687081641,0.03753291918961269,-1.1481200407843688,0.1434884628789026,1.846549870226221,-0.004337046148991316,-0.9787455757792648,-0.7540670913203265,0.4236718390100881,1.8648362308111375,-0.20633129931353958,1.8633043158535154
turn_right,0.4991674890170731,-0.02884125358562312,-0.4991674890170731,0.02884125358562312,1.2191543823654756,0.04547233556229426,-1.1486848815006405,0.14800493240549453,1.8476178155910856,0.021398128629318204,-1.0287530482562683,-0.7727371381902812,0.42473289291639926,1.8659204753914338,-0.2046640622956489,1.8652448140015307
turn_right,0.4992472809566069,-0.02742539803603234,-0.4992472809566069,0.02742539803603234,1.2259492508255934,0.04881877056241924,-1.1467862553416948,0.14765452820856334,1.861130436289425,0.06331611058500679,-1.1934638151950385,-0.7830237282266723,0.4289649149233269,1.8669010393737009,-0.19962032045438308,1.8670644461258228
turn_right,0.49924095195962576,-0.027540368306300217,-0.49924095195962576,0.027540368306300217,1.2303469601262333,0.05160287649532958,-1.1465669677457657,0.1458479150832035,1.870696675993246,0.07121830008768966,-1.269238859144538,-0.8037676927266866,0.43274954405191657,1.866726793934797,-0.1953231440126933,1.8691788773099431
turn_right,0.49925255020739484,-0.027329308652299954,-0.49925255020739484,0.027329308652299954,1.2469119478149175,0.052259010826904116,-1.1523271578718324,0.13427082357570516,1.9182013569704008,0.09766157365140235,-1.3462739489864306,-0.8370643563893971,0.4329657969375978,1.864944806820456,-0.19483492563250263,1.8708754646740073
turn_right,0.4993845655968804,-0.024800315393459445,-0.4993845655968804,0.024800315393459445,1.2719947399930658,0.055758114740189706,-1.1669503670611896,0.11642738942388559,1.9819796814138724,0.13084258716323308,-1.4766570751116928,-0.8246121295044762,0.4297936641976084,1.8596714504512775,-0.1965449732495088,1.8670485325531643
turn_right,0.49946835225220115,-0.023051357844409558,-0.49946835225220143,0.023051357844409558,1.2815033337036938,0.05812996787508309,-1.174812956696526,0.10633454087435613,1.9976716099930685,0.1431123002358039,-1.495489277423629,-0.8163069744585985,0.4275507917992739,1.8559613992448316,-0.19774797534055868,1.8643214837997646
turn_right,0.49942095212152904,-0.024056445747975407,-0.4994209521215293,0.024056445747974844,1.285432622184128,0.058404285058004234,-1.18050502013491,0.10797930436023026,1.9988304168141513,0.14524387283333018,-1.5031454597603302,-0.8035905167434931,0.42753256272976675,1.8540816266500555,-0.19769321488631925,1.8650260546990962
turn_right,0.49940071303229094,-0.024473001917205563,-0.49940071303229067,0.024473001917206125,1.2849743812237007,0.05990788156421027,-1.1838060588425343,0.112664227335014,2.0006966792492653,0.14957427458973616,-1.4847863090738356,-0.8003073367380374,0.4276501887221786,1.852532683018759,-0.19753036185657283,1.8645123360697455
turn_right,0.49946283423409443,-0.02317061110211645,-0.49946283423409443,0.02317061110211645,1.2941452797468247,0.06146682138053155,-1.1784209125172684,0.12031163233936074,2.0065813525629608,0.14957075863869074,-1.3439855601836623,-0.8223756760224542,0.4378804665800477,1.8564585155728979,-0.1893632292990034,1.8711782532685053
turn_right,0.4994834170171108,-0.022722590629393163,-0.4994834170171108,0.022722590629392598,1.2968952396045346,0.06196426147537307,-1.1764823860115372,0.126442366821758,2.0059319029776557,0.14932293565358504,-1.2245354453025445,-0.8386305238826582,0.4408647589094726,1.858188718913362,-0.18725287611051203,1.872934998014962
turn_right,0.49949537118487103,-0.02245827608895845,-0.49949537118487103,0.02245827608895845,1.296187138475256,0.060533973471085384,-1.1652202910652372,0.1268395626413548,2.0095208118803245,0.1517774914896944,-1.068563776146343,-0.8331691595626326,0.44497670772897585,1.845420880454848,-0.18076688881685565,1.861991407480441
turn_right,0.49948122171718423,-0.02277079603151553,-0.4994812217171845,0.02277079603151553,1.2956192104322088,0.057607531010284305,-1.1601920793346063,0.12669777078488872,2.0134063290993125,0.14959630036232713,-0.9523672069310238,-0.8062410842068717,0.4496617827850587,1.8433620777888196,-0.1776196554730927,1.8620375890066565
turn_right,0.4994721055142808,-0.02296988927120182,-0.4994721055142805,0.02296988927120182,1.2811512156560332,0.056904051110721623,-1.1571870048762862,0.1260639695995829,1.9922761003359213,0.13178526209465857,-0.9268639133008748,-0.7855934859850174,0.45229932492062447,1.8453429834189599,-0.17674266933863808,1.8636821671799395
turn_right,0.49947421880683907,-0.02292389031769647,-0.49947421880683934,0.02292389031769647,1.2643579632118755,0.05690801765664061,-1.1548587681853513,0.12410620818527789,1.9502504980793696,0.1103417040145343,-0.9446984306882872,-0.7852935412890478,0.45297229488027146,1.844209562227729,-0.17522087977313486,1.8625874926999375
turn_right,0.4994755000241124,-0.022895957627120548,-0.4994755000241124,0.022895957627121113,1.2593886448339773,0.056788972601068355,-1.1559279909711835,0.1232712013632219,1.9354144298493021,0.09365618151096022,-0.9684803826927741,-0.7858195656084741,0.453624655501663,1.8464374487441102,-0.17505517410924923,1.8649514458636096
turn_right,0.4994682819088594,-0.023052881967598735,-0.49946828190885967,0.023052881967598172,1.2601666255135588,0.06157222988677448,-1.1569119221722548,0.11026307484971574,1.9381000006822748,0.09505665912975018,-1.0511576147864221,-0.841487128249571,0.4526505904900858,1.8528678748361649,-0.17632069661347938,1.8715286286961563
turn_right,0.4994681853165125,-0.02305497466122591,-0.49946818531651277,0.023054974661225348,1.2607324364629713,0.061572457588729625,-1.1574169941069372,0.10668442306800106,1.9396654911686724,0.0949895466822378,-1.1248459342035473,-0.866847467649601,0.4524507637403971,1.8541809868373116,-0.17659593689744935,1.8728956329354804
turn_right,0.4995148272974915,-0.022021292195446143,-0.4995148272974915,0.022021292195446143,1.2487487737676066,0.06216354556594424,-1.1565590250351494,0.10677367456860837,1.9212481271354207,0.09739827231897567,-1.1300995104600662,-0.856805321921286,0.4350808093396552,1.8352524637512981,-0.18661680182834933,1.8525105813525375
turn_right,0.49943566753117025,-0.023748978876874893,-0.4994356675311705,0.023748978876874893,1.2461978859117633,0.06285729629104658,-1.1555539425451664,0.1087770962295807,1.915946607012413,0.09938200138205228,-1.0533918449732516,-0.8526644134493907,0.43388529793545016,1.8336004241956356,-0.18570857805280747,1.8509895073064304
turn_right,0.49940566682619886,-0.02437170371311412,-0.4994056668261986,0.02437170371311412,1.2463580324227037,0.06314897009409512,-1.1498334311222407,0.10958110733845884,1.9150327067326414,0.09984026250508496,-1.1211599240594563,-0.855584280312354,0.43359237815512647,1.836950093464078,-0.18564461317532796,1.8549878704860765
turn_right,0.4993445795632386,-0.025592789234710592,-0.49934457956323886,0.02559278923471115,1.2470267155207975,0.061892454525848795,-1.1484584331610808,0.11801387356717248,1.9158695474213432,0.10140876542673176,-1.20240504389085,-0.8540514281878757,0.4330977288144107,1.8399839908988587,-0.18649283259952926,1.8579488901818004
turn_right,0.49932469484329794,-0.02597785825751166,-0.49932469484329794,0.025977858257511106,1.2470075429667211,0.06168601951124945,-1.1473405828184615,0.12013608509547266,1.915152392462103,0.10077664283547343,-1.247989718977945,-0.85304606557805,0.4328828450409937,1.8401354877090847,-0.1867450212689538,1.8582629830826325
turn_right,0.4992547242962564,-0.0272895633506476,-0.4992547242962564,0.0272895633506476,1.2488950143190418,0.06047905652533518,-1.1567476104852707,0.12326315168601405,1.9160595737813584,0.09875052995465435,-1.4075921087716816,-0.8340547768590008,0.43232883601495653,1.8434537344707602,-0.19015881339311802,1.8619249722519446
turn_right,0.49921018868524736,-0.028092481429017897,-0.49921018868524736,0.028092481429017897,1.2520617741847238,0.058798720457984746,-1.160619933774888,0.12566764410375053,1.9175703102306212,0.09395465875641601,-1.4605781583226864,-0.7997590610937221,0.43126392273675984,1.848877768718121,-0.19212361954815915,1.869149708554178
turn_right,0.4992102961583597,-0.028090571540693093,-0.4992102961583597,0.028090571540693655,1.2515803127074367,0.0580636356387951,-1.163675943878144,0.12446275614504397,1.9175338771034232,0.089412583947608,-1.4945884431334202,-0.7437928777948357,0.4305826811886936,1.851177384334731,-0.19263692571489877,1.8719396481201527
turn_right,0.4991802123448272,-0.02862019572562817,-0.4991802123448272,0.02862019572562761,1.2547607293156169,0.055682829195656564,-1.1643187377638884,0.1247554881755788,1.9174482773564347,0.07984566127426392,-1.4964810589991673,-0.7474972752486718,0.43086295261874774,1.8520606637677879,-0.191960626867893,1.8753351763527712
turn_right,0.49918842482951287,-0.028476595938237988,-0.49918842482951314,0.028476595938237426,1.2592233991572273,0.05148410806228089,-1.1642070497979733,0.1252049299586727,1.9190662839387274,0.06908762245547104,-1.4692009216483128,-0.8135815142439373,0.4356970453209579,1.8549369172393433,-0.18809704684033382,1.878962612401869
turn_right,0.4991878541444427,-0.028486598158902147,-0.49918785414444244,0.028486598158901585,1.2640595516599735,0.04922776732853345,-1.1596379119196034,0.1300330637483536,1.9261991717967555,0.06490902812271461,-1.3640170252813986,-0.8242346823066341,0.4408099681293616,1.857569889643433,-0.18365672171996822,1.8830094656050949
turn_right,0.49919135013182686,-0.028425269630453883,-0.4991913501318266,0.028425269630453324,1.2613033429146514,0.045817075104417626,-1.1530803153350813,0.13454631531118832,1.9164410952513529,0.052832320174606436,-1.110283904476098,-0.8205025875125245,0.4428125709706245,1.8531367802428904,-0.17933406787260622,1.8785349154114477
turn_right,0.49919325344938814,-0.02839182471442978,-0.49919325344938814,0.02839182471442922,1.2547750389268517,0.045096543515193765,-1.151227772951031,0.1340598489169991,1.909140842409332,0.05088603959608272,-1.0253870491862367,-0.8159012336913619,0.4432971292941086,1.8503383901113704,-0.17781623653503512,1.8764557742618473
turn_right,0.4991970669463954,-0.02832469509308444,-0.4991970669463951,0.02832469509308444,1.2484070640775529,0.04430713977994025,-1.1480472909920936,0.13173512142284283,1.9061886578312133,0.051317345144421427,-0.9643579442225414,-0.7888043938512999,0.4446696190725002,1.8455217164742794,-0.1769673768189438,1.8703862402483835
turn_right,0.49920232774875256,-0.02823182548520124,-0.49920232774875284,0.02823182548520124,1.2477381278232573,0.044201077436281946,-1.1467907681572074,0.13160575497614774,1.9052307536615478,0.051483472758286394,-0.9570498908950157,-0.7701365456918676,0.4447477459997085,1.8427769828999305,-0.1769480277720105,1.8674018540176083
turn_right,0.49915238375470095,-0.029101508414509807,-0.49915238375470095,0.029101508414509807,1.247012852670119,0.04228089102275091,-1.1460252280625602,0.13477665377572562,1.9035755495000068,0.048229125997218084,-1.005315947196091,-0.7678004516719601,0.44488934557097226,1.840490243150258,-0.17654047826730368,1.865544184252606
turn_right,0.499131919246939,-0.029450419162845118,-0.4991319192469387,0.029450419162845118,1.247534432009091,0.041064576434215454,-1.14731153982684,0.14809776040880374,1.9028862491744583,0.04492106113749084,-1.0328105716314309,-0.7683298142491615,0.4448870065761079,1.8422963447603116,-0.17654677135737926,1.8660537213961548
turn_right,0.4991128036271289,-0.029772625941745085,-0.4991128036271289,0.029772625941745644,1.248463802861853,0.03823682383532369,-1.1441918763126084,0.16119771697292426,1.9025920258231022,0.04496611958403123,-1.1988066520132101,-0.7698290293865514,0.4448364826766705,1.8416425262736578,-0.1770240242937437,1.8647418200776806
turn_right,0.49911267558166816,-0.029774772437559043,-0.49911267558166816,0.029774772437559043,1.2501486857485093,0.03761369078623822,-1.1458201821765877,0.16132178836571948,1.9025800940893713,0.044392175924125796,-1.2937030739766748,-0.8012650567997999,0.44467355157964,1.8413162754079948,-0.17729488485244957,1.8640717585899322
turn_right,0.499081182898959,-0.03029806720198474,-0.4990811828989587,0.03029806720198418,1.2495558469553756,0.03682073464533272,-1.1470512254259144,0.16269365419689205,1.900362273677973,0.044799919621672,-1.3355564021166726,-0.8051319389559449,0.44462190974533095,1.84165105660367,-0.176298947121052,1.864476798938046
turn_right,0.4990495078355328,-0.030815397597834693,-0.49904950783553254,0.030815397597834693,1.245045680146694,0.03617610780445254,-1.1505414563351013,0.16526028448833113,1.8955597547734,0.044473604611991145,-1.4495098887627094,-0.7423196478250491,0.440276017426974,1.8411283106679772,-0.18043772579096515,1.863904887124596
turn_right,0.4990223687754842,-0.03125180733501312,-0.49902236877548395,0.03125180733501312,1.2469613242492357,0.0359330488098479,-1.156822733764559,0.1659187686259676,1.8985686677401281,0.045005212898352784,-1.479612930255629,-0.7111495321449782,0.43867645548669815,1.8472629556032294,-0.1840845358196811,1.8702867888398047
turn_right,0.49898687148533427,-0.031813551912327286,-0.49898687148533455,0.03181355191232785,1.2480145040543953,0.034646070012322255,-1.1581994245773117,0.17380094473777916,1.8997483901402665,0.04451920783164188,-1.4519877714734537,-0.7089378143850714,0.43898220734607174,1.8495272411832389,-0.18490837704923685,1.8723383163368603
turn_right,0.4989155168101736,-0.032913630702755575,-0.4989155168101736,0.03291363070275614,1.2476991477787192,0.03382968104711665,-1.1583042035013653,0.17606596832858173,1.898322210548789,0.043170360212632146,-1.4265876071247157,-0.7123499253150269,0.43885809849207225,1.849447523166141,-0.18534369136473552,1.8715322220274493
turn_right,0.49890916998399315,-0.03300969714921703,-0.49890916998399315,0.03300969714921703,1.2514681240059315,0.03359418825608451,-1.1575766604836801,0.18120884007161783,1.896482837759295,0.035008749474872626,-1.334894781923448,-0.761118344463905,0.44308106367621425,1.8544251589828702,-0.18244729379303581,1.8767666100193179
turn_right,0.49892253130549175,-0.03280712964769243,-0.498922531305492,0.03280712964769243,1.2497325328638624,0.03250073173225459,-1.1542537129201442,0.1881189676035718,1.8935369772393091,0.02772658784934706,-1.2586826568563236,-0.7807983604430343,0.44409963199048624,1.851675983727987,-0.18141296966004883,1.8734906056100802
turn_right,0.49889427905270306,-0.033233993568088524,-0.4988942790527028,0.033233993568088524,1.249507730486659,0.03153802069566317,-1.1529046298609356,0.18247634870739915,1.8943108337763124,0.02749934353047496,-1.061081004534538,-0.7823764006355226,0.44537025819991144,1.849196805080994,-0.18066392047440807,1.8712076775779667
turn_right,0.4988532728217223,-0.0338439388230184,-0.4988532728217223,0.03384393882301896,1.248683232704213,0.03026891677776799,-1.1510318152097898,0.17945117533636412,1.8964197180170381,0.026912529254161696,-1.0042517221114955,-0.7733585398799256,0.44524746019521066,1.8459941201349523,-0.1809373817956745,1.867368984370108
turn_right,0.4988747845593758,-0.033525353552740306,-0.49887478455937606,0.033525353552740306,1.247285522015512,0.03284194875798966,-1.1502515874725976,0.17088575229514857,1.896106019649893,0.029626316603842733,-0.9699173454181057,-0.7572465661462862,0.44319001715180634,1.843654565276902,-0.18375481432663185,1.8618470522488613
turn_right,0.4988796383362932,-0.03345304849261611,-0.4988796383362932,0.03345304849261611,1.2440709502622913,0.034454341820223174,-1.1486464142752237,0.1666328904867292,1.8933200914060384,0.029782229858242075,-0.9726506595837752,-0.7490123222893845,0.4425496885661949,1.8406856113479648,-0.18436153539651537,1.8561163939345717
turn_right,0.4987800362689104,-0.034906667265501755,-0.4987800362689104,0.03490666726550231,1.2349374680839014,0.02599020260635505,-1.1460232423057282,0.15212199249895186,1.9003803354570379,-0.011769090949989508,-0.9196932407330349,-0.7389044805211485,0.4468930095077523,1.8406170778645425,-0.18070231009982393,1.8591693113303025
turn_right,0.49878194077749566,-0.034879443146858806,-0.4987819407774954,0.03487944314685937,1.2365631512631163,0.028050341365283966,-1.1384290490732552,0.14611176939654505,1.8972985049581192,0.012536586930243248,-0.8866165179357312,-0.7147215825262411,0.45258618136411677,1.8383101134762247,-0.17473173532523492,1.8590191212787062
turn_right,0.49877719949461524,-0.034947178202380254,-0.49877719949461496,0.034947178202380254,1.2357978739454687,0.02838222619983705,-1.139213743873506,0.14097786647925056,1.901851505283102,0.02204841098549031,-0.9125106075964147,-0.7189013610589414,0.4545590734866913,1.839267542081452,-0.173076320975384,1.861882321220568
turn_right,0.49859192829839466,-0.03749785374776297,-0.4985919282983943,0.03749785374776353,1.2363873000674253,0.025453845033560896,-1.1372411040915003,0.1371032920080727,1.8972452555578079,0.02017901849921233,-0.9686685890991219,-0.7760053369223757,0.4544495162860419,1.8352376201828968,-0.17246466254595716,1.862973045007883
turn_right,0.4986137461866626,-0.037206613843542645,-0.4986137461866626,0.03720661384354208,1.242399934525202,0.025437960720398056,-1.1369343367588438,0.13161116284749325,1.892755181899723,0.027679883011773966,-1.0714731693430222,-0.8129001246878941,0.45114471201254214,1.8322968784661726,-0.17405600899821413,1.8607460977029606
turn_right,0.49880222419973286,-0.0345881646434055,-0.49880222419973314,0.0345881646434055,1.2503005462675507,0.026085305672980584,-1.1447210049040313,0.12418381837283088,1.9182530729666685,0.03758434793873735,-1.3283205003632221,-0.8298028890606558,0.4380227528043274,1.8272770817266233,-0.1846866797013479,1.8557030997098873
turn_right,0.4990208745066943,-0.03127565837155269,-0.4990208745066943,0.031275658371552134,1.2467341834552204,0.028151070171593826,-1.1522103950365459,0.10948493266588487,1.925715847234363,0.05832538443209785,-1.4111311526026857,-0.8301841397351192,0.42673092401210155,1.8286771066168759,-0.19563670454458937,1.8551811760787655
turn_right,0.4991685677225408,-0.028822577917789277,-0.4991685677225411,0.028822577917789836,1.2622823463058102,0.02880243010730359,-1.1582923735236395,0.10680520303576894,1.9588560487065145,0.07376443330673012,-1.446188145286861,-0.8210190147055918,0.40922922598471034,1.8427936027178033,-0.21599267531400987,1.8633899668248868
turn_right,0.49931369615626175,-0.026188410237590165,-0.49931369615626175,0.026188410237590165,1.265097353224564,0.032532837896265286,-1.1534841392317337,0.10455801003607028,1.970643108510115,0.08634439917267195,-1.3801078085707683,-0.844699467520619,0.4004979539268586,1.846383860597041,-0.22345242700724496,1.859869303634503
turn_right,0.4995900651787594,-0.02024269682337111,-0.4995900651787594,0.02024269682337111,1.2652757644221655,0.0396950297465024,-1.1484716976527647,0.10836654954470884,1.9524198343335826,0.09795506062187326,-1.3779556505432697,-0.8446656146196571,0.3935012293565683,1.8480505907828972,-0.22883110787046532,1.8601711909293026
turn_right,0.4996365609921403,-0.019060611741157408,-0.4996365609921406,0.019060611741157963,1.2620216574608831,0.0442774249826373,-1.1426589580537303,0.10176285404711947,1.9397899864909902,0.10768815987762313,-1.0973052462437276,-0.8487575817245331,0.3877356210702792,1.8423258716774653,-0.232575585395859,1.8526939634891821
turn_right,0.49975133355181683,-0.015767200549891485,-0.4997513335518171,0.015767200549891485,1.2668030278400546,0.05268292547460777,-1.141002950628076,0.10351542209570325,1.9478797787910587,0.1285141637004921,-0.9523467023794241,-0.8120365685663975,0.3836422365199454,1.8452656183227498,-0.23914062567861055,1.847120673511255
turn_right,0.4997713962921371,-0.015117918117501124,-0.4997713962921374,0.015117918117500568,1.2626422693654145,0.06072374477310678,-1.1385775276333605,0.09963404392523258,1.9442522947932255,0.12835176579663962,-0.9169114570593304,-0.795104909941752,0.38144171371431557,1.8430085483708376,-0.24311000000333016,1.8376601874273741
turn_right,0.4997739063672251,-0.015034710321257078,-0.4997739063672251,0.015034710321257078,1.2769272092023618,0.06262517539988412,-1.137724920617336,0.09448922236906189,1.9672245719563675,0.12743678783705448,-0.9555373508708889,-0.7937636067772434,0.3806907605874451,1.839636336145205,-0.2430801814239554,1.8313432672698196
turn_right,0.499767610887215,-0.015242542704069892,-0.4997676108872147,0.015242542704069892,1.2754498961260636,0.06438886173272645,-1.1355294138412175,0.09199250439407503,1.9671161483002255,0.12638446264444064,-0.976720119603203,-0.7930412894672757,0.3798311344549508,1.8333486234063603,-0.24257745817415066,1.8257898215530015
turn_right,0.49976322248603156,-0.015385754787386187,-0.499763222486031,0.01538575478738674,1.2783422753018616,0.06717041392941948,-1.1347147830128004,0.09085438843547569,1.9670266921816677,0.13020895976430277,-1.0701707540156404,-0.8511599589766636,0.380819752002435,1.8349883170736463,-0.24150623256923212,1.8274435023686963
turn_right,0.4997660705509815,-0.015292963284834801,-0.49976607055098177,0.015292963284834801,1.275799022445097,0.06955413926864784,-1.1360712538309043,0.09177753259886694,1.9644214144155987,0.12789860195956834,-1.1885655685607879,-0.8746631258599027,0.38225769537530296,1.8343068076962106,-0.23936020436075253,1.8273248697054056
turn_right,0.4997451693848649,-0.015961380782768222,-0.4997451693848652,0.01596138078276767,1.27303130940458,0.07066877560339234,-1.165663067714279,0.08851611099304982,1.9528095731919815,0.1268167196625745,-1.4043740551822712,-0.8715880814084175,0.3856347114393964,1.8342700143634723,-0.2351520547994846,1.829763131759832
turn_right,0.4997272244711203,-0.016513664717159166,-0.49972722447112,0.01651366471715972,1.2706887968659257,0.07085802177024754,-1.1746460865396988,0.08391361558088538,1.9454480689580589,0.12707645769493212,-1.4809187131664154,-0.8669564749677722,0.3870439241391763,1.8351742420308705,-0.2338779598071902,1.831045156493222
turn_right,0.4995116506338176,-0.022093231567130365,-0.49951165063381786,0.022093231567130365,1.270612105767378,0.06443662181060764,-1.187234972479869,0.07900277717810889,1.9292532866127639,0.11369367435629585,-1.5137759683836767,-0.829645579403014,0.3910442567073829,1.8293490854547128,-0.22876705873787692,1.8297293375785515
turn_right,0.4993732721521144,-0.02502668695793094,-0.4993732721521144,0.025026686957931494,1.2659258028480391,0.060133839548631655,-1.2004421245503225,0.0790432878622017,1.9233558053469209,0.10070279091482201,-1.5149095553681045,-0.8027990517536392,0.393868282746422,1.8274048768749624,-0.22602079370510678,1.8288523677252297
turn_right,0.49928975064390907,-0.026641037929162958,-0.49928975064390907,0.026641037929162958,1.2471990034791542,0.056223280208518654,-1.197216543283395,0.09501028417128768,1.91116380507953,0.07035741470148779,-1.437018623477427,-0.8347297317808339,0.414845003103007,1.8410655842920447,-0.21000699662726843,1.8430242950777356
turn_right,0.4992216250096085,-0.027888512379932603,-0.49922162500960876,0.027888512379932603,1.2399068260103165,0.04928159578940882,-1.1868890570449653,0.10137049818867969,1.9122577275442034,0.054702232524798305,-1.4199341765325302,-0.84899355483945,0.4301207693263995,1.8499286818067926,-0.19742019914602182,1.85225961862295
turn_right,0.4991033719326233,-0.029930321172441324,-0.4991033719326233,0.029930321172441886,1.2266201846797482,0.0409267981556974,-1.1772165636719314,0.10956469578389975,1.8966834205995555,0.015701943655249132,-1.172003255054619,-0.8482893142283143,0.44362759207020236,1.856217956718523,-0.18522211026035293,1.8608900066556648
turn_right,0.4989765089687652,-0.031975670397099074,-0.49897650896876494,0.031975670397099074,1.2213018929792927,0.03169098511051531,-1.1633549507439678,0.11863147348953935,1.8811218257430733,0.002434633598417433,-1.051460410647675,-0.8324862070510795,0.449777708038193,1.8459780894946642,-0.17620487594976056,1.8534175884685389
turn_right,0.4988927225740493,-0.033257350505604716,-0.4988927225740493,0.033257350505604716,1.2171659462723199,0.027349778592583227,-1.15813157228388,0.13595621304032227,1.8785840521309236,-0.0104416124447788,-0.945304789173445,-0.7523479807343735,0.45479622256459024,1.843707249642545,-0.17119262269554386,1.8541088372739778
turn_right,0.498821127727251,-0.03431446535957573,-0.498821127727251,0.03431446535957573,1.2146102558423428,0.025423235662741635,-1.1553041807795896,0.13594884564377285,1.880807848567694,-0.01493765422352563,-0.9224511648624206,-0.7298327349093522,0.4600401770225734,1.8460884859976592,-0.1669937913516584,1.8582047731000777
turn_right,0.49875298838770415,-0.03529102682459946,-0.49875298838770415,0.03529102682459946,1.2207225372296142,0.022688715737057715,-1.153386933348929,0.13606869022288,1.886882543867814,-0.017094561889492238,-0.9738718474320854,-0.7393611904481975,0.4618496138603851,1.8425908091688357,-0.163864379883508,1.8556210382947567
turn_right,0.49865949525292047,-0.03658835599070343,-0.49865949525292075,0.03658835599070343,1.223487860099618,0.01968264524338748,-1.147639227482986,0.13574531745431004,1.8886645674313083,-0.018004275592722926,-0.9993820169643087,-0.750399947684399,0.46345062948653964,1.8360941252557885,-0.1602575989456231,1.8514566964183468
turn_right,0.49865111558372355,-0.03670238312573016,-0.4986511155837238,0.036702383125729605,1.223482829708478,0.01965677793695474,-1.1477797480930185,0.13899635772880692,1.8893684350108941,-0.016998944172554223,-1.181713630279941,-0.7807821515824847,0.4629199224096854,1.8369566097481245,-0.16004389087703572,1.8527893546931518
turn_right,0.49855218583503524,-0.038022598531773776,-0.49855218583503524,0.038022598531773776,1.2228154964196585,0.024930705454468887,-1.136287403616532,0.16271754005254213,1.8663991965457432,-0.00643189309284129,-1.2366201037845659,-0.7820732277366776,0.46285023473884834,1.83535969133025,-0.15904748128156376,1.85157059342469
turn_right,0.49833620819610375,-0.040755657284963144,-0.498336208196104,0.040755657284963144,1.2288140799890066,0.02283613907755706,-1.1346920008464114,0.18142108037247037,1.8741838963667488,-0.00015095107038156695,-1.2190865960443757,-0.7829457748954203,0.4663979071882429,1.8384620078611935,-0.15739629781169398,1.8557774250254475
turn_right,0.49823844276732987,-0.041933925988227566,-0.49823844276732987,0.041933925988227566,1.2292888768616705,0.02232022356814145,-1.133102746942707,0.189060054283578,1.8752624985848163,0.00984940579134364,-1.2478724552251397,-0.7680364340555224,0.46636460633787935,1.8379741818477635,-0.156939498323218,1.8555065185033524
turn_right,0.4979117717031974,-0.045649398674933346,-0.4979117717031974,0.045649398674933346,1.2304912056642943,0.020077396600268336,-1.137376575303456,0.18204461501217453,1.8758511755398188,0.01457558270268195,-1.3817076649475633,-0.7616632418869271,0.46446825204714665,1.8361360936369064,-0.16025670036305012,1.8530135745343117
turn_right,0.49790088352128453,-0.045768003984487986,-0.4979008835212848,0.045768003984487986,1.2355678178305547,0.021162858652663825,-1.1454783787104068,0.18187751162261456,1.87997044528961,0.030960466282727986,-1.4340680506060715,-0.7411084732248542,0.46194961324131534,1.8410112833914827,-0.16509713866645792,1.8582927716242592
turn_right,0.49782830719262205,-0.04655079545752304,-0.4978283071926224,0.04655079545752304,1.2466937165434258,0.02058436902712446,-1.1479900106779253,0.17971150315372877,1.9058165614729512,0.08061802917988611,-1.4662718572450222,-0.7051406855516168,0.45731521282702825,1.841150247803846,-0.16922910135458916,1.8596229792720367
turn_right,0.4977332343896026,-0.047556570356419206,-0.4977332343896023,0.047556570356419206,1.2503405225292172,0.01969659887236153,-1.148368288377565,0.179359370654334,1.9109578907155138,0.09575141295307169,-1.471154133162083,-0.6995008808904805,0.45598201620088114,1.8415268475566358,-0.17062284643530093,1.8604045724273122
turn_right,0.49785532725026094,-0.046260924423701666,-0.4978553272502612,0.046260924423701666,1.2488146439632284,0.021314082803216564,-1.1489724832870076,0.18156827395929184,1.9061634527717681,0.09602474314430373,-1.4563809695674808,-0.7397489590790002,0.4584556973821011,1.8458779555887284,-0.1689671165585558,1.8650474827982206
turn_right,0.4979290713966651,-0.0454603108002445,-0.4979290713966651,0.04546031080024506,1.2501719262835478,0.022588193456697252,-1.1467881631894312,0.18863166268591533,1.9054121159456479,0.09283003118396982,-1.3504562093634265,-0.7568564264443904,0.4619710518890263,1.8486246561216764,-0.16493636198858683,1.870075793770653
turn_right,0.49796130834190316,-0.04510582439574754,-0.49796130834190316,0.04510582439574754,1.2512305240928518,0.02236878041206384,-1.1458719524938843,0.1890494405764829,1.8941890451584262,0.0639123769300237,-1.2454293092067796,-0.7959518425649674,0.46376939620161284,1.8516822901362375,-0.1635765315527804,1.873736428316066
turn_right,0.4979293404272984,-0.045457363997876116,-0.4979293404272987,0.045457363997876116,1.244175985941891,0.02302718202335438,-1.1412976878108319,0.18919900386382035,1.8834440142439304,0.055183353919853025,-1.0858273866056376,-0.7870643767974341,0.4626125296596059,1.8465169753813486,-0.1626775635809009,1.869614385997519
turn_right,0.4979158295851982,-0.04560511647264839,-0.4979158295851982,0.04560511647264839,1.2403320230028625,0.023467511143595226,-1.1391171516819474,0.1888903075377329,1.8743932587664769,0.05012751768707846,-1.0186808681472581,-0.7841735205358935,0.4626229130113871,1.8418019788856619,-0.16250977733282776,1.8681832614401508
turn_right,0.49806509568473584,-0.04394497082209792,-0.49806509568473556,0.04394497082209792,1.2380674205015085,0.02543832710420891,-1.134165396219655,0.18164445766277873,1.874166509927013,0.048164177045717446,-0.9423270635524194,-0.732738093081782,0.4615471570669276,1.837839465462999,-0.16514004131217977,1.8628164282901967
turn_right,0.49813202900261927,-0.0431796442983711,-0.498132029002619,0.0431796442983711,1.2356603213325652,0.027386865385669503,-1.1298949134501521,0.17146065558175247,1.8755032405610872,0.050435303019794486,-0.941113904699459,-0.7265287581651302,0.4593822578930244,1.8350904612621217,-0.16706994038239087,1.8591834427576799
turn_right,0.49815101814229074,-0.0429600177350907,-0.49815101814229046,0.04296001773509014,1.2327003453925884,0.028906677806093673,-1.1279797387567905,0.17093821066891,1.87240929170677,0.05720895193175181,-0.99951709051426,-0.742755579705771,0.4560196215367019,1.8325788884346585,-0.16797842910471728,1.8564672465267014
turn_right,0.4982106748827633,-0.042262553553489485,-0.4982106748827633,0.042262553553489485,1.243028769163479,0.029212604615822924,-1.1277087814421003,0.17044216632560436,1.900923015604608,0.0969594149934623,-1.098727574627508,-0.7668840791828794,0.44705422595053135,1.8233138092761731,-0.1734865992494366,1.846577962700185
turn_right,0.49821457732985575,-0.042216524442845245,-0.49821457732985547,0.042216524442845245,1.243649238316428,0.0291126046710295,-1.1286423768697371,0.16782301199656374,1.9119198059214901,0.11025807264078108,-1.249700464505295,-0.7814217303327949,0.4432314488858971,1.8208144764427456,-0.17633842243707573,1.8439720873873147
turn_right,0.49819954230973273,-0.04239358492004399,-0.49819954230973246,0.04239358492004399,1.243841558848477,0.02865121574349772,-1.1330235010736363,0.16655464553809018,1.9100191210880817,0.10988322431360384,-1.3224677679143126,-0.785583882876191,0.4402418423364666,1.8215871707136986,-0.17984891336858447,1.8454469626953574
turn_right,0.4982038764956176,-0.04234261971984418,-0.49820387649561787,0.04234261971984418,1.2446226495272128,0.028967623198947915,-1.1482685563564075,0.14242109468218966,1.9033008263395739,0.0987977393551533,-1.4599713483665213,-0.7785336903637168,0.4331737859416994,1.8331445441429663,-0.1897284400575574,1.8582467792598747
turn_right,0.49822161701414913,-0.04213336373714415,-0.49822161701414913,0.04213336373714415,1.244257288881835,0.029198629160027065,-1.1520505420802716,0.1345625362644304,1.8995115768968893,0.08787779786306214,-1.4884889621115993,-0.7553234946803983,0.43074058867015386,1.8367310062603932,-0.1924407010053831,1.8633850695547214
turn_right,0.49823214755081513,-0.04200865561884513,-0.49823214755081513,0.04200865561884513,1.2431685158000392,0.029347893680431388,-1.1572483506209894,0.13540381743164998,1.8724423045856322,0.07179482956327075,-1.4891788665998853,-0.7495086323396989,0.4284123113056511,1.8438346991629961,-0.19605030519449054,1.8697885984875728
turn_right,0.498279872558959,-0.041438733120447865,-0.4982798725589587,0.04143873312044843,1.2426910009323073,0.03006749907290895,-1.1607971450108026,0.13637846147855334,1.8516244163733295,0.055047562299634756,-1.4711609381348252,-0.742167183456984,0.42813754773950935,1.848864241316342,-0.1973599267708347,1.8759219196012566
turn_right,0.4982437892550927,-0.041870353100096715,-0.4982437892550927,0.041870353100096715,1.2380333003009931,0.027855815425153425,-1.1538965064181725,0.13680671651564966,1.8492973631435732,0.038074281104118445,-1.3562702306617473,-0.7664103569254078,0.4287586806540085,1.842802344117273,-0.19422519459471424,1.8696996500996013
turn_right,0.4982801444275697,-0.04143546390762736,-0.4982801444275697,0.04143546390762792,1.2359829706664591,0.026105554241756992,-1.148437305517653,0.13677195643033796,1.8557180767087949,0.031477975728215986,-1.25063149031055,-0.8162808351348085,0.4292899817957051,1.837789968799513,-0.19172018914692585,1.8646430748961453
turn_right,0.49816511472895514,-0.042796243609540624,-0.49816511472895486,0.04279624360954006,1.2285235265366263,0.023047679732398636,-1.1445644927639589,0.14207641170600677,1.8505066969556274,4.837500223583224e-05,-1.1237809204246982,-0.8107629796639336,0.4284570254549955,1.8332325798959848,-0.1910680978576998,1.8593169901549378
turn_right,0.49799480092620835,-0.04473453085107694,-0.4979948009262086,0.044734530851077495,1.2223301100360813,0.019732671813335555,-1.137197798204571,0.146577896414381,1.845547172261345,-0.01143531077835588,-1.0535870310456628,-0.8066048366641505,0.4285537166038976,1.8258610361153687,-0.188564340722176,1.8512512545390287
turn_right,0.49784772483643014,-0.0463426679766078,-0.49784772483643014,0.0463426679766078,1.2194034851294646,0.015590659120462995,-1.1350324046058973,0.14684605032857145,1.8488093015789295,-0.01383703265248636,-1.018644894919697,-0.7912290850347936,0.42754397939699385,1.8232435548286519,-0.18992218963008184,1.847815843833446
turn_right,0.4978514008048738,-0.046303160978760145,-0.4978514008048738,0.046303160978760145,1.2183976316537373,0.015427542340355318,-1.134225883689339,0.14461693466929681,1.8523056731924994,-0.015216561291947634,-0.9978386327569719,-0.785796628253902,0.4263629687779943,1.8211292093582334,-0.19056583620144082,1.8455373702063502
turn_right,0.49789586774194,-0.04582253687325214,-0.49789586774194,0.04582253687325214,1.2270673671759875,0.01603714368444524,-1.1395248492868804,0.14295744773458122,1.8712279197066408,-0.013060124030521376,-1.0465496740498648,-0.8037374149179229,0.4239375359887548,1.8230989190883702,-0.1935012918849771,1.8469796995475112
turn_right,0.49828101755593496,-0.041424962805316976,-0.49828101755593524,0.04142496280531753,1.233070129774311,0.02086993304231012,-1.1425143818860102,0.14190992732911342,1.883711250273966,-0.006261038447690868,-1.0893370023617877,-0.8303512183865459,0.4233540090230052,1.831575786206469,-0.19502990503303724,1.8538505441875075
turn_right,0.4988961010425528,-0.03320663133380051,-0.4988961010425528,0.03320663133380051,1.2302495199048427,0.02896990110892257,-1.143246373103888,0.09973183885274595,1.8846945720709034,0.0018084920875057696,-1.0065641888164394,-0.8471516753370145,0.42368218803195634,1.8388125240369175,-0.19525337229541873,1.860991473123319
turn_right,0.4989458167863211,-0.0324510694959503,-0.49894581678632083,0.0324510694959503,1.2308366965606847,0.027462590262852242,-1.141128899035286,0.10243534802012791,1.8965957643800573,0.0014089200016267564,-0.9548606205243235,-0.84507296403746,0.4245415207027697,1.8357367325476062,-0.19370961379909904,1.8569626792350833
turn_right,0.49894849772126976,-0.03240982291972733,-0.49894849772126976,0.03240982291972788,1.229401814440152,0.02669723122424886,-1.1411881302571563,0.10358504580370072,1.896172938150166,-0.0005985495716183552,-0.9925325123564965,-0.8398856074825534,0.4246910700188958,1.8347871832164053,-0.19297577273833325,1.8547655958051883
turn_right,0.498967852900444,-0.032110462032190604,-0.49896785290044426,0.032110462032190604,1.2298613801700609,0.026431149594182583,-1.143623830549245,0.1053165909687152,1.8960401305554138,-0.0035655075543675934,-1.001211517024878,-0.8422984850407119,0.4246008397203353,1.8372545029575829,-0.1937553588148931,1.8561970893239068
turn_right,0.49899450765145464,-0.03169355350354721,-0.4989945076514549,0.03169355350354665,1.2328428530965623,0.026562318635453643,-1.150196384194269,0.09409120849327558,1.9005380046818139,-0.0029818342974447937,-1.254522648446897,-0.8720632621121891,0.42521038473872236,1.8442044716847583,-0.19476449874802906,1.8631280689210865
turn_right,0.49901433014495733,-0.03137990296319277,-0.4990143301449576,0.03137990296319277,1.2379331709036288,0.02508120769751153,-1.1576908900060783,0.08330250918208912,1.911012021563977,0.0002510092193948628,-1.3496531003520928,-0.8778290695297659,0.42568918068550127,1.8482147077316733,-0.19527562014192865,1.8677313340303259
turn_right,0.4990092699598124,-0.0314602685013223,-0.4990092699598121,0.03146026850132175,1.2400462986772145,0.025243888535920928,-1.1632344146378824,0.0615195934558784,1.9145143476010198,0.01842539763823022,-1.5268884129339098,-0.8591783470567979,0.4256115916074131,1.8545295485452746,-0.1960684649301681,1.8761640413650782
turn_right,0.49901615180445913,-0.03135092085200796,-0.4990161518044594,0.0313509208520074,1.2411824297611154,0.025066527376307608,-1.1650905440806532,0.05521995329168666,1.9166673433131236,0.023086976365602977,-1.553666935451714,-0.8236820940971455,0.42560522110119026,1.8570364325955042,-0.1960589361798029,1.8793320396058852
turn_right,0.49903838988133076,-0.03099492578873022,-0.49903838988133076,0.03099492578872966,1.2422942651067657,0.024941278919874743,-1.1683835152114133,0.05209475818260478,1.9177564772211377,0.03060197359567171,-1.5442444997186409,-0.8149706466725053,0.42581253584012446,1.8632661144398772,-0.19691558074240162,1.8850721843657403
turn_right,0.4990620592756364,-0.030611451967539983,-0.4990620592756367,0.030611451967540542,1.2444883328736378,0.024493466599625563,-1.1716617004337415,0.05381800988699866,1.9208970756277135,0.03312084800156495,-1.528043073835439,-0.8162073117315821,0.4253108439192229,1.8659642898948503,-0.19772983559495522,1.8874598792125648
turn_right,0.4990938556311965,-0.03008859038217545,-0.4990938556311965,0.030088590382174887,1.2487171777662545,0.02395164891714758,-1.1761834234363862,0.05379606646147774,1.9289106826365225,0.03315600279608388,-1.499193528322738,-0.8201501195476408,0.424725326238154,1.8696173067770359,-0.19981952292157382,1.891025208440493
turn_right,0.4991083142971078,-0.029847790529610337,-0.4991083142971078,0.0298477905296109,1.2491412904319057,0.024038004985218957,-1.1725922899365568,0.05572990245804505,1.9300003254250997,0.02695286947820286,-1.3447222234612703,-0.8565581552822499,0.4283813340267004,1.870754553866087,-0.19594424253004794,1.892271474698016
turn_right,0.4991671150151186,-0.02884772586328422,-0.4991671150151189,0.02884772586328422,1.2506647928053558,0.024688457349717002,-1.1716180569136365,0.057602075933225805,1.9315809768744527,0.02731957812708774,-1.234501553499563,-0.8822597892040148,0.42974963486897005,1.870433670285975,-0.19476852821532256,1.8931585388356205
turn_right,0.4991694649485232,-0.02880703495684834,-0.4991694649485232,0.02880703495684778,1.2404762717043833,0.0245746917295701,-1.161720178692598,0.06962405828028945,1.923722400913384,0.025347296596827384,-1.0329171325889475,-0.8637641938371126,0.43317099946382,1.8555186708548028,-0.188246608357682,1.8805127491205242
turn_right,0.4991641552530692,-0.028898894624013884,-0.4991641552530692,0.028898894624013884,1.2372689309047982,0.025005672090235943,-1.1579211927850883,0.08051714066509005,1.9196681628949142,0.025801473551295823,-0.9961962449030249,-0.8360623740420702,0.43299199883564066,1.8469010945743856,-0.1867090982912362,1.8737918827411086
turn_right,0.499172331328714,-0.0287573231691787,-0.499172331328714,0.0287573231691787,1.232330942785169,0.02572858179957375,-1.14945431630211,0.08536845454151502,1.9139884643108318,0.025520930505682358,-0.9482172944354662,-0.8158706131967658,0.4340818088707899,1.8349997893725465,-0.18402554924948025,1.8604089791704974
turn_right,0.49916717344654077,-0.028846714776402372,-0.49916717344654077,0.028846714776402372,1.23020883586945,0.025584974463739925,-1.144841902627761,0.08762063660610407,1.9118938783955965,0.02541056145722661,-0.9571109114180734,-0.805123546922526,0.4350233088441278,1.823880882554152,-0.1821688930037661,1.8500374112614153
turn_right,0.49916062751241164,-0.028959764180936782,-0.49916062751241164,0.028959764180936782,1.2299257137259156,0.02551746028451208,-1.145043525811157,0.08867871141320664,1.9007756651562677,0.021330345025585565,-1.0023100917464514,-0.8150127823086704,0.43503571177786127,1.8241412856201018,-0.18150994676699028,1.8502321188915818
turn_right,0.4992070138295926,-0.028148842664322753,-0.49920701382959287,0.028148842664322753,1.2298463877232293,0.02621446300480388,-1.1466928703142159,0.09040176702659562,1.8991475391056147,0.019609068538066446,-1.0262159417963572,-0.8325656897405751,0.43499466168372486,1.824612165028481,-0.18150342297197083,1.851010791288332
turn_right,0.4991871786623538,-0.028498432573024982,-0.4991871786623538,0.028498432573025537,1.2310477796462305,0.025870515045944113,-1.14693444605193,0.08954783973606947,1.8995150279922228,0.019163211675416448,-1.212352731010098,-0.8496834624946109,0.4352360209193148,1.8247134995117933,-0.1799693674534302,1.8512894682150438
turn_right,0.4991611632514751,-0.02895052851735453,-0.49916116325147536,0.028950528517353975,1.2321173389208155,0.02532300143710935,-1.1494309736033452,0.08641743211518786,1.8981387029362429,0.018353808509408917,-1.2872615736953437,-0.8620059043553969,0.43597800619115035,1.8248450532872553,-0.179328420251176,1.8514098079452284
turn_right,0.49915447372630517,-0.029065638802807665,-0.49915447372630517,0.029065638802807665,1.2349002854845306,0.025376722007803557,-1.1641787478375265,0.08308147500035755,1.8949433503089623,0.02118760186229557,-1.407693764063566,-0.8606671010380326,0.4358447597784398,1.8342483948529869,-0.18011178173914866,1.86073394618075
turn_right,0.4991239967560157,-0.029584385447408275,-0.4991239967560157,0.029584385447407716,1.2397394984727432,0.024824301225468127,-1.170704607542127,0.0788228965234085,1.8975555555698378,0.02268701244178856,-1.44697343371924,-0.8538385976942304,0.4368808813100637,1.8440083606913675,-0.18054431051846662,1.8719950405253594
turn_right,0.4990939431481103,-0.030087138662076206,-0.49909394314811,0.030087138662075647,1.2382362192279288,0.023823164124406156,-1.1731745104140239,0.07685620190866661,1.8890628518271229,0.02141142580808335,-1.43573685703549,-0.8480264428168971,0.4358387109749695,1.8450018564409238,-0.18121937425922105,1.8727487142632733
turn_right,0.4990209260794922,-0.031274835487432526,-0.4990209260794922,0.031274835487431964,1.2388717855643547,0.023318796851911548,-1.182281645557477,0.07540334547826656,1.890108512597695,0.02041901683426737,-1.421253302781922,-0.8533816519098645,0.4358514834426677,1.8410474372367407,-0.18063523075059623,1.868923549404081
turn_right,0.4990315553640875,-0.0311047705489011,-0.4990315553640872,0.0311047705489011,1.2392992853314395,0.02344484561754156,-1.1801598918084133,0.09161836867022832,1.891605299180138,0.01835132202547177,-1.3486778177261824,-0.8551381356551422,0.43582742030681376,1.8409711836386295,-0.18073247171287463,1.8688714739479162
turn_right,0.49902545601520804,-0.031202471838202257,-0.49902545601520776,0.031202471838201698,1.2384229462018823,0.023510664460749182,-1.1723869443202497,0.09268717234804127,1.8917043831050036,0.016145992496717092,-1.23948352536975,-0.8625643380642232,0.43577343043073374,1.8406001196884467,-0.18074342015033534,1.8684192115735068
turn_right,0.49897979652568436,-0.03192432707492148,-0.49897979652568436,0.031924327074922036,1.2335560673256214,0.02387654228618243,-1.1661691233838078,0.10432266518401735,1.8858015440983964,0.016133552248468373,-1.0511735584886581,-0.8462791109717956,0.4348535712990277,1.8334736804021348,-0.17968538039626814,1.8593551446757366
turn_right,0.4989720206833244,-0.0320456327008839,-0.4989720206833247,0.03204563270088445,1.2313487757615802,0.02384187654369072,-1.16015308652903,0.10924297854064682,1.8830855818547352,0.016380659029455603,-0.994062640123544,-0.8309236291018041,0.4348950807054207,1.8297742079257617,-0.17877727661525944,1.8549719325122604
turn_right,0.4989745872194705,-0.03200564495771105,-0.4989745872194705,0.032005644957710494,1.2267245376177995,0.024928990735012042,-1.1523457745253318,0.10904263078800255,1.8804026189184344,0.01665189904757713,-0.935080946132685,-0.8038307353807393,0.43433786493442517,1.8288835761422113,-0.17978272535378756,1.8518260236212964
turn_right,0.4990013771066608,-0.031585212452287986,-0.49900137710666054,0.03158521245228854,1.2276607786537461,0.027748220960645074,-1.1521352011597206,0.10915114636641204,1.8805761308879592,0.022045450071118928,-0.9701515683864023,-0.8052911028620965,0.4324073184111778,1.83176052461667,-0.18242633635036426,1.8549353888072613
turn_right,0.4990030871942083,-0.03155818389339513,-0.4990030871942083,0.03155818389339513,1.226627363770881,0.03633583761010338,-1.146741620028459,0.11434721283578012,1.8900523564705372,0.05588261192863354,-0.9468742189755078,-0.7955141213719363,0.43003301151419276,1.8281888009525729,-0.18560080927317069,1.8499073734626013
turn_right,0.49903278190990025,-0.031085086122864782,-0.49903278190990025,0.031085086122865337,1.226375575772847,0.041568804588060476,-1.1415163993716684,0.11423043579032045,1.897261544491376,0.07129867259559064,-0.9265466295217946,-0.7671183879565733,0.4271690859279721,1.8231254071564207,-0.19170442889789893,1.8433762115094838
turn_right,0.4990169207772085,-0.03133867862615122,-0.4990169207772085,0.03133867862615178,1.2246847302702097,0.04552892490903281,-1.1355125555613734,0.11397623780210371,1.8946521629405386,0.07737246229677193,-0.9138155625512083,-0.7350900789437004,0.425135627289044,1.8211341546714666,-0.1932956009222955,1.8401411816156261
turn_right,0.49911357002538165,-0.029759775142269556,-0.49911357002538165,0.029759775142269,1.224258883034881,0.05139306866105409,-1.1393867715364923,0.11177262914908975,1.8946839080335633,0.07709451739267885,-0.9312755344933957,-0.7402566518916871,0.42166123528854266,1.8228455249073143,-0.1969474133171248,1.841704104615206
turn_right,0.49920264352422433,-0.028226241308865852,-0.49920264352422405,0.028226241308865852,1.2319379123970013,0.05184713655163375,-1.1402342569757598,0.11067327112093837,1.9093557977168827,0.07630403703654556,-0.9507095187868114,-0.7499757777138889,0.4189862678516583,1.8210404831588465,-0.19877927886018917,1.8393001450729431
turn_right,0.4992324665834801,-0.02769375938680576,-0.49923246658348036,0.02769375938680576,1.2303289882425896,0.052120593160055025,-1.1399503136898677,0.11012521139840926,1.9021499987004944,0.07388348472573766,-1.1014093625246506,-0.8065561631948887,0.4164185019873704,1.8166441409674896,-0.20067163878772717,1.834073367425183
turn_right,0.4993190515954101,-0.026086101929191523,-0.4993190515954101,0.02608610192919097,1.233570804269491,0.05139868020415562,-1.1384626916931595,0.10720641446244394,1.9011668280020197,0.07118134563828446,-1.161241820665658,-0.8303129806506642,0.4120472266313999,1.8173643312813126,-0.20440574264884734,1.8329443036587731
turn_right,0.4993588204947912,-0.025313403446611666,-0.4993588204947912,0.025313403446611114,1.2354156878897682,0.05214054100025379,-1.1469748855581792,0.09861894709869252,1.8988184123013687,0.0723496119655531,-1.3533057007198028,-0.8366461885753809,0.4089457256976016,1.8187455011012315,-0.20876107953683393,1.8341529913765318
turn_right,0.4993790525804178,-0.024911078737869068,-0.4993790525804178,0.024911078737868516,1.2382426522628156,0.05079585598729836,-1.1523748630325572,0.09737778547088942,1.895946200885365,0.0704407868391371,-1.4202109563992122,-0.8247233949413887,0.4043513604352938,1.8244806769115154,-0.21498876213142756,1.8349999327665127
turn_right,0.4993679411192575,-0.02513283474488406,-0.49936794111925775,0.025132834744884616,1.2396781696271881,0.05067890234623101,-1.1555422090077858,0.1028869539800393,1.8982416349620852,0.0696328786695161,-1.411409648688563,-0.8189982368970955,0.40464680652580554,1.8333911623318742,-0.21634185319955712,1.8423687315841613
turn_right,0.49936196570512303,-0.02525128129650869,-0.4993619657051233,0.02525128129650869,1.2379383599015725,0.050626752085882507,-1.1421474666209401,0.13370210158675236,1.897986549677135,0.06310715231373239,-1.4012851631919658,-0.819124574356345,0.40456536692233636,1.8376679640268754,-0.21709864242691806,1.8450288864769362
turn_right,0.49934499455863574,-0.025584690915389775,-0.49934499455863574,0.02558469091538922,1.2371291360803747,0.05030339419478806,-1.1397043813932828,0.15354996253316902,1.8937551621073914,0.0576320939228569,-1.2630948278104406,-0.8211306555299949,0.4042998126972182,1.8383261253754484,-0.21734893682047263,1.8450749175431032
turn_right,0.49933590018117846,-0.025761575849551143,-0.49933590018117846,0.025761575849551143,1.236998949715106,0.05028204373188033,-1.1414541534792269,0.15337276780543255,1.8822672246055718,0.048733267193322716,-1.16235146780841,-0.8233582750132605,0.4045519274277813,1.8417518698825897,-0.21765417418928235,1.8478181855887228
turn_right,0.4993101844652847,-0.026255279264240615,-0.49931018446528497,0.026255279264240615,1.2204658675401334,0.04967661097230152,-1.1389905528296818,0.15086195818739978,1.8684618247181703,0.03721439543976235,-0.9788360466978605,-0.7644051110551685,0.4041086547889214,1.8336235665727405,-0.2187600944864506,1.8374218143819587
turn_right,0.49928008012453495,-0.02682166271576139,-0.4992800801245347,0.02682166271576139,1.2083114290064847,0.04512187140135816,-1.134000751255908,0.14895201169567396,1.8611795204526003,0.02803381634035433,-0.9507727101880028,-0.7476076724155173,0.4055358804175175,1.8292067976918507,-0.21612472793647344,1.8331713938616359
turn_right,0.49927592134880233,-0.026898965803626426,-0.49927592134880205,0.02689896580362698,1.1989659399779815,0.044488521327387,-1.129769024907229,0.14760866396087155,1.8422057332165187,0.01469758780097858,-0.9621254299744344,-0.7366156409841333,0.40768807898983406,1.8204961806851792,-0.21331834310753128,1.8254180558710407
turn_right,0.4992723779564579,-0.02696465482263535,-0.4992723779564579,0.026964654822634798,1.1976522213047878,0.044486646355149664,-1.1313893923450522,0.140875213238208,1.8354270719158068,0.002241032412719912,-1.0513781512659135,-0.7846984434955067,0.4080106486299969,1.8211205474474377,-0.2130889338855959,1.8247382554962046
turn_right,0.49932093185409626,-0.026050086609391995,-0.49932093185409654,0.026050086609391995,1.1969582302427042,0.046288913640065016,-1.1301677494727467,0.14265373067157724,1.836821833058916,0.003266849283728942,-1.107485671346632,-0.795574518294395,0.40924011575099173,1.8224152890886731,-0.2122889685483901,1.8262914366902756
turn_right,0.4992112614368202,-0.02807341188132866,-0.4992112614368202,0.028073411881329214,1.205788986792615,0.03609048201437571,-1.1552171127782873,0.14355492359327626,1.8488647077815916,0.004911578589419585,-1.2836746205210048,-0.7973684364198892,0.417930295409082,1.8323732526804275,-0.20578204768179614,1.8364064691090662
turn_right,0.49885427386851133,-0.03382918034951928,-0.49885427386851133,0.033829180349519844,1.2143995566916073,0.023739635322286907,-1.1910274630297197,0.1400372842466607,1.8803572382724862,-0.024097818447203056,-1.4326291478943591,-0.8065773889883361,0.4352497956366178,1.8577548170177338,-0.19175752446441657,1.8638300468780782
turn_right,0.49848843538260385,-0.03884945031533423,-0.49848843538260385,0.03884945031533423,1.2205370992303963,0.01113592719385313,-1.2114702258747057,0.13370593601543795,1.8893539169080174,-0.043231679703216175,-1.4852061881456988,-0.7980252952800735,0.44040976485064737,1.8622412874663892,-0.18813487694908604,1.8773608680850544
turn_right,0.498197764437458,-0.04241447287800818,-0.4981977644374577,0.04241447287800818,1.2220551260224888,0.005903755728735273,-1.2207359568809022,0.13796094301161013,1.9128220021857092,-0.03966193491985279,-1.4858550436078986,-0.7828991780440243,0.4409960270265458,1.8669451099260386,-0.18790605574602454,1.8802028134198117
turn_right,0.49802988236205176,-0.044342262847546735,-0.49802988236205176,0.044342262847546166,1.225118914216152,0.0002349482493870009,-1.2274994176913328,0.14077034068208086,1.9375053063809486,-0.0380211042283763,-1.4629451253660626,-0.781108164609608,0.4414337553651097,1.8677058405618745,-0.18781963750121014,1.88103634407315
turn_right,0.49777256309700696,-0.04714313765370619,-0.49777256309700696,0.04714313765370619,1.2253396851971299,-0.001545590203883193,-1.2208773707663636,0.14408762450138587,1.9356450219181291,-0.04124801766553095,-1.4348142395607972,-0.7829815091940568,0.44225447114329053,1.865036590790037,-0.18726157651928832,1.8792585954700773
turn_right,0.49747118315174577,-0.05022371883485049,-0.49747118315174604,0.050223718834849926,1.2204366954247847,-0.00516617824147837,-1.2020156208086297,0.15861306821724136,1.9242416655717436,-0.04551645940005719,-1.2201044548880842,-0.7769881321184373,0.44004877145280463,1.8541416905370416,-0.19185286843393023,1.8683226784785978
turn_right,0.4973075263092439,-0.05181914970530374,-0.4973075263092439,0.051819149705304296,1.2173184701230602,-0.0047341840020919115,-1.1778087431355198,0.1625780015941614,1.9171926045809538,-0.04315558706721562,-1.1266465322937835,-0.7675032365726178,0.4384864300817559,1.8414611278387398,-0.1932168310642789,1.8585474625748
turn_right,0.4960860863310467,-0.062438729557425264,-0.4960860863310467,0.06243872955742471,1.2179007285556949,-0.012764509217747085,-1.1634917924039063,0.15284728057670088,1.9330835266108808,-0.050760081498871915,-1.0141399192637268,-0.772954533924416,0.4360063049711987,1.8264576967585873,-0.1935380795289801,1.8440296927337791
turn_right,0.49537215999236955,-0.06787063506770948,-0.49537215999236955,0.06787063506771002,1.2158441500289887,-0.016651670020560068,-1.1553972565323176,0.13747892952704074,1.9294153931316829,-0.055236585987845824,-0.9793463234093361,-0.776444802916222,0.4340969713817845,1.820056955167801,-0.19377055565639,1.8371342003060667
turn_right,0.4948967632902684,-0.0712544292294588,-0.49489676329026866,0.0712544292294588,1.2165349597202304,-0.01267996105344,-1.1400831064254358,0.1365349586899062,1.9282968471931274,-0.05091893225788203,-0.914915453704581,-0.754926712225625,0.4338564783924832,1.8159903811931823,-0.19277694814927424,1.8359994533578758
turn_right,0.4959842992608558,-0.0632421922984795,-0.4959842992608558,0.06324219229847895,1.2117281804227589,-0.006323217355962559,-1.1373517456928672,0.1270188309606604,1.9090651138618628,-0.03203480880540421,-0.9633760885791572,-0.7704623596678429,0.42390773816222366,1.8061853942596662,-0.19824064493471613,1.8248508728709156
turn_right,0.4967181755229999,-0.057193129876779894,-0.4967181755229999,0.057193129876779894,1.2169742134746706,0.004533137625324727,-1.1378261374274556,0.13527737880344023,1.9116560275396295,-0.014471801239282394,-1.1592247368434014,-0.7897671728442499,0.42712511290581806,1.8150763211301295,-0.19554133473861726,1.8334261601435098
turn_right,0.4973199023344081,-0.05170023928469529,-0.4973199023344081,0.051700239284695845,1.2318416832634582,0.010403135836518666,-1.1408209637499775,0.14074062093809617,1.919576950611513,-0.007588496667798869,-1.1748996316233171,-0.8179693366531625,0.43635481993707137,1.8321811437416389,-0.1902812984387037,1.8476584088589914
turn_right,0.497479240835734,-0.05014384246845933,-0.497479240835734,0.05014384246845988,1.2372537458312827,0.011938969469762434,-1.132822588338301,0.14102422114972657,1.9195521150348138,-0.004957415386015551,-1.05659847614829,-0.8155696375358704,0.4452452174965728,1.8281488916701538,-0.18002696814706745,1.8469777886961984
turn_right,0.4974815435609191,-0.05012099177236511,-0.49748154356091884,0.05012099177236456,1.2340344070776794,0.0129525331883944,-1.1304708295932089,0.13572041790633946,1.928435153950918,-0.01763048442447312,-0.9616909740893446,-0.8008804528993515,0.4536663189671405,1.8296093522349655,-0.17387148728438737,1.8544791596195533
turn_right,0.4974664130830012,-0.05027094443446209,-0.4974664130830012,0.05027094443446209,1.2369253951022867,0.014072216570941742,-1.1292228683437404,0.13285240674600704,1.933543555162451,-0.017075472033687412,-0.9375550335220543,-0.7929102337399072,0.4582467230640134,1.8346094561449104,-0.1702215434742164,1.861766906050747
turn_right,0.49771966643666565,-0.04769836100092342,-0.4977196664366654,0.04769836100092286,1.2280327545422927,0.018116008171832357,-1.129792689665977,0.13483815767071475,1.9174695708655694,-0.013943908958615012,-0.9621683235890884,-0.7862187197537012,0.46228060537070487,1.8416963626667957,-0.16714438172849883,1.869250148697103
turn_right,0.49791171562521847,-0.045650010330245905,-0.49791171562521847,0.045650010330245905,1.222587026306629,0.02038144028125365,-1.1294244318200777,0.13655111295956485,1.8955603507838088,-0.012310931895905734,-0.9759066241997281,-0.7847862006642784,0.4640394449748552,1.8415671417720376,-0.16252486619603285,1.8719343475490526
turn_right,0.4979195288819329,-0.045564709567755844,-0.4979195288819329,0.045564709567755844,1.2249905258789582,0.020804945766729716,-1.126586125507148,0.1375942630057035,1.8993416856068188,-0.0016082816530020672,-1.098679511707361,-0.8011635862807717,0.46434727145487165,1.8422053728979857,-0.16179299332945193,1.8727673523228112
turn_right,0.49802214004389317,-0.04442913487905095,-0.49802214004389317,0.04442913487905095,1.228234505193241,0.022276497632610713,-1.1258200495019026,0.14205231497454462,1.9022312288464989,0.007994295120290866,-1.177804976368524,-0.8059154271602678,0.4643816611823743,1.8448124935204218,-0.16207980095331742,1.8750890150026325
turn_right,0.49803666697338544,-0.04426599541455248,-0.49803666697338544,0.04426599541455248,1.2311511626412872,0.02384544947173232,-1.1290236139031617,0.1429476223458057,1.9077831719495641,0.014432001136340087,-1.3041839951941931,-0.8012846161572893,0.46415969884423725,1.8504693726086399,-0.16416333612412434,1.8779659638769266
turn_right,0.4980483496718948,-0.044134356108388624,-0.4980483496718948,0.04413435610838806,1.2336372414923067,0.025689547105724374,-1.1317123277487884,0.14374027667574202,1.9131147077614181,0.01628525300179655,-1.3365511360478366,-0.7921496407830185,0.46374182463650526,1.8547464136939302,-0.16601110959644638,1.881144080121431
turn_right,0.4980974077452092,-0.043577200432140424,-0.49809740774520894,0.04357720043214099,1.2385356863968184,0.02537741043444263,-1.133880374884864,0.1519619359009128,1.9163703714208302,0.014978144969927967,-1.2887781660408137,-0.7905796572066932,0.4671374280471908,1.8607676258702368,-0.16460459156207166,1.88887032091539
turn_right,0.49815814199324115,-0.04287733160822548,-0.49815814199324115,0.04287733160822548,1.2433559211628924,0.024747074666511378,-1.1353517742870622,0.16584858826689944,1.9228097004166642,0.014118296900048902,-1.1574227369944616,-0.792623701145685,0.46937377982659256,1.863958457992964,-0.163159728102493,1.8925273754901277
turn_right,0.49816885715081455,-0.04275265798814549,-0.49816885715081455,0.04275265798814549,1.246263631814018,0.025552853639555936,-1.1353699726971913,0.17935299441682626,1.9243121055997334,0.013189855809401073,-1.0783175460912016,-0.7800597858426388,0.4722730716989637,1.8662890024672636,-0.1601903762270357,1.8971596825904067
turn_right,0.4982902359117344,-0.041313929794054155,-0.4982902359117344,0.041313929794054155,1.2478873299066322,0.02681538874626567,-1.130331923330332,0.18009794863782258,1.9263074668005324,0.013088315852830844,-0.9583443015164494,-0.7338881523835815,0.47274013896837586,1.867020955068481,-0.16099690798364363,1.8958957271706676
turn_right,0.4983264274821973,-0.04087507397950957,-0.4983264274821973,0.04087507397950957,1.2490365938562875,0.027532490539069532,-1.1255015913644668,0.18077976208376034,1.9283531202049264,0.013651660059134782,-0.9118313651747731,-0.6933121693370752,0.4713445864970748,1.8692362897925958,-0.163917140088278,1.8943195726656434
turn_right,0.49834408985472317,-0.04065917002187496,-0.4983440898547229,0.04065917002187496,1.2502890953673984,0.02739872949543127,-1.124225228827217,0.1801740144122373,1.9288041416089088,0.00946868153970815,-0.920215143623498,-0.690140079920057,0.4709484235199652,1.8667421056582472,-0.16463386598148044,1.8909229835829475
turn_right,0.49829084086464515,-0.04130663276527035,-0.49829084086464515,0.04130663276526978,1.2474063042493166,0.02750094963598134,-1.1286423069554374,0.17864229548242866,1.9255557889424524,0.005129784963372527,-0.9371363737255363,-0.703155414806361,0.46879720827526905,1.8616597437266997,-0.16477979356988062,1.8858670411784777
turn_right,0.498104976299367,-0.043490603419670606,-0.498104976299367,0.04349060341967004,1.244560718908871,0.0245562503680075,-1.1262117178631061,0.17511519412712404,1.9210665372532925,-0.006471360763838982,-0.9733280236285677,-0.7429113344197941,0.4674847322140468,1.8549890919172984,-0.1643071751937861,1.879220090686195
turn_right,0.4981188818466033,-0.04333104600502522,-0.4981188818466033,0.04333104600502579,1.2443026474253935,0.024678121727308877,-1.127740589084886,0.17009998004609375,1.9163507804353705,-0.0012218518077693728,-1.1889161883764654,-0.8108810037867936,0.46671075351245467,1.8547562197159708,-0.16472736370068047,1.8782679242932765
turn_right,0.4981152455501607,-0.0433728273289079,-0.4981152455501604,0.0433728273289079,1.2430836545798598,0.026080421201644655,-1.1292120894491644,0.15748054413763574,1.9127662112207833,0.0070975135889996335,-1.2670068973675146,-0.8297234979842518,0.4645368234911253,1.853760972984968,-0.1666604434583882,1.8764909791712918
turn_right,0.49818650205932885,-0.0425465529260617,-0.49818650205932913,0.0425465529260617,1.249628099956203,0.027166432818272895,-1.1490024540018273,0.14516464801560391,1.9184893939714758,0.011898743915681721,-1.4306883531310501,-0.8297594540689077,0.46067857513055743,1.867563686259346,-0.1722534907608204,1.8916877663362175
turn_right,0.49817364495742633,-0.042696832081926844,-0.49817364495742605,0.04269683208192742,1.2633525801741596,0.02712026976248351,-1.1585863946364663,0.14382643852150498,1.9285503812565206,0.020238019038540677,-1.4822468544572345,-0.7919532738134432,0.4554261436916999,1.8748691192694984,-0.1778279543825279,1.9013248679671788
turn_right,0.49817672908470284,-0.042660832135186344,-0.49817672908470284,0.04266083213518692,1.265218204272455,0.027241153169031036,-1.1627811477698138,0.14226239864959583,1.9325642257872186,0.028371113947543627,-1.4906131419061837,-0.7718467939433584,0.44973785266940697,1.8770401606117548,-0.18273495223305863,1.9028531428853699
turn_right,0.4982443195106955,-0.041864042749402745,-0.49824431951069575,0.041864042749402745,1.2669261874365347,0.02818904617714809,-1.1644605662084373,0.14202240888265705,1.93135582980986,0.030429802836521674,-1.4714536886571834,-0.7708896812787901,0.446440896896384,1.8783143584087267,-0.18497971182367018,1.9045329372801654
turn_right,0.49841504300047046,-0.03977995614425676,-0.4984150430004708,0.03977995614425733,1.2632776787053368,0.02940319981805948,-1.160773525874629,0.1409026055808053,1.9269335262398926,0.036275961825077634,-1.4536730183413191,-0.7991468932652603,0.4442886859107641,1.876140671149255,-0.18627991254681017,1.9012132182085468
turn_right,0.49846698845941256,-0.03912366823553198,-0.4984669884594123,0.03912366823553255,1.2624363082237189,0.029761360226159668,-1.160854923251382,0.14010673492916406,1.9230396906356875,0.03658816321583224,-1.3687910657183224,-0.8303495835674825,0.44377607287534554,1.8751978327284844,-0.18659305067900317,1.8999937162687328
turn_right,0.4985415090328879,-0.03816233445703959,-0.4985415090328879,0.03816233445703959,1.2598413132910689,0.030032662236396213,-1.153429198512888,0.14693610542310023,1.9200645461245143,0.04160318561104087,-1.1410520260317247,-0.8263347344512163,0.4413188398727345,1.871575310948726,-0.18766297829037204,1.8971732336579121
turn_right,0.49863055519843835,-0.036980662818522365,-0.4986305551984381,0.036980662818522365,1.2580847671794526,0.0303691407688029,-1.1505909341909444,0.14591049784354704,1.9171273039783843,0.042475267111866784,-1.0599250241794331,-0.8255704760731885,0.4403758199660058,1.8690335517105072,-0.18810974431509345,1.8939288219626584
turn_right,0.49858229158044204,-0.03762576939273163,-0.49858229158044204,0.03762576939273163,1.2558408792179505,0.02409927423345494,-1.1482041905729494,0.14939171127259182,1.9381243284914256,0.018555186106666618,-1.0988927555824308,-0.8272909481878579,0.43847975684179114,1.8662198232693643,-0.18912285748238727,1.8909576431322892
turn_right,0.4985583893051918,-0.03794117095468686,-0.4985583893051918,0.03794117095468743,1.239258548404807,0.016165486844982202,-1.1456872421616897,0.1506952281508073,1.9142251804135186,-0.07489920470800937,-1.071038364563765,-0.8205114318272687,0.4345691385497985,1.8599721618207237,-0.1907487446591173,1.8846294253563658
turn_right,0.4985246056225937,-0.03838251670796747,-0.4985246056225937,0.03838251670796747,1.226048656519233,0.01043961898720178,-1.1445873697016515,0.15268131608341623,1.910028740120587,-0.11129324468095436,-1.0665230541720092,-0.8149423291605618,0.43312020573056137,1.8578357840555855,-0.19194902234580213,1.8833086248345705
turn_right,0.49837249704217956,-0.040309480174551944,-0.49837249704217984,0.04030948017455138,1.2126159793868052,0.008498232709859572,-1.1422505260025484,0.15415211363142903,1.90496113750928,-0.1182019335275067,-1.065018732088278,-0.8089046392642204,0.4317586320944063,1.8545261280198941,-0.1925733540826619,1.8811045846793213
turn_right,0.49837504058671167,-0.040278020311250926,-0.49837504058671167,0.040278020311250363,1.21006902556742,0.009979855608835348,-1.1434984006941378,0.15316635063154502,1.8958413704392056,-0.10090117598698546,-0.9937080877198661,-0.8013246234928677,0.4307542020927999,1.8522257368315693,-0.1932176090714305,1.8786214021020915
turn_right,0.4984631235508707,-0.03917287913735228,-0.4984631235508704,0.03917287913735173,1.2088776458490254,0.01096248929001108,-1.1432467640240815,0.15272505125207125,1.8850687812170988,-0.09157114082761957,-0.9508182984150922,-0.7907620470429282,0.43010586515355065,1.852118263215498,-0.19495693489417207,1.8748782964348547
turn_right,0.498598499452964,-0.03741037748075402,-0.49859849945296425,0.03741037748075402,1.2078375409722397,0.012912136035237495,-1.14243584602174,0.1528708221658537,1.8787353573144134,-0.08398721266491457,-0.8853297042112397,-0.7203558036694239,0.4297456333136789,1.8493367686601394,-0.19569640080994072,1.8718479289314995
turn_right,0.49859009659289316,-0.037522201154640805,-0.4985900965928935,0.03752220115464024,1.2066000188537631,0.014837409332010724,-1.1413553480536014,0.1503152862319711,1.8686327012899593,-0.07972502906569286,-0.869152159390973,-0.6955458493946073,0.4300209414306524,1.8486159518185814,-0.19533648819339186,1.866003717960589
turn_right,0.4986030985716936,-0.03734903070637802,-0.4986030985716936,0.03734903070637802,1.206137943206311,0.014949004882805381,-1.1398075638513918,0.14180451339161598,1.866150735690186,-0.07646787488102334,-0.9108815516938455,-0.7023626896307453,0.4288520187512759,1.8448193965598234,-0.1953524663428907,1.8617417136738346
turn_right,0.4986104801069264,-0.03725035741493394,-0.4986104801069264,0.03725035741493338,1.2054365146985453,0.015249964536807019,-1.1395770331103159,0.14178329630680658,1.8670951930170858,-0.07582054117299929,-0.9210581884911314,-0.7131258669305621,0.4247674976417368,1.8376954936096572,-0.19651830064589298,1.8533523775730172
turn_right,0.4986026603105266,-0.03735488095638562,-0.4986026603105263,0.03735488095638562,1.2157309126791689,0.015458719394315867,-1.1460563923489273,0.14104016299469918,1.8771103968753018,-0.0727810153099563,-1.0165842329308166,-0.7662699005472214,0.42183127891934213,1.8339653749513949,-0.19741544124809823,1.847830817298562
turn_right,0.49872610576320286,-0.03566891406071418,-0.49872610576320286,0.035668914060713625,1.2230362523164757,0.01794503404148584,-1.1482977864363095,0.13102364768660774,1.8893668810266788,-0.0683375481216335,-1.2252591850782621,-0.8217800916060235,0.42185730543856315,1.8387613777449552,-0.1973358124916809,1.852744799565358
turn_right,0.4987252439053939,-0.0356809625921944,-0.4987252439053936,0.03568096259219384,1.234006872485814,0.017569526642905953,-1.1618786460344275,0.11365218454651121,1.906510384822703,-0.06150955376004057,-1.3993387017471495,-0.8272640430069107,0.4206675087807419,1.8497409171984789,-0.20036520806529143,1.8617891739154442
turn_right,0.49870656568352434,-0.035941081566149356,-0.49870656568352434,0.035941081566149356,1.2374624596967485,0.017139555101764764,-1.167910777593576,0.10247661099191317,1.9171752104766433,-0.06126561482539862,-1.433224082625071,-0.8265467801526775,0.42182677288698595,1.8550351371558091,-0.20069480430336048,1.8708614271263901
turn_right,0.4986950352477542,-0.036100717710888776,-0.49869503524775394,0.036100717710888776,1.2406186112043804,0.017417086842006782,-1.1699768085082427,0.10232453200602218,1.9193578876983557,-0.05972141016705866,-1.3772469704833565,-0.8420853097510883,0.4218544381256369,1.8557431332989043,-0.1999969656173522,1.8716379056765966
turn_right,0.49868611763696663,-0.036223694954678885,-0.49868611763696635,0.036223694954678885,1.241844466207565,0.017575033496877685,-1.1693107500651596,0.10266961772467391,1.9216101015524483,-0.05736582559187747,-1.3306452601278256,-0.8550773980287906,0.42175049026944683,1.8553805872996818,-0.19981525729031416,1.871308698237867
turn_right,0.49863597778193947,-0.036907474330400585,-0.49863597778193947,0.036907474330400585,1.2443579615981286,0.018214823101759852,-1.1663242657262136,0.11208265100049679,1.9222890895297122,-0.05512230246765517,-1.1799927373919856,-0.8492619388471544,0.4216515631096522,1.8504070304695894,-0.19807558515074114,1.8662735709378462
turn_right,0.49860703993216415,-0.037296376902927676,-0.49860703993216415,0.03729637690292823,1.242478702633977,0.018445627310194206,-1.1537335532551565,0.11525693765082867,1.9171684712692565,-0.05202429060190092,-1.0727231710208414,-0.8404861510104279,0.4241029225067363,1.8369099836944953,-0.19237726276327935,1.8520369038008067
turn_right,0.49851483160257615,-0.03850925437158077,-0.49851483160257615,0.03850925437158022,1.240402814822739,0.01759671927664318,-1.152110205856244,0.11647049206883811,1.9176820592070776,-0.05277672467707794,-0.9649666449364306,-0.7943579283315454,0.4249553822495025,1.8348335671324905,-0.19224195061425464,1.8489389934603182
turn_right,0.4984788301056727,-0.038972502312270334,-0.4984788301056727,0.038972502312270334,1.2388420497794173,0.017818029845181858,-1.1460115301929463,0.11733184186354031,1.9150763013880956,-0.0529662401099507,-0.9498004887596653,-0.775529437769701,0.42526508099755356,1.8255508130929243,-0.19221053132168975,1.8374026127559038
turn_right,0.49827400821346607,-0.04150918860790616,-0.49827400821346607,0.04150918860790671,1.2368962374620636,0.015304614648467347,-1.1422464619494561,0.1186039002272595,1.911516237359087,-0.053512762308320555,-0.9868540715680824,-0.778341812497964,0.4253463315608344,1.8209807008687733,-0.1900680386163373,1.8319853650349422
turn_right,0.4982603399504997,-0.04167293645055987,-0.49826033995049995,0.04167293645056042,1.2377097796432492,0.01517767503438369,-1.1420866501571334,0.11958983400504951,1.9137022411820652,-0.05315045873034796,-0.995078859898436,-0.8009383466988388,0.4256387483072849,1.82102297370847,-0.18851669461845524,1.8321452584010833
turn_right,0.4983584243751027,-0.04048309343868194,-0.4983584243751027,0.0404830934386825,1.2399770436633568,0.016502358066230304,-1.146910259277189,0.10971314227812973,1.9171853829681813,-0.04735751404227833,-1.2797513039621558,-0.8260468566744513,0.4246989470856143,1.825459355807224,-0.19042450302275976,1.836631109766121
turn_right,0.49839781785357357,-0.03999518919565544,-0.4983978178535733,0.03999518919565544,1.2431868115719749,0.016138729117189728,-1.159770405679372,0.08859762042849222,1.924510654878106,-0.047676861261725795,-1.3779062137229217,-0.8530394294621788,0.4241208682928852,1.831497443374628,-0.19304111425085274,1.8436174317438516
turn_right,0.49843273110917174,-0.03955771175197146,-0.49843273110917174,0.03955771175197202,1.2440410026817925,0.01369665180669647,-1.1691524774538298,0.08210698720675211,1.9316362023826932,-0.04389503337633643,-1.5021852248131118,-0.83063584428122,0.42333604962147237,1.8443295379925242,-0.19559523156878167,1.8561625156379116
turn_right,0.4984883360930611,-0.03885072430690551,-0.49848833609306137,0.038850724306906066,1.2470693295242148,0.01148474198380107,-1.1756923747806705,0.08062945829146881,1.9436056021592514,-0.042782782346596125,-1.5146952066294606,-0.7902814147181105,0.4211590988687954,1.848272932380277,-0.19922881143837157,1.8601265950930552
turn_right,0.4984483182496034,-0.03936081851463452,-0.4984483182496037,0.039360818514633966,1.2461917641351177,0.010988855654153154,-1.174512834754006,0.0828825460693764,1.9421147087513164,-0.04002829161055216,-1.4533693238515035,-0.7930900948700297,0.42073566689389164,1.8476190075935883,-0.19931869787010711,1.860227303658158
turn_right,0.49842585461506483,-0.03964426126493385,-0.49842585461506483,0.03964426126493329,1.2456306000799051,0.00970715580259906,-1.1737269470472844,0.08321261339493888,1.9410630547943148,-0.038579681234604014,-1.4173404104933733,-0.8044384566647725,0.42041285130399264,1.8458110449254947,-0.19979849102170433,1.8583364232825683
turn_right,0.4983734365691774,-0.04029786250197369,-0.49837343656917765,0.040297862501974244,1.2446069393881452,0.009170134553319213,-1.1708375102242317,0.09432519869927262,1.9403248150823984,-0.03965409325466935,-1.3973669239552526,-0.8109256771876535,0.42048292360510975,1.8446808126527543,-0.19951761768196485,1.8582313951961535
turn_right,0.49833045596492276,-0.040825931193203865,-0.49833045596492276,0.04082593119320331,1.2391106842449269,0.011651374734946662,-1.1589822010294974,0.10538254611879126,1.9240165842819086,-0.042364783010816684,-1.199435992353935,-0.808539838331943,0.4207785353841534,1.8329633765384827,-0.19610959007171622,1.8463101394426535
turn_right,0.49832393059465524,-0.04090550325681527,-0.49832393059465496,0.04090550325681527,1.2389525570264306,0.010801256422730509,-1.1566695103014533,0.10927963936101821,1.9234544580708943,-0.03687578300704093,-1.1750076085630166,-0.8194149661641337,0.42109469279548867,1.8302718550056114,-0.195629588491053,1.8449451880227032
turn_right,0.49839822267292,-0.0399901442417323,-0.4983982226729197,0.03999014424173285,1.2395112031685802,0.012469525434992045,-1.1560226738200574,0.10972534904584488,1.9171813760221097,-0.029205127720620377,-1.1968304558194756,-0.8204063746050221,0.42237091517390596,1.8305707469789774,-0.1947401212346056,1.845650850349087
turn_right,0.49845417920183993,-0.039286527413607136,-0.49845417920183993,0.03928652741360658,1.2362383036585842,0.014544052484405087,-1.1564553830035826,0.11221534731725581,1.907245038889585,-0.021663786824385467,-1.1028226566349395,-0.8192934589354754,0.4219318988763716,1.8290860489478882,-0.19414632823202832,1.8421901305582358
turn_right,0.4984938010667519,-0.03878054019765074,-0.4984938010667519,0.03878054019765018,1.2326291231048567,0.016676778434287887,-1.1528482613888762,0.11751953353414797,1.8972333240684975,-0.01938745014843363,-1.0432490600485025,-0.8150624923439349,0.42198987104158336,1.8246445404908878,-0.19264156839895002,1.837917541734123
turn_right,0.49850333002884134,-0.038657857547415075,-0.49850333002884106,0.03865785754741453,1.2268402742027122,0.01999561934299502,-1.1482074882366267,0.11733422542309573,1.8864750999303326,-0.01870729970069899,-0.9510112983985707,-0.7999743959906211,0.4225636753099707,1.821723972781522,-0.19146538009577074,1.8331427563665887
turn_right,0.4985508802119232,-0.038039713983108056,-0.4985508802119232,0.038039713983108056,1.2263065168705185,0.02497391017676245,-1.1446436166297753,0.11740605037279243,1.8865606484711637,-0.017605276031216352,-0.9293578867982869,-0.7778072240938436,0.4219846559338884,1.821859245577149,-0.19187271033509679,1.8315705512237284
turn_right,0.4986227561904328,-0.03708567120945796,-0.49862275619043306,0.037085671209458514,1.2265630846459374,0.028084546967652627,-1.1432644331402255,0.11821768016440597,1.8864602555921521,-0.015955123282083875,-0.9279344086485062,-0.773718831840098,0.4221920880540471,1.8209337766970268,-0.1918281145273878,1.8305864844491304
turn_right,0.4986669415558312,-0.03648672908542717,-0.4986669415558309,0.03648672908542717,1.2265921161009523,0.028455934898034094,-1.1421850452316118,0.11643548232194358,1.8843888264051005,-0.01650895461342201,-0.9371046631909693,-0.775460583931959,0.4222784945537966,1.818998868329218,-0.19175487417727677,1.8280098161121416
turn_right,0.4987122236156537,-0.035862487592611514,-0.4987122236156537,0.03586248759261096,1.2286796640387663,0.030094543290914336,-1.1428291829008492,0.11890643898102304,1.882164522940747,-0.015712220185073716,-0.9433759832844643,-0.7819959826262614,0.42404141047154764,1.8207744630935256,-0.18926041758098794,1.830165655417276
turn_right,0.4987230591710676,-0.03571148626215101,-0.4987230591710676,0.03571148626215101,1.2282584664695726,0.029806935516970143,-1.1499854880758154,0.11927537832661778,1.8750687413681089,-0.02072038825327987,-1.0153153621063051,-0.8020449660465697,0.42535693660409923,1.821140009960473,-0.1872056742033015,1.830713610769303
turn_right,0.4987192997741233,-0.035763948786565546,-0.4987192997741233,0.03576394878656499,1.2300812827666352,0.029009938880624607,-1.1592036004821025,0.11948218812071797,1.8736735714124344,-0.023451387944739964,-1.265928872071637,-0.8203938935616262,0.42952372263512195,1.824494607957262,-0.18407549868007497,1.834859062408011
turn_right,0.49872632437472164,-0.03566585728228184,-0.49872632437472136,0.035665857282281284,1.2331833708881585,0.029313497404262968,-1.168190612500325,0.11987744929219922,1.878528648099212,-0.02027869806707644,-1.338037902299659,-0.8292311324612391,0.43146071405299274,1.8262161059821729,-0.18222404117535637,1.8378922340973973
turn_right,0.4986329151793125,-0.03694882812459022,-0.4986329151793125,0.03694882812459078,1.2314483267634595,0.02626653788575206,-1.1759112274348782,0.11774570970188784,1.874422174461357,-0.01985817617239056,-1.4706673323157822,-0.8120933759016911,0.4338335560507735,1.828828833708618,-0.18161457025615435,1.8485698033752034
turn_right,0.49861322086710036,-0.037213653093136394,-0.4986132208671001,0.037213653093136394,1.2340025408360602,0.02438801032487371,-1.1811046579519022,0.11386716460036632,1.8761779439968749,-0.01619785077853375,-1.4953957019814614,-0.8023850549786876,0.4343364724845526,1.8302279249588123,-0.18083506842298083,1.8520051472030694
turn_right,0.498644045403102,-0.03679831496181657,-0.49864404540310225,0.03679831496181657,1.2348649949233093,0.024159527260682257,-1.189976025268435,0.11310781224847107,1.8772640267292948,-0.013763690466803811,-1.4625669587198935,-0.8020223380651867,0.43569011866194324,1.831791389830678,-0.17888046832763582,1.8541250190994785
turn_right,0.4986240300396152,-0.03706854012572912,-0.4986240300396155,0.037068540125729674,1.2348479315903174,0.024058333123302453,-1.1986204970923222,0.11247071908995536,1.877675141259981,-0.012621430079864049,-1.4274391321403395,-0.826873484969375,0.4381094224383198,1.835270811887981,-0.17529980196958836,1.858798337075531
turn_right,0.498615081952128,-0.037188708634106775,-0.4986150819521283,0.037188708634106775,1.2304093394841227,0.02363337476699226,-1.1925781998646932,0.1240566744957338,1.8732138154664548,-0.01384900157446556,-1.258462372919469,-0.8340161435972827,0.4397962720961627,1.8376883513354962,-0.17387096797110893,1.860773956501278
turn_right,0.498650547759953,-0.03671009695845313,-0.4986505477599527,0.03671009695845313,1.2297650317886468,0.023012618604272266,-1.1904533755330202,0.12611351550048366,1.871654219205939,-0.012175532977710648,-1.1831524687492614,-0.8405667462465773,0.44006279886941746,1.8377389506471098,-0.17296886878271156,1.8600889080154168
turn_right,0.4986597761602565,-0.036584527327859225,-0.4986597761602565,0.036584527327859225,1.2243450703180914,0.023134716153117074,-1.182406648837932,0.12752396864548046,1.871230263871869,-0.01267739099014116,-1.0148212740284046,-0.8129492700386529,0.439554776938122,1.8367232719499473,-0.17248290797902008,1.857763151345432
turn_right,0.49863396169457264,-0.03693470244601231,-0.49863396169457264,0.036934702446011755,1.2226208830078185,0.023570760015909922,-1.1714381978158206,0.1279975040426808,1.8729402790965783,-0.01111408715176816,-0.9551151770499908,-0.8016016656168519,0.4382806533184138,1.83312700798121,-0.17296912237626602,1.8546215076521462
turn_right,0.4986015561217674,-0.03736961644106073,-0.4986015561217674,0.037369616441061286,1.2242221279091832,0.02296229930243018,-1.1629610720951982,0.13194972350379722,1.8855509372219112,-0.00787656844932117,-0.9669097877581141,-0.7903010581650158,0.43747285679858405,1.8274689296308084,-0.1726857605488104,1.8514296659223386
turn_right,0.49862429880017073,-0.03706492474075572,-0.498624298800171,0.03706492474075572,1.2310546388728685,0.023497333664748682,-1.1605823899843075,0.13367266052401294,1.895960999070623,-0.0006962623483095013,-1.0175758491196558,-0.7961894868747972,0.4352689775320348,1.8253639209606072,-0.1739462820666671,1.8483441092651895
turn_right,0.49862201496808833,-0.037095635715856126,-0.49862201496808833,0.037095635715856126,1.234542811348176,0.02355338294023877,-1.1618242616564483,0.13489450371581566,1.9010471476937547,0.0017923740625906755,-1.0480207282418228,-0.8064894336932099,0.4334501019754849,1.8256066178385744,-0.17569824443113716,1.8484789674642828
turn_right,0.49869006043663905,-0.03616937408500845,-0.49869006043663905,0.036169374085009004,1.2403306385112007,0.02354911153532616,-1.1690691548051528,0.1263407139835233,1.9054213550414671,0.006125155269300594,-1.2585215777146983,-0.8268117935154888,0.4323767678932041,1.8291235825694985,-0.1779539304853894,1.851830409013144
turn_right,0.4986858531795983,-0.03622733551527294,-0.4986858531795983,0.03622733551527239,1.244814170238642,0.023621381158601924,-1.1807019302871573,0.11098965242294913,1.9090070841718887,0.014306314723646487,-1.406903563594258,-0.8291463486051149,0.43211537540784944,1.8350982351205625,-0.18027768102109207,1.8590003479857296
turn_right,0.4986915764162021,-0.03614846624026236,-0.4986915764162018,0.03614846624026236,1.2458791505471571,0.02495003662275744,-1.1872786770179653,0.0998200284726444,1.9102647598515992,0.018791616636048867,-1.4615877297599202,-0.8253528652845817,0.43196994771559594,1.8377520339085867,-0.18151777862797353,1.8625471013909192
turn_right,0.4986957091110082,-0.03609140776235875,-0.4986957091110079,0.036091407762358196,1.2466784889973574,0.026109598780095247,-1.1991045734477392,0.10059926852146171,1.9092929579848807,0.02114607077439413,-1.4773408216367536,-0.8118546030054504,0.4318361063384031,1.839834065107153,-0.1825422253297059,1.86492399899964
turn_right,0.4987259498265205,-0.03567109431507445,-0.4987259498265205,0.03567109431507445,1.2518371502152768,0.027028132551402354,-1.2002287441034685,0.09412701182441673,1.9163058341228247,0.021968569792521847,-1.420839032458643,-0.84890101794016,0.43533591455294934,1.8460021136562794,-0.18080121850282455,1.8751599992276318
turn_right,0.49874797866528386,-0.035361755857049024,-0.49874797866528386,0.035361755857049024,1.2534325859117632,0.028278696394701187,-1.1945430077162413,0.0953087361387652,1.9182412463899616,0.022796858064547825,-1.4172599172089906,-0.858751790529588,0.4394253037588806,1.8511584021623015,-0.17748288068681473,1.8823988541387777
turn_right,0.4988261987646537,-0.03424066918163506,-0.4988261987646537,0.03424066918163506,1.2538604532727264,0.03018820303769115,-1.1942772014713703,0.09533348067854465,1.9257326826389716,0.026599839333913945,-1.163414896128012,-0.8679206742654868,0.44528145948646536,1.8597675178922775,-0.17370819982939928,1.891585681021542
turn_right,0.49873890595019293,-0.035489487057502,-0.49873890595019293,0.03548948705750144,1.2489653710589648,0.025228887151845385,-1.192690288460352,0.12137597538240763,1.917293159248802,0.0020709720973381856,-1.3906750701530266,-0.7941570047844582,0.44527037009344156,1.8565367705778577,-0.17303687968753578,1.8878006047004812
turn_right,0.49870088091584,-0.036019874705015775,-0.49870088091584025,0.036019874705015775,1.245534928156522,0.025124561714496372,-1.1935845663392373,0.12091102790640333,1.9081940696372826,-0.00667783890860579,-1.3902064144893171,-0.7978226687203597,0.44521384101950445,1.8579541537433708,-0.17322661350517315,1.8894558035947335
turn_right,0.49866670917936967,-0.036489904853504444,-0.49866670917936995,0.036489904853504444,1.2430582097183989,0.025043898181708595,-1.1925449863433826,0.1208852685280115,1.8981980359150326,-0.007344187307273136,-1.3863557020987949,-0.799230946007854,0.444235349177175,1.8546540211965243,-0.17314069475935867,1.8865936048431309
turn_right,0.4986366338078185,-0.03689861006606522,-0.4986366338078185,0.03689861006606466,1.2418444779390414,0.024407690179559537,-1.1878951787262952,0.12586804527594014,1.89858209859763,-0.012997845280314316,-1.3420036849046355,-0.8008910427512878,0.44354821039110287,1.8530727544051089,-0.17280893969955413,1.8836864101209612
turn_right,0.49859354937836514,-0.037476292750002055,-0.49859354937836486,0.037476292750002055,1.2413337869300691,0.024135342339526692,-1.181018254036076,0.13290973965526534,1.898022271697526,-0.0153833994997969,-1.2938597754545602,-0.8091692715265509,0.4434637648939649,1.8500009978460092,-0.1724154517219416,1.8791015328373377
turn_right,0.49859079224670755,-0.03751295625247851,-0.4985907922467078,0.03751295625247795,1.2412060742650726,0.02316904928288494,-1.1741527374026832,0.13368408067841223,1.897545871294014,-0.01544573048991407,-1.2310473264457422,-0.8119234802094152,0.4431865847187986,1.8496783077552483,-0.1721938141830148,1.8782022632614577
turn_right,0.4985343475494704,-0.038255774902935004,-0.4985343475494701,0.03825577490293444,1.238092702697323,0.02114693443533542,-1.169395527296469,0.1371229252713075,1.8962627796840827,-0.016695832094384803,-1.0869007798491566,-0.8069288930077549,0.4427053202824161,1.844754696881518,-0.17164690171256516,1.87424774700519
turn_right,0.49852791374672517,-0.03833952549703254,-0.49852791374672545,0.0383395254970331,1.235654653635034,0.020729683467372993,-1.1668640825973347,0.13684261230058614,1.8934788929272726,-0.01984609945608738,-1.033685266379636,-0.7994434482871341,0.4413989845183383,1.840975425526623,-0.17197461045230664,1.8706247893179206
turn_right,0.49853943056511146,-0.03818947723934449,-0.49853943056511146,0.03818947723934449,1.2348813101425777,0.020373919333339124,-1.1607134071143685,0.13673380410577404,1.8979802574220443,-0.020287843480683486,-0.9528581919021963,-0.7597298979119175,0.44096668624401697,1.840225010756746,-0.173835002491443,1.8695948857181726
turn_right,0.49852718678896457,-0.03834897693916807,-0.49852718678896457,0.03834897693916807,1.232584286580157,0.021304355756832285,-1.1565426328580903,0.1376572904121669,1.8991907537921486,-0.019620324337714094,-0.9264421671980408,-0.748855448936203,0.4409200146077792,1.8411634709874827,-0.174689391033253,1.8693206579258128
turn_right,0.4985195601368788,-0.03844799293763874,-0.4985195601368791,0.03844799293763818,1.2313268741259793,0.02147959201070707,-1.1557377132479167,0.13745898267973203,1.8994605906683282,-0.019581914991461963,-0.9341881161985932,-0.7486606265904753,0.4408941594440753,1.8401846939226705,-0.17559557532621412,1.8662369928472975
turn_right,0.49850957940171264,-0.038577185547000147,-0.49850957940171237,0.038577185547000147,1.231030303273728,0.021626837379349177,-1.1555307647803215,0.13390862782293816,1.8990716110482242,-0.019404096192266032,-0.9444917644820289,-0.7528038349046456,0.4405588999278339,1.8386024557318235,-0.1756227519360457,1.8655301037696326
turn_right,0.4985191270594167,-0.03845360784006187,-0.4985191270594164,0.03845360784006131,1.2304699139911686,0.021731950993763325,-1.1531829109936846,0.13645540376881116,1.90120840127988,-0.014733174089324333,-0.9621707442674328,-0.7693794529260622,0.4399838961017851,1.8356615092213815,-0.17606199643790965,1.8621449800009222
turn_right,0.49853690751306146,-0.03822239981101625,-0.49853690751306146,0.03822239981101625,1.2311263418708007,0.021696808531397656,-1.1535462220264077,0.13640888028804718,1.9010954963956914,-0.006965352412349987,-1.038931216811512,-0.8004008295313995,0.4397349179031876,1.8327043291214742,-0.17597471225158892,1.8587820820995595
turn_right,0.49864669283132323,-0.036762422776305176,-0.4986466928313235,0.036762422776305176,1.2466625070131643,0.020831067975231318,-1.1552442111337056,0.12807923915789265,1.9190331920766885,0.005627069703432011,-1.2519015000085871,-0.8196773597525925,0.43558894222505645,1.8303950018015467,-0.179596253147158,1.8541081806535282
turn_right,0.498667341671614,-0.03648126026011093,-0.4986673416716137,0.03648126026011148,1.2451852136570145,0.02137664438623675,-1.159060493176047,0.12230485757282612,1.9137923559680758,0.009247967650337896,-1.334038381814883,-0.8299310931865667,0.4282805438311253,1.8225926996784945,-0.18427606591558465,1.8455593728932012
turn_right,0.49866224287983124,-0.03655088953850577,-0.4986622428798315,0.03655088953850577,1.2427870955607772,0.02077398534890812,-1.1678597288786274,0.11718922036356955,1.9179246959123404,0.011136767015237184,-1.465522555536616,-0.8184789050444309,0.42120906805943603,1.8312667417548065,-0.1922106560091622,1.852480149407517
turn_right,0.4986618867552361,-0.03655574780671678,-0.4986618867552358,0.03655574780671623,1.245293816094305,0.020025815230675724,-1.1730239842316572,0.10903317020230918,1.9254788619496352,0.011177630515502449,-1.502175240150715,-0.8094743747495898,0.4186017516131367,1.8321558926990007,-0.1951933679244378,1.8539267527493415
turn_right,0.49864029883195166,-0.03684904857363128,-0.49864029883195193,0.03684904857363184,1.2442829320056181,0.019585365635985248,-1.1796133154359878,0.10935871440268442,1.9266170520812067,0.008398030334350723,-1.4824839649045434,-0.800008411370213,0.41682270782973685,1.8400869062391667,-0.1994068821265446,1.85991831130619
turn_right,0.49863116172124766,-0.036972483829450294,-0.49863116172124766,0.03697248382945085,1.243814404213013,0.01840643567315812,-1.1805693092311023,0.10898595424119993,1.924247400200628,0.006955926831046104,-1.4534254075930357,-0.7979829598133841,0.4173024449107242,1.84146170642707,-0.19981250726378294,1.8621636126703753
turn_right,0.498624654698971,-0.03706013662052437,-0.498624654698971,0.03706013662052437,1.2373694667283879,0.01873104228828986,-1.178524282955861,0.11915032562798185,1.9071446267511334,0.004844540384638518,-1.3497333957220023,-0.8145775343153507,0.4207671274439077,1.8422654941604644,-0.19674028921717687,1.863867186390939
turn_right,0.49865501903532544,-0.03664931091957073,-0.49865501903532516,0.03664931091957073,1.2367452273569437,0.01957495519899376,-1.1747122234806744,0.11986038857067773,1.903507769592639,0.005206031427845058,-1.2401956682686304,-0.8322994664277407,0.423154462545813,1.840942359709356,-0.1939026733236795,1.8618262579907492
turn_right,0.49868474883661074,-0.03624253409692114,-0.49868474883661074,0.03624253409692169,1.225357965563273,0.02283047695392835,-1.1655115409578265,0.12377720487274285,1.8917902394806854,0.005668660653177198,-1.0421477354373354,-0.8183149913556058,0.4259141631492837,1.829824163959912,-0.18786591267411798,1.8467079024586
turn_right,0.49874702592143666,-0.03537519094679141,-0.4987470259214364,0.03537519094679141,1.2251305402337578,0.025523943650560214,-1.1561914425137854,0.12578017682236672,1.8921804927513586,0.008063464256916782,-0.9034642717746956,-0.7427576414211771,0.4260571541547445,1.8218632274302744,-0.19036225707055338,1.8399507663949066
turn_right,0.49874118434065623,-0.03545745397627473,-0.49874118434065623,0.03545745397627473,1.2227024725115472,0.02875950821499131,-1.1494360747607528,0.12818448311375535,1.8898325369509439,0.009761923832027465,-0.8714668013065654,-0.7157419892408916,0.4261805769116093,1.8175876340866228,-0.19021557506623238,1.8381770797979722
turn_right,0.4987637793776005,-0.03513818977938668,-0.4987637793776005,0.03513818977938668,1.2224326519881403,0.02995936688590216,-1.1486834926273495,0.12954196206509586,1.8896957103536234,0.011235357954031902,-0.9148542068502213,-0.7214546682886178,0.426152584206926,1.8152673767705547,-0.1900925846251224,1.835007403772084
turn_right,0.49875967504144203,-0.035196399710129465,-0.49875967504144203,0.03519639971012891,1.2230582428883334,0.02989513369786025,-1.1482853289733732,0.12930309117275746,1.901757653439787,0.014678370000274284,-0.9370219055620992,-0.7359017776113294,0.4258271289379161,1.8146820835547401,-0.1900892007429778,1.8340805215148608
turn_right,0.49875927841378165,-0.035202019773924065,-0.4987592784137819,0.03520201977392462,1.2307825067885931,0.029919772571976998,-1.150767862775912,0.13004144101584736,1.9051908626382459,0.021622151951012695,-0.9977166783764955,-0.7652600812704081,0.42596737710829735,1.8187395760835243,-0.18884073145355254,1.8370829838428853
turn_right,0.49878664290879143,-0.03481213661609697,-0.49878664290879143,0.03481213661609697,1.2366747322632559,0.029860845921152814,-1.1563267186412407,0.1292104226476708,1.9066863769311957,0.022126698996161553,-1.0818911505566988,-0.7983313542398481,0.42605015517380157,1.8188202369711024,-0.1883474927090618,1.8385716096697233
turn_right,0.4988021060168559,-0.0345898689380207,-0.4988021060168556,0.0345898689380207,1.2378302713817402,0.0291651230394895,-1.1600364282847426,0.12894018176936334,1.9078649665247784,0.020800516232484346,-1.264216807893721,-0.8131550662025998,0.4265977103205113,1.8231371712182,-0.1888059628367133,1.8438179229202931
turn_right,0.4986802757723163,-0.0363040294684564,-0.4986802757723163,0.036304029468455845,1.2282834553188695,0.02785210605176064,-1.1551458445641072,0.13258990312387772,1.8932203599341955,-0.03591007887452843,-1.1430715780575047,-0.8115282792685001,0.4376850252764886,1.8292505965480943,-0.1801338439313175,1.8530876040267665
turn_right,0.49890074272640705,-0.033136821015894206,-0.49890074272640705,0.03313682101589477,1.2298722149696673,0.04286877353775817,-1.1169390298418447,0.2371822234686752,1.8451561321627081,-0.011082428744647172,-1.0163089536884804,-0.6843948559250829,0.4457487143008965,1.863799939547203,-0.18713051231239644,1.8887470143034395
turn_right,0.4990394376938527,-0.030978050716646225,-0.499039437693853,0.030978050716646225,1.2348539754948706,0.05212227001348039,-1.1076339289556278,0.2734101101569571,1.8406427539702988,0.0036679790162243904,-0.9882039701517815,-0.6505732424702634,0.4501510144755673,1.8845623397771114,-0.19159680857349337,1.9102404951304697
turn_right,0.4991334017996658,-0.029425281781036084,-0.4991334017996658,0.029425281781035505,1.24077400292444,0.05657678105946638,-1.1076874855897125,0.27765870104437956,1.8570590597672296,0.01851927373752839,-0.9849516920551667,-0.6571452299905282,0.456200071258771,1.9000856376077278,-0.1913769015154315,1.9264855781882717
turn_right,0.49924444625832864,-0.02747695179991426,-0.49924444625832864,0.02747695179991426,1.2474212516519487,0.05883225254863161,-1.1087953477539008,0.2711234513751359,1.8666073042345486,0.028649416753887116,-0.9946833672014698,-0.6694702202372371,0.45843821309680816,1.908034820977794,-0.19219931468255724,1.9352675963364419
turn_right,0.4991611154584889,-0.028951352545901712,-0.4991611154584889,0.028951352545901133,1.249733859781283,0.05691225571794223,-1.1115407966195736,0.2581767364714876,1.8728007573215968,0.03073887048103998,-1.1131389892185142,-0.7194722195400586,0.4595091320640555,1.9039153951621468,-0.18963508040229124,1.9316398719103414
turn_right,0.4991543491335792,-0.029067778398645522,-0.4991543491335795,0.029067778398646105,1.2516457727969508,0.05641711005500948,-1.1133481501932923,0.2354936582078556,1.8776928124915209,0.035888284655201476,-1.1564088881275227,-0.7543488435672607,0.45914334649193933,1.9019874974316806,-0.18678579990614044,1.9319654418254737
turn_right,0.49915267657630047,-0.029096485470159465,-0.49915267657630047,0.029096485470158886,1.255540485368332,0.055849276765049714,-1.114866712785086,0.19116736947958274,1.8852786044753542,0.037941248879089076,-1.3379927987117097,-0.7947933593487837,0.46073588518591146,1.9049241489377011,-0.18202919491414737,1.9355306059284036
turn_right,0.49911302153107856,-0.029768972742051866,-0.49911302153107884,0.029768972742051866,1.2569685440287528,0.05528055220960857,-1.1208293302654564,0.16216603685985087,1.88764226868597,0.045592512991340345,-1.3996782211461631,-0.8117152701059586,0.4610755564193954,1.9068899646372661,-0.17882328109824877,1.937863576218781
turn_right,0.4991138334417944,-0.02975535694689043,-0.4991138334417941,0.02975535694689043,1.2596801331792629,0.054033838231779235,-1.1327556316684513,0.12194796307915579,1.8976187734903622,0.04699450379811254,-1.4733719107908447,-0.8098315012067487,0.46051243879783044,1.9044280562085627,-0.17852855947066412,1.9376739176710323
turn_right,0.49908253612753434,-0.03027576807462517,-0.49908253612753406,0.030275768074625748,1.2645085231042865,0.05282017552232694,-1.1393205087348932,0.1114952430883995,1.9072296587259703,0.04679305257062295,-1.4814844999971999,-0.8080311607507035,0.45980563849916734,1.9024372748630318,-0.17848158910080245,1.9381674118390428
turn_right,0.49906445955036516,-0.03057229487136899,-0.49906445955036516,0.03057229487136957,1.2636592518317198,0.052162074493866624,-1.1466772529850937,0.10619410948373427,1.909414693933115,0.04647919355241724,-1.439901239300715,-0.8372098842967379,0.4599896383964105,1.9029516089751202,-0.17800425177236345,1.9402590323376543
turn_right,0.4990503932516785,-0.030801055101163367,-0.49905039325167877,0.030801055101163367,1.2631313630432375,0.05175499715602076,-1.1462073179578933,0.10807965322991384,1.9123382224423393,0.04615616385243017,-1.4143661570364894,-0.843501123159582,0.4602300270794676,1.903523702653619,-0.17693215717125535,1.9405651123512309
turn_right,0.4990354334490459,-0.03104248962829676,-0.4990354334490459,0.031042489628296182,1.2590302851654258,0.05088218137206498,-1.1386364012193635,0.13792965690462636,1.9077911821145561,0.043616482318074246,-1.1877833661347454,-0.8396256672985838,0.46047517742429733,1.8940014312983973,-0.17368495328220923,1.931607293594121
turn_right,0.4990550306246395,-0.030725826404510517,-0.4990550306246395,0.030725826404509944,1.2591210848480796,0.049875801682021825,-1.1347433935610693,0.153040241338967,1.9109779122488966,0.04149388437212854,-1.0930207216309433,-0.8248016951406391,0.4606861747745471,1.8894579379738443,-0.1715785441099937,1.9273741586572548
turn_right,0.49905728116923503,-0.03068925075610762,-0.4990572811692347,0.03068925075610762,1.2623982065271897,0.048447518961729864,-1.130552487991751,0.1754787826159264,1.915610177565608,0.034062105436641614,-0.9839525671272988,-0.7637277986035022,0.4632782947527503,1.8890195292695702,-0.16930255424044277,1.9271178725518552
turn_right,0.4990461588367166,-0.030869586170188625,-0.4990461588367163,0.0308695861701892,1.2611192171111543,0.047334683696118235,-1.1270105100586452,0.18260299539965838,1.914756065073318,0.029003607885722232,-0.9668380288455025,-0.7269474056219037,0.4630031129905791,1.8867595102407433,-0.16918393591433425,1.9253926808555144
turn_right,0.49898640713240566,-0.031820834324278166,-0.49898640713240566,0.03182083432427759,1.259761753949996,0.04669455659521956,-1.1255099598008267,0.18530787399190968,1.916038470198892,0.02721337687649204,-0.9725683630782027,-0.7198930584665914,0.4629098103322257,1.8840387035268231,-0.16876077346202928,1.9237248166224477
turn_right,0.4989393292071911,-0.0325506646672279,-0.4989393292071908,0.0325506646672279,1.2589972266637168,0.04427950599924635,-1.1237462013264332,0.1837577619447599,1.9187395212794074,0.02593528387542852,-0.9846138878962262,-0.7234814319536896,0.46178787904933744,1.8810862769644368,-0.16856538116263892,1.9210808668058779
turn_right,0.4989977414105353,-0.03164259893220758,-0.4989977414105353,0.03164259893220701,1.2633549506589778,0.042048422732296274,-1.127414167087348,0.17072313122214924,1.9290534713823948,0.026446030514676953,-1.162832056934497,-0.8029174744932434,0.46237268476440185,1.8922390524392767,-0.1704036600497561,1.928366882839358
turn_right,0.498991953683142,-0.031733738504643054,-0.498991953683142,0.03173373850464363,1.2611328403645843,0.04147020423577681,-1.1310651343992244,0.15698197429974822,1.927788356331576,0.02537535205016474,-1.2696394807467748,-0.8225175452210489,0.45971705227418436,1.8961862555519866,-0.17333939564369907,1.9295714210616128
turn_right,0.4990031373869381,-0.03155739022784881,-0.4990031373869378,0.03155739022784938,1.2602577889533289,0.04058916276709207,-1.145361450093684,0.1007796164229948,1.9249444614019076,0.02414702003322624,-1.4444047184856732,-0.8441956675350195,0.4592792519933914,1.9021662323113755,-0.17388017915629736,1.9329535798846684
turn_right,0.4990413392933144,-0.030947401770343174,-0.4990413392933144,0.030947401770343174,1.2619260193187862,0.04008025933890631,-1.1497751717730917,0.07173983939898673,1.924186146579609,0.025127018963694132,-1.5042127290067373,-0.8383981276721456,0.45804776516903845,1.9020727486490865,-0.1748799512951065,1.9342501611019345
turn_right,0.4989877228195446,-0.03180019615293786,-0.4989877228195446,0.03180019615293786,1.2564283645632006,0.038254343446912475,-1.152468232515665,0.07643909030402223,1.9127761183994743,0.023863622380485373,-1.5456096089782334,-0.7955140629889289,0.4522311156733859,1.895946884408577,-0.17876412096969252,1.9315252128872575
turn_right,0.49871788954266105,-0.03578360867931216,-0.49871788954266105,0.03578360867931216,1.2542416652172792,0.03309443254824664,-1.152842776090942,0.07577278185939464,1.9055986090367707,0.019438818440130574,-1.5354032239705904,-0.7844537836860856,0.4503077582787315,1.8878842845417698,-0.17940817872513098,1.9249579808797728
turn_right,0.49866351330353925,-0.03653355306798208,-0.498663513303539,0.036533553067981506,1.2563484910504668,0.03291012213205753,-1.1568294029630262,0.07813922797619922,1.9124607072877633,0.01795460705997919,-1.4778622559280195,-0.8184120477977813,0.4504906217668414,1.889813967534847,-0.17981514817559135,1.9262147834320629
turn_right,0.49864775632039116,-0.03674799472950613,-0.49864775632039116,0.036747994729506704,1.2520219799638068,0.03378474264139361,-1.1466063413386642,0.1268396176400228,1.9144411693938521,0.010020953482948054,-1.2618350644782217,-0.8222322119732928,0.4523025311909416,1.8902459039829431,-0.17819992682158667,1.9250134304461894
turn_right,0.4986394464902193,-0.03686058062385609,-0.4986394464902193,0.03686058062385552,1.2462503864986119,0.035528693405401206,-1.140790873986694,0.13540458326369317,1.91207493711085,0.002756543942370015,-1.1687230900924837,-0.8198833704068973,0.45273703035894847,1.884833811501947,-0.1762629736402213,1.9186793201702916
turn_right,0.4986424950035613,-0.03681931798150733,-0.4986424950035613,0.03681931798150791,1.2450546244525604,0.03664287054474979,-1.135631410419098,0.14345453071789177,1.9135842206435714,-0.0006994933850243178,-0.9953461532613345,-0.7706585340416946,0.4527853182435912,1.885370773345788,-0.1765819101646672,1.9190771297930564
turn_right,0.49869882837806334,-0.036048281156620406,-0.4986988283780636,0.036048281156620975,1.2442776560418434,0.0366796019283219,-1.1267888434361315,0.15485696801167692,1.917430901559336,-0.0023639939581863918,-0.927695470909521,-0.7027146229724395,0.4529850965954628,1.8847798333375378,-0.1765710386241551,1.9157565372493326
turn_right,0.49861266923819697,-0.037221043445346526,-0.49861266923819697,0.037221043445346526,1.2413020296245245,0.03887102228151975,-1.126123389159471,0.1568694846020459,1.9176634601435565,-0.0033120611806681842,-0.9894858375980619,-0.7074701996912426,0.450791165524388,1.8838501570246213,-0.17738001166839285,1.9132939291404147
turn_right,0.4988237866922741,-0.03427579072728509,-0.4988237866922741,0.03427579072728452,1.2432835534721494,0.04015136161523764,-1.1269105553941303,0.15744041346613313,1.9177585400284725,-0.03784172894904647,-1.0639629194094347,-0.7923149581881013,0.45325303661316896,1.889206770300618,-0.17604182401662438,1.9198427696061748
turn_right,0.4990266305649344,-0.031183681421675036,-0.4990266305649344,0.031183681421674464,1.2398367834605697,0.041502322235209436,-1.1318670445508885,0.1627012313871056,1.9095750554070379,-0.05292913758629633,-1.0480825559712894,-0.7844079423832426,0.4543398881221881,1.894584512235441,-0.17549588034338015,1.925936899808891
turn_right,0.49915456638505046,-0.029064047497763538,-0.49915456638505046,0.029064047497764114,1.2311667015751449,0.04369106643165118,-1.1291841868147816,0.1660285807889595,1.9040628982698156,-0.05499828708141905,-1.0066734593910107,-0.759654929387652,0.4598863097248912,1.896276560734336,-0.17019396033808967,1.9299315475083332
turn_right,0.4992003297456009,-0.028267132537335864,-0.4992003297456009,0.02826713253733529,1.2265529702889655,0.04423265152683667,-1.1260183004141011,0.16649345971892568,1.8981349560574936,-0.05951417720319499,-0.9962881119490503,-0.751192404329166,0.46159812485949936,1.8933789641576138,-0.16708323504198894,1.9275811776408829
turn_right,0.4992459448696836,-0.027449709127362356,-0.4992459448696836,0.027449709127362356,1.2181188673199708,0.044284525752401306,-1.1199585357733015,0.16824902773360156,1.8839710668806244,-0.06886954401707637,-1.0287386008270498,-0.7529190678163902,0.46460565080258565,1.888639389138838,-0.16357564284196907,1.9244013680945549
turn_right,0.4992750420631461,-0.026915281400044067,-0.4992750420631464,0.026915281400044067,1.2194258061148717,0.043965471163060474,-1.1195974115159515,0.17916939858459927,1.886245678883248,-0.07464062914846699,-1.1015935016635707,-0.7680228460979133,0.4658365999505697,1.8905041545961103,-0.16322243698472402,1.9267190949397957
turn_right,0.4992747450066249,-0.026920791195089853,-0.4992747450066249,0.026920791195090426,1.221311596567111,0.04183913935854551,-1.1171731566298546,0.1795132727304294,1.8922308316072978,-0.07605236436259902,-1.1459068003349977,-0.7771477524627526,0.4662626047876728,1.8901523610228763,-0.16394866614453998,1.926587361360112
turn_right,0.4992698694600181,-0.027011061611429608,-0.4992698694600181,0.027011061611429608,1.233750766723679,0.040482291888694344,-1.1233844967036042,0.177429233032665,1.908937772608334,-0.04671197649568755,-1.3766821356141037,-0.7811598883538932,0.4670507061285472,1.8958240256067644,-0.1657554435522216,1.9324785181795423
turn_right,0.4991944114485505,-0.028371457109836393,-0.4991944114485505,0.028371457109836972,1.2464391227147738,0.038724748145671326,-1.131830450923426,0.17158790484769876,1.9219672936288381,-0.02074827805510718,-1.4422063094534838,-0.7734395798044823,0.46767304871464255,1.9066601828232215,-0.1676882982658805,1.9432661468926251
turn_right,0.4991549300447546,-0.029057801224736283,-0.4991549300447543,0.02905780122473686,1.2583762964400533,0.03623021557752001,-1.1364668629654073,0.16982346945705035,1.926364285635831,-0.004512493603085111,-1.498411547496711,-0.7544613690839775,0.46749985933276983,1.9073331997385599,-0.1681186058009958,1.9449209807529964
turn_right,0.4989328373535043,-0.032650020067092424,-0.4989328373535046,0.03265002006709185,1.2611254661828641,0.029519761940322815,-1.1381164305594786,0.16574791545239065,1.9278341949770263,-0.007044710390431458,-1.4939301726200143,-0.7440762609619641,0.4672792766118317,1.9044768892290869,-0.16875403983480322,1.9430494829173384
turn_right,0.4989094590928223,-0.03300532726253971,-0.4989094590928226,0.03300532726253914,1.2607721842557857,0.028765584461330203,-1.1385529478753103,0.17237652238346654,1.9252933395088443,-0.007525415450865663,-1.449352557436255,-0.7696023542335183,0.4695216574513127,1.8991388931796032,-0.16441338581569748,1.938554593913025
turn_right,0.4987785609320625,-0.03492774190440423,-0.4987785609320628,0.03492774190440423,1.260293804895414,0.026164029816587,-1.133752363188819,0.18373544926820137,1.9251132623232465,-0.008843800484932055,-1.3485529668418206,-0.7676095805933429,0.4727728480431221,1.8997094510267407,-0.159906828238941,1.9393840886466551
turn_right,0.4986986578942717,-0.03605063958450904,-0.4986986578942717,0.03605063958450904,1.25750611566019,0.02260765327527552,-1.1265346399667384,0.18197830969964898,1.9206559103166592,-0.016855824515290514,-1.0713593602966258,-0.7696338414925948,0.47409580952011354,1.8898048574844006,-0.15467844668021585,1.9289959489331232
turn_right,0.49864317212208775,-0.0368101466449401,-0.49864317212208775,0.0368101466449401,1.2541766118878959,0.021987691628326405,-1.1241303474044089,0.17734859425393035,1.9172447888115924,-0.027237240009298086,-1.0004514235047792,-0.7677020766166253,0.4729470260135241,1.8826389579631653,-0.15425962890978556,1.9223177198171872
turn_right,0.4985898757576968,-0.037525135468437845,-0.49858987575769653,0.037525135468437845,1.2414511153378454,0.021057088299413867,-1.1209548323478067,0.17662979106682594,1.9086855156400753,-0.042079025080635046,-0.9284949572102861,-0.7280898834909842,0.4729873425547208,1.8789310470487957,-0.15329245630944763,1.9206737388802273
turn_right,0.49854656648612905,-0.038096207749483885,-0.4985465664861288,0.03809620774948331,1.2327534386884793,0.021752457114390347,-1.1175604238160761,0.17718402283087406,1.898697149450169,-0.04857069760643585,-0.9259727121445557,-0.7079416606953126,0.4725512838021656,1.8735155359371964,-0.15294376251299244,1.916074496393846
turn_right,0.49845104591622375,-0.03932626126422989,-0.498451045916224,0.03932626126423046,1.232203376559952,0.02191377610370372,-1.1184773150394947,0.17819817768238827,1.8983945440714745,-0.05230942620503897,-0.9746043416794101,-0.7128772620043344,0.470429342766376,1.8723162534500057,-0.15435966716051436,1.914011248034466
turn_right,0.49844075094810286,-0.039456530439095715,-0.49844075094810286,0.039456530439095715,1.229753844784989,0.02190876971783717,-1.1194273494222038,0.17931612293620083,1.8941691907129181,-0.05519154347705353,-1.0032745888416463,-0.7213167026956872,0.4674286461489559,1.8714611154470706,-0.15728162976607146,1.9112484683096753
turn_right,0.49841162039706527,-0.03982281573635373,-0.49841162039706555,0.03982281573635316,1.2318724326850978,0.022179456644568957,-1.1209956611746938,0.17858662236565045,1.8945510764495286,-0.060016646700364745,-1.2022966640959478,-0.7657664153378946,0.4678784639710647,1.8730207927813827,-0.15703827894217767,1.9124014885564673
turn_right,0.4983245339205078,-0.04089815268332365,-0.4983245339205081,0.04089815268332365,1.2333519316860881,0.022643971503129117,-1.12779530154758,0.16981036704680438,1.8967560475058958,-0.06201166054248393,-1.3013502793081246,-0.8026802200965932,0.46723469696020536,1.8783408442810416,-0.1601391391200936,1.9176192367969243
turn_right,0.4981356863644935,-0.043137431195828,-0.4981356863644938,0.04313743119582857,1.2436093454826131,0.019059853835691743,-1.1481849958669224,0.1372418191616088,1.917479485308535,-0.05336716230467899,-1.5071250875871935,-0.8035829251315777,0.4636552684241792,1.8770234125602525,-0.1649993592801296,1.9158776086253986
turn_right,0.49809351287291376,-0.04362169682532155,-0.4980935128729141,0.043621696825322125,1.254918938142197,0.017936030447034807,-1.1568484404191155,0.10954090206502927,1.9305251342750478,-0.04263286859840231,-1.5638559041139741,-0.7856272453638088,0.4605326677340999,1.8775875173026324,-0.16859401261794138,1.916808901220395
turn_right,0.4982806163197777,-0.04142978879963797,-0.4982806163197774,0.04142978879963797,1.2643451442194529,0.015352884078914922,-1.1618775625954703,0.10884243124637713,1.9268872914106598,-0.020968581070157807,-1.6088125425397344,-0.7096497708363009,0.4546149510225835,1.8785842425314774,-0.17437337781645135,1.9147335698651962
turn_right,0.49837007723277726,-0.04033938669582906,-0.49837007723277726,0.04033938669582906,1.2669172565195854,0.013866205657545866,-1.163361219269079,0.10435405548652366,1.9286719938386137,-0.0016521742688914705,-1.619640035365737,-0.7040769801685358,0.45383858974903063,1.8802902012739144,-0.17616740317656523,1.9146086239835527
turn_right,0.49831239706407326,-0.041045766313438946,-0.49831239706407326,0.041045766313438946,1.2669981740743503,0.012339056800024908,-1.1628445632365871,0.11441850987797017,1.928255154243125,0.004295076726949972,-1.5430385129775694,-0.7333504087666836,0.4543144193281381,1.8810691803513708,-0.17613053134144532,1.9167201575591635
turn_right,0.4981320277498663,-0.04317965875046291,-0.4981320277498663,0.04317965875046234,1.2669340260141988,0.009955821135949092,-1.1625817877944447,0.11883584756433081,1.9277450365878628,0.005803301909790626,-1.541152768412504,-0.7841245826605464,0.45505816376423514,1.8807919608120316,-0.17570757668447304,1.9164725513277092
turn_right,0.4981137093852116,-0.043390465801888364,-0.49811370938521193,0.043390465801888364,1.2646457254180883,0.009880434015365343,-1.1490308998062426,0.15571237194203796,1.9239705229121618,0.00887496077305422,-1.2106332799613466,-0.7900478014822889,0.4544619167588411,1.8766376549264674,-0.17582648066816298,1.9124429404172771
turn_right,0.49814942134153456,-0.04297852972234037,-0.49814942134153484,0.04297852972234094,1.2632476247211175,0.01015564790621282,-1.1438809160930905,0.16665493995422398,1.9226878162814467,0.010119526346455236,-1.1045960854581558,-0.791370075215278,0.45408214035811556,1.8753591857072254,-0.17515465519018877,1.9107528914138563
turn_right,0.4980190433826954,-0.04446383281033016,-0.4980190433826954,0.04446383281032959,1.2598800611666205,0.008084611809125277,-1.139523673311275,0.1687175697556707,1.9157323399377473,0.008101702144475482,-1.118786640296117,-0.7961688855327227,0.4514089373447695,1.8711301870256118,-0.17564641819711319,1.9041989056228186
turn_right,0.497934736589075,-0.04539821690296454,-0.4979347365890747,0.04539821690296454,1.2589847918320232,0.008869794111284,-1.1390257234162835,0.1727108703427527,1.9149162825390915,0.006052779076187123,-1.1583211835483922,-0.8019490743277883,0.4511106211330347,1.8706578554210609,-0.17551484274105064,1.9022805319870564
turn_right,0.49794425622028626,-0.04529368275185963,-0.497944256220286,0.04529368275185963,1.2535525618170842,0.010644567569994271,-1.1396366816801502,0.1730471061276578,1.9136292523338174,-0.004447636533290565,-1.0508265090246869,-0.794994827745307,0.4502970339080808,1.8687215226855407,-0.17511193912039935,1.8998046621719185
turn_right,0.4979717019803008,-0.04499093271807566,-0.49797170198030105,0.04499093271807566,1.2496614141474511,0.011498935586645932,-1.139489108167532,0.17334160494446013,1.9136828243520432,-0.008373838088288153,-1.0066472670790585,-0.7811115465999734,0.45044343653868607,1.8638797109106566,-0.17591094525571124,1.891736710338036
turn_right,0.49811336656784166,-0.04339440109566141,-0.4981133665678414,0.04339440109566141,1.2469087959861982,0.015145870999885054,-1.1392067530454282,0.17474415361780618,1.9153734374831914,-0.00860905346064085,-0.9575386096445807,-0.7457515359135714,0.4528391690100362,1.8660823794637775,-0.1746289185060706,1.8922815838296985
turn_right,0.4981632375205603,-0.0428180894369871,-0.4981632375205603,0.04281808943698767,1.2450742013239764,0.015995457003297697,-1.139742823036725,0.17136131847099909,1.9167711303738344,-0.011851239208572995,-0.9541112014341355,-0.7432048003842561,0.4531943202805219,1.866132462026759,-0.17441224149478013,1.8916776264780781
turn_right,0.4981513318899848,-0.04295637945910048,-0.4981513318899848,0.04295637945910048,1.2418868960864926,0.016577670033274507,-1.1380609428314006,0.17142492749862578,1.9155196878209009,-0.011146315368994426,-0.9980940736772905,-0.7452241713641196,0.4498763144293494,1.860102791529353,-0.17611845158414985,1.8857860196222513
turn_right,0.49803261464551324,-0.044311564510336326,-0.49803261464551324,0.044311564510335764,1.2406383365484184,0.017529827285074587,-1.1373542817916216,0.17160795821096286,1.9183687039828685,-0.010810734055982351,-1.0145812985154932,-0.7634228300325763,0.44870774507374656,1.859617194558442,-0.17663077125462953,1.885205852305382
turn_right,0.4980255708587081,-0.044390660851780964,-0.49802557085870836,0.044390660851780395,1.240361029365477,0.017232685503354817,-1.1408908268835298,0.17528582408718105,1.9177415135682498,-0.011551890256727239,-1.0672748163622086,-0.7789363035489538,0.449094342554635,1.859153418860733,-0.1764427771876835,1.8862001335659717
turn_right,0.49805326168588243,-0.044078889777918684,-0.49805326168588243,0.044078889777918115,1.2448022534525627,0.01512067203018274,-1.1403136960143643,0.17091253510832588,1.928494984049568,-0.011410028904211654,-1.2546969138162432,-0.7870680986708408,0.4496755679632604,1.8610166943557254,-0.1767123296484498,1.8855315731827487
turn_right,0.4980950678487144,-0.0436039377210876,-0.49809506784871466,0.043603937721088164,1.2501827646106431,0.014508020152257224,-1.1440427089825653,0.1662212520055601,1.937281554929107,-0.018788272209832046,-1.3504861277677482,-0.8048551976215113,0.4496726067919594,1.8647837585296663,-0.17795597456373938,1.888073786706783
turn_right,0.4982019295018766,-0.04236552183801282,-0.4982019295018766,0.04236552183801282,1.2609488306036822,0.014830059110418544,-1.1580277399375998,0.15592473805556112,1.9536139067254803,-0.017113915928133345,-1.444217156554836,-0.7946149501862217,0.44559676920867747,1.8773013156553644,-0.18585196741143528,1.9012819975207689
turn_right,0.4981873146820563,-0.04253703668430161,-0.49818731468205657,0.04253703668430218,1.2666933476365578,0.014951940060031022,-1.1662362739260297,0.15318162376372615,1.9589005316639887,-0.017204470234824777,-1.46373815528379,-0.7921331814178675,0.4448791283060665,1.885937006367596,-0.1895601293286935,1.9106355535637098
turn_right,0.49819033193142775,-0.04250168432019899,-0.49819033193142775,0.04250168432019899,1.2656617537850718,0.014738412642197475,-1.164789061333176,0.15756958772224616,1.952925454318964,-0.022254851233547188,-1.4062298662515178,-0.7983654654558002,0.4459223889258236,1.8850487744474815,-0.1877554833927875,1.911186598554507
turn_right,0.4982398213709651,-0.041917542869649736,-0.49823982137096484,0.041917542869649736,1.2622557857805337,0.015283718659063512,-1.16555732599933,0.16218213786049868,1.9374101837443882,-0.03446131476693911,-1.3593537783832172,-0.809140759575332,0.4474247268670075,1.886062594195223,-0.18727749371908223,1.9118882446282477
turn_right,0.49829413157183367,-0.04126691702892453,-0.49829413157183367,0.04126691702892396,1.2537241150631142,0.017593747107985377,-1.1605950369673932,0.1626636455278406,1.9193170011725758,-0.04984663012588328,-1.1133839214991763,-0.8044516662322817,0.44741711713078075,1.8763150999241702,-0.18462129670766933,1.8993839295003763
turn_right,0.49831846188394696,-0.040972070311583515,-0.49831846188394696,0.040972070311583515,1.2393409468938663,0.020243338937409452,-1.1561833457040815,0.16335793328238415,1.902221627819989,-0.053648969663353044,-1.0393575439531701,-0.7949892324204488,0.44605407730223073,1.8663583342003525,-0.1837806581660148,1.8883740836667913
turn_right,0.49831003710812793,-0.04107440708392743,-0.49831003710812793,0.041074407083926866,1.2280495811345833,0.021006798394440862,-1.15089914621327,0.1612968376251928,1.8941490578661142,-0.05093245015399234,-0.9923216991628263,-0.7846465831195418,0.446081079332212,1.8587643539580812,-0.18251186772114628,1.8824563947594164
turn_right,0.498313988635233,-0.041026439407347785,-0.498313988635233,0.041026439407348354,1.226928119529479,0.02156339354399291,-1.1496202985062454,0.16119968302490648,1.8935305920589645,-0.04591253109660441,-0.9866778916603913,-0.7692859923979516,0.4457610612626476,1.8563012281726188,-0.18231680823329874,1.8806991061326541
turn_right,0.49827934907463667,-0.0414450272741644,-0.49827934907463695,0.0414450272741644,1.2274207853626746,0.02097371617659779,-1.1494688573746936,0.16868106491055765,1.9026107579083031,-0.04159549048863661,-1.026442851507883,-0.7682719770263926,0.44576275098799617,1.8571544334580574,-0.18223616789747707,1.8810080881212974
turn_right,0.4982456805409669,-0.04184784130954394,-0.4982456805409669,0.04184784130954451,1.2278333723995334,0.019804926258311834,-1.1493531261207983,0.175387577337122,1.9056247163422044,-0.03944895827162813,-1.0321938206049333,-0.7681267155928937,0.44527363809970416,1.8560722256557576,-0.18499809468702028,1.87950576097433
turn_right,0.4982563789960916,-0.041720268332110254,-0.4982563789960913,0.04172026833210969,1.2321067007308122,0.020069435252470277,-1.1486774206203676,0.17211950912278706,1.9055654736878918,-0.03399743049689902,-1.2256731312106945,-0.7799747601043788,0.4442737588055755,1.8573951362587677,-0.1870442630191656,1.8792603949516204
turn_right,0.4981201561166706,-0.043316394936602255,-0.4981201561166706,0.043316394936601686,1.2381162669500774,0.018362913395908714,-1.1480581296361552,0.1692394592260291,1.9082978743775427,-0.025182610765290162,-1.3193690715302717,-0.7945829921240631,0.44367746678895964,1.8554033068459952,-0.18733344116434583,1.879143388737971
turn_right,0.49804751331681457,-0.0441437932096626,-0.49804751331681457,0.0441437932096626,1.248663356995515,0.016901813998936966,-1.1539648758682521,0.16602526437768622,1.9187391893350465,-0.017960007998392674,-1.4293035501052467,-0.7720334926934982,0.44307515648450346,1.8597726933482222,-0.19040263988333855,1.88371814823845
turn_right,0.49803925282772493,-0.044236892327577125,-0.49803925282772465,0.044236892327577125,1.2503864261726398,0.01687225270278903,-1.154159188864906,0.1660388074706918,1.9194161699078227,-0.016885067388061493,-1.4483017683746793,-0.7453514350182049,0.44380017111359704,1.8582756022865732,-0.19090290486652772,1.8833240899021955
turn_right,0.49797819499516116,-0.04491900833011816,-0.49797819499516116,0.04491900833011873,1.2534628329637791,0.016120854421356197,-1.1547954390132562,0.16651411672521857,1.9206304330496828,-0.016574342330810093,-1.439622387118943,-0.7437492527293715,0.44357642900415845,1.8593203401845058,-0.19199474799406085,1.8835006311093212
turn_right,0.4979211765881312,-0.04554670026567165,-0.4979211765881315,0.04554670026567108,1.2545349512120594,0.01590640798722503,-1.1595416066042183,0.16691925369560479,1.921115331518738,-0.016052992763532135,-1.4386431656431893,-0.7490865848780088,0.44341868702472487,1.8610747937902987,-0.193044997918738,1.8844906794097886
turn_right,0.49813073746913494,-0.04319454118815901,-0.4981307374691352,0.04319454118815958,1.2557468632794113,0.01855200484120756,-1.158031078443915,0.17110792531043773,1.9235723204454689,-0.012723865078391629,-1.3649691776528419,-0.7724992738894728,0.4428434068925011,1.8593098634159515,-0.19455199284222194,1.880321419944155
turn_right,0.49804260173178116,-0.04419917261938699,-0.49804260173178116,0.04419917261938699,1.2545197960748282,0.01913163230293811,-1.1538815905127555,0.18025806688750465,1.9224967541162403,-0.01135872960572226,-1.2438802175724606,-0.7876185274997481,0.44243192434768774,1.8563570793837916,-0.19435123500731716,1.8763373492425155
turn_right,0.49802830071257304,-0.04436002354988977,-0.4980283007125733,0.0443600235498892,1.253350292633941,0.01899511409180009,-1.1522229249182159,0.18098049953964196,1.9263462505740534,-0.011492927302555671,-1.0821238269992137,-0.7832385681017429,0.44174207318594405,1.8533338094584078,-0.1942822437277434,1.8736045307085993
turn_right,0.4980783206793311,-0.04379482240239602,-0.4980783206793311,0.043794822402396585,1.2486272455840308,0.020355730283859903,-1.1524120895393448,0.18051055291208243,1.9181100575670238,-0.018419499411840796,-1.1303249156377875,-0.7984745147234467,0.4438888809838892,1.859367085651983,-0.19203316551928834,1.8786995038752334
turn_right,0.4980278890033792,-0.044364645550683465,-0.4980278890033792,0.044364645550683465,1.2465234467868922,0.02002353515577063,-1.1637831722963001,0.18427302193110318,1.9160505354810229,-0.026122521975176633,-1.3201861599752136,-0.8040210192928604,0.44511171295946167,1.8568583014663271,-0.19078290203910234,1.8769435249207167
turn_right,0.4979643166550924,-0.04507260074842316,-0.49796431665509266,0.04507260074842316,1.2438365827149016,0.02082195038477336,-1.1607593706196435,0.2045068848545528,1.9106220919088996,-0.02633780740029556,-1.2142451309631122,-0.7975682988728725,0.4451450739136721,1.851999960426274,-0.1886485221080261,1.8730428165241766
turn_right,0.49801362549772626,-0.044524474377702065,-0.498013625497726,0.044524474377702634,1.2426169573991688,0.023038137779958417,-1.1600087659452005,0.20395067828252875,1.9137826376604328,-0.02142307395231623,-1.025179639896755,-0.753685666314341,0.44572805814124133,1.856690221673835,-0.1906831786211497,1.8771987083649018
turn_right,0.4980263041765197,-0.044382432879197915,-0.49802630417652,0.044382432879197915,1.2422576987451925,0.024231240049889975,-1.1576326006263309,0.20921843715319557,1.9152123220645378,-0.010738866285773748,-0.9786578113839859,-0.7112254134264533,0.4460479724234384,1.8546652930772747,-0.19057232583771963,1.8755136388174145
turn_right,0.4980384797767275,-0.044245594828030206,-0.4980384797767275,0.044245594828029644,1.2421564546563193,0.025132905547209344,-1.156034984101884,0.2127886689870897,1.9166732465324334,-0.004493369082604923,-0.968650353109748,-0.6933622961513537,0.4462479417515138,1.8536463258561806,-0.19067840068824463,1.8747336485392097
turn_right,0.49808409061647096,-0.04372915131537679,-0.49808409061647096,0.04372915131537622,1.2419470718404817,0.025044012524152056,-1.1552994242501335,0.2120110787220418,1.9160057264335866,-0.0037571340007754054,-0.9891665314570393,-0.698920886954097,0.4460600887406497,1.8528892924206157,-0.18906166052404103,1.8740100346880142
turn_right,0.4981424720677772,-0.04305900047845708,-0.4981424720677772,0.04305900047845764,1.2426314401682423,0.025951312883817485,-1.1571169947959195,0.2126432441321982,1.9124074236573523,-0.0008357787861752153,-1.0758625355935254,-0.7270204206790631,0.4457860355295212,1.8538006623320082,-0.18931651182357542,1.8737484460267126
turn_right,0.49817488248731384,-0.04268239049949077,-0.49817488248731384,0.04268239049949133,1.2429294850297903,0.025449343090618526,-1.1553474661145358,0.21061967013022243,1.909627781508798,0.00013684775662067516,-1.123461018909849,-0.7583440462598866,0.4457822335541841,1.8553004045105732,-0.18914170739319533,1.875343041885193
turn_right,0.49817581870960814,-0.042671461810111055,-0.49817581870960786,0.042671461810111055,1.2432971738591019,0.025355691934852893,-1.1523617334692928,0.21064300361810026,1.908742108170097,0.00044965043478052474,-1.1919275718904947,-0.7629677446502195,0.4454783780830455,1.8561762265496182,-0.19012742919331974,1.8755612957283567
turn_right,0.4981728231445061,-0.04270641966066291,-0.4981728231445061,0.04270641966066234,1.2467809221996835,0.0238078665682893,-1.1589438787699784,0.2037815085112498,1.908376042314321,0.002517611877086314,-1.379964337673062,-0.7643836721120244,0.44770763199284025,1.856299472238828,-0.18908970406582004,1.8797302398806552
turn_right,0.49815954738925633,-0.04286100027917331,-0.49815954738925633,0.042861000279172744,1.2489898242310626,0.022337926560189257,-1.1629770280956708,0.20849837757580875,1.910286001977247,0.0061674579059752595,-1.4714379217397682,-0.7129793122843362,0.447628659864183,1.860156604029073,-0.19051320934310906,1.8845435535410615
turn_right,0.49818038945306753,-0.04261806617374993,-0.49818038945306725,0.04261806617374993,1.2511440871074808,0.022266710971779794,-1.1683073863339837,0.2099743373066914,1.9086474337983421,0.0077440321881423885,-1.4945556694528181,-0.7028063126294782,0.4469704406783651,1.8654563003862965,-0.19313908752658543,1.890746955501967
turn_right,0.4981628692473435,-0.042822373862903274,-0.4981628692473432,0.042822373862903274,1.2529840908139755,0.020268378065286263,-1.1708867721756067,0.20941408155498883,1.9093253625286994,0.008932224885500072,-1.442779223416638,-0.7225135134457398,0.44977746635676785,1.8629378022506509,-0.18827641809376905,1.8918224925701432
turn_right,0.49817114967534276,-0.042725936281693744,-0.4981711496753425,0.042725936281693744,1.252348443387744,0.019456896373964135,-1.169490087202235,0.20889602305169871,1.9082993666109818,0.009989594975228708,-1.4031945663398322,-0.7430860588285237,0.4511556563210961,1.8589789720471164,-0.18331918743609896,1.8893212570033704
turn_right,0.49818146798354385,-0.042605456901213284,-0.4981814679835441,0.042605456901213284,1.254146745523482,0.018397533359032523,-1.1682379631112219,0.2091335191669612,1.913931680753056,0.012083585821826023,-1.3875383718330097,-0.7679719357355874,0.45145023336950735,1.8576188396566369,-0.18142318982696695,1.8881550004290355
turn_right,0.49819725645412216,-0.04242043919604707,-0.49819725645412244,0.04242043919604707,1.2539449689954338,0.017804743784894658,-1.1626635764399653,0.2046474385726455,1.9176142390625157,0.011656137777084652,-1.0940691858502056,-0.7677378323868858,0.4519687943397595,1.8549132998448683,-0.18011406146520917,1.885435808764722
turn_right,0.49821462197604277,-0.04221599755150611,-0.49821462197604277,0.04221599755150611,1.25310835915142,0.01797719239544971,-1.1578760981003446,0.20400920008531673,1.9187236153131209,0.014165207816027004,-1.0164410194052975,-0.7561112712231792,0.4522375963284407,1.851856347235199,-0.1788311231215811,1.8827752982846029
turn_right,0.4983241069782378,-0.04090335443874755,-0.4983241069782378,0.04090335443874755,1.2551712953238399,0.01652974204538598,-1.143920550015395,0.20243819816348357,1.924589030273859,0.012637073155069428,-0.9438825891189111,-0.7118280822762827,0.45251442578209544,1.8501172471911642,-0.17869606833572352,1.881327753505191
turn_right,0.49835849571884877,-0.04048221516723492,-0.4983584957188485,0.04048221516723549,1.2554943095900655,0.016299847411699684,-1.1370368658937848,0.2021583845130418,1.925506500531415,0.010567768346976212,-0.9303707192845473,-0.6944624137387223,0.45267869776055925,1.849865616948307,-0.1783338947690571,1.8811703164532956
turn_right,0.4983565739606785,-0.040505866120537165,-0.49835657396067823,0.040505866120537734,1.2545836616400874,0.016296443849172053,-1.1379196891056211,0.20202911992390957,1.9137021755502546,0.009512504462983913,-0.9899631079260535,-0.7038883086245573,0.4518606152392627,1.8509110656452248,-0.17902828651273878,1.88191625977295
turn_right,0.4983653383155655,-0.04039789060844497,-0.4983653383155655,0.04039789060844553,1.2542712060695969,0.01663792328888169,-1.138448105450954,0.20178018222089922,1.912952937803622,0.009476452712802879,-1.0218851484205151,-0.7129518842691208,0.4517015781920942,1.8502009617417683,-0.1786425498308129,1.8811354409016365
turn_right,0.49835758112144646,-0.040493472792302414,-0.49835758112144646,0.040493472792302414,1.2544973675042512,0.015520291231660132,-1.1386739749491694,0.20155104550090877,1.9111616112157956,0.009426195955943763,-1.1903724133692926,-0.7536023218037056,0.45218114661284364,1.8505992028921505,-0.17894282809619225,1.8812504975057978
turn_right,0.4982279658693731,-0.04205822185574395,-0.4982279658693728,0.04205822185574395,1.2528712663330424,0.011885502593122889,-1.1450914998860906,0.1891274372118726,1.9069796288862246,0.00777156545150606,-1.3595216120774738,-0.7715612781098682,0.45073320568222214,1.8453545274849203,-0.17949132141313726,1.8767673074839648
turn_right,0.49812015722862185,-0.04331638214963327,-0.49812015722862185,0.04331638214963327,1.2539060863251086,0.010745930718800933,-1.1512401900438924,0.18037159677945278,1.907280643862076,0.00711333320321648,-1.4196795327381129,-0.7742892931298647,0.44984650235636436,1.843736803739214,-0.18067350926021888,1.875533550617223
turn_right,0.4980800637041562,-0.043774994465604,-0.4980800637041562,0.043774994465604566,1.255905351015644,0.0108914632441368,-1.154140966817292,0.183102699414514,1.9090302025648747,0.006183461826306843,-1.4357145465010515,-0.7330970528694071,0.4492520472095238,1.8465997989793397,-0.18360657728342328,1.8779770830089837
turn_right,0.49796482626596067,-0.045066970187839756,-0.49796482626596067,0.045066970187839756,1.2533314621466685,0.010226079161490355,-1.1540088840247542,0.18171786125324016,1.9104905728600285,0.005058805408620974,-1.4188243290866358,-0.739059273846806,0.446870276939256,1.8408809482198285,-0.1854977843261901,1.8717792948723304
turn_right,0.49784246211673566,-0.046399169319576695,-0.4978424621167354,0.046399169319576695,1.2523151608239804,0.011566570003423635,-1.1527683693710522,0.18685984937150604,1.9101597320479597,0.0027809297676210537,-1.3922150873127355,-0.7484787292824361,0.44624074782490686,1.8431593761194724,-0.18644287597355838,1.873273447778148
turn_right,0.4978566009310813,-0.0462472151523761,-0.49785660093108103,0.04624721515237666,1.2491316102783725,0.01238099884464004,-1.1471515486528439,0.18781912867091585,1.9056606014507977,-0.0010469411721221425,-1.3014553539104026,-0.7654426498623179,0.445181961870435,1.8412123414288377,-0.18652642486369517,1.8707877712734158
turn_right,0.4978886824337939,-0.04590054361704868,-0.4978886824337942,0.04590054361704868,1.2487681186156532,0.013027934879202752,-1.1474220952522882,0.1966017054656607,1.9054415768497195,-0.0014972059678763777,-1.2273762392378993,-0.7702692068943895,0.4453478683943658,1.843094080576475,-0.18423482112697168,1.8716119529764097
turn_right,0.49785621702159655,-0.04625134779598184,-0.49785621702159655,0.0462513477959824,1.242987686450909,0.012652979900665802,-1.1442214993343176,0.19715590443111647,1.8938229206697363,-0.017131995489671238,-1.1652208157353068,-0.7706359456836018,0.4475938777881486,1.8439019345362921,-0.18198128679440106,1.8720779794825235
turn_right,0.4978033063395513,-0.04681739203982737,-0.4978033063395513,0.0468173920398268,1.2347688816046565,0.013230443817095632,-1.1424305258792893,0.19698154192456027,1.8825615762275747,-0.023510048777865722,-1.1928106441171,-0.769731433106299,0.4479042684260216,1.8442917403305537,-0.18167315496911343,1.870647805974999
turn_right,0.4977594103492218,-0.04728180843405718,-0.4977594103492221,0.04728180843405718,1.2336958949819956,0.012513428793131874,-1.1412721067219944,0.19672078252571815,1.8847873215340893,-0.02587474377174972,-1.0823297459309442,-0.7681361073935842,0.4495124245537826,1.8450518953994908,-0.18026352669248355,1.870094768444656
turn_right,0.4977460393331623,-0.04742236105625709,-0.4977460393331623,0.047422361056257654,1.231251711651747,0.012252491338087835,-1.1382861965881115,0.1961961003209313,1.880607129512508,-0.025899712869452106,-1.0297547159054847,-0.7661722453380934,0.44947440931486277,1.8420086307861974,-0.17977104858226803,1.8634035926199963
turn_right,0.49774705531871627,-0.04741169604166158,-0.497747055318716,0.04741169604166214,1.229864300983558,0.011803642733941742,-1.1359284470205184,0.1959581604424377,1.8825045426058182,-0.026292704194751427,-0.9599247251618069,-0.7206323065531103,0.44902958062015647,1.8377368733014163,-0.18068639151067198,1.8465844351543208
turn_right,0.4977382888437467,-0.04750364005946378,-0.49773828884374643,0.04750364005946378,1.228513760783228,0.011980018196068113,-1.130484273426058,0.1957401426171944,1.8831501312946237,-0.025988745293194348,-0.9544737503850387,-0.7172019219578377,0.4464320015764265,1.8339847378783876,-0.18503807154862276,1.8335568161654083
turn_right,0.49766735534121126,-0.04824109687480728,-0.49766735534121126,0.04824109687480728,1.2314032813659659,0.01249647707229276,-1.1319198666706434,0.19631960087145003,1.8920952251739431,-0.02287918773199759,-0.9953077968263199,-0.7188338438954837,0.4440681153648971,1.834699705755478,-0.18858186343655933,1.832560377648661
turn_right,0.49763858799308236,-0.04853695231729323,-0.49763858799308236,0.04853695231729323,1.2330069188935229,0.012557393074947562,-1.128949754480992,0.19650321383526256,1.893086195648007,-0.01976672763844628,-1.017891187923344,-0.7211566967074796,0.44231829687404284,1.8336036281949437,-0.19155182565780363,1.8314575098795538
turn_right,0.49769115020371407,-0.047994989414563816,-0.49769115020371407,0.047994989414563816,1.2349496449981898,0.013664429988454555,-1.1299577042955886,0.19393970629446777,1.8917008734933556,-0.01792064455962089,-1.1710656945811877,-0.7432089200158185,0.441386691069244,1.8352224621798818,-0.19227467023719552,1.833130471955078
turn_right,0.4976830547427919,-0.04807886252692874,-0.49768305474279156,0.048078862526929306,1.2384239936174508,0.014090801715833648,-1.1325763997603029,0.17994397060155087,1.8956254702971016,-0.015062787585490517,-1.2520641152943386,-0.7618163490964648,0.4413295579721109,1.843831012078026,-0.19294878568734067,1.8441250920763517
turn_right,0.4976530603921441,-0.04838834035522361,-0.4976530603921441,0.04838834035522418,1.2457085146983289,0.01459143201800766,-1.1434944978996595,0.15019503933086914,1.9000808442196346,-0.015510899750572814,-1.4058378751506473,-0.780870459053045,0.4427768021892329,1.8473608903771161,-0.19077050386028221,1.8499023343854506
turn_right,0.49769908201706653,-0.04791266804686865,-0.49769908201706625,0.04791266804686865,1.2572413978298533,0.014228837200653268,-1.1543158508446276,0.1238761550088265,1.9151640972328705,-0.010753793040830014,-1.4453645611061634,-0.7880772678513486,0.4436228459636183,1.855103130946299,-0.19154238869185078,1.8603317317833135
turn_right,0.4977560321902126,-0.04731735852999446,-0.4977560321902126,0.04731735852999389,1.2625783289014894,0.01442089023295554,-1.1608640958125305,0.09695386462010022,1.9228054809760926,-0.010362834401577137,-1.4561145067103012,-0.7998629816084983,0.4453026270625496,1.856324972512773,-0.1877254008040561,1.8665833066324902
turn_right,0.497928990719602,-0.045461194451515044,-0.497928990719602,0.045461194451515044,1.2672219851641404,0.014241668748837056,-1.1702413931061084,0.07586973559826239,1.9236609695850486,-0.010791722641656284,-1.4500319572661733,-0.8418249653800871,0.44665139300079265,1.8586554765934908,-0.1854456590874842,1.8715822469074097
turn_right,0.4979567849433191,-0.045155734175330364,-0.4979567849433191,0.045155734175330364,1.2685125131300496,0.014451452295746951,-1.172306320667718,0.05694334997280057,1.923801134413086,-0.01074343845532121,-1.4371890443231303,-0.8840012626214128,0.44732592395012316,1.8632696302433498,-0.18581559789423988,1.8783191950692237
turn_right,0.49810206067597423,-0.043523983622228694,-0.49810206067597423,0.04352398362222926,1.2688139206937696,0.016274709731678817,-1.1712386572475837,0.03582639800666542,1.923831818780331,-0.009833682503032522,-1.354753224280059,-0.9182120556391883,0.44859976701809834,1.8718903095039139,-0.18339835376263067,1.891171772211506
turn_right,0.49819864307511047,-0.04240415118969895,-0.4981986430751102,0.04240415118969895,1.2688471133688104,0.01697439523104794,-1.1672083070893482,0.026905670630204704,1.9244143531951243,-0.008879674510764053,-1.2664132055014277,-0.9296907494749389,0.44954213491397466,1.8777730298986413,-0.1827328350293967,1.9000896174283783
turn_right,0.49841139167614923,-0.03982567824211182,-0.49841139167614923,0.03982567824211182,1.2676152548065582,0.019709227268931147,-1.1665590391709275,0.03743986345435508,1.9246496570868392,-0.006339168810092257,-1.0747176787094281,-0.9159104164979399,0.4504872566777424,1.8810419490598915,-0.18022007291492154,1.9037789717494273
turn_right,0.4986792322948969,-0.03631836006446396,-0.4986792322948972,0.03631836006446396,1.2656027085376302,0.023455980138184847,-1.1637656974868291,0.04654567393776055,1.9349764354426036,-0.0028072825720325805,-0.9805805392856197,-0.8972984878446374,0.45163127085881455,1.8834320933333786,-0.17908731055998886,1.9052201467167225
turn_right,0.4987698636879653,-0.035051720024680794,-0.4987698636879653,0.035051720024680225,1.263167861550976,0.024710508351751082,-1.159163924790449,0.050573919084313954,1.9392539225126455,-0.0018080048203734068,-0.9586730563908592,-0.8905570356455229,0.4504238032731902,1.8822825010700504,-0.1793673827417211,1.9030756865473495
turn_right,0.4988682050450952,-0.033623116974559136,-0.4988682050450952,0.03362311697455857,1.2606960997824985,0.026148979142222594,-1.1563442117642901,0.05386123855547426,1.942430307762384,-0.0011160658159831136,-0.9545240086232071,-0.8847378000926658,0.4491956709456884,1.881845572805304,-0.1797167440830965,1.9015066993686245
turn_right,0.4988771104532755,-0.03349072507113594,-0.4988771104532755,0.03349072507113594,1.2594514518875664,0.025926493222356965,-1.1561956953507897,0.052132698313802905,1.948642879294328,0.0001157476820266444,-1.006338813012216,-0.8827088922113415,0.44781200134979593,1.8819203820230777,-0.17954032295453606,1.9036980433906086
turn_right,0.498867679811678,-0.033630908987316105,-0.498867679811678,0.033630908987316105,1.26730174318241,0.02428278206264215,-1.1607124211644242,0.048047070530843276,1.9587486370233986,0.0005903476076615735,-1.1327351746262553,-0.9019395886865902,0.44456244244591847,1.8870484047738123,-0.18418738857567898,1.9124802151039588
turn_right,0.4989199767633517,-0.032845955404835224,-0.498919976763352,0.032845955404835786,1.2763173213070726,0.023459439497505084,-1.163054943549877,0.039556395902970255,1.9679776059691512,0.0028333404632604753,-1.2437647321982772,-0.9190566081531261,0.4432177581680592,1.8907050186073084,-0.1861072075200792,1.9153517770805202
turn_right,0.4989595048547254,-0.032239921140214144,-0.4989595048547254,0.032239921140213575,1.2771781297437292,0.023143114436245487,-1.1675124558355419,0.017674707292208238,1.9722361283107857,0.002594551063053305,-1.307833693937902,-0.9331117906068521,0.44205667409168603,1.8979769513739306,-0.18941461811430516,1.9250692769368145
turn_right,0.49896564300978796,-0.032144783337716566,-0.49896564300978824,0.032144783337716,1.2808559699582696,0.023199218133129897,-1.1770656283801213,0.019258133516251788,1.980797514801285,0.0035345395088354774,-1.378651042047814,-0.9329141015169793,0.437707562852873,1.9072760820291366,-0.19557727886009924,1.9344197565926722
turn_right,0.4989689282643213,-0.03209374747134415,-0.4989689282643216,0.03209374747134358,1.2794427371313615,0.02306772344248407,-1.1806458329603136,0.017461095915973605,1.982000288515764,0.0036520306528410864,-1.3967776504222618,-0.9413246115239053,0.4351946046138721,1.913585600322005,-0.19848221635417862,1.9383973522525986
turn_right,0.4989736922301349,-0.03201959497287042,-0.4989736922301349,0.03201959497287099,1.2777829121001738,0.02267891591011418,-1.1788545314615024,0.027297642935534702,1.978833357953325,0.004095258482891172,-1.3192193805526706,-0.9381371516649665,0.4346171702930158,1.912350568812654,-0.19935602659266577,1.937060880190497
turn_right,0.49898332275748397,-0.03186916393475949,-0.49898332275748397,0.03186916393475949,1.2745945948859965,0.02248236981403856,-1.1773493006458702,0.02816236926994343,1.9768757187314971,0.00434683054241015,-1.2554070469871217,-0.9365554281913676,0.4346886504411939,1.9105415959623848,-0.19892495591583062,1.935319865954391
turn_right,0.4991026391517799,-0.029942538164426102,-0.49910263915178016,0.029942538164425533,1.2707569837024344,0.024937465659426204,-1.1745608478281708,0.04414282437372901,1.9704308185877606,0.005143078199500669,-1.0459066526270597,-0.8970597045195977,0.4356332558786527,1.9048815701880932,-0.1970406900096497,1.930762798280633
turn_right,0.4990934909556357,-0.030094638820176885,-0.49909349095563543,0.030094638820176885,1.2694595323087385,0.023991231275439145,-1.17344033032391,0.07712652494142334,1.9713684714465216,0.0024064162150125037,-1.093691682031095,-0.8927856480181227,0.43591120818888135,1.9050624132499787,-0.1966802470336601,1.930663271377662
turn_right,0.49906029734804247,-0.030640163362545523,-0.49906029734804247,0.03064016336254609,1.2528857508764073,0.024479432502843762,-1.163349083603192,0.09926675011260513,1.9297607006467095,-0.0138984172120165,-1.0522480253543887,-0.8550652966185533,0.4353952427971892,1.8878661553162044,-0.19343726919729964,1.9150023110671635
turn_right,0.4989630941478806,-0.03218432348788989,-0.49896309414788087,0.03218432348789045,1.2433229181281553,0.025380473286695095,-1.159450249952847,0.12499510256464347,1.9061126513541335,-0.026201424977849542,-1.0257502508760725,-0.8144146260850506,0.43458049582696734,1.8809512910150912,-0.193259703372848,1.9056817038684615
turn_right,0.4988886765929703,-0.03331798864449361,-0.4988886765929703,0.03331798864449361,1.237256305189698,0.029010211728458055,-1.159013357603498,0.13258305817266913,1.902088111623814,-0.03251260944163898,-1.009920705187438,-0.7941659116383594,0.4344980467079441,1.8808415842084405,-0.1939867399557239,1.9049628213643228
turn_right,0.49885865687978886,-0.033764485129989454,-0.4988586568797886,0.033764485129989454,1.2368302222345475,0.031067584546163228,-1.1594642019068495,0.13976211116400616,1.9030489188138366,-0.0409874617425999,-1.0110064180550804,-0.7908722273080069,0.4335211289496538,1.8845083088511312,-0.19528913168022663,1.9073119581360052
turn_right,0.49882539920273666,-0.03425231539955351,-0.4988253992027364,0.034252315399554076,1.2364607731249395,0.029949389965668923,-1.1594714870060756,0.14222827605631852,1.903518478969695,-0.041897172190704365,-1.0415542088417844,-0.7932008939078558,0.4342630182480359,1.8839761141712401,-0.19547663223122597,1.9070080623735213
turn_right,0.4988169951610166,-0.03437448673848737,-0.4988169951610166,0.03437448673848737,1.235844868416902,0.028212354061864987,-1.1596974498826154,0.14021239919722275,1.8984456059090224,-0.042104668419114914,-1.1191256579198061,-0.8196940263286843,0.43822516304075,1.8874018456515307,-0.19476968084451693,1.9171681486644687
turn_right,0.4989580714031761,-0.03226209822102568,-0.49895807140317583,0.03226209822102568,1.2398710761282263,0.030520787038075148,-1.16564430093015,0.11365411594338769,1.9063326320470666,-0.041108792120294294,-1.2781228171638501,-0.8378650229428881,0.43899004352616,1.899584289676985,-0.19736046502460883,1.931225840710977
turn_right,0.4989264865594765,-0.032746923663400186,-0.4989264865594765,0.03274692366339962,1.2405818618833913,0.030638588965947466,-1.1673702047790298,0.10037960728545843,1.9082475284427944,-0.046488625063981666,-1.3467148010803522,-0.845674868938451,0.44014461252271586,1.9029680737955235,-0.1981442960150065,1.9349898554808476
turn_right,0.4989229011834583,-0.03280150415272376,-0.4989229011834583,0.03280150415272319,1.240774496981933,0.0301214028163666,-1.1713531161482513,0.10074826341396824,1.9080760772213494,-0.04681023482933833,-1.3750661522626881,-0.8468226978783047,0.44296251115866014,1.9079127916046024,-0.19543506244179273,1.9443295100930342
turn_right,0.4988808313818705,-0.033435252051295966,-0.4988808313818705,0.033435252051295966,1.2408482051530476,0.03054831310102022,-1.1745929239407134,0.10295032649187591,1.9087356802621767,-0.04653282252976246,-1.3692134890233925,-0.8467921036740984,0.44328392884087103,1.9100645389388493,-0.19397470257063337,1.9472288747254287
turn_right,0.4988568650469126,-0.03379094842656183,-0.49885686504691235,0.03379094842656183,1.2414402333780314,0.02964803024287094,-1.175482852332866,0.10601313644389623,1.9224913040915357,-0.04563334395729019,-1.3456104253416878,-0.8459043103555087,0.4434282763316752,1.9116091192193005,-0.19326913122376013,1.9514213862460064
turn_right,0.4987507522530139,-0.03532261495207818,-0.4987507522530139,0.03532261495207761,1.2336118408653742,0.027187897367569103,-1.1772109865255262,0.11076291680258714,1.9075853956221378,-0.047411008389212944,-1.198307842819502,-0.8475784170351058,0.44475094119678077,1.90849683040123,-0.1908177793155444,1.9485716410695826
turn_right,0.49873160202033584,-0.035591981487819856,-0.49873160202033584,0.035591981487820425,1.2303289642665813,0.023553636383982803,-1.176371247170732,0.12095194795807564,1.9049031049915581,-0.04750307465933433,-1.0381516983747747,-0.8210187286257055,0.4447606195953119,1.9075456548149634,-0.19175995071861726,1.944740956892447
turn_right,0.4987197961882509,-0.03575702574249564,-0.4987197961882509,0.03575702574249564,1.2264937866921808,0.022363854983315997,-1.1694065378194005,0.12384125552687773,1.8990944037913031,-0.04767187765424817,-0.9717666305011156,-0.8138582088325862,0.4465396023995903,1.9014404809270142,-0.18889445940834107,1.9362910974865557
turn_right,0.4986815022763258,-0.03628717800307284,-0.4986815022763261,0.03628717800307284,1.2226134172023118,0.02192504577161669,-1.166560937986382,0.13078521282484548,1.8945752159703002,-0.047171641581160766,-0.9781501091274559,-0.7930027627300892,0.4473130405759907,1.8983511233071082,-0.18687067495461337,1.9326650697353083
turn_right,0.4985821669712617,-0.03762742056321253,-0.49858216697126195,0.037627420563211965,1.2236786360190295,0.022419228293932662,-1.1658613915616898,0.13480300883276003,1.8913551928900243,-0.045957872467016526,-1.016709789971948,-0.794139227068273,0.4500947662930548,1.897659768233803,-0.18264832830387412,1.9320755781829857
turn_right,0.4985304072448289,-0.038307088799660584,-0.4985304072448289,0.03830708879966115,1.2275673015017172,0.02269444925388504,-1.1703339002580362,0.13339035959399653,1.8860081521896508,-0.046160503291709336,-1.2219975178178046,-0.8279224049335838,0.4557153786783892,1.9051996183954008,-0.1771608001159704,1.9423375180015163
turn_right,0.49845989788412287,-0.039213903163927304,-0.49845989788412287,0.039213903163927304,1.232932321212669,0.01954157407842888,-1.1740326001838224,0.12994948390944164,1.8940627146878415,-0.046231411725436496,-1.3157849255342462,-0.8414946649554201,0.459621702875456,1.9075841449270818,-0.1739451143725275,1.94722342170064
turn_right,0.4984141785252353,-0.039790785931104085,-0.4984141785252353,0.039790785931104085,1.2350382274520273,0.01559267487775166,-1.1826208980184927,0.12297871306005752,1.9007235597830312,-0.04834223063813311,-1.4783563840411091,-0.815329186474258,0.4596268320535227,1.9052399418830224,-0.173994114549797,1.9458740328134694
turn_right,0.49844412953642003,-0.039413826643457536,-0.49844412953642003,0.039413826643457536,1.2379559762511183,0.013884674479890675,-1.187792835229909,0.12053907278526621,1.9040795686231486,-0.050478610827587866,-1.5132334820387685,-0.7996580173636076,0.4598843472876343,1.9020949871410107,-0.17381149134373575,1.9443385326661655
turn_right,0.49832289431500826,-0.04091812558650395,-0.4983228943150086,0.04091812558650395,1.2366561709743458,0.017892492618772734,-1.1976161180609946,0.11932289188384936,1.894619021811465,-0.05213416520835606,-1.473073968858068,-0.8012355555831034,0.4600209541529621,1.8944412300856146,-0.17193652772791454,1.936541265613469
turn_right,0.49835771494646613,-0.040491825759486844,-0.4983577149464664,0.040491825759486844,1.2366972350840904,0.019012775656141827,-1.1857997044469013,0.13478184306994376,1.8917472619141902,-0.04753642528349744,-1.3958758595209653,-0.8148918796017719,0.46500967976427615,1.8836744460504486,-0.1643973943762111,1.9256574351161502
turn_right,0.49843974278767506,-0.03946926411470505,-0.49843974278767506,0.03946926411470505,1.2374339423974863,0.021262881556373008,-1.1811260737562193,0.13397353742723772,1.8907243535354321,-0.04789921581792489,-1.2707179464645109,-0.8381851452108585,0.46651393149087944,1.8796181769043405,-0.16245451137827552,1.9215075153993395
turn_right,0.49846749030419246,-0.03911727380377674,-0.49846749030419274,0.03911727380377674,1.2235007677537384,0.026135470046600957,-1.1751535254883183,0.15081790346447513,1.876112535577037,-0.04912400187201256,-1.046786747205323,-0.8148374804347926,0.46558356506347914,1.8682882008271848,-0.1603224117286905,1.9076398219876263
turn_right,0.49848061424667706,-0.038949675483316654,-0.4984806142466768,0.038949675483316654,1.2232610710492509,0.026672115867692168,-1.1680293111659241,0.15067740510992408,1.8748045367315322,-0.04838156681335579,-0.9118139695505844,-0.7347256251573899,0.4647000694562176,1.8641404585344552,-0.1597000776354701,1.90119140671053
turn_right,0.4984906417960971,-0.038821128805268106,-0.4984906417960971,0.038821128805268106,1.2257807786227346,0.02709263295836217,-1.1631591120428877,0.15029798864302565,1.8789819346151153,-0.04859007938599672,-0.8846919558933233,-0.7168839029570003,0.4659027448801205,1.8640745972960313,-0.1583702419423847,1.9006427484548427
turn_right,0.4985921799399369,-0.037494507634339515,-0.4985921799399369,0.03749450763434008,1.2262799557779214,0.02585858312296476,-1.1616026117145077,0.146809639148929,1.8806567798438139,-0.04984410785843937,-0.9344321566611319,-0.7241072815308469,0.46706112762297214,1.8606571848652684,-0.15755762698001355,1.8968820946586853
turn_right,0.4986006822942073,-0.0373812735972298,-0.4986006822942073,0.03738127359723036,1.222630835601731,0.02760716432537397,-1.1617828596217576,0.14980063826964285,1.8756341342433884,-0.04879565327914138,-0.9696476111817565,-0.7327032878438157,0.46690541086135123,1.858221131351694,-0.15724448645552772,1.8936393816917296
turn_right,0.49851507675778284,-0.038506080626076876,-0.49851507675778284,0.038506080626076876,1.2226404714873509,0.02666380431312548,-1.162932376209795,0.14645673373985893,1.8756725737934647,-0.04907349733161277,-1.106877883421497,-0.8121637170433728,0.466610074642524,1.8586254952283296,-0.1581521688076241,1.8926023986800344
turn_right,0.49852466469540235,-0.038381749443409156,-0.49852466469540235,0.038381749443409156,1.2254454950538396,0.025956720212525153,-1.1623764633695794,0.14631634818573322,1.8870916889936045,-0.04445944681495416,-1.1063190288755191,-0.8176080798380839,0.46389484717408436,1.86046518823391,-0.1604434568485824,1.8903663936860473
turn_right,0.4984237482526287,-0.039670734525594956,-0.4984237482526287,0.039670734525594956,1.2236722909791637,0.024497484521703583,-1.158925675520084,0.1763781735775614,1.8842525330559639,-0.045924612816210686,-1.0446094668003576,-0.7847790156765022,0.4587942065977534,1.8560059555204986,-0.16655808788488158,1.8852720129348937
turn_right,0.4983164130109738,-0.04099698188741,-0.4983164130109738,0.04099698188740944,1.2232246009812113,0.024006940342941218,-1.1559285514717244,0.18906773634021268,1.8836197705355813,-0.046925182832607146,-1.040597070215937,-0.7827117339703762,0.4569969341753311,1.852258520707409,-0.1707985786527726,1.8819715747766943
turn_right,0.49828118999854154,-0.04142288852358316,-0.4982811899985419,0.04142288852358316,1.22364286523969,0.02458250563916314,-1.1548120883072888,0.2006227325390127,1.8827575361307705,-0.04705827003621981,-1.2195680515380032,-0.7831461036373623,0.4561930536531415,1.8529622390827027,-0.17580706780612818,1.882491346924519
turn_right,0.49824877248986343,-0.04181101185506303,-0.4982487724898637,0.04181101185506303,1.2246275161685196,0.025165542576303497,-1.1603435529332125,0.20710160788417703,1.880491859107465,-0.046644433092786874,-1.3194564706654655,-0.7850811039649461,0.45368849249330423,1.8520460216544203,-0.18037645406634786,1.8822631217758745
turn_right,0.49821284241408864,-0.04223699389959333,-0.4982128424140889,0.04223699389959333,1.2331665149801416,0.0245437517077214,-1.1801144861286093,0.20590155630119467,1.8853086164359385,-0.04348281793695049,-1.4663415689631263,-0.7686969515281664,0.4523333719318276,1.8540615257014057,-0.18412717348912216,1.8876073981062902
turn_right,0.498205475534867,-0.04232380118889608,-0.4982054755348667,0.04232380118889608,1.234551062015073,0.02421531025336111,-1.190958085128314,0.20292902370150578,1.887422086073048,-0.03775610372589833,-1.5091407063996143,-0.7586840043561297,0.45226082555096453,1.8536771400206566,-0.18490046808118438,1.8887889164620038
turn_right,0.4979969795398271,-0.044710271406121146,-0.4979969795398271,0.044710271406121146,1.2336480740607174,0.021899627429518547,-1.1928501990125306,0.1987440365913099,1.886197660860163,-0.037039226601519495,-1.4947394276087358,-0.758879266802004,0.4520185392205799,1.850637329922865,-0.1854303347766542,1.886741927856705
turn_right,0.4978376449961233,-0.046450825877630934,-0.49783764499612304,0.046450825877630934,1.2318585721504625,0.020085254832484068,-1.192294486394401,0.19658614175902273,1.8820739473291226,-0.03744942606450497,-1.4614161329364392,-0.7611080309378117,0.4516108395075766,1.8470363479079437,-0.1861431204686273,1.8841047357806882
turn_right,0.49790438472825344,-0.0457298990637338,-0.4979043847282537,0.04572989906373436,1.2235316316195604,0.022870020774821906,-1.1878099282954526,0.1985351443061168,1.8747851060525034,-0.03686282186903803,-1.3479868003538567,-0.7795591411906075,0.4543215539411574,1.8494625692067996,-0.1839485532280926,1.8860763948243529
turn_right,0.49792564348541696,-0.04549784126344158,-0.49792564348541724,0.04549784126344214,1.2254278297250452,0.022810162419474887,-1.1855442961110896,0.2078776455369837,1.8773424629391273,-0.031198548680031385,-1.2268768601320112,-0.7911625527962377,0.4556488070701161,1.8512681479040005,-0.1822991577114425,1.8871278010361385
turn_right,0.49814487121179113,-0.04303123615919002,-0.49814487121179113,0.04303123615919002,1.2254946300981706,0.02224962791444649,-1.1737977605100895,0.19745409793352214,1.8759990981230852,-0.021284009179851134,-1.0006152556079084,-0.7847485055659841,0.4584112800584637,1.8387356099172678,-0.17616947928318707,1.873861821696337
turn_right,0.498261550465308,-0.041658460460119194,-0.498261550465308,0.041658460460119194,1.2295080197773969,0.0217672471484376,-1.1698864653739602,0.19550584621506703,1.879848995587213,-0.013761375785382744,-0.9461805961386776,-0.7325794289269597,0.4613596705097466,1.8396001669337452,-0.17365829800637425,1.8733507152207767
turn_right,0.49834377973639343,-0.040662970846274876,-0.49834377973639343,0.040662970846274876,1.2355141831279295,0.019116864683262885,-1.1582315875110405,0.19201624104403156,1.8800986584162651,-0.006741476299648064,-0.9168796085864057,-0.7084945734700304,0.4609094813602318,1.8388324106324794,-0.174183176194448,1.8703471567463434
turn_right,0.4983414311137488,-0.040691744070518884,-0.49834143111374907,0.040691744070518884,1.235317965695743,0.019379088892925753,-1.1546543239350855,0.19155926493028866,1.879824617625675,-0.0010864053356654086,-0.9341252294744223,-0.7108124695179715,0.46059996288362987,1.8404068569371208,-0.17495116474163028,1.8694018806099562
turn_right,0.49832204036100686,-0.04092852416644192,-0.49832204036100686,0.04092852416644192,1.237445917003837,0.01886508966987832,-1.1541518848296506,0.18607477124915817,1.8875762255017545,0.006030997187181863,-0.9536125585897705,-0.7154545613693866,0.45861364393030324,1.8411913337389765,-0.17636716326896795,1.868574132402146
turn_right,0.49841319277480217,-0.03980313138470205,-0.49841319277480217,0.0398031313847026,1.2363513950635905,0.022354613126443077,-1.1548503419905043,0.1853961416941676,1.8806299152516364,0.008839810391381688,-1.0514194020261003,-0.7827173832728113,0.4532968488674525,1.8411006104218646,-0.17930674313794545,1.8677907963644307
turn_right,0.4985108349139525,-0.0385609578899971,-0.4985108349139522,0.0385609578899971,1.2429665908408543,0.022703835931683035,-1.1588465291998264,0.16622065552226253,1.8857602856794649,0.01003359818800836,-1.3051008142657785,-0.8413140269629513,0.45165649036065436,1.8394246106685275,-0.18217642606703158,1.8662701002758142
turn_right,0.4985760204168768,-0.03770877703227751,-0.4985760204168768,0.03770877703227751,1.2432226461180567,0.023790786419407177,-1.164204203605518,0.1573482880198353,1.8829930759171654,0.010273493435376918,-1.3764289310206232,-0.8409852437869074,0.45039821346320763,1.8410879258037158,-0.18396562719823667,1.8675425239968675
turn_right,0.4986678325936859,-0.03647454915849802,-0.4986678325936859,0.03647454915849802,1.2442958046581944,0.02359640257438943,-1.1683380439603965,0.15244161414853513,1.8798326909891325,0.011134749975343904,-1.4280369496042176,-0.8358891173941815,0.44979312390043946,1.8400134332357634,-0.184516242103803,1.8666733770363326
turn_right,0.4987413860255436,-0.035454616981709104,-0.4987413860255436,0.03545461698170966,1.2399827475701708,0.02214255045756994,-1.1736415343947364,0.1425808513160771,1.8718176134827316,0.009271411900415239,-1.4946944260745865,-0.8036609293544881,0.44634225876609024,1.8398040953434163,-0.18645594612559663,1.8664507330409024
turn_right,0.4988129061676285,-0.03443377180334025,-0.4988129061676288,0.03443377180334081,1.2427591645615559,0.022268814454433607,-1.1785426432059416,0.13409740727963249,1.871677993317257,0.011455689310431906,-1.507361442262526,-0.7905493380178786,0.4430318738276892,1.8426946568034512,-0.1902336004340498,1.869400407955897
turn_right,0.49877104881380785,-0.035034852150027794,-0.49877104881380757,0.03503485215002723,1.2445740263108116,0.021560233966534396,-1.1822259358428624,0.14188360690606283,1.8753752554083771,0.012178959593348157,-1.4436309778332912,-0.8152513267017267,0.4453779554558238,1.843509461617842,-0.18876635614461923,1.8719068778438956
turn_right,0.4987575953204396,-0.035225858544149204,-0.4987575953204399,0.035225858544149766,1.2475615569028418,0.019230304212228325,-1.1761856255630274,0.1478579310053026,1.8836937118722075,0.012901083634840573,-1.282952918013274,-0.8286128365801301,0.4484859887827789,1.8432022322048751,-0.1863244184882039,1.8734906109902443
turn_right,0.4986975181979295,-0.03606640186137152,-0.49869751819792923,0.03606640186137152,1.2465730676891984,0.02021717792966518,-1.1750972898736067,0.15085512285079267,1.8829411260291304,0.013411161197494536,-1.2054743254325402,-0.8413785652986652,0.44848624694906575,1.840568920596764,-0.18582969260417231,1.8719218693719726
turn_right,0.49865016286333447,-0.03671532481634668,-0.49865016286333474,0.03671532481634612,1.2416663161276975,0.020357897609707902,-1.167432369852815,0.15805132457762308,1.8764287579250962,0.013445179996521494,-1.0774834217877451,-0.8283711377183784,0.44866025546274235,1.8307655448563274,-0.1827254421644231,1.8633675664675071
turn_right,0.4986088068425125,-0.03727274794117105,-0.4986088068425125,0.03727274794117049,1.2399443524961407,0.02034955165999277,-1.1585096606802832,0.15789724487154821,1.8762295892289775,0.013516578619897768,-0.9675930506696995,-0.7870625640952089,0.4477788107495801,1.829044112005367,-0.18498183356596343,1.8594989837015792
turn_right,0.4986002762752173,-0.03738668878460719,-0.498600276275217,0.03738668878460719,1.2366668007937316,0.020138104045052226,-1.1520445034170619,0.15562846692060398,1.873537342873191,0.012226546439700774,-0.9454426875913062,-0.7685658926567214,0.4476659592303077,1.8282437305287336,-0.18521291591065897,1.8551774854202463
turn_right,0.4985811610305714,-0.037640747407662635,-0.4985811610305714,0.037640747407662635,1.2362932199622918,0.0205472897693478,-1.149068881535387,0.15622687158343643,1.872920481549399,0.013699138830875472,-0.9611504076145633,-0.7612825833991363,0.44748049196493866,1.8218149563009096,-0.1854682311745472,1.8469619116033373
turn_right,0.4985553768186557,-0.037980735185197206,-0.49855537681865597,0.03798073518519776,1.2349864141013724,0.020694776617053837,-1.1489224056568008,0.15883504999086437,1.8710632789400916,0.013863683048170131,-0.9769577794198867,-0.7581376672552765,0.44723564446609104,1.8180867453105989,-0.18604588845339592,1.8440280898175592
turn_right,0.4985254658330521,-0.03837134237863447,-0.4985254658330521,0.03837134237863502,1.2337286177997495,0.01972352389753062,-1.1498814470032324,0.1599512081075907,1.8638804078628801,0.01080051469471899,-0.9889869018808606,-0.7596370429318243,0.45281083994348786,1.8224019938730074,-0.18270166138086977,1.8472945660527595
turn_right,0.49856476012053164,-0.037857363431129915,-0.4985647601205319,0.03785736343112935,1.2357858921842428,0.020259093759574954,-1.1453240691498694,0.16175175661661886,1.8642731689267305,0.023278107207121455,-1.1234301163693736,-0.7944770638312327,0.4574187557877802,1.8241134881210683,-0.17331199183703455,1.8523847544458576
turn_right,0.4985835223509182,-0.03760945679149488,-0.49858352235091846,0.03760945679149433,1.240823298702903,0.020045290506397147,-1.1407553584081054,0.172853426988242,1.8829462499011367,0.05126141033412349,-1.2312364520292747,-0.7935710746743735,0.4569195332175551,1.823180632756522,-0.17273406037742658,1.8539309702009434
turn_right,0.49865129585568846,-0.036699933807059805,-0.49865129585568874,0.03669993380705924,1.2511805527067614,0.0211126416799162,-1.1504208522729111,0.17223072766597464,1.908332782682708,0.06852653672958636,-1.419432537885466,-0.7744473166507038,0.4551945315582167,1.8369781362794682,-0.17870689466977216,1.8713266458612086
turn_right,0.49870621638208384,-0.03594592802899901,-0.4987062163820841,0.03594592802899901,1.2588935730566373,0.02380200067472281,-1.1569678251211977,0.1719159167153733,1.9264029452038105,0.08536710502869223,-1.4733488980035154,-0.7513495757250658,0.45320767924857097,1.8434507730502168,-0.18295302126140586,1.8790398215954085
turn_right,0.49873393520902826,-0.035559272643249804,-0.498733935209028,0.03555927264325037,1.2608116447364734,0.025127567703756643,-1.1592252994075327,0.17330595836651616,1.9272706099958552,0.08968383957448056,-1.482357137696149,-0.7302529962117007,0.45177012526581933,1.847168811136918,-0.18556868028262088,1.8832097844080138
turn_right,0.4987356412609573,-0.035535336441655976,-0.4987356412609573,0.03553533644165654,1.261263484059477,0.025212071838330623,-1.15952873797416,0.17373578587526678,1.9238142996453371,0.08672620087058823,-1.4535209687723727,-0.7302029933658205,0.4505748946475085,1.845797233209826,-0.1864696816647979,1.880555968030371
turn_right,0.498967171475775,-0.03212104900940604,-0.49896717147577474,0.03212104900940604,1.2594451978657228,0.028914928591231723,-1.159269300740607,0.17742025213243173,1.9038598906534694,0.05773533891484306,-1.3495285387516147,-0.7859064692067169,0.4507699477476079,1.8496245678032255,-0.18672829629738472,1.8837858708568487
turn_right,0.4990935709339579,-0.030093312419710482,-0.4990935709339579,0.030093312419711048,1.2593301698943615,0.032318587250065006,-1.1571762884075254,0.18249790130307042,1.9028422241379688,0.04681219102085145,-1.2440208200229101,-0.8156548899251134,0.4511546065161399,1.8556322316988332,-0.18680049741411253,1.889249626020353
turn_right,0.49900980172592935,-0.03145183272003182,-0.49900980172592907,0.03145183272003182,1.256266798536011,0.032568766682576335,-1.155346930859802,0.1826996386433259,1.9009608514904022,0.04332579231016532,-1.045750891548745,-0.8016154714448656,0.4495679089372338,1.853754031240324,-0.19116664301880046,1.8852093530101093
turn_right,0.4989928531009333,-0.031719592591808024,-0.49899285310093355,0.031719592591808024,1.2525602227488728,0.03287684235438565,-1.1508227728824947,0.18339030775139767,1.8880956577072123,0.03590182896389156,-0.9814598024866763,-0.7596184147103955,0.4476903472703259,1.8534043422510047,-0.195864630518963,1.879517218533803
turn_right,0.49893851636356495,-0.032563121609031534,-0.49893851636356495,0.032563121609031534,1.2504034411342322,0.03272083066451583,-1.1517015734856888,0.18297954143901582,1.8859774476435105,0.03254613716550192,-1.0182843529932404,-0.7599432913409181,0.4476509819934937,1.8521789112960687,-0.19631904859063656,1.8781773623052898
turn_right,0.49892243366439415,-0.03280861451506856,-0.49892243366439387,0.03280861451506856,1.2500634999163787,0.03295992509932927,-1.153523714849448,0.18470753612423563,1.8870810800024704,0.03281922655416272,-1.0528391501645191,-0.7597779637339878,0.44755009674877566,1.8514381455158142,-0.19632687953290567,1.8769226725126733
turn_right,0.49886336718533864,-0.033694819787409395,-0.49886336718533864,0.033694819787409395,1.2497571966560774,0.033783625937183884,-1.152768473463577,0.18576902541423557,1.8866031826170753,0.033517812614511235,-1.2823341237758306,-0.7946656606446654,0.44853042742115845,1.8513928129634625,-0.1957948883434977,1.8783655757268969
turn_right,0.4988579004420105,-0.03377565938052198,-0.4988579004420105,0.03377565938052255,1.2494626028272888,0.03428052250108702,-1.154947795068926,0.1826328009532446,1.883073016776731,0.027685742262162243,-1.428759103640164,-0.7706325361488968,0.44782357504952214,1.853555016697259,-0.1974539200981792,1.8872507333935395
turn_right,0.4988574059331614,-0.03378296235733395,-0.4988574059331614,0.033782962357333385,1.2560716472425186,0.03432001025481112,-1.1565170219244865,0.1808005878671015,1.8903684172492108,0.03196973594040639,-1.4608463917713739,-0.7487346342505363,0.4452480783580923,1.8530122563383964,-0.20023630037181106,1.887713817489735
turn_right,0.49884156248617156,-0.03401610701351643,-0.49884156248617156,0.03401610701351586,1.2543264380833834,0.034344330120861286,-1.1518209702278155,0.18072901140143283,1.8886340672926987,0.03200520355337528,-1.4592823119915297,-0.7261769013605353,0.4440032384536072,1.8518782602400563,-0.2016774242303456,1.8875661258364054
turn_right,0.49861615797718856,-0.03717427879686918,-0.49861615797718856,0.03717427879686918,1.2505677275604639,0.03554398028633992,-1.1464915956953972,0.18870023998443844,1.8850566871581982,0.025517579516277394,-1.4375735757213668,-0.7591163345491091,0.4441822271904541,1.8482032807407691,-0.19993720035052942,1.8849984071365813
turn_right,0.49853538234893496,-0.03824228740806672,-0.49853538234893496,0.03824228740806672,1.246781351938533,0.03679364293809379,-1.150588549064962,0.19072231095619038,1.8838967043494523,0.019501434165790466,-1.225644566526889,-0.7915799682976389,0.44440768628218896,1.8481740625293925,-0.19958789610019184,1.8843044074137434
turn_right,0.49841900003977757,-0.03973034607637191,-0.49841900003977757,0.03973034607637191,1.2413413040768013,0.03534254111973164,-1.1493295042516718,0.18879368750582698,1.8898466531547804,0.014032314367905554,-1.0105317322582095,-0.775851830237727,0.44844682117993745,1.849056710114947,-0.1965676111899904,1.885475940313152
turn_right,0.4984031019393976,-0.03992928721109858,-0.49840310193939785,0.03992928721109858,1.2410703909777563,0.035309940944126275,-1.150177471136774,0.188389255280352,1.895926745426124,0.006849591929621189,-0.942934603163634,-0.7388079765900563,0.4507480741150126,1.8532704805960827,-0.1950446679992804,1.8879566544589368
turn_right,0.498404809607439,-0.03990796612422528,-0.4984048096074393,0.03990796612422528,1.2410231887712584,0.03570763777788024,-1.1479775511696078,0.1886349323114568,1.8968176020423302,0.006765814007807816,-0.911524634989536,-0.707215242584358,0.45163311122358313,1.8517735863541551,-0.1938554073145732,1.8857039109756255
turn_right,0.498366735787187,-0.04038064710754807,-0.4983667357871867,0.04038064710754807,1.240663591716347,0.034092723382902056,-1.1465838843967207,0.18686932440439266,1.8995707517040419,0.007291305205555412,-0.9323610610563071,-0.7017451131111297,0.4519520041314895,1.849148252911287,-0.19378767635284452,1.8806090862432323
turn_right,0.4980879433191756,-0.0436852460228129,-0.4980879433191756,0.04368524602281346,1.2381591464056805,0.03050071779907585,-1.1451736719076802,0.18547974215658822,1.8971643832955356,0.002867245494793332,-0.9507539216186154,-0.7208154300033018,0.4537130016143198,1.8431473366651552,-0.19010443269670096,1.8756194097910819
turn_right,0.4979959956535813,-0.04472122888515108,-0.4979959956535816,0.04472122888515052,1.2392042387318327,0.028568880253699625,-1.1471070725510795,0.19212151643811612,1.8975744011394462,0.002389715637380089,-1.2259631007561018,-0.739034053881297,0.45453435915222523,1.841932929950432,-0.1882397440586739,1.874690467204685
turn_right,0.497811166134146,-0.04673374446972641,-0.497811166134146,0.04673374446972641,1.2378480083545176,0.024837660460316265,-1.1548759299189442,0.1905570864944422,1.89496941347259,0.0007066635983814595,-1.3662607978492767,-0.7603448632817473,0.4547493758694777,1.8370020309259856,-0.1873386683690763,1.8703240102281429
turn_right,0.49768384171939933,-0.04807071552847794,-0.49768384171939933,0.048070715528478504,1.237601037786426,0.02411731816372884,-1.1588823895178468,0.19917896740383928,1.8928635581126536,-0.000993495213300166,-1.4256375667656422,-0.7101101832159735,0.4544720337767771,1.838797839954198,-0.18752193863469646,1.8748516326272713
turn_right,0.4974388592648762,-0.0505428658987468,-0.4974388592648762,0.0505428658987468,1.231642897189319,0.021939825660876263,-1.1584166935069196,0.2052744603180829,1.881272713901435,-0.006224579093742146,-1.4337429446284444,-0.6900567040814104,0.4545574212896186,1.836053640683108,-0.1870471488201876,1.8750389954061688
turn_right,0.4973466728133522,-0.051442074622708625,-0.4973466728133522,0.051442074622708625,1.2312294041132095,0.01996568102829225,-1.1584191809339777,0.21551777441529685,1.8823623307324058,-0.011131403274951978,-1.3832843930143008,-0.7203095396629225,0.4579519545667832,1.8339929101404426,-0.1830929631935771,1.8740924848021099
turn_right,0.49718156939674896,-0.053014026938024005,-0.49718156939674923,0.05301402693802457,1.22890354808647,0.018360635183522874,-1.159853734871779,0.2215353226643934,1.873897006364952,-0.024629361631230993,-1.1712104467409377,-0.741454979950899,0.4610144985008927,1.8387578217244072,-0.18119085950584413,1.8779710245014636
turn_right,0.49704752146801723,-0.05425644111532571,-0.4970475214680175,0.05425644111532571,1.2226914707895298,0.01760018442691991,-1.1536061070052956,0.21806325231878151,1.870680574589105,-0.024877817469330307,-1.1770079820154584,-0.7821409179885354,0.4605266587916161,1.8319683444990635,-0.17864086388985884,1.8705575452346501
turn_right,0.49706315745874363,-0.05411300672799805,-0.49706315745874335,0.05411300672799805,1.2202335875067316,0.017363744409641915,-1.1469740076131163,0.21853610010063823,1.8723184097550762,-0.019584549552387975,-1.0821247045031726,-0.7768199411873499,0.46124327858544767,1.8225547800575181,-0.17636233028038165,1.8605546393941998
turn_right,0.49705972429916156,-0.054144533238745664,-0.4970597242991613,0.05414453323874511,1.2188265880342521,0.017002954865142618,-1.1405572035646887,0.21727088365045907,1.8703883718415315,-0.018560765543609328,-1.022086705588444,-0.7741806596277333,0.46235793179860996,1.8122355433054171,-0.1749741134590618,1.8486037551931982
turn_right,0.49707393263571004,-0.054013937961136085,-0.4970739326357103,0.054013937961136085,1.2183266087631135,0.01705742615357674,-1.1391077229741504,0.215342117983581,1.8707935713464792,-0.01748841398783127,-0.9325454052369632,-0.7303210962160451,0.46202113358296426,1.8105836777140312,-0.17863997881872604,1.8454031893596003
turn_right,0.4972007699421766,-0.05283364807494069,-0.4972007699421769,0.05283364807494069,1.2172403917061285,0.019057045859421116,-1.1359337490348,0.21319655321898268,1.8707649883837432,-0.0158967713065487,-0.9130504926067003,-0.6919098943643502,0.4608353112027496,1.811001991834882,-0.18280807539135183,1.8440741152093538
turn_right,0.49724537818286413,-0.052412153893733195,-0.49724537818286413,0.052412153893733195,1.216536139976417,0.019992294469735734,-1.1379149179869883,0.21135956524645447,1.8748743469998053,-0.014377131799135332,-0.9555250568117994,-0.6977518289196518,0.4589526030873124,1.811554508001926,-0.18403488266573437,1.8434833875902608
turn_right,0.4972624348300032,-0.05225008044909248,-0.4972624348300035,0.05225008044909248,1.2161515268053136,0.020335319355618005,-1.141256404156228,0.20729596184631996,1.8744780656190525,-0.014017628037354355,-0.9824407844712524,-0.7185086517758942,0.4581321081212137,1.8123991985986276,-0.18427921813317605,1.844191030989177
turn_right,0.49729585847306573,-0.05193100370238,-0.49729585847306573,0.051931003702379436,1.2208485196022238,0.01990964929298382,-1.1428255403985992,0.2087930684751432,1.8790660457218609,-0.010295716668718516,-1.168517682388832,-0.7572836120044889,0.4563254699367774,1.8120238435689997,-0.18573749085430102,1.84573328141508
turn_right,0.4974285367852011,-0.05064435597116162,-0.4974285367852014,0.050644355971162174,1.2213008673393042,0.021066148923596328,-1.1449605135033665,0.21129452656684247,1.8773208795858178,-0.0042766254020444976,-1.2567361912954764,-0.762799628582167,0.4528870742879748,1.812997912455908,-0.1882404158461874,1.8489768756375051
turn_right,0.49744900702597716,-0.05044289255058062,-0.4974490070259769,0.050442892550581174,1.2258859355104708,0.02115947531995073,-1.1529278836729968,0.20653259530542145,1.8854184217936576,0.002281779318088944,-1.3765832251794947,-0.770512552582284,0.4522053914882769,1.8143303308111065,-0.1882595481058266,1.851617298483994
turn_right,0.49747004178971577,-0.05023502285993834,-0.4974700417897155,0.050235022859938895,1.2265253653984123,0.021726938969900036,-1.1530075208163562,0.2074891177656689,1.8867585758689287,-9.036942095569972e-05,-1.3513650867698748,-0.7742501636816468,0.45191506228227174,1.8152438374172561,-0.18720662848357164,1.8534224166983193
turn_right,0.4974783062016768,-0.05015311414768429,-0.4974783062016768,0.05015311414768429,1.2261999117708313,0.02152628700596427,-1.1529940518458361,0.2080589534158094,1.8878658754811786,-0.0038982391532181465,-1.3325718174506052,-0.7901411852684549,0.45203961693208927,1.8153157659527175,-0.18716228322513678,1.854626195579482
turn_right,0.4974293090045901,-0.05063677066338273,-0.4974293090045901,0.05063677066338273,1.2261307943575899,0.020505621153802698,-1.1526058436307527,0.20858022467877993,1.8860084012210074,-0.008758028763017987,-1.1915729740670644,-0.790407167058581,0.45507238151206897,1.817921782417501,-0.18491080599229118,1.8577429426420218
turn_right,0.4974020134530712,-0.05090419445223374,-0.49740201345307095,0.0509041944522343,1.2269929213422284,0.019696214671085514,-1.1524611204398896,0.2092176692053742,1.89067506122407,-0.008551381673405724,-1.0944797407878657,-0.7875241696668857,0.45735365806738654,1.8196623004771484,-0.183389639455452,1.860726930314598
turn_right,0.49742022791688384,-0.05072589929331409,-0.49742022791688356,0.05072589929331465,1.2315844164605212,0.019340050028265842,-1.150535689525767,0.21517768808031934,1.9092848007550869,-0.007808736235716006,-0.9547859477176724,-0.7136838780170537,0.4602913677215299,1.8165630107255129,-0.1810709306595396,1.8568702633234562
turn_right,0.4974191551929539,-0.050736417365912806,-0.4974191551929539,0.05073641736591225,1.2322966093000616,0.019736489300743263,-1.145019715517488,0.21527225115103796,1.9103716824350823,-0.008181150654731274,-0.9325482061006326,-0.6916391908723065,0.4605115951175934,1.8142930646557427,-0.1809250033492945,1.8530222626892963
turn_right,0.4972349678241581,-0.052510825292585474,-0.4972349678241581,0.05251082529258491,1.231333624258487,0.018128939347846578,-1.1455059794290405,0.21364193628115252,1.9020756907162493,-0.01909201659494891,-0.983434470570907,-0.7123754389360876,0.4611702418271386,1.8152287943414775,-0.17999437330197232,1.8538544202112925
turn_right,0.4971675065006309,-0.05314574752456767,-0.4971675065006309,0.05314574752456767,1.2366551510801245,0.017531256054944235,-1.1454530434305947,0.21664625812998364,1.9141662500343861,-0.019198011726411404,-1.2206412399462931,-0.7235992668929233,0.4619001856772075,1.8154320650106377,-0.17942537688219615,1.8568537695236798
turn_right,0.49706957995036555,-0.05405397939067317,-0.49706957995036527,0.054053979390672614,1.2484777073788198,0.01557278621611563,-1.1520406257170073,0.21193202198281674,1.9328342080826315,-0.015295299860105506,-1.3944807345911219,-0.7363249918979287,0.4615356067726421,1.8188438156623417,-0.179152476874324,1.859124757883052
turn_right,0.4970530288402896,-0.05420596388492886,-0.4970530288402896,0.05420596388492886,1.2516756386055126,0.014711570648813477,-1.155837465795474,0.21024055872443204,1.9368721322533375,-0.014738902039129115,-1.4117925341697646,-0.7368430388944514,0.46153624747779953,1.8204168026051262,-0.1781367891375539,1.8628413144153553
turn_right,0.49706235789181374,-0.054120350765959176,-0.49706235789181374,0.054120350765959176,1.2527028781932241,0.014900166104720365,-1.1577159664594423,0.21152901087619747,1.9373468010690786,-0.019287915542013114,-1.3731862320824144,-0.7565717046639399,0.4633940923799892,1.8239038905697913,-0.17657188680277933,1.866390967499962
turn_right,0.4971070057923376,-0.05370870313251815,-0.4971070057923373,0.05370870313251815,1.253631995962842,0.015626261909823063,-1.1593322871883083,0.21507558904340549,1.9346804962120674,-0.02396684066555131,-1.2744682208978042,-0.757641405940612,0.4657610103706097,1.8271342598039122,-0.1742695132227424,1.8678743763517645
turn_right,0.4970559133510454,-0.054179507221439875,-0.4970559133510454,0.054179507221439875,1.2589082124821274,0.013648120616681875,-1.1607356505315582,0.21653334966969756,1.941905964654697,-0.023729778249644284,-1.163038700347455,-0.7616543349891777,0.468015019857935,1.8300013240921444,-0.17162841043597338,1.8712348560147187
turn_right,0.4972425924124065,-0.052438576363108565,-0.4972425924124062,0.052438576363108,1.2600032916093469,0.012625906300806924,-1.1593023374423796,0.21368570127138423,1.9354027806525969,-0.023709749533064033,-1.0055340399393953,-0.739124997409767,0.468769134982647,1.828963990677947,-0.17146050403156762,1.8708891662664393
turn_right,0.49734294406394464,-0.05147811175449449,-0.49734294406394436,0.051478111754493926,1.260395696824916,0.011710066616697247,-1.1522872611376316,0.20703717592983117,1.9321752322334438,-0.016321759547430655,-0.9468699738669882,-0.7230678941838152,0.4695412332751566,1.8302419844212217,-0.17133440434112948,1.8710221181640179
turn_right,0.49746359947401453,-0.05029877929291232,-0.4974635994740148,0.05029877929291232,1.2611099350334338,0.01080400411668942,-1.143114836277487,0.1991319447935509,1.9302600210468965,-0.0068879093464375854,-0.9257763860362176,-0.6980307033940076,0.4684414589083595,1.8276822122801017,-0.1714584226234898,1.867609554275258
turn_right,0.4975860358700539,-0.04907277154517852,-0.4975860358700542,0.04907277154517852,1.2617452848396546,0.011428010052684028,-1.1411779692287163,0.19721050551784533,1.9302792019567938,-0.005340145257820352,-0.9360176285687819,-0.700281106185147,0.468918452996371,1.825767306175469,-0.17120543348302875,1.8620438959039773
turn_right,0.4975429699939732,-0.049507504578359965,-0.4975429699939732,0.0495075045783594,1.2602048613495265,0.011063274460757746,-1.1412504658963594,0.19519460225141647,1.927203849210937,-0.005797234259080905,-0.942911885788655,-0.7257959939654869,0.4677174888260092,1.8233784790045395,-0.16898856081267163,1.8601317033209264
turn_right,0.49757107596196504,-0.04922422539819467,-0.4975710759619653,0.04922422539819467,1.2616323313730577,0.010449384022418696,-1.1437313639288187,0.18872344343306874,1.9280329876676219,-0.0007444957635186062,-1.0344245025683751,-0.7658227311053233,0.46723205064962176,1.8237885206189264,-0.1683533317211284,1.8599300570817923
turn_right,0.4975900082569631,-0.04903247579753017,-0.4975900082569631,0.04903247579753017,1.2634054552071632,0.010138926707571504,-1.1516692897515215,0.1897040935941511,1.930345102626197,0.0014502305392485209,-1.303931943797726,-0.7882648653775534,0.4675898298896252,1.8227541210912699,-0.16829412075571815,1.8642700945625252
turn_right,0.4974971269842552,-0.04996607491500439,-0.4974971269842552,0.04996607491500439,1.2652602558976704,0.010258240064232593,-1.1584564762904797,0.18671490175759825,1.9380281878449703,-0.00020379589624347814,-1.2487549739911905,-0.795220980795213,0.4689230869010225,1.8242677113329169,-0.1665269841655734,1.8661747092272523
turn_right,0.4974042496486537,-0.05088233909186658,-0.497404249648654,0.05088233909186602,1.264300462553853,0.00831132134223264,-1.156931948985087,0.19044324214897618,1.9365934374930192,-0.0045936304232168795,-1.291010071693535,-0.7940852768219373,0.4683246605687389,1.8216448955657767,-0.16633213299121907,1.8634985064583525
turn_right,0.49738751719278035,-0.05104564370053116,-0.4973875171927806,0.0510456437005306,1.2667745183834396,0.0076053943338060485,-1.1573883522131416,0.19065677908170695,1.9434968261006718,-0.004387266490050259,-1.3427264798827079,-0.8023294555318071,0.4661379017222798,1.8180993267194283,-0.1675889123032048,1.859031059442884
turn_right,0.49739179972667896,-0.05100389754377029,-0.4973917997266787,0.05100389754377029,1.2665510077020943,0.007282437987558243,-1.1614626742895033,0.1909773373737542,1.9422015066040692,-0.004604591651842817,-1.4233989987904156,-0.7792768802510551,0.46405185428686346,1.8179450688987042,-0.16991745640141534,1.8586732890464892
turn_right,0.4973993922226602,-0.05092980086872825,-0.49739939222265994,0.05092980086872825,1.2670619792353852,0.0069504800809948785,-1.1648661995624592,0.19095496551605615,1.9420430238457065,-0.004453826278373855,-1.4371715469057909,-0.751977287063662,0.4612225219491774,1.8146770459804553,-0.17249694972725502,1.8562867095829187
turn_right,0.49744065509964336,-0.05052518831273665,-0.49744065509964364,0.05052518831273721,1.2672555222916986,0.006731634671222331,-1.1633990479557932,0.1968246075678015,1.9373393878679042,-0.004885949577978314,-1.3944048783844636,-0.7530685518779415,0.46000286581283195,1.8150734954148862,-0.1728390629177331,1.8566154826509804
turn_right,0.49741619042511126,-0.05076547550224981,-0.497416190425111,0.05076547550225037,1.2670733155493206,0.006156509897758997,-1.1606130837821305,0.2022708053718004,1.9337479402465492,-0.005340366734955396,-1.3689810375711418,-0.771810473334623,0.45916105456772066,1.8161574156908107,-0.17275501631187123,1.8555376507922898
turn_right,0.49737863934512583,-0.05113207528734946,-0.49737863934512583,0.051132075287350025,1.2650924018634564,0.005771834242702435,-1.15923534246348,0.20344321243073424,1.9283461948655984,-0.005087770549110061,-1.1631481043735148,-0.7725329781784666,0.4586876295013892,1.8159715359197137,-0.17450815957737104,1.8535804793504096
turn_right,0.49722093921967375,-0.052643495338982875,-0.49722093921967375,0.052643495338982875,1.2584262030316806,0.004107701789090684,-1.1589228183384317,0.20242182259960295,1.9237836277878482,-0.005695894003109204,-1.0785231488303901,-0.7678762577148381,0.4592435913329233,1.8154642062040722,-0.17409144269013271,1.8526903413670246
turn_right,0.497227908977367,-0.052577623890730604,-0.4972279089773673,0.052577623890730035,1.257484431522262,0.002523366138264759,-1.158219352131829,0.2033885035846456,1.9167329528214503,-0.007026533123499596,-1.024862793436997,-0.7649944597541193,0.45911351425629987,1.8149834840112524,-0.17606340846455734,1.8498277629719895
turn_right,0.49728324896741544,-0.052051611852194285,-0.49728324896741544,0.052051611852194285,1.2528846002272105,0.0028192106544605512,-1.149741157862737,0.20500254140214633,1.9108192565768736,-0.007663458839282365,-0.9349969377685174,-0.7062095399862096,0.45773238802641536,1.8139511178517813,-0.1791220926321055,1.8458841580368526
turn_right,0.4974167361673042,-0.050760127862983416,-0.4974167361673045,0.050760127862982854,1.2509684780351216,0.002150132395505205,-1.1436464952325005,0.2043129529260245,1.907946491320479,-0.007200902760490047,-0.9176249332526693,-0.6859159315675933,0.45616430482686077,1.8110985039673086,-0.1808073230338715,1.8399238760668806
turn_right,0.4973784354784134,-0.051134058327554376,-0.4973784354784134,0.05113405832755494,1.2469551663829481,0.0015710008072933152,-1.1431689098817617,0.1998045058138798,1.8966657389252903,-0.00761908836898398,-0.9645207938862796,-0.6927573497595797,0.45502669045663197,1.8101412974695477,-0.1807986135151248,1.8393982558529947
turn_right,0.49740124319251244,-0.050911720365189365,-0.49740124319251217,0.050911720365189365,1.2468376537307162,0.0015371242916791912,-1.1429781533991268,0.19849973596317708,1.8954358113798222,-0.008564791816851552,-0.9900356544753456,-0.7065514393375808,0.4550075003477634,1.809136650560213,-0.18062997822299415,1.8383765743183527
turn_right,0.4974405744185531,-0.05052598264398199,-0.4974405744185531,0.05052598264398199,1.2442809238477641,0.0017489193415513573,-1.1393285158237412,0.19773855472623478,1.8906787763214001,-0.004161815578826843,-1.1192029761726818,-0.7237498081523128,0.45139650212822346,1.8037178467949193,-0.18066219061343203,1.833180898605287
turn_right,0.49742940158119675,-0.05063586123067647,-0.49742940158119703,0.05063586123067703,1.243422359421332,0.001725055387219524,-1.1377198859643072,0.19930880336486548,1.8863116271676736,-0.004052892819755421,-1.2082019311977494,-0.743935455872452,0.45137870388817847,1.8014468729841289,-0.17988414602645575,1.8320660486157367
turn_right,0.4974305283691814,-0.05062479082778363,-0.49743052836918167,0.05062479082778419,1.2418808158342556,0.001918701281392579,-1.149594686564132,0.19592272971090519,1.8839837426891919,-0.0037598463962948783,-1.3992014406893323,-0.7517607674743167,0.4517742820538046,1.8006526588643335,-0.1798417711389348,1.8340533262878687
turn_right,0.4974390335609655,-0.05054115046111032,-0.4974390335609655,0.05054115046111032,1.2402629964639067,0.002055634209180765,-1.1566905703478538,0.19681946677290243,1.8821113695189688,-0.003540174308530001,-1.4337887617069536,-0.7391255348760138,0.4518222101273212,1.8016359220763085,-0.18055894259296307,1.8386758246294979
turn_right,0.4974491412733407,-0.05044156863556121,-0.49744914127334044,0.05044156863556121,1.240704318383491,0.0026692822226188104,-1.1610739710546922,0.19786647279013792,1.882762706966568,-0.003324242187351093,-1.4065713906844248,-0.7457147127176575,0.4524861245590728,1.8033764586053684,-0.1809631326268556,1.842461126391371
turn_right,0.49735811523992124,-0.05133132771508304,-0.49735811523992124,0.05133132771508248,1.2435846024002393,0.004325315737619075,-1.1617664597889885,0.201605978485306,1.8990866908397306,0.00039832114287103215,-1.3774985449770132,-0.74933788861415,0.45239920430590375,1.8049253506952292,-0.17996421792201792,1.8434428276096477
turn_right,0.49725437094750224,-0.052326767276451844,-0.49725437094750197,0.05232676727645128,1.2449642017584737,0.0035279717350716897,-1.1608853861065702,0.20391134688657953,1.9020716311554018,-6.316326489717698e-05,-1.2083106663660024,-0.7565786318891218,0.4537559560388815,1.804617351427653,-0.17895899364896403,1.8419906932171153
turn_right,0.49718523726039426,-0.05297961731010728,-0.49718523726039426,0.05297961731010728,1.2467595891066552,0.0025212018258247574,-1.1572057249065268,0.20342642434766411,1.9045077837094955,-0.0026754926109753417,-1.1010687634174796,-0.7631844492870055,0.45599046721081676,1.8075097935842908,-0.17808315679628242,1.8423886720121165
turn_right,0.4971981085147622,-0.05285868792680045,-0.4971981085147619,0.05285868792680101,1.2461262512280658,0.001153342960916027,-1.147298502007282,0.20181051050997448,1.9064740317169468,-0.0035431749653996626,-0.9571521546878238,-0.7415513930472888,0.4553623718634595,1.8019303266793718,-0.18187578105555344,1.827142992665855
turn_right,0.4971902386012435,-0.052932661369314994,-0.4971902386012435,0.05293266136931443,1.2460835452321268,0.0012066052263523617,-1.1434671379091568,0.20197695580615277,1.907824651572026,-0.002306312074930898,-0.9160603098703636,-0.7101304968572357,0.45547221392876736,1.8029256055826488,-0.18368432914716543,1.8216293790701596
turn_right,0.4971557890166894,-0.05325524807183804,-0.4971557890166894,0.0532552480718386,1.2457392438162578,0.0015153941938096372,-1.1401890169877535,0.20113387017314996,1.9079506385750364,-0.0020745827812706794,-0.9093913089478269,-0.694188871233734,0.4554280286211098,1.802670366427293,-0.18564832757187463,1.8194518452445048
turn_right,0.497140526272116,-0.053397538687504076,-0.497140526272116,0.053397538687503514,1.2472773311124632,0.000980401378485092,-1.1406543281077637,0.19945720928042837,1.912548913634648,-0.0022701065008528063,-0.9667097085157083,-0.7144036756314035,0.45595403868815126,1.803573989736532,-0.1853605358027948,1.8203582822027522
turn_right,0.49714147106338036,-0.05338874178081246,-0.4971414710633801,0.05338874178081246,1.2475050790785547,0.0009013265743273718,-1.1422443457559697,0.19973829089464074,1.9121572933197766,-0.004293798653763228,-0.9745068723422471,-0.73173703041474,0.4564369775460422,1.8031289739400922,-0.18489936968896126,1.8192541492698011
turn_right,0.49718424182361554,-0.052988958116541356,-0.49718424182361554,0.052988958116541356,1.246470420356706,0.0004739296536621642,-1.1446044698182638,0.19605913895771232,1.9067900590749889,-0.006406641782985961,-1.248249619054582,-0.7760741893910789,0.45594999329369645,1.8037067001254317,-0.1843641646815632,1.823814448327333
turn_right,0.497178918516837,-0.05303888179843432,-0.49717891851683726,0.05303888179843376,1.2443751973612125,0.0008167782687198229,-1.1537389908018256,0.19087679533185453,1.899503644637125,-0.005540371251784201,-1.4316820404332553,-0.7644391541458236,0.45178620253787466,1.8030187478406365,-0.18409190557923463,1.833722380136522
turn_right,0.4971345038004096,-0.05345357921711608,-0.4971345038004096,0.053453579217116645,1.243989755546044,0.0016556387491826123,-1.1614403560469029,0.1898668477139118,1.8994899736758764,-0.0029050496927493347,-1.4734671487644062,-0.7438383310196313,0.44775558560030737,1.8037642626204964,-0.18729213914227252,1.8346555970717742
turn_right,0.4966394120733124,-0.057873088525451144,-0.49663941207331214,0.057873088525451706,1.2343937471636333,0.0023493114802076716,-1.175662792114424,0.196626734921323,1.8820028523598522,-0.033848195363784514,-1.5048285158072954,-0.7089367110859859,0.4478421674681613,1.811012111369459,-0.18821117196332937,1.8427360221992741
turn_right,0.4959326829425395,-0.06364569105143396,-0.4959326829425395,0.06364569105143451,1.2184171175168446,0.004322913595804974,-1.178068879086542,0.21452202861203756,1.8632741556045036,-0.0411382964683572,-1.4606167100866754,-0.6964583686629725,0.4494331579082484,1.8162485252940501,-0.1872338321350437,1.8484352360586056
turn_right,0.49575701887293727,-0.06499983260146092,-0.49575701887293755,0.06499983260146092,1.2187478345728893,0.003841375848182892,-1.1776419382061323,0.23136523498488357,1.8646156919281367,-0.04043221893828983,-1.4218145218739213,-0.700313111547382,0.4487283725829092,1.8168072271078992,-0.18984811177680586,1.8497658174563376
turn_right,0.49529867423434704,-0.06840484852478156,-0.49529867423434676,0.06840484852478156,1.2179826804989835,0.004604717091297828,-1.1756509789956922,0.23914935499238837,1.8637639701072108,-0.03983453444223822,-1.3978225262074668,-0.7093354392254313,0.44813074304458916,1.821119670716172,-0.1904559653285422,1.8535882589851431
turn_right,0.4952609909025777,-0.06867714969476235,-0.4952609909025777,0.06867714969476235,1.2163724309634707,0.004587580546301191,-1.1646543527220317,0.23899444629351807,1.8652071450951708,-0.04167928087169652,-1.185790514838606,-0.7225088770744077,0.44841042877412757,1.8207261311630083,-0.1905995444605099,1.852978495076943
turn_right,0.49523933805008113,-0.06883311737613974,-0.49523933805008113,0.06883311737613974,1.21492881809662,0.004724343102552319,-1.1579727377069469,0.23887954120338648,1.8662483240840033,-0.042724105936858214,-1.1402193725930214,-0.7307986770941535,0.44861707209740315,1.8204057407224958,-0.19076690199161386,1.8526068229604986
turn_right,0.4955625682279476,-0.06646608888238188,-0.49556256822794786,0.06646608888238188,1.226887269521043,0.005590062941997305,-1.150410670107438,0.23653220586709434,1.9094211845626599,-0.030098897504805756,-0.9926507809784748,-0.7172514398907768,0.4489055697148879,1.822523361013802,-0.19386590391825267,1.852807295560052
turn_right,0.4958894900804214,-0.06398135375075793,-0.4958894900804214,0.0639813537507585,1.2384900085331103,0.0064492758266315505,-1.1452168351028487,0.23552602608825848,1.9249279567599435,-0.02324156783455155,-0.9223012098124701,-0.6761704140841918,0.44894229112192807,1.8241136368729738,-0.19551689889602372,1.852125492417068
turn_right,0.49616119675032416,-0.061839039766849686,-0.49616119675032416,0.06183903976685025,1.237510661070758,0.007369587206534039,-1.1437616363439136,0.22939651138815212,1.92571231128801,-0.025560105801591557,-0.9412800479334282,-0.6802788064744729,0.4493512957101892,1.8268505079886945,-0.19621276251905218,1.8538295136261325
turn_right,0.496108565103025,-0.06225987175876238,-0.49610856510302526,0.06225987175876238,1.2328727796662362,0.006936516838495682,-1.1442616069522813,0.22472752718465455,1.9170522494494535,-0.03561089335726689,-1.004293653401596,-0.7061860738128328,0.4493697647639074,1.8263423495850548,-0.19581743132198426,1.8537236271105826
turn_right,0.496109096692427,-0.06225563572098658,-0.496109096692427,0.06225563572098602,1.2320964472140843,0.006685623535465239,-1.1460407400065105,0.212124747066516,1.9148411276282977,-0.04137465969946585,-1.0138579891819743,-0.7628705548847182,0.44938136522215977,1.8261595462119216,-0.1957742671358045,1.8537220546168127
turn_right,0.4959911913459638,-0.06318811681963166,-0.4959911913459641,0.06318811681963166,1.2315433495251018,0.005781323059792266,-1.1505760789272101,0.1953044826214053,1.9111602405855868,-0.04351133137863424,-1.1030028281639939,-0.8020273614433369,0.44951984662388234,1.82578823431768,-0.19486520535349905,1.8549843595866868
turn_right,0.4960628242970531,-0.06262327323312947,-0.49606282429705284,0.06262327323312947,1.232184576632874,0.004441450977884082,-1.1779933539697678,0.1104201567910577,1.910776028406919,-0.042206267427251476,-1.4048725637401949,-0.8465576623228054,0.4557961259240236,1.8278022329363977,-0.1833524942155756,1.86397111343314
turn_right,0.49603723123758303,-0.06282567330441234,-0.49603723123758275,0.06282567330441179,1.23594032626832,-0.00023996880876917253,-1.1885792832648747,0.05583076794525538,1.918096529878767,-0.040865018495616766,-1.4692962613028706,-0.8495173052822252,0.45810064656720917,1.828922401847726,-0.17521590479370397,1.8669229202498505
turn_right,0.49615710389212403,-0.06187186967742419,-0.49615710389212375,0.06187186967742419,1.244580495175261,-0.0028030235480116677,-1.1950810931148208,0.04734352936949558,1.9318154085542198,-0.037860078279753226,-1.4725935512995887,-0.8594544925454036,0.4584301803820504,1.8303774861967124,-0.17350985298123925,1.8681944941971598
turn_right,0.496322574868303,-0.060530171617944405,-0.496322574868303,0.06053017161794384,1.2456078323673012,-0.0008020539878885642,-1.1950659909929062,0.06188048551009108,1.932301927443464,-0.03510610099701879,-1.418262368568299,-0.8888628179111568,0.46129905244593644,1.8342330820837685,-0.17137282514668725,1.8725082297889084
turn_right,0.4965297584031195,-0.058806453898700234,-0.49652975840311925,0.058806453898700234,1.2462212645205744,5.46525446805764e-05,-1.1944527329417398,0.03565538331411666,1.9318087435524465,-0.03490148994472643,-1.3045344854435692,-0.9508958706879004,0.46249358598309537,1.8353680604090004,-0.1696355642852687,1.8744901846796949
turn_right,0.496806719666724,-0.05641882038813933,-0.496806719666724,0.05641882038813933,1.2471886033481743,0.00034934389632301473,-1.192230126365087,0.035375133830892025,1.9414606624732027,-0.031029147948373647,-1.172562895682582,-0.9513331162463197,0.4634956639434297,1.835599203085252,-0.16778974768205349,1.8754190780843298
turn_right,0.49741183204034733,-0.050808162201219684,-0.49741183204034706,0.050808162201219684,1.2512718387956316,0.005840722098084903,-1.189235757901936,0.02818867430744236,1.9592628201345226,-0.017606099018636637,-1.04667803894624,-0.9386384536808842,0.4641197653996217,1.8376113634340165,-0.16657617287082083,1.8742630626056227
turn_right,0.497712516773481,-0.047772907039526503,-0.4977125167734813,0.047772907039527066,1.2504746582311064,0.011327324337762403,-1.1866061226547504,0.03915701955289352,1.9566753235246044,-0.002109740802403057,-0.9839785660313562,-0.9239985802496096,0.46411273771116013,1.8406369362279937,-0.166562274451928,1.8742864016984473
turn_right,0.4978866431290983,-0.045922658825877725,-0.4978866431290983,0.045922658825877725,1.2549432575193307,0.010465071107917289,-1.1844074831449678,0.04254332304223103,1.957975312078352,0.0081448414424307,-0.978428807535373,-0.9161524255638723,0.46382658068013416,1.8360420999957416,-0.1665546736789926,1.8686287366677876
turn_right,0.4980449143562193,-0.04417310588928633,-0.49804491435621956,0.04417310588928689,1.2610801204703435,0.010594614333871096,-1.1834305000175267,0.037208127783291654,1.9541579746235838,0.015015447340357755,-1.0566320350714815,-0.9410720718447738,0.4628130283364489,1.8354066509027962,-0.1671058031099048,1.8658140237620884
turn_right,0.49828245275491073,-0.04140769586140134,-0.49828245275491045,0.04140769586140134,1.2652862697369247,0.009565898828224666,-1.1814635151803297,0.0325914405687544,1.949252110613389,0.018359535402337333,-1.1475552629136678,-0.9508891789038181,0.46070229188974743,1.8315449318763917,-0.16819006614715867,1.8611454871491022
turn_right,0.4982104155220345,-0.042265610907234005,-0.4982104155220345,0.042265610907234005,1.2652195917630467,0.007369266633714645,-1.1788895683244263,0.01775399756604345,1.9455382607163227,0.021418749122683035,-1.3394590595579001,-0.9577984478564916,0.46274007194703565,1.8296725309184232,-0.16539098229400676,1.8599337977383323
turn_right,0.49810089039953714,-0.043537374555527045,-0.49810089039953714,0.043537374555527045,1.2686127262065843,0.005912973794770652,-1.1845356080515115,0.019989659825859925,1.9380235478786851,0.010622816642605688,-1.441184669503814,-0.9293212681775646,0.46567307529918883,1.8339566204533937,-0.1626156890262732,1.8672135933887695
turn_right,0.4979121772914323,-0.045644974585437766,-0.4979121772914323,0.045644974585437766,1.2674948369258425,0.003748475719046494,-1.1880249281294084,0.019274630088580776,1.934792054149737,-0.01175014314917267,-1.4504090144259867,-0.926276046859859,0.46745082589696874,1.8369224553113628,-0.16113706581855503,1.8742619607017452
turn_right,0.4977872871987344,-0.04698741005125472,-0.4977872871987344,0.046987410051254154,1.2591901240678873,0.0022151444711694564,-1.1932887257314706,0.02473465680087376,1.916930504167907,-0.033008189161285485,-1.4338286581921889,-0.9312363318050887,0.47340227804960067,1.8454010546912791,-0.15819983565468684,1.8852669955086694
turn_right,0.4975075735686609,-0.04986195184530471,-0.4975075735686609,0.04986195184530528,1.2443368879707941,0.0031483465906606656,-1.1908410628430588,0.07261669409772308,1.8939079576003417,-0.04661127218436321,-1.4107132052997078,-0.9122977380202246,0.4787488202264186,1.850692223114886,-0.15518023078565688,1.8950919843035996
turn_right,0.49739933001862174,-0.05093040837285854,-0.497399330018622,0.05093040837285797,1.2338325440679738,0.00023647666722466845,-1.182420158177098,0.0936934282761376,1.8905047440419882,-0.05435171958855462,-1.295653978423787,-0.9030797108236472,0.4820055747458424,1.8410315503748658,-0.15216382779042137,1.8937694686290876
turn_right,0.4968146464049928,-0.05634897618840862,-0.49681464640499307,0.056348976188409186,1.2367252213986464,-0.0052059165684058845,-1.1775534459311257,0.11472209693194436,1.9089100063226112,-0.06330796808771799,-1.056451253048997,-0.8531047253665079,0.4934328587061315,1.8339297254973153,-0.14194003183670884,1.8924523171512766
turn_right,0.4965621144100011,-0.05853261084787594,-0.49656211441000137,0.05853261084787594,1.2352905273410184,-0.005416617816588918,-1.18181261909204,0.11869878525394525,1.9061135667943954,-0.05250390190906716,-1.109072193111287,-0.8537458010158199,0.48891938406455254,1.8246554307966596,-0.15004016575615692,1.8834029592156083
turn_right,0.4959257540069755,-0.06369965865381876,-0.49592575400697525,0.06369965865381819,1.2218054050141538,-0.013674246787931362,-1.16999298034576,0.14037561633822618,1.8966891249340894,-0.056044070577790664,-0.9824251235733615,-0.7867603861096713,0.4875385644868292,1.8039603790042362,-0.15269656882470664,1.8638853005698475
turn_right,0.49571526318648884,-0.06531751559842118,-0.4957152631864891,0.06531751559842061,1.2145288373812266,-0.016552142735463442,-1.1575870105805752,0.15249798798354278,1.88852679395485,-0.05649968594722697,-0.928698847170973,-0.7330021599068245,0.48465991516707596,1.7863711880500315,-0.15745852846957695,1.845028116813411
turn_right,0.49576684005834454,-0.06492488196803822,-0.4957668400583448,0.06492488196803822,1.2213584240071265,-0.015075067438772478,-1.151164716633489,0.16144361001852556,1.9403777308800185,-0.03776351513583943,-0.8828627250415748,-0.6842937192258173,0.4764324889743401,1.7823933742911575,-0.1668303752093913,1.8381975652390017
turn_right,0.49608712157554646,-0.06243050381735776,-0.4960871215755462,0.06243050381735776,1.224607623276579,-0.017462282076370832,-1.145429706262406,0.17335798283915713,1.9435506056620948,-0.026105096359230584,-0.8990647539456044,-0.6863787967164451,0.47260316061972374,1.7815760454964098,-0.1720693825965075,1.8335963466721241
turn_right,0.4960285928713129,-0.06289383955607547,-0.4960285928713129,0.06289383955607547,1.2313061599576116,-0.019342259552262587,-1.1440730837686515,0.183607616343473,1.9372930116142424,-0.0021395944616367647,-1.0014125971018164,-0.7071988285135005,0.4637520852070141,1.7851976422480689,-0.17684392985326253,1.821197185089289
turn_right,0.49607344907223816,-0.06253905280361688,-0.4960734490722379,0.06253905280361688,1.225239585890729,-0.018018580565092982,-1.140314810583837,0.18710092280595408,1.9201768671487793,0.008867207489495599,-1.1092967801533784,-0.7269410392389878,0.45360689577132046,1.7802080902420918,-0.1823631331435928,1.812118068709704
turn_right,0.4961599423262728,-0.061849103718564724,-0.49615994232627253,0.061849103718564724,1.2283187460973048,-0.01674050164752225,-1.1526075482480622,0.1809820081547015,1.9221811528223214,0.015657583103833868,-1.4404715022110162,-0.7401041863959442,0.45035911134311496,1.7948385665643103,-0.1859359079146456,1.827878320038834
turn_right,0.49628596731099145,-0.06082958696385648,-0.4962859673109917,0.06082958696385648,1.2305605523980547,-0.015515288994534984,-1.1598899077365106,0.1602360974149816,1.9160871561173949,0.019633191343639826,-1.5323957453478119,-0.7301695424302282,0.4450389491952962,1.8056929772491264,-0.1908971876338205,1.836663121711685
turn_right,0.49638096957583383,-0.060049421670445906,-0.4963809695758341,0.06004942167044535,1.2298462825019478,-0.014982121521545044,-1.1654002380478998,0.15162529786902226,1.9076262146796426,0.02201271646527708,-1.5598270806121444,-0.7098570633013214,0.4400429584911148,1.812955375111347,-0.19329045931745928,1.8471974119396497
turn_right,0.4964274534618083,-0.05966392083515998,-0.4964274534618083,0.05966392083515998,1.232893085439681,-0.014628011832991804,-1.169990919337579,0.14874396932494366,1.910453316264673,0.027597782945184567,-1.564225251828125,-0.7028383770842411,0.4402449216795432,1.8194524650636712,-0.18777775684797776,1.860553970701637
turn_right,0.49655303010813,-0.05860962626083332,-0.49655303010813,0.05860962626083332,1.2388359821857842,-0.013665666350010427,-1.1749549512448128,0.14462607900380978,1.9173764069874422,0.02439584016613635,-1.4848695217693315,-0.7979321230521025,0.4456277080832087,1.8224019062611203,-0.182373729493799,1.864902433037156
turn_right,0.49666419844678517,-0.05765998596264349,-0.49666419844678544,0.05765998596264349,1.2438796093919882,-0.012830754846960137,-1.1754330498796823,0.1455263715106375,1.918778423294785,0.020127243764650863,-1.4529657015156392,-0.8339246154718298,0.4521533966257239,1.8270548983687456,-0.1752535360699906,1.869965702007735
turn_right,0.4967325690574846,-0.057067984348067397,-0.4967325690574846,0.057067984348067397,1.2440096806334524,-0.01279578858453739,-1.169236156490204,0.14512325963413572,1.915205578002187,0.015954172780867554,-1.1402604480020497,-0.8288447969350787,0.45585745263940214,1.8188669518201668,-0.17021050764122247,1.862190401656301
turn_right,0.496811420486139,-0.05637741103088046,-0.496811420486139,0.0563774110308799,1.2443672209496779,-0.012105909978465253,-1.1678429914029211,0.14640620096952897,1.9155210049455687,0.013346377781545527,-1.047688263353547,-0.8265730025947233,0.4574238267817781,1.8097050122547844,-0.16820760024689294,1.8514546413696644
turn_right,0.49687126263276216,-0.0558475457806758,-0.49687126263276216,0.0558475457806758,1.2430042370721734,-0.012185130489607527,-1.1558023148757004,0.1450022721872179,1.9154749384607015,0.009745064114029069,-0.9331045912073314,-0.7843675249380029,0.458083260958557,1.8078236332384632,-0.16903833986974076,1.8455537717403283
turn_right,0.49689478776597024,-0.055637845851646314,-0.49689478776596996,0.055637845851646314,1.2451302931803818,-0.011877550736516597,-1.151041621306983,0.14538090164536066,1.9187050026664856,0.001439752152468384,-0.9040618157016623,-0.7546388760780524,0.4600535471277419,1.810027981379434,-0.16921880863814154,1.840809138282189
turn_right,0.49689109682059357,-0.05567079935143322,-0.49689109682059357,0.05567079935143266,1.2443941465802746,-0.011942794277328845,-1.1491314933374213,0.14366660229664183,1.9171213362566655,-0.001467930792238856,-0.9203901745512182,-0.7501655461782466,0.4595432522799066,1.8058805492387684,-0.1705124602204653,1.8323801068638115
turn_right,0.4969009959446087,-0.05558237336832608,-0.4969009959446087,0.05558237336832608,1.2476638417667656,-0.011971407958600482,-1.1486817308177115,0.14314770192142262,1.9218657907697525,-0.003496591860560142,-0.9401661718394555,-0.752346910254877,0.4609501034887572,1.8006033179943008,-0.16929914291127796,1.8290211739009725
turn_right,0.49687420804923593,-0.05582133441117994,-0.49687420804923565,0.055821334411179376,1.2474015692730822,-0.011770171857887377,-1.1495346737942738,0.13881090142998095,1.9216327286999721,-0.00990412707181102,-0.9569077277868946,-0.7730794112118671,0.4616253007319061,1.7954220294418142,-0.16895037748003147,1.824179937493157
turn_right,0.49679161077203526,-0.05655170613276549,-0.49679161077203526,0.05655170613276493,1.2493432180162454,-0.011689774180536204,-1.1590495403079912,0.13891728096534486,1.922370448403964,-0.01732079027737758,-1.0591068312558884,-0.8280620438427143,0.4627110753141483,1.7969137436928337,-0.16731329042078893,1.8259218890222313
turn_right,0.49664997309816433,-0.057782386776530026,-0.4966499730981646,0.057782386776529464,1.2510611439622552,-0.010095984324656018,-1.1633188263696865,0.14038054308805303,1.922517279410851,-0.018293820893532948,-1.3097508236422215,-0.846994258899586,0.4624151052453736,1.7974417720340654,-0.16754810302823978,1.8278407649343713
turn_right,0.4963892385939692,-0.05998102873492057,-0.4963892385939695,0.05998102873492057,1.2503876261420306,-0.006860246678846686,-1.1660345712519529,0.14355679495994175,1.9212138457969758,-0.01743171818122903,-1.37600050120005,-0.8393965321186218,0.46215143742450676,1.7966869919561133,-0.1673714558328274,1.8308610542690609
turn_right,0.4963657695351331,-0.0601749352620773,-0.4963657695351331,0.060174935262076734,1.2536846808270168,-0.007900111622468444,-1.178224584568472,0.14569327710938587,1.9289211422341561,-0.01365192091937548,-1.4403485366776507,-0.8199887027951142,0.46099935798149155,1.8002846679865372,-0.1682179594017178,1.84433627076984
turn_right,0.49629577596681074,-0.06074950829020126,-0.49629577596681074,0.0607495082902007,1.2548530876638644,-0.008569895474411235,-1.1870325371003672,0.14557325266864476,1.940304606080612,-0.007532542945529834,-1.4440443002981014,-0.818520557890875,0.46123144954953693,1.8010713449596802,-0.16581028072215306,1.8476651536543671
turn_right,0.496131303807613,-0.06207841317364699,-0.4961313038076127,0.062078413173647554,1.2544828334465898,-0.006829129062918888,-1.1821959193358405,0.1515494751015092,1.9442047333712411,-0.00733481065246169,-1.3866351284568093,-0.8195063332137159,0.4603305545111274,1.8003885152819963,-0.16740854132391028,1.846408038487401
turn_right,0.4960460416085655,-0.06275607225180041,-0.4960460416085658,0.06275607225180041,1.2538282362254687,-0.005569705185738495,-1.1796070418320426,0.16708134012800385,1.9419042546975054,-0.008674767027983176,-1.3326913308207173,-0.8240396418216988,0.4598606854336965,1.7997210161946775,-0.16730009443593577,1.8452088722320128
turn_right,0.49590429466860503,-0.06386650553485113,-0.4959042946686053,0.06386650553485168,1.2536965576435495,-0.008068361537229242,-1.1783111692644725,0.16298223750080454,1.9411281579381243,-0.011099780947500805,-1.0947659150125004,-0.8257302587055595,0.4600485718958274,1.7967203799189913,-0.166891514775358,1.8405867207389428
turn_right,0.49589616182074947,-0.06392962295719616,-0.4958961618207492,0.06392962295719559,1.2508781888018174,-0.00988024103941668,-1.1760547278988274,0.15888185715509154,1.940118495012946,-0.012106874962717383,-1.0219171662860507,-0.8212589466700252,0.46078299645992477,1.7930580651416348,-0.16569221961617556,1.83514216754962
turn_right,0.4960498262693768,-0.06272614971541825,-0.4960498262693768,0.06272614971541768,1.2515078184462431,-0.011033393985706878,-1.166118595375281,0.1549883629702053,1.944184200282422,-0.013950446423051634,-0.9270821241211963,-0.7629735153552701,0.46237981148636603,1.797312853230953,-0.16713658245380875,1.83813103680393
